-4.9990         0.75000        0.042972
-4.9970         0.75000        0.042972
-4.9950         0.75000        0.042972
-4.9930         0.75000        0.042973
-4.9910         0.75000        0.042973
-4.9890         0.75000        0.042974
-4.9870         0.75000        0.042976
-4.9850         0.75000        0.042977
-4.9830         0.75000        0.042978
-4.9810         0.75000        0.042980
-4.9790         0.75000        0.042982
-4.9770         0.75000        0.042984
-4.9750         0.75000        0.042986
-4.9730         0.75000        0.042989
-4.9710         0.75000        0.042991
-4.9690         0.75000        0.042994
-4.9670         0.75000        0.042997
-4.9650         0.75000        0.043000
-4.9630         0.75000        0.043003
-4.9610         0.75000        0.043007
-4.9590         0.75000        0.043011
-4.9570         0.75000        0.043015
-4.9550         0.75000        0.043019
-4.9530         0.75000        0.043023
-4.9510         0.75000        0.043027
-4.9490         0.75000        0.043032
-4.9470         0.75000        0.043037
-4.9450         0.75000        0.043042
-4.9430         0.75000        0.043047
-4.9410         0.75000        0.043052
-4.9390         0.75000        0.043058
-4.9370         0.75000        0.043064
-4.9350         0.75000        0.043070
-4.9330         0.75000        0.043076
-4.9310         0.75000        0.043082
-4.9290         0.75000        0.043089
-4.9270         0.75000        0.043095
-4.9250         0.75000        0.043102
-4.9230         0.75000        0.043109
-4.9210         0.75000        0.043117
-4.9190         0.75000        0.043124
-4.9170         0.75000        0.043132
-4.9150         0.75000        0.043139
-4.9130         0.75000        0.043148
-4.9110         0.75000        0.043156
-4.9090         0.75000        0.043164
-4.9070         0.75000        0.043173
-4.9050         0.75000        0.043181
-4.9030         0.75000        0.043190
-4.9010         0.75000        0.043200
-4.8990         0.75000        0.043209
-4.8970         0.75000        0.043218
-4.8950         0.75000        0.043228
-4.8930         0.75000        0.043238
-4.8910         0.75000        0.043248
-4.8890         0.75000        0.043258
-4.8870         0.75000        0.043269
-4.8850         0.75000        0.043279
-4.8830         0.75000        0.043290
-4.8810         0.75000        0.043301
-4.8790         0.75000        0.043312
-4.8770         0.75000        0.043324
-4.8750         0.75000        0.043335
-4.8730         0.75000        0.043347
-4.8710         0.75000        0.043359
-4.8690         0.75000        0.043371
-4.8670         0.75000        0.043384
-4.8650         0.75000        0.043396
-4.8630         0.75000        0.043409
-4.8610         0.75000        0.043422
-4.8590         0.75000        0.043435
-4.8570         0.75000        0.043448
-4.8550         0.75000        0.043462
-4.8530         0.75000        0.043475
-4.8510         0.75000        0.043489
-4.8490         0.75000        0.043503
-4.8470         0.75000        0.043518
-4.8450         0.75000        0.043532
-4.8430         0.75000        0.043547
-4.8410         0.75000        0.043562
-4.8390         0.75000        0.043577
-4.8370         0.75000        0.043592
-4.8350         0.75000        0.043607
-4.8330         0.75000        0.043623
-4.8310         0.75000        0.043639
-4.8290         0.75000        0.043655
-4.8270         0.75000        0.043671
-4.8250         0.75000        0.043687
-4.8230         0.75000        0.043704
-4.8210         0.75000        0.043720
-4.8190         0.75000        0.043737
-4.8170         0.75000        0.043755
-4.8150         0.75000        0.043772
-4.8130         0.75000        0.043789
-4.8110         0.75000        0.043807
-4.8090         0.75000        0.043825
-4.8070         0.75000        0.043843
-4.8050         0.75000        0.043862
-4.8030         0.75000        0.043880
-4.8010         0.75000        0.043899
-4.7990         0.75000        0.043918
-4.7970         0.75000        0.043937
-4.7950         0.75000        0.043956
-4.7930         0.75000        0.043975
-4.7910         0.75000        0.043995
-4.7890         0.75000        0.044015
-4.7870         0.75000        0.044035
-4.7850         0.75000        0.044055
-4.7830         0.75000        0.044076
-4.7810         0.75000        0.044097
-4.7790         0.75000        0.044117
-4.7770         0.75000        0.044138
-4.7750         0.75000        0.044160
-4.7730         0.75000        0.044181
-4.7710         0.75000        0.044203
-4.7690         0.75000        0.044225
-4.7670         0.75000        0.044247
-4.7650         0.75000        0.044269
-4.7630         0.75000        0.044291
-4.7610         0.75000        0.044314
-4.7590         0.75000        0.044337
-4.7570         0.75000        0.044360
-4.7550         0.75000        0.044383
-4.7530         0.75000        0.044407
-4.7510         0.75000        0.044430
-4.7490         0.75000        0.044454
-4.7470         0.75000        0.044478
-4.7450         0.75000        0.044503
-4.7430         0.75000        0.044527
-4.7410         0.75000        0.044552
-4.7390         0.75000        0.044577
-4.7370         0.75000        0.044602
-4.7350         0.75000        0.044627
-4.7330         0.75000        0.044652
-4.7310         0.75000        0.044678
-4.7290         0.75000        0.044704
-4.7270         0.75000        0.044730
-4.7250         0.75000        0.044756
-4.7230         0.75000        0.044783
-4.7210         0.75000        0.044810
-4.7190         0.75000        0.044836
-4.7170         0.75000        0.044864
-4.7150         0.75000        0.044891
-4.7130         0.75000        0.044918
-4.7110         0.75000        0.044946
-4.7090         0.75000        0.044974
-4.7070         0.75000        0.045002
-4.7050         0.75000        0.045031
-4.7030         0.75000        0.045059
-4.7010         0.75000        0.045088
-4.6990         0.75000        0.045117
-4.6970         0.75000        0.045146
-4.6950         0.75000        0.045175
-4.6930         0.75000        0.045205
-4.6910         0.75000        0.045235
-4.6890         0.75000        0.045265
-4.6870         0.75000        0.045295
-4.6850         0.75000        0.045325
-4.6830         0.75000        0.045356
-4.6810         0.75000        0.045387
-4.6790         0.75000        0.045418
-4.6770         0.75000        0.045449
-4.6750         0.75000        0.045481
-4.6730         0.75000        0.045512
-4.6710         0.75000        0.045544
-4.6690         0.75000        0.045577
-4.6670         0.75000        0.045609
-4.6650         0.75000        0.045641
-4.6630         0.75000        0.045674
-4.6610         0.75000        0.045707
-4.6590         0.75000        0.045740
-4.6570         0.75000        0.045774
-4.6550         0.75000        0.045807
-4.6530         0.75000        0.045841
-4.6510         0.75000        0.045875
-4.6490         0.75000        0.045909
-4.6470         0.75000        0.045944
-4.6450         0.75000        0.045979
-4.6430         0.75000        0.046014
-4.6410         0.75000        0.046049
-4.6390         0.75000        0.046084
-4.6370         0.75000        0.046120
-4.6350         0.75000        0.046155
-4.6330         0.75000        0.046191
-4.6310         0.75000        0.046228
-4.6290         0.75000        0.046264
-4.6270         0.75000        0.046301
-4.6250         0.75000        0.046337
-4.6230         0.75000        0.046375
-4.6210         0.75000        0.046412
-4.6190         0.75000        0.046449
-4.6170         0.75000        0.046487
-4.6150         0.75000        0.046525
-4.6130         0.75000        0.046563
-4.6110         0.75000        0.046602
-4.6090         0.75000        0.046640
-4.6070         0.75000        0.046679
-4.6050         0.75000        0.046718
-4.6030         0.75000        0.046758
-4.6010         0.75000        0.046797
-4.5990         0.75000        0.046837
-4.5970         0.75000        0.046877
-4.5950         0.75000        0.046917
-4.5930         0.75000        0.046957
-4.5910         0.75000        0.046998
-4.5890         0.75000        0.047039
-4.5870         0.75000        0.047080
-4.5850         0.75000        0.047121
-4.5830         0.75000        0.047163
-4.5810         0.75000        0.047205
-4.5790         0.75000        0.047247
-4.5770         0.75000        0.047289
-4.5750         0.75000        0.047331
-4.5730         0.75000        0.047374
-4.5710         0.75000        0.047417
-4.5690         0.75000        0.047460
-4.5670         0.75000        0.047504
-4.5650         0.75000        0.047547
-4.5630         0.75000        0.047591
-4.5610         0.75000        0.047635
-4.5590         0.75000        0.047679
-4.5570         0.75000        0.047724
-4.5550         0.75000        0.047769
-4.5530         0.75000        0.047814
-4.5510         0.75000        0.047859
-4.5490         0.75000        0.047904
-4.5470         0.75000        0.047950
-4.5450         0.75000        0.047996
-4.5430         0.75000        0.048042
-4.5410         0.75000        0.048089
-4.5390         0.75000        0.048135
-4.5370         0.75000        0.048182
-4.5350         0.75000        0.048229
-4.5330         0.75000        0.048277
-4.5310         0.75000        0.048324
-4.5290         0.75000        0.048372
-4.5270         0.75000        0.048420
-4.5250         0.75000        0.048468
-4.5230         0.75000        0.048517
-4.5210         0.75000        0.048566
-4.5190         0.75000        0.048615
-4.5170         0.75000        0.048664
-4.5150         0.75000        0.048713
-4.5130         0.75000        0.048763
-4.5110         0.75000        0.048813
-4.5090         0.75000        0.048863
-4.5070         0.75000        0.048914
-4.5050         0.75000        0.048965
-4.5030         0.75000        0.049016
-4.5010         0.75000        0.049067
-4.4990         0.75000        0.049118
-4.4970         0.75000        0.049170
-4.4950         0.75000        0.049222
-4.4930         0.75000        0.049274
-4.4910         0.75000        0.049326
-4.4890         0.75000        0.049379
-4.4870         0.75000        0.049432
-4.4850         0.75000        0.049485
-4.4830         0.75000        0.049538
-4.4810         0.75000        0.049592
-4.4790         0.75000        0.049646
-4.4770         0.75000        0.049700
-4.4750         0.75000        0.049754
-4.4730         0.75000        0.049809
-4.4710         0.75000        0.049864
-4.4690         0.75000        0.049919
-4.4670         0.75000        0.049974
-4.4650         0.75000        0.050030
-4.4630         0.75000        0.050086
-4.4610         0.75000        0.050142
-4.4590         0.75000        0.050199
-4.4570         0.75000        0.050255
-4.4550         0.75000        0.050312
-4.4530         0.75000        0.050369
-4.4510         0.75000        0.050427
-4.4490         0.75000        0.050484
-4.4470         0.75000        0.050542
-4.4450         0.75000        0.050600
-4.4430         0.75000        0.050659
-4.4410         0.75000        0.050717
-4.4390         0.75000        0.050776
-4.4370         0.75000        0.050836
-4.4350         0.75000        0.050895
-4.4330         0.75000        0.050955
-4.4310         0.75000        0.051015
-4.4290         0.75000        0.051075
-4.4270         0.75000        0.051135
-4.4250         0.75000        0.051196
-4.4230         0.75000        0.051257
-4.4210         0.75000        0.051318
-4.4190         0.75000        0.051380
-4.4170         0.75000        0.051442
-4.4150         0.75000        0.051504
-4.4130         0.75000        0.051566
-4.4110         0.75000        0.051629
-4.4090         0.75000        0.051691
-4.4070         0.75000        0.051755
-4.4050         0.75000        0.051818
-4.4030         0.75000        0.051882
-4.4010         0.75000        0.051945
-4.3990         0.75000        0.052010
-4.3970         0.75000        0.052074
-4.3950         0.75000        0.052139
-4.3930         0.75000        0.052204
-4.3910         0.75000        0.052269
-4.3890         0.75000        0.052334
-4.3870         0.75000        0.052400
-4.3850         0.75000        0.052466
-4.3830         0.75000        0.052533
-4.3810         0.75000        0.052599
-4.3790         0.75000        0.052666
-4.3770         0.75000        0.052733
-4.3750         0.75000        0.052800
-4.3730         0.75000        0.052868
-4.3710         0.75000        0.052936
-4.3690         0.75000        0.053004
-4.3670         0.75000        0.053073
-4.3650         0.75000        0.053141
-4.3630         0.75000        0.053210
-4.3610         0.75000        0.053280
-4.3590         0.75000        0.053349
-4.3570         0.75000        0.053419
-4.3550         0.75000        0.053489
-4.3530         0.75000        0.053560
-4.3510         0.75000        0.053630
-4.3490         0.75000        0.053701
-4.3470         0.75000        0.053773
-4.3450         0.75000        0.053844
-4.3430         0.75000        0.053916
-4.3410         0.75000        0.053988
-4.3390         0.75000        0.054060
-4.3370         0.75000        0.054133
-4.3350         0.75000        0.054206
-4.3330         0.75000        0.054279
-4.3310         0.75000        0.054353
-4.3290         0.75000        0.054426
-4.3270         0.75000        0.054500
-4.3250         0.75000        0.054575
-4.3230         0.75000        0.054649
-4.3210         0.75000        0.054724
-4.3190         0.75000        0.054799
-4.3170         0.75000        0.054875
-4.3150         0.75000        0.054951
-4.3130         0.75000        0.055027
-4.3110         0.75000        0.055103
-4.3090         0.75000        0.055179
-4.3070         0.75000        0.055256
-4.3050         0.75000        0.055334
-4.3030         0.75000        0.055411
-4.3010         0.75000        0.055489
-4.2990         0.75000        0.055567
-4.2970         0.75000        0.055645
-4.2950         0.75000        0.055724
-4.2930         0.75000        0.055803
-4.2910         0.75000        0.055882
-4.2890         0.75000        0.055961
-4.2870         0.75000        0.056041
-4.2850         0.75000        0.056121
-4.2830         0.75000        0.056202
-4.2810         0.75000        0.056282
-4.2790         0.75000        0.056363
-4.2770         0.75000        0.056445
-4.2750         0.75000        0.056526
-4.2730         0.75000        0.056608
-4.2710         0.75000        0.056690
-4.2690         0.75000        0.056773
-4.2670         0.75000        0.056856
-4.2650         0.75000        0.056939
-4.2630         0.75000        0.057022
-4.2610         0.75000        0.057106
-4.2590         0.75000        0.057190
-4.2570         0.75000        0.057274
-4.2550         0.75000        0.057358
-4.2530         0.75000        0.057443
-4.2510         0.75000        0.057528
-4.2490         0.75000        0.057614
-4.2470         0.75000        0.057700
-4.2450         0.75000        0.057786
-4.2430         0.75000        0.057872
-4.2410         0.75000        0.057959
-4.2390         0.75000        0.058046
-4.2370         0.75000        0.058133
-4.2350         0.75000        0.058221
-4.2330         0.75000        0.058308
-4.2310         0.75000        0.058397
-4.2290         0.75000        0.058485
-4.2270         0.75000        0.058574
-4.2250         0.75000        0.058663
-4.2230         0.75000        0.058753
-4.2210         0.75000        0.058842
-4.2190         0.75000        0.058932
-4.2170         0.75000        0.059023
-4.2150         0.75000        0.059113
-4.2130         0.75000        0.059204
-4.2110         0.75000        0.059296
-4.2090         0.75000        0.059387
-4.2070         0.75000        0.059479
-4.2050         0.75000        0.059571
-4.2030         0.75000        0.059664
-4.2010         0.75000        0.059757
-4.1990         0.75000        0.059850
-4.1970         0.75000        0.059944
-4.1950         0.75000        0.060037
-4.1930         0.75000        0.060132
-4.1910         0.75000        0.060226
-4.1890         0.75000        0.060321
-4.1870         0.75000        0.060416
-4.1850         0.75000        0.060511
-4.1830         0.75000        0.060607
-4.1810         0.75000        0.060703
-4.1790         0.75000        0.060799
-4.1770         0.75000        0.060896
-4.1750         0.75000        0.060993
-4.1730         0.75000        0.061090
-4.1710         0.75000        0.061188
-4.1690         0.75000        0.061286
-4.1670         0.75000        0.061384
-4.1650         0.75000        0.061483
-4.1630         0.75000        0.061582
-4.1610         0.75000        0.061681
-4.1590         0.75000        0.061781
-4.1570         0.75000        0.061881
-4.1550         0.75000        0.061981
-4.1530         0.75000        0.062082
-4.1510         0.75000        0.062182
-4.1490         0.75000        0.062284
-4.1470         0.75000        0.062385
-4.1450         0.75000        0.062487
-4.1430         0.75000        0.062589
-4.1410         0.75000        0.062692
-4.1390         0.75000        0.062795
-4.1370         0.75000        0.062898
-4.1350         0.75000        0.063002
-4.1330         0.75000        0.063105
-4.1310         0.75000        0.063210
-4.1290         0.75000        0.063314
-4.1270         0.75000        0.063419
-4.1250         0.75000        0.063524
-4.1230         0.75000        0.063630
-4.1210         0.75000        0.063736
-4.1190         0.75000        0.063842
-4.1170         0.75000        0.063949
-4.1150         0.75000        0.064055
-4.1130         0.75000        0.064163
-4.1110         0.75000        0.064270
-4.1090         0.75000        0.064378
-4.1070         0.75000        0.064486
-4.1050         0.75000        0.064595
-4.1030         0.75000        0.064704
-4.1010         0.75000        0.064813
-4.0990         0.75000        0.064923
-4.0970         0.75000        0.065033
-4.0950         0.75000        0.065143
-4.0930         0.75000        0.065254
-4.0910         0.75000        0.065365
-4.0890         0.75000        0.065476
-4.0870         0.75000        0.065588
-4.0850         0.75000        0.065700
-4.0830         0.75000        0.065812
-4.0810         0.75000        0.065925
-4.0790         0.75000        0.066038
-4.0770         0.75000        0.066151
-4.0750         0.75000        0.066265
-4.0730         0.75000        0.066379
-4.0710         0.75000        0.066494
-4.0690         0.75000        0.066608
-4.0670         0.75000        0.066723
-4.0650         0.75000        0.066839
-4.0630         0.75000        0.066955
-4.0610         0.75000        0.067071
-4.0590         0.75000        0.067188
-4.0570         0.75000        0.067305
-4.0550         0.75000        0.067422
-4.0530         0.75000        0.067539
-4.0510         0.75000        0.067657
-4.0490         0.75000        0.067776
-4.0470         0.75000        0.067894
-4.0450         0.75000        0.068013
-4.0430         0.75000        0.068133
-4.0410         0.75000        0.068253
-4.0390         0.75000        0.068373
-4.0370         0.75000        0.068493
-4.0350         0.75000        0.068614
-4.0330         0.75000        0.068735
-4.0310         0.75000        0.068857
-4.0290         0.75000        0.068979
-4.0270         0.75000        0.069101
-4.0250         0.75000        0.069223
-4.0230         0.75000        0.069346
-4.0210         0.75000        0.069470
-4.0190         0.75000        0.069593
-4.0170         0.75000        0.069717
-4.0150         0.75000        0.069842
-4.0130         0.75000        0.069967
-4.0110         0.75000        0.070092
-4.0090         0.75000        0.070217
-4.0070         0.75000        0.070343
-4.0050         0.75000        0.070470
-4.0030         0.75000        0.070596
-4.0010         0.75000        0.070723
-3.9990         0.75000        0.070851
-3.9970         0.75000        0.070978
-3.9950         0.75000        0.071106
-3.9930         0.75000        0.071235
-3.9910         0.75000        0.071364
-3.9890         0.75000        0.071493
-3.9870         0.75000        0.071623
-3.9850         0.75000        0.071752
-3.9830         0.75000        0.071883
-3.9810         0.75000        0.072014
-3.9790         0.75000        0.072145
-3.9770         0.75000        0.072276
-3.9750         0.75000        0.072408
-3.9730         0.75000        0.072540
-3.9710         0.75000        0.072673
-3.9690         0.75000        0.072806
-3.9670         0.75000        0.072939
-3.9650         0.75000        0.073073
-3.9630         0.75000        0.073207
-3.9610         0.75000        0.073341
-3.9590         0.75000        0.073476
-3.9570         0.75000        0.073611
-3.9550         0.75000        0.073747
-3.9530         0.75000        0.073883
-3.9510         0.75000        0.074019
-3.9490         0.75000        0.074156
-3.9470         0.75000        0.074293
-3.9450         0.75000        0.074431
-3.9430         0.75000        0.074569
-3.9410         0.75000        0.074707
-3.9390         0.75000        0.074846
-3.9370         0.75000        0.074985
-3.9350         0.75000        0.075124
-3.9330         0.75000        0.075264
-3.9310         0.75000        0.075404
-3.9290         0.75000        0.075545
-3.9270         0.75000        0.075686
-3.9250         0.75000        0.075827
-3.9230         0.75000        0.075969
-3.9210         0.75000        0.076111
-3.9190         0.75000        0.076253
-3.9170         0.75000        0.076396
-3.9150         0.75000        0.076540
-3.9130         0.75000        0.076683
-3.9110         0.75000        0.076828
-3.9090         0.75000        0.076972
-3.9070         0.75000        0.077117
-3.9050         0.75000        0.077262
-3.9030         0.75000        0.077408
-3.9010         0.75000        0.077554
-3.8990         0.75000        0.077701
-3.8970         0.75000        0.077847
-3.8950         0.75000        0.077995
-3.8930         0.75000        0.078142
-3.8910         0.75000        0.078290
-3.8890         0.75000        0.078439
-3.8870         0.75000        0.078588
-3.8850         0.75000        0.078737
-3.8830         0.75000        0.078887
-3.8810         0.75000        0.079037
-3.8790         0.75000        0.079187
-3.8770         0.75000        0.079338
-3.8750         0.75000        0.079489
-3.8730         0.75000        0.079641
-3.8710         0.75000        0.079793
-3.8690         0.75000        0.079946
-3.8670         0.75000        0.080099
-3.8650         0.75000        0.080252
-3.8630         0.75000        0.080406
-3.8610         0.75000        0.080560
-3.8590         0.75000        0.080714
-3.8570         0.75000        0.080869
-3.8550         0.75000        0.081024
-3.8530         0.75000        0.081180
-3.8510         0.75000        0.081336
-3.8490         0.75000        0.081493
-3.8470         0.75000        0.081650
-3.8450         0.75000        0.081807
-3.8430         0.75000        0.081965
-3.8410         0.75000        0.082123
-3.8390         0.75000        0.082282
-3.8370         0.75000        0.082441
-3.8350         0.75000        0.082600
-3.8330         0.75000        0.082760
-3.8310         0.75000        0.082920
-3.8290         0.75000        0.083081
-3.8270         0.75000        0.083242
-3.8250         0.75000        0.083404
-3.8230         0.75000        0.083566
-3.8210         0.75000        0.083728
-3.8190         0.75000        0.083891
-3.8170         0.75000        0.084054
-3.8150         0.75000        0.084218
-3.8130         0.75000        0.084382
-3.8110         0.75000        0.084546
-3.8090         0.75000        0.084711
-3.8070         0.75000        0.084876
-3.8050         0.75000        0.085042
-3.8030         0.75000        0.085208
-3.8010         0.75000        0.085375
-3.7990         0.75000        0.085542
-3.7970         0.75000        0.085709
-3.7950         0.75000        0.085877
-3.7930         0.75000        0.086045
-3.7910         0.75000        0.086214
-3.7890         0.75000        0.086383
-3.7870         0.75000        0.086553
-3.7850         0.75000        0.086723
-3.7830         0.75000        0.086893
-3.7810         0.75000        0.087064
-3.7790         0.75000        0.087235
-3.7770         0.75000        0.087407
-3.7750         0.75000        0.087579
-3.7730         0.75000        0.087752
-3.7710         0.75000        0.087925
-3.7690         0.75000        0.088098
-3.7670         0.75000        0.088272
-3.7650         0.75000        0.088447
-3.7630         0.75000        0.088621
-3.7610         0.75000        0.088797
-3.7590         0.75000        0.088972
-3.7570         0.75000        0.089148
-3.7550         0.75000        0.089325
-3.7530         0.75000        0.089502
-3.7510         0.75000        0.089679
-3.7490         0.75000        0.089857
-3.7470         0.75000        0.090035
-3.7450         0.75000        0.090214
-3.7430         0.75000        0.090393
-3.7410         0.75000        0.090573
-3.7390         0.75000        0.090753
-3.7370         0.75000        0.090933
-3.7350         0.75000        0.091114
-3.7330         0.75000        0.091295
-3.7310         0.75000        0.091477
-3.7290         0.75000        0.091659
-3.7270         0.75000        0.091842
-3.7250         0.75000        0.092025
-3.7230         0.75000        0.092209
-3.7210         0.75000        0.092393
-3.7190         0.75000        0.092577
-3.7170         0.75000        0.092762
-3.7150         0.75000        0.092948
-3.7130         0.75000        0.093134
-3.7110         0.75000        0.093320
-3.7090         0.75000        0.093507
-3.7070         0.75000        0.093694
-3.7050         0.75000        0.093882
-3.7030         0.75000        0.094070
-3.7010         0.75000        0.094258
-3.6990         0.75000        0.094447
-3.6970         0.75000        0.094637
-3.6950         0.75000        0.094827
-3.6930         0.75000        0.095017
-3.6910         0.75000        0.095208
-3.6890         0.75000        0.095399
-3.6870         0.75000        0.095591
-3.6850         0.75000        0.095783
-3.6830         0.75000        0.095976
-3.6810         0.75000        0.096169
-3.6790         0.75000        0.096363
-3.6770         0.75000        0.096557
-3.6750         0.75000        0.096751
-3.6730         0.75000        0.096946
-3.6710         0.75000        0.097142
-3.6690         0.75000        0.097338
-3.6670         0.75000        0.097534
-3.6650         0.75000        0.097731
-3.6630         0.75000        0.097928
-3.6610         0.75000        0.098126
-3.6590         0.75000        0.098325
-3.6570         0.75000        0.098523
-3.6550         0.75000        0.098723
-3.6530         0.75000        0.098922
-3.6510         0.75000        0.099122
-3.6490         0.75000        0.099323
-3.6470         0.75000        0.099524
-3.6450         0.75000        0.099726
-3.6430         0.75000        0.099928
-3.6410         0.75000        0.10013
-3.6390         0.75000        0.10033
-3.6370         0.75000        0.10054
-3.6350         0.75000        0.10074
-3.6330         0.75000        0.10095
-3.6310         0.75000        0.10115
-3.6290         0.75000        0.10136
-3.6270         0.75000        0.10156
-3.6250         0.75000        0.10177
-3.6230         0.75000        0.10197
-3.6210         0.75000        0.10218
-3.6190         0.75000        0.10239
-3.6170         0.75000        0.10260
-3.6150         0.75000        0.10281
-3.6130         0.75000        0.10302
-3.6110         0.75000        0.10323
-3.6090         0.75000        0.10344
-3.6070         0.75000        0.10365
-3.6050         0.75000        0.10386
-3.6030         0.75000        0.10407
-3.6010         0.75000        0.10428
-3.5990         0.75000        0.10449
-3.5970         0.75000        0.10471
-3.5950         0.75000        0.10492
-3.5930         0.75000        0.10514
-3.5910         0.75000        0.10535
-3.5890         0.75000        0.10557
-3.5870         0.75000        0.10578
-3.5850         0.75000        0.10600
-3.5830         0.75000        0.10621
-3.5810         0.75000        0.10643
-3.5790         0.75000        0.10665
-3.5770         0.75000        0.10687
-3.5750         0.75000        0.10709
-3.5730         0.75000        0.10730
-3.5710         0.75000        0.10752
-3.5690         0.75000        0.10774
-3.5670         0.75000        0.10796
-3.5650         0.75000        0.10819
-3.5630         0.75000        0.10841
-3.5610         0.75000        0.10863
-3.5590         0.75000        0.10885
-3.5570         0.75000        0.10908
-3.5550         0.75000        0.10930
-3.5530         0.75000        0.10952
-3.5510         0.75000        0.10975
-3.5490         0.75000        0.10997
-3.5470         0.75000        0.11020
-3.5450         0.75000        0.11042
-3.5430         0.75000        0.11065
-3.5410         0.75000        0.11088
-3.5390         0.75000        0.11111
-3.5370         0.75000        0.11133
-3.5350         0.75000        0.11156
-3.5330         0.75000        0.11179
-3.5310         0.75000        0.11202
-3.5290         0.75000        0.11225
-3.5270         0.75000        0.11248
-3.5250         0.75000        0.11271
-3.5230         0.75000        0.11295
-3.5210         0.75000        0.11318
-3.5190         0.75000        0.11341
-3.5170         0.75000        0.11365
-3.5150         0.75000        0.11388
-3.5130         0.75000        0.11411
-3.5110         0.75000        0.11435
-3.5090         0.75000        0.11458
-3.5070         0.75000        0.11482
-3.5050         0.75000        0.11506
-3.5030         0.75000        0.11529
-3.5010         0.75000        0.11553
-3.4990         0.75000        0.11577
-3.4970         0.75000        0.11601
-3.4950         0.75000        0.11625
-3.4930         0.75000        0.11649
-3.4910         0.75000        0.11673
-3.4890         0.75000        0.11697
-3.4870         0.75000        0.11721
-3.4850         0.75000        0.11745
-3.4830         0.75000        0.11769
-3.4810         0.75000        0.11794
-3.4790         0.75000        0.11818
-3.4770         0.75000        0.11842
-3.4750         0.75000        0.11867
-3.4730         0.75000        0.11891
-3.4710         0.75000        0.11916
-3.4690         0.75000        0.11941
-3.4670         0.75000        0.11965
-3.4650         0.75000        0.11990
-3.4630         0.75000        0.12015
-3.4610         0.75000        0.12040
-3.4590         0.75000        0.12064
-3.4570         0.75000        0.12089
-3.4550         0.75000        0.12114
-3.4530         0.75000        0.12139
-3.4510         0.75000        0.12165
-3.4490         0.75000        0.12190
-3.4470         0.75000        0.12215
-3.4450         0.75000        0.12240
-3.4430         0.75000        0.12266
-3.4410         0.75000        0.12291
-3.4390         0.75000        0.12316
-3.4370         0.75000        0.12342
-3.4350         0.75000        0.12367
-3.4330         0.75000        0.12393
-3.4310         0.75000        0.12419
-3.4290         0.75000        0.12444
-3.4270         0.75000        0.12470
-3.4250         0.75000        0.12496
-3.4230         0.75000        0.12522
-3.4210         0.75000        0.12548
-3.4190         0.75000        0.12574
-3.4170         0.75000        0.12600
-3.4150         0.75000        0.12626
-3.4130         0.75000        0.12652
-3.4110         0.75000        0.12678
-3.4090         0.75000        0.12705
-3.4070         0.75000        0.12731
-3.4050         0.75000        0.12757
-3.4030         0.75000        0.12784
-3.4010         0.75000        0.12810
-3.3990         0.75000        0.12837
-3.3970         0.75000        0.12863
-3.3950         0.75000        0.12890
-3.3930         0.75000        0.12917
-3.3910         0.75000        0.12944
-3.3890         0.75000        0.12970
-3.3870         0.75000        0.12997
-3.3850         0.75000        0.13024
-3.3830         0.75000        0.13051
-3.3810         0.75000        0.13078
-3.3790         0.75000        0.13106
-3.3770         0.75000        0.13133
-3.3750         0.75000        0.13160
-3.3730         0.75000        0.13187
-3.3710         0.75000        0.13215
-3.3690         0.75000        0.13242
-3.3670         0.75000        0.13270
-3.3650         0.75000        0.13297
-3.3630         0.75000        0.13325
-3.3610         0.75000        0.13352
-3.3590         0.75000        0.13380
-3.3570         0.75000        0.13408
-3.3550         0.75000        0.13436
-3.3530         0.75000        0.13464
-3.3510         0.75000        0.13492
-3.3490         0.75000        0.13520
-3.3470         0.75000        0.13548
-3.3450         0.75000        0.13576
-3.3430         0.75000        0.13604
-3.3410         0.75000        0.13632
-3.3390         0.75000        0.13661
-3.3370         0.75000        0.13689
-3.3350         0.75000        0.13717
-3.3330         0.75000        0.13746
-3.3310         0.75000        0.13774
-3.3290         0.75000        0.13803
-3.3270         0.75000        0.13832
-3.3250         0.75000        0.13860
-3.3230         0.75000        0.13889
-3.3210         0.75000        0.13918
-3.3190         0.75000        0.13947
-3.3170         0.75000        0.13976
-3.3150         0.75000        0.14005
-3.3130         0.75000        0.14034
-3.3110         0.75000        0.14063
-3.3090         0.75000        0.14092
-3.3070         0.75000        0.14122
-3.3050         0.75000        0.14151
-3.3030         0.75000        0.14180
-3.3010         0.75000        0.14210
-3.2990         0.75000        0.14239
-3.2970         0.75000        0.14269
-3.2950         0.75000        0.14299
-3.2930         0.75000        0.14328
-3.2910         0.75000        0.14358
-3.2890         0.75000        0.14388
-3.2870         0.75000        0.14418
-3.2850         0.75000        0.14448
-3.2830         0.75000        0.14478
-3.2810         0.75000        0.14508
-3.2790         0.75000        0.14538
-3.2770         0.75000        0.14568
-3.2750         0.75000        0.14599
-3.2730         0.75000        0.14629
-3.2710         0.75000        0.14659
-3.2690         0.75000        0.14690
-3.2670         0.75000        0.14720
-3.2650         0.75000        0.14751
-3.2630         0.75000        0.14781
-3.2610         0.75000        0.14812
-3.2590         0.75000        0.14843
-3.2570         0.75000        0.14874
-3.2550         0.75000        0.14905
-3.2530         0.75000        0.14936
-3.2510         0.75000        0.14967
-3.2490         0.75000        0.14998
-3.2470         0.75000        0.15029
-3.2450         0.75000        0.15060
-3.2430         0.75000        0.15091
-3.2410         0.75000        0.15123
-3.2390         0.75000        0.15154
-3.2370         0.75000        0.15186
-3.2350         0.75000        0.15217
-3.2330         0.75000        0.15249
-3.2310         0.75000        0.15281
-3.2290         0.75000        0.15312
-3.2270         0.75000        0.15344
-3.2250         0.75000        0.15376
-3.2230         0.75000        0.15408
-3.2210         0.75000        0.15440
-3.2190         0.75000        0.15472
-3.2170         0.75000        0.15504
-3.2150         0.75000        0.15536
-3.2130         0.75000        0.15568
-3.2110         0.75000        0.15601
-3.2090         0.75000        0.15633
-3.2070         0.75000        0.15666
-3.2050         0.75000        0.15698
-3.2030         0.75000        0.15731
-3.2010         0.75000        0.15763
-3.1990         0.75000        0.15796
-3.1970         0.75000        0.15829
-3.1950         0.75000        0.15862
-3.1930         0.75000        0.15895
-3.1910         0.75000        0.15928
-3.1890         0.75000        0.15961
-3.1870         0.75000        0.15994
-3.1850         0.75000        0.16027
-3.1830         0.75000        0.16060
-3.1810         0.75000        0.16094
-3.1790         0.75000        0.16127
-3.1770         0.75000        0.16160
-3.1750         0.75000        0.16194
-3.1730         0.75000        0.16228
-3.1710         0.75000        0.16261
-3.1690         0.75000        0.16295
-3.1670         0.75000        0.16329
-3.1650         0.75000        0.16363
-3.1630         0.75000        0.16397
-3.1610         0.75000        0.16431
-3.1590         0.75000        0.16465
-3.1570         0.75000        0.16499
-3.1550         0.75000        0.16533
-3.1530         0.75000        0.16567
-3.1510         0.75000        0.16602
-3.1490         0.75000        0.16636
-3.1470         0.75000        0.16670
-3.1450         0.75000        0.16705
-3.1430         0.75000        0.16740
-3.1410         0.75000        0.16774
-3.1390         0.75000        0.16809
-3.1370         0.75000        0.16844
-3.1350         0.75000        0.16879
-3.1330         0.75000        0.16914
-3.1310         0.75000        0.16949
-3.1290         0.75000        0.16984
-3.1270         0.75000        0.17019
-3.1250         0.75000        0.17054
-3.1230         0.75000        0.17090
-3.1210         0.75000        0.17125
-3.1190         0.75000        0.17160
-3.1170         0.75000        0.17196
-3.1150         0.75000        0.17232
-3.1130         0.75000        0.17267
-3.1110         0.75000        0.17303
-3.1090         0.75000        0.17339
-3.1070         0.75000        0.17375
-3.1050         0.75000        0.17411
-3.1030         0.75000        0.17447
-3.1010         0.75000        0.17483
-3.0990         0.75000        0.17519
-3.0970         0.75000        0.17555
-3.0950         0.75000        0.17591
-3.0930         0.75000        0.17628
-3.0910         0.75000        0.17664
-3.0890         0.75000        0.17701
-3.0870         0.75000        0.17737
-3.0850         0.75000        0.17774
-3.0830         0.75000        0.17811
-3.0810         0.75000        0.17847
-3.0790         0.75000        0.17884
-3.0770         0.75000        0.17921
-3.0750         0.75000        0.17958
-3.0730         0.75000        0.17995
-3.0710         0.75000        0.18032
-3.0690         0.75000        0.18070
-3.0670         0.75000        0.18107
-3.0650         0.75000        0.18144
-3.0630         0.75000        0.18182
-3.0610         0.75000        0.18219
-3.0590         0.75000        0.18257
-3.0570         0.75000        0.18295
-3.0550         0.75000        0.18332
-3.0530         0.75000        0.18370
-3.0510         0.75000        0.18408
-3.0490         0.75000        0.18446
-3.0470         0.75000        0.18484
-3.0450         0.75000        0.18522
-3.0430         0.75000        0.18560
-3.0410         0.75000        0.18599
-3.0390         0.75000        0.18637
-3.0370         0.75000        0.18675
-3.0350         0.75000        0.18714
-3.0330         0.75000        0.18752
-3.0310         0.75000        0.18791
-3.0290         0.75000        0.18830
-3.0270         0.75000        0.18868
-3.0250         0.75000        0.18907
-3.0230         0.75000        0.18946
-3.0210         0.75000        0.18985
-3.0190         0.75000        0.19024
-3.0170         0.75000        0.19063
-3.0150         0.75000        0.19103
-3.0130         0.75000        0.19142
-3.0110         0.75000        0.19181
-3.0090         0.75000        0.19221
-3.0070         0.75000        0.19260
-3.0050         0.75000        0.19300
-3.0030         0.75000        0.19339
-3.0010         0.75000        0.19379
-2.9990         0.75000        0.19419
-2.9970         0.75000        0.19459
-2.9950         0.75000        0.19499
-2.9930         0.75000        0.19539
-2.9910         0.75000        0.19579
-2.9890         0.75000        0.19619
-2.9870         0.75000        0.19659
-2.9850         0.75000        0.19700
-2.9830         0.75000        0.19740
-2.9810         0.75000        0.19781
-2.9790         0.75000        0.19821
-2.9770         0.75000        0.19862
-2.9750         0.75000        0.19903
-2.9730         0.75000        0.19943
-2.9710         0.75000        0.19984
-2.9690         0.75000        0.20025
-2.9670         0.75000        0.20066
-2.9650         0.75000        0.20107
-2.9630         0.75000        0.20149
-2.9610         0.75000        0.20190
-2.9590         0.75000        0.20231
-2.9570         0.75000        0.20273
-2.9550         0.75000        0.20314
-2.9530         0.75000        0.20356
-2.9510         0.75000        0.20397
-2.9490         0.75000        0.20439
-2.9470         0.75000        0.20481
-2.9450         0.75000        0.20523
-2.9430         0.75000        0.20565
-2.9410         0.75000        0.20607
-2.9390         0.75000        0.20649
-2.9370         0.75000        0.20691
-2.9350         0.75000        0.20733
-2.9330         0.75000        0.20776
-2.9310         0.75000        0.20818
-2.9290         0.75000        0.20861
-2.9270         0.75000        0.20903
-2.9250         0.75000        0.20946
-2.9230         0.75000        0.20988
-2.9210         0.75000        0.21031
-2.9190         0.75000        0.21074
-2.9170         0.75000        0.21117
-2.9150         0.75000        0.21160
-2.9130         0.75000        0.21203
-2.9110         0.75000        0.21247
-2.9090         0.75000        0.21290
-2.9070         0.75000        0.21333
-2.9050         0.75000        0.21377
-2.9030         0.75000        0.21420
-2.9010         0.75000        0.21464
-2.8990         0.75000        0.21507
-2.8970         0.75000        0.21551
-2.8950         0.75000        0.21595
-2.8930         0.75000        0.21639
-2.8910         0.75000        0.21683
-2.8890         0.75000        0.21727
-2.8870         0.75000        0.21771
-2.8850         0.75000        0.21815
-2.8830         0.75000        0.21860
-2.8810         0.75000        0.21904
-2.8790         0.75000        0.21949
-2.8770         0.75000        0.21993
-2.8750         0.75000        0.22038
-2.8730         0.75000        0.22083
-2.8710         0.75000        0.22127
-2.8690         0.75000        0.22172
-2.8670         0.75000        0.22217
-2.8650         0.75000        0.22262
-2.8630         0.75000        0.22307
-2.8610         0.75000        0.22352
-2.8590         0.75000        0.22398
-2.8570         0.75000        0.22443
-2.8550         0.75000        0.22489
-2.8530         0.75000        0.22534
-2.8510         0.75000        0.22580
-2.8490         0.75000        0.22625
-2.8470         0.75000        0.22671
-2.8450         0.75000        0.22717
-2.8430         0.75000        0.22763
-2.8410         0.75000        0.22809
-2.8390         0.75000        0.22855
-2.8370         0.75000        0.22901
-2.8350         0.75000        0.22947
-2.8330         0.75000        0.22994
-2.8310         0.75000        0.23040
-2.8290         0.75000        0.23087
-2.8270         0.75000        0.23133
-2.8250         0.75000        0.23180
-2.8230         0.75000        0.23226
-2.8210         0.75000        0.23273
-2.8190         0.75000        0.23320
-2.8170         0.75000        0.23367
-2.8150         0.75000        0.23414
-2.8130         0.75000        0.23461
-2.8110         0.75000        0.23509
-2.8090         0.75000        0.23556
-2.8070         0.75000        0.23603
-2.8050         0.75000        0.23651
-2.8030         0.75000        0.23698
-2.8010         0.75000        0.23746
-2.7990         0.75000        0.23794
-2.7970         0.75000        0.23841
-2.7950         0.75000        0.23889
-2.7930         0.75000        0.23937
-2.7910         0.75000        0.23985
-2.7890         0.75000        0.24033
-2.7870         0.75000        0.24082
-2.7850         0.75000        0.24130
-2.7830         0.75000        0.24178
-2.7810         0.75000        0.24227
-2.7790         0.75000        0.24275
-2.7770         0.75000        0.24324
-2.7750         0.75000        0.24373
-2.7730         0.75000        0.24421
-2.7710         0.75000        0.24470
-2.7690         0.75000        0.24519
-2.7670         0.75000        0.24568
-2.7650         0.75000        0.24617
-2.7630         0.75000        0.24666
-2.7610         0.75000        0.24716
-2.7590         0.75000        0.24765
-2.7570         0.75000        0.24814
-2.7550         0.75000        0.24864
-2.7530         0.75000        0.24914
-2.7510         0.75000        0.24963
-2.7490         0.75000        0.25013
-2.7470         0.75000        0.25063
-2.7450         0.75000        0.25113
-2.7430         0.75000        0.25163
-2.7410         0.75000        0.25213
-2.7390         0.75000        0.25263
-2.7370         0.75000        0.25313
-2.7350         0.75000        0.25364
-2.7330         0.75000        0.25414
-2.7310         0.75000        0.25465
-2.7290         0.75000        0.25515
-2.7270         0.75000        0.25566
-2.7250         0.75000        0.25617
-2.7230         0.75000        0.25668
-2.7210         0.75000        0.25718
-2.7190         0.75000        0.25770
-2.7170         0.75000        0.25821
-2.7150         0.75000        0.25872
-2.7130         0.75000        0.25923
-2.7110         0.75000        0.25974
-2.7090         0.75000        0.26026
-2.7070         0.75000        0.26077
-2.7050         0.75000        0.26129
-2.7030         0.75000        0.26181
-2.7010         0.75000        0.26232
-2.6990         0.75000        0.26284
-2.6970         0.75000        0.26336
-2.6950         0.75000        0.26388
-2.6930         0.75000        0.26440
-2.6910         0.75000        0.26492
-2.6890         0.75000        0.26545
-2.6870         0.75000        0.26597
-2.6850         0.75000        0.26649
-2.6830         0.75000        0.26702
-2.6810         0.75000        0.26755
-2.6790         0.75000        0.26807
-2.6770         0.75000        0.26860
-2.6750         0.75000        0.26913
-2.6730         0.75000        0.26966
-2.6710         0.75000        0.27019
-2.6690         0.75000        0.27072
-2.6670         0.75000        0.27125
-2.6650         0.75000        0.27178
-2.6630         0.75000        0.27232
-2.6610         0.75000        0.27285
-2.6590         0.75000        0.27339
-2.6570         0.75000        0.27392
-2.6550         0.75000        0.27446
-2.6530         0.75000        0.27500
-2.6510         0.75000        0.27553
-2.6490         0.75000        0.27607
-2.6470         0.75000        0.27661
-2.6450         0.75000        0.27715
-2.6430         0.75000        0.27770
-2.6410         0.75000        0.27824
-2.6390         0.75000        0.27878
-2.6370         0.75000        0.27933
-2.6350         0.75000        0.27987
-2.6330         0.75000        0.28042
-2.6310         0.75000        0.28096
-2.6290         0.75000        0.28151
-2.6270         0.75000        0.28206
-2.6250         0.75000        0.28261
-2.6230         0.75000        0.28316
-2.6210         0.75000        0.28371
-2.6190         0.75000        0.28426
-2.6170         0.75000        0.28481
-2.6150         0.75000        0.28537
-2.6130         0.75000        0.28592
-2.6110         0.75000        0.28648
-2.6090         0.75000        0.28703
-2.6070         0.75000        0.28759
-2.6050         0.75000        0.28815
-2.6030         0.75000        0.28870
-2.6010         0.75000        0.28926
-2.5990         0.75000        0.28982
-2.5970         0.75000        0.29038
-2.5950         0.75000        0.29095
-2.5930         0.75000        0.29151
-2.5910         0.75000        0.29207
-2.5890         0.75000        0.29264
-2.5870         0.75000        0.29320
-2.5850         0.75000        0.29377
-2.5830         0.75000        0.29433
-2.5810         0.75000        0.29490
-2.5790         0.75000        0.29547
-2.5770         0.75000        0.29604
-2.5750         0.75000        0.29661
-2.5730         0.75000        0.29718
-2.5710         0.75000        0.29775
-2.5690         0.75000        0.29832
-2.5670         0.75000        0.29889
-2.5650         0.75000        0.29947
-2.5630         0.75000        0.30004
-2.5610         0.75000        0.30062
-2.5590         0.75000        0.30119
-2.5570         0.75000        0.30177
-2.5550         0.75000        0.30235
-2.5530         0.75000        0.30293
-2.5510         0.75000        0.30351
-2.5490         0.75000        0.30409
-2.5470         0.75000        0.30467
-2.5450         0.75000        0.30525
-2.5430         0.75000        0.30583
-2.5410         0.75000        0.30642
-2.5390         0.75000        0.30700
-2.5370         0.75000        0.30759
-2.5350         0.75000        0.30817
-2.5330         0.75000        0.30876
-2.5310         0.75000        0.30935
-2.5290         0.75000        0.30994
-2.5270         0.75000        0.31053
-2.5250         0.75000        0.31112
-2.5230         0.75000        0.31171
-2.5210         0.75000        0.31230
-2.5190         0.75000        0.31289
-2.5170         0.75000        0.31348
-2.5150         0.75000        0.31408
-2.5130         0.75000        0.31467
-2.5110         0.75000        0.31527
-2.5090         0.75000        0.31587
-2.5070         0.75000        0.31646
-2.5050         0.75000        0.31706
-2.5030         0.75000        0.31766
-2.5010         0.75000        0.31826
-2.4990         0.75000        0.31886
-2.4970         0.75000        0.31946
-2.4950         0.75000        0.32006
-2.4930         0.75000        0.32067
-2.4910         0.75000        0.32127
-2.4890         0.75000        0.32187
-2.4870         0.75000        0.32248
-2.4850         0.75000        0.32308
-2.4830         0.75000        0.32369
-2.4810         0.75000        0.32430
-2.4790         0.75000        0.32491
-2.4770         0.75000        0.32552
-2.4750         0.75000        0.32613
-2.4730         0.75000        0.32674
-2.4710         0.75000        0.32735
-2.4690         0.75000        0.32796
-2.4670         0.75000        0.32857
-2.4650         0.75000        0.32919
-2.4630         0.75000        0.32980
-2.4610         0.75000        0.33042
-2.4590         0.75000        0.33103
-2.4570         0.75000        0.33165
-2.4550         0.75000        0.33227
-2.4530         0.75000        0.33288
-2.4510         0.75000        0.33350
-2.4490         0.75000        0.33412
-2.4470         0.75000        0.33474
-2.4450         0.75000        0.33536
-2.4430         0.75000        0.33599
-2.4410         0.75000        0.33661
-2.4390         0.75000        0.33723
-2.4370         0.75000        0.33786
-2.4350         0.75000        0.33848
-2.4330         0.75000        0.33911
-2.4310         0.75000        0.33973
-2.4290         0.75000        0.34036
-2.4270         0.75000        0.34099
-2.4250         0.75000        0.34162
-2.4230         0.75000        0.34225
-2.4210         0.75000        0.34288
-2.4190         0.75000        0.34351
-2.4170         0.75000        0.34414
-2.4150         0.75000        0.34477
-2.4130         0.75000        0.34541
-2.4110         0.75000        0.34604
-2.4090         0.75000        0.34667
-2.4070         0.75000        0.34731
-2.4050         0.75000        0.34794
-2.4030         0.75000        0.34858
-2.4010         0.75000        0.34922
-2.3990         0.75000        0.34986
-2.3970         0.75000        0.35050
-2.3950         0.75000        0.35114
-2.3930         0.75000        0.35178
-2.3910         0.75000        0.35242
-2.3890         0.75000        0.35306
-2.3870         0.75000        0.35370
-2.3850         0.75000        0.35434
-2.3830         0.75000        0.35499
-2.3810         0.75000        0.35563
-2.3790         0.75000        0.35628
-2.3770         0.75000        0.35692
-2.3750         0.75000        0.35757
-2.3730         0.75000        0.35822
-2.3710         0.75000        0.35886
-2.3690         0.75000        0.35951
-2.3670         0.75000        0.36016
-2.3650         0.75000        0.36081
-2.3630         0.75000        0.36146
-2.3610         0.75000        0.36211
-2.3590         0.75000        0.36277
-2.3570         0.75000        0.36342
-2.3550         0.75000        0.36407
-2.3530         0.75000        0.36473
-2.3510         0.75000        0.36538
-2.3490         0.75000        0.36604
-2.3470         0.75000        0.36669
-2.3450         0.75000        0.36735
-2.3430         0.75000        0.36801
-2.3410         0.75000        0.36866
-2.3390         0.75000        0.36932
-2.3370         0.75000        0.36998
-2.3350         0.75000        0.37064
-2.3330         0.75000        0.37130
-2.3310         0.75000        0.37196
-2.3290         0.75000        0.37262
-2.3270         0.75000        0.37329
-2.3250         0.75000        0.37395
-2.3230         0.75000        0.37461
-2.3210         0.75000        0.37528
-2.3190         0.75000        0.37594
-2.3170         0.75000        0.37661
-2.3150         0.75000        0.37727
-2.3130         0.75000        0.37794
-2.3110         0.75000        0.37861
-2.3090         0.75000        0.37927
-2.3070         0.75000        0.37994
-2.3050         0.75000        0.38061
-2.3030         0.75000        0.38128
-2.3010         0.75000        0.38195
-2.2990         0.75000        0.38262
-2.2970         0.75000        0.38329
-2.2950         0.75000        0.38397
-2.2930         0.75000        0.38464
-2.2910         0.75000        0.38531
-2.2890         0.75000        0.38599
-2.2870         0.75000        0.38666
-2.2850         0.75000        0.38733
-2.2830         0.75000        0.38801
-2.2810         0.75000        0.38869
-2.2790         0.75000        0.38936
-2.2770         0.75000        0.39004
-2.2750         0.75000        0.39072
-2.2730         0.75000        0.39140
-2.2710         0.75000        0.39207
-2.2690         0.75000        0.39275
-2.2670         0.75000        0.39343
-2.2650         0.75000        0.39411
-2.2630         0.75000        0.39479
-2.2610         0.75000        0.39548
-2.2590         0.75000        0.39616
-2.2570         0.75000        0.39684
-2.2550         0.75000        0.39752
-2.2530         0.75000        0.39821
-2.2510         0.75000        0.39889
-2.2490         0.75000        0.39957
-2.2470         0.75000        0.40026
-2.2450         0.75000        0.40094
-2.2430         0.75000        0.40163
-2.2410         0.75000        0.40232
-2.2390         0.75000        0.40300
-2.2370         0.75000        0.40369
-2.2350         0.75000        0.40438
-2.2330         0.75000        0.40507
-2.2310         0.75000        0.40575
-2.2290         0.75000        0.40644
-2.2270         0.75000        0.40713
-2.2250         0.75000        0.40782
-2.2230         0.75000        0.40851
-2.2210         0.75000        0.40920
-2.2190         0.75000        0.40990
-2.2170         0.75000        0.41059
-2.2150         0.75000        0.41128
-2.2130         0.75000        0.41197
-2.2110         0.75000        0.41267
-2.2090         0.75000        0.41336
-2.2070         0.75000        0.41405
-2.2050         0.75000        0.41475
-2.2030         0.75000        0.41544
-2.2010         0.75000        0.41614
-2.1990         0.75000        0.41683
-2.1970         0.75000        0.41753
-2.1950         0.75000        0.41823
-2.1930         0.75000        0.41892
-2.1910         0.75000        0.41962
-2.1890         0.75000        0.42032
-2.1870         0.75000        0.42101
-2.1850         0.75000        0.42171
-2.1830         0.75000        0.42241
-2.1810         0.75000        0.42311
-2.1790         0.75000        0.42381
-2.1770         0.75000        0.42451
-2.1750         0.75000        0.42521
-2.1730         0.75000        0.42591
-2.1710         0.75000        0.42661
-2.1690         0.75000        0.42731
-2.1670         0.75000        0.42801
-2.1650         0.75000        0.42871
-2.1630         0.75000        0.42941
-2.1610         0.75000        0.43012
-2.1590         0.75000        0.43082
-2.1570         0.75000        0.43152
-2.1550         0.75000        0.43222
-2.1530         0.75000        0.43293
-2.1510         0.75000        0.43363
-2.1490         0.75000        0.43434
-2.1470         0.75000        0.43504
-2.1450         0.75000        0.43574
-2.1430         0.75000        0.43645
-2.1410         0.75000        0.43715
-2.1390         0.75000        0.43786
-2.1370         0.75000        0.43856
-2.1350         0.75000        0.43927
-2.1330         0.75000        0.43998
-2.1310         0.75000        0.44068
-2.1290         0.75000        0.44139
-2.1270         0.75000        0.44209
-2.1250         0.75000        0.44280
-2.1230         0.75000        0.44351
-2.1210         0.75000        0.44421
-2.1190         0.75000        0.44492
-2.1170         0.75000        0.44563
-2.1150         0.75000        0.44634
-2.1130         0.75000        0.44704
-2.1110         0.75000        0.44775
-2.1090         0.75000        0.44846
-2.1070         0.75000        0.44917
-2.1050         0.75000        0.44988
-2.1030         0.75000        0.45059
-2.1010         0.75000        0.45129
-2.0990         0.75000        0.45200
-2.0970         0.75000        0.45271
-2.0950         0.75000        0.45342
-2.0930         0.75000        0.45413
-2.0910         0.75000        0.45484
-2.0890         0.75000        0.45555
-2.0870         0.75000        0.45626
-2.0850         0.75000        0.45697
-2.0830         0.75000        0.45768
-2.0810         0.75000        0.45839
-2.0790         0.75000        0.45910
-2.0770         0.75000        0.45981
-2.0750         0.75000        0.46051
-2.0730         0.75000        0.46122
-2.0710         0.75000        0.46193
-2.0690         0.75000        0.46264
-2.0670         0.75000        0.46335
-2.0650         0.75000        0.46406
-2.0630         0.75000        0.46477
-2.0610         0.75000        0.46548
-2.0590         0.75000        0.46619
-2.0570         0.75000        0.46690
-2.0550         0.75000        0.46761
-2.0530         0.75000        0.46832
-2.0510         0.75000        0.46903
-2.0490         0.75000        0.46974
-2.0470         0.75000        0.47045
-2.0450         0.75000        0.47116
-2.0430         0.75000        0.47187
-2.0410         0.75000        0.47258
-2.0390         0.75000        0.47329
-2.0370         0.75000        0.47400
-2.0350         0.75000        0.47471
-2.0330         0.75000        0.47542
-2.0310         0.75000        0.47613
-2.0290         0.75000        0.47684
-2.0270         0.75000        0.47755
-2.0250         0.75000        0.47825
-2.0230         0.75000        0.47896
-2.0210         0.75000        0.47967
-2.0190         0.75000        0.48038
-2.0170         0.75000        0.48109
-2.0150         0.75000        0.48180
-2.0130         0.75000        0.48250
-2.0110         0.75000        0.48321
-2.0090         0.75000        0.48392
-2.0070         0.75000        0.48463
-2.0050         0.75000        0.48533
-2.0030         0.75000        0.48604
-2.0010         0.75000        0.48675
-1.9990         0.75000        0.48745
-1.9970         0.75000        0.48816
-1.9950         0.75000        0.48886
-1.9930         0.75000        0.48957
-1.9910         0.75000        0.49028
-1.9890         0.75000        0.49098
-1.9870         0.75000        0.49168
-1.9850         0.75000        0.49239
-1.9830         0.75000        0.49309
-1.9810         0.75000        0.49380
-1.9790         0.75000        0.49450
-1.9770         0.75000        0.49520
-1.9750         0.75000        0.49591
-1.9730         0.75000        0.49661
-1.9710         0.75000        0.49731
-1.9690         0.75000        0.49801
-1.9670         0.75000        0.49872
-1.9650         0.75000        0.49942
-1.9630         0.75000        0.50012
-1.9610         0.75000        0.50082
-1.9590         0.75000        0.50152
-1.9570         0.75000        0.50222
-1.9550         0.75000        0.50292
-1.9530         0.75000        0.50361
-1.9510         0.75000        0.50431
-1.9490         0.75000        0.50501
-1.9470         0.75000        0.50571
-1.9450         0.75000        0.50640
-1.9430         0.75000        0.50710
-1.9410         0.75000        0.50780
-1.9390         0.75000        0.50849
-1.9370         0.75000        0.50919
-1.9350         0.75000        0.50988
-1.9330         0.75000        0.51058
-1.9310         0.75000        0.51127
-1.9290         0.75000        0.51196
-1.9270         0.75000        0.51265
-1.9250         0.75000        0.51335
-1.9230         0.75000        0.51404
-1.9210         0.75000        0.51473
-1.9190         0.75000        0.51542
-1.9170         0.75000        0.51611
-1.9150         0.75000        0.51680
-1.9130         0.75000        0.51748
-1.9110         0.75000        0.51817
-1.9090         0.75000        0.51886
-1.9070         0.75000        0.51954
-1.9050         0.75000        0.52023
-1.9030         0.75000        0.52091
-1.9010         0.75000        0.52160
-1.8990         0.75000        0.52228
-1.8970         0.75000        0.52296
-1.8950         0.75000        0.52365
-1.8930         0.75000        0.52433
-1.8910         0.75000        0.52501
-1.8890         0.75000        0.52569
-1.8870         0.75000        0.52637
-1.8850         0.75000        0.52705
-1.8830         0.75000        0.52772
-1.8810         0.75000        0.52840
-1.8790         0.75000        0.52908
-1.8770         0.75000        0.52975
-1.8750         0.75000        0.53043
-1.8730         0.75000        0.53110
-1.8710         0.75000        0.53177
-1.8690         0.75000        0.53245
-1.8670         0.75000        0.53312
-1.8650         0.75000        0.53379
-1.8630         0.75000        0.53446
-1.8610         0.75000        0.53512
-1.8590         0.75000        0.53579
-1.8570         0.75000        0.53646
-1.8550         0.75000        0.53712
-1.8530         0.75000        0.53779
-1.8510         0.75000        0.53845
-1.8490         0.75000        0.53912
-1.8470         0.75000        0.53978
-1.8450         0.75000        0.54044
-1.8430         0.75000        0.54110
-1.8410         0.75000        0.54176
-1.8390         0.75000        0.54241
-1.8370         0.75000        0.54307
-1.8350         0.75000        0.54373
-1.8330         0.75000        0.54438
-1.8310         0.75000        0.54504
-1.8290         0.75000        0.54569
-1.8270         0.75000        0.54634
-1.8250         0.75000        0.54699
-1.8230         0.75000        0.54764
-1.8210         0.75000        0.54829
-1.8190         0.75000        0.54894
-1.8170         0.75000        0.54958
-1.8150         0.75000        0.55023
-1.8130         0.75000        0.55087
-1.8110         0.75000        0.55151
-1.8090         0.75000        0.55215
-1.8070         0.75000        0.55279
-1.8050         0.75000        0.55343
-1.8030         0.75000        0.55407
-1.8010         0.75000        0.55471
-1.7990         0.75000        0.55534
-1.7970         0.75000        0.55597
-1.7950         0.75000        0.55661
-1.7930         0.75000        0.55724
-1.7910         0.75000        0.55787
-1.7890         0.75000        0.55850
-1.7870         0.75000        0.55912
-1.7850         0.75000        0.55975
-1.7830         0.75000        0.56037
-1.7810         0.75000        0.56100
-1.7790         0.75000        0.56162
-1.7770         0.75000        0.56224
-1.7750         0.75000        0.56286
-1.7730         0.75000        0.56348
-1.7710         0.75000        0.56409
-1.7690         0.75000        0.56471
-1.7670         0.75000        0.56532
-1.7650         0.75000        0.56593
-1.7630         0.75000        0.56654
-1.7610         0.75000        0.56715
-1.7590         0.75000        0.56776
-1.7570         0.75000        0.56836
-1.7550         0.75000        0.56897
-1.7530         0.75000        0.56957
-1.7510         0.75000        0.57017
-1.7490         0.75000        0.57077
-1.7470         0.75000        0.57137
-1.7450         0.75000        0.57196
-1.7430         0.75000        0.57256
-1.7410         0.75000        0.57315
-1.7390         0.75000        0.57374
-1.7370         0.75000        0.57433
-1.7350         0.75000        0.57492
-1.7330         0.75000        0.57550
-1.7310         0.75000        0.57609
-1.7290         0.75000        0.57667
-1.7270         0.75000        0.57725
-1.7250         0.75000        0.57783
-1.7230         0.75000        0.57841
-1.7210         0.75000        0.57898
-1.7190         0.75000        0.57956
-1.7170         0.75000        0.58013
-1.7150         0.75000        0.58070
-1.7130         0.75000        0.58127
-1.7110         0.75000        0.58183
-1.7090         0.75000        0.58240
-1.7070         0.75000        0.58296
-1.7050         0.75000        0.58352
-1.7030         0.75000        0.58408
-1.7010         0.75000        0.58464
-1.6990         0.75000        0.58519
-1.6970         0.75000        0.58575
-1.6950         0.75000        0.58630
-1.6930         0.75000        0.58685
-1.6910         0.75000        0.58739
-1.6890         0.75000        0.58794
-1.6870         0.75000        0.58848
-1.6850         0.75000        0.58902
-1.6830         0.75000        0.58956
-1.6810         0.75000        0.59010
-1.6790         0.75000        0.59063
-1.6770         0.75000        0.59116
-1.6750         0.75000        0.59169
-1.6730         0.75000        0.59222
-1.6710         0.75000        0.59275
-1.6690         0.75000        0.59327
-1.6670         0.75000        0.59379
-1.6650         0.75000        0.59431
-1.6630         0.75000        0.59483
-1.6610         0.75000        0.59534
-1.6590         0.75000        0.59585
-1.6570         0.75000        0.59636
-1.6550         0.75000        0.59687
-1.6530         0.75000        0.59738
-1.6510         0.75000        0.59788
-1.6490         0.75000        0.59838
-1.6470         0.75000        0.59888
-1.6450         0.75000        0.59938
-1.6430         0.75000        0.59987
-1.6410         0.75000        0.60036
-1.6390         0.75000        0.60085
-1.6370         0.75000        0.60133
-1.6350         0.75000        0.60182
-1.6330         0.75000        0.60230
-1.6310         0.75000        0.60278
-1.6290         0.75000        0.60325
-1.6270         0.75000        0.60373
-1.6250         0.75000        0.60420
-1.6230         0.75000        0.60467
-1.6210         0.75000        0.60513
-1.6190         0.75000        0.60560
-1.6170         0.75000        0.60606
-1.6150         0.75000        0.60651
-1.6130         0.75000        0.60697
-1.6110         0.75000        0.60742
-1.6090         0.75000        0.60787
-1.6070         0.75000        0.60832
-1.6050         0.75000        0.60876
-1.6030         0.75000        0.60921
-1.6010         0.75000        0.60964
-1.5990         0.75000        0.61008
-1.5970         0.75000        0.61051
-1.5950         0.75000        0.61094
-1.5930         0.75000        0.61137
-1.5910         0.75000        0.61180
-1.5890         0.75000        0.61222
-1.5870         0.75000        0.61264
-1.5850         0.75000        0.61305
-1.5830         0.75000        0.61347
-1.5810         0.75000        0.61388
-1.5790         0.75000        0.61428
-1.5770         0.75000        0.61469
-1.5750         0.75000        0.61509
-1.5730         0.75000        0.61548
-1.5710         0.75000        0.61588
-1.5690         0.75000        0.61627
-1.5670         0.75000        0.61666
-1.5650         0.75000        0.61705
-1.5630         0.75000        0.61743
-1.5610         0.75000        0.61781
-1.5590         0.75000        0.61818
-1.5570         0.75000        0.61856
-1.5550         0.75000        0.61893
-1.5530         0.75000        0.61929
-1.5510         0.75000        0.61965
-1.5490         0.75000        0.62001
-1.5470         0.75000        0.62037
-1.5450         0.75000        0.62072
-1.5430         0.75000        0.62107
-1.5410         0.75000        0.62142
-1.5390         0.75000        0.62176
-1.5370         0.75000        0.62210
-1.5350         0.75000        0.62244
-1.5330         0.75000        0.62277
-1.5310         0.75000        0.62310
-1.5290         0.75000        0.62343
-1.5270         0.75000        0.62375
-1.5250         0.75000        0.62407
-1.5230         0.75000        0.62438
-1.5210         0.75000        0.62470
-1.5190         0.75000        0.62500
-1.5170         0.75000        0.62531
-1.5150         0.75000        0.62561
-1.5130         0.75000        0.62591
-1.5110         0.75000        0.62620
-1.5090         0.75000        0.62649
-1.5070         0.75000        0.62678
-1.5050         0.75000        0.62706
-1.5030         0.75000        0.62734
-1.5010         0.75000        0.62761
-1.4990         0.75000        0.62788
-1.4970         0.75000        0.62815
-1.4950         0.75000        0.62841
-1.4930         0.75000        0.62867
-1.4910         0.75000        0.62893
-1.4890         0.75000        0.62918
-1.4870         0.75000        0.62943
-1.4850         0.75000        0.62967
-1.4830         0.75000        0.62991
-1.4810         0.75000        0.63015
-1.4790         0.75000        0.63038
-1.4770         0.75000        0.63061
-1.4750         0.75000        0.63083
-1.4730         0.75000        0.63105
-1.4710         0.75000        0.63127
-1.4690         0.75000        0.63148
-1.4670         0.75000        0.63168
-1.4650         0.75000        0.63189
-1.4630         0.75000        0.63209
-1.4610         0.75000        0.63228
-1.4590         0.75000        0.63247
-1.4570         0.75000        0.63266
-1.4550         0.75000        0.63284
-1.4530         0.75000        0.63302
-1.4510         0.75000        0.63319
-1.4490         0.75000        0.63336
-1.4470         0.75000        0.63352
-1.4450         0.75000        0.63368
-1.4430         0.75000        0.63384
-1.4410         0.75000        0.63399
-1.4390         0.75000        0.63414
-1.4370         0.75000        0.63428
-1.4350         0.75000        0.63442
-1.4330         0.75000        0.63455
-1.4310         0.75000        0.63468
-1.4290         0.75000        0.63480
-1.4270         0.75000        0.63492
-1.4250         0.75000        0.63504
-1.4230         0.75000        0.63515
-1.4210         0.75000        0.63525
-1.4190         0.75000        0.63535
-1.4170         0.75000        0.63545
-1.4150         0.75000        0.63554
-1.4130         0.75000        0.63563
-1.4110         0.75000        0.63571
-1.4090         0.75000        0.63579
-1.4070         0.75000        0.63586
-1.4050         0.75000        0.63592
-1.4030         0.75000        0.63599
-1.4010         0.75000        0.63604
-1.3990         0.75000        0.63610
-1.3970         0.75000        0.63614
-1.3950         0.75000        0.63619
-1.3930         0.75000        0.63622
-1.3910         0.75000        0.63626
-1.3890         0.75000        0.63628
-1.3870         0.75000        0.63631
-1.3850         0.75000        0.63632
-1.3830         0.75000        0.63633
-1.3810         0.75000        0.63634
-1.3790         0.75000        0.63634
-1.3770         0.75000        0.63634
-1.3750         0.75000        0.63633
-1.3730         0.75000        0.63632
-1.3710         0.75000        0.63630
-1.3690         0.75000        0.63627
-1.3670         0.75000        0.63624
-1.3650         0.75000        0.63620
-1.3630         0.75000        0.63616
-1.3610         0.75000        0.63612
-1.3590         0.75000        0.63607
-1.3570         0.75000        0.63601
-1.3550         0.75000        0.63595
-1.3530         0.75000        0.63588
-1.3510         0.75000        0.63580
-1.3490         0.75000        0.63572
-1.3470         0.75000        0.63564
-1.3450         0.75000        0.63555
-1.3430         0.75000        0.63545
-1.3410         0.75000        0.63535
-1.3390         0.75000        0.63524
-1.3370         0.75000        0.63513
-1.3350         0.75000        0.63501
-1.3330         0.75000        0.63489
-1.3310         0.75000        0.63475
-1.3290         0.75000        0.63462
-1.3270         0.75000        0.63448
-1.3250         0.75000        0.63433
-1.3230         0.75000        0.63417
-1.3210         0.75000        0.63401
-1.3190         0.75000        0.63385
-1.3170         0.75000        0.63368
-1.3150         0.75000        0.63350
-1.3130         0.75000        0.63331
-1.3110         0.75000        0.63312
-1.3090         0.75000        0.63293
-1.3070         0.75000        0.63273
-1.3050         0.75000        0.63252
-1.3030         0.75000        0.63230
-1.3010         0.75000        0.63208
-1.2990         0.75000        0.63186
-1.2970         0.75000        0.63162
-1.2950         0.75000        0.63138
-1.2930         0.75000        0.63114
-1.2910         0.75000        0.63089
-1.2890         0.75000        0.63063
-1.2870         0.75000        0.63036
-1.2850         0.75000        0.63009
-1.2830         0.75000        0.62981
-1.2810         0.75000        0.62953
-1.2790         0.75000        0.62924
-1.2770         0.75000        0.62894
-1.2750         0.75000        0.62864
-1.2730         0.75000        0.62833
-1.2710         0.75000        0.62801
-1.2690         0.75000        0.62769
-1.2670         0.75000        0.62736
-1.2650         0.75000        0.62703
-1.2630         0.75000        0.62668
-1.2610         0.75000        0.62633
-1.2590         0.75000        0.62598
-1.2570         0.75000        0.62561
-1.2550         0.75000        0.62524
-1.2530         0.75000        0.62487
-1.2510         0.75000        0.62448
-1.2490         0.75000        0.62409
-1.2470         0.75000        0.62370
-1.2450         0.75000        0.62329
-1.2430         0.75000        0.62288
-1.2410         0.75000        0.62246
-1.2390         0.75000        0.62204
-1.2370         0.75000        0.62161
-1.2350         0.75000        0.62117
-1.2330         0.75000        0.62072
-1.2310         0.75000        0.62027
-1.2290         0.75000        0.61981
-1.2270         0.75000        0.61934
-1.2250         0.75000        0.61887
-1.2230         0.75000        0.61839
-1.2210         0.75000        0.61790
-1.2190         0.75000        0.61740
-1.2170         0.75000        0.61690
-1.2150         0.75000        0.61639
-1.2130         0.75000        0.61587
-1.2110         0.75000        0.61535
-1.2090         0.75000        0.61482
-1.2070         0.75000        0.61428
-1.2050         0.75000        0.61373
-1.2030         0.75000        0.61317
-1.2010         0.75000        0.61261
-1.1990         0.75000        0.61204
-1.1970         0.75000        0.61147
-1.1950         0.75000        0.61088
-1.1930         0.75000        0.61029
-1.1910         0.75000        0.60969
-1.1890         0.75000        0.60908
-1.1870         0.75000        0.60847
-1.1850         0.75000        0.60785
-1.1830         0.75000        0.60722
-1.1810         0.75000        0.60658
-1.1790         0.75000        0.60594
-1.1770         0.75000        0.60528
-1.1750         0.75000        0.60462
-1.1730         0.75000        0.60396
-1.1710         0.75000        0.60328
-1.1690         0.75000        0.60260
-1.1670         0.75000        0.60190
-1.1650         0.75000        0.60121
-1.1630         0.75000        0.60050
-1.1610         0.75000        0.59978
-1.1590         0.75000        0.59906
-1.1570         0.75000        0.59833
-1.1550         0.75000        0.59759
-1.1530         0.75000        0.59685
-1.1510         0.75000        0.59609
-1.1490         0.75000        0.59533
-1.1470         0.75000        0.59456
-1.1450         0.75000        0.59378
-1.1430         0.75000        0.59299
-1.1410         0.75000        0.59220
-1.1390         0.75000        0.59140
-1.1370         0.75000        0.59058
-1.1350         0.75000        0.58977
-1.1330         0.75000        0.58894
-1.1310         0.75000        0.58810
-1.1290         0.75000        0.58726
-1.1270         0.75000        0.58641
-1.1250         0.75000        0.58555
-1.1230         0.75000        0.58468
-1.1210         0.75000        0.58381
-1.1190         0.75000        0.58292
-1.1170         0.75000        0.58203
-1.1150         0.75000        0.58113
-1.1130         0.75000        0.58022
-1.1110         0.75000        0.57930
-1.1090         0.75000        0.57838
-1.1070         0.75000        0.57744
-1.1050         0.75000        0.57650
-1.1030         0.75000        0.57555
-1.1010         0.75000        0.57459
-1.0990         0.75000        0.57363
-1.0970         0.75000        0.57265
-1.0950         0.75000        0.57167
-1.0930         0.75000        0.57068
-1.0910         0.75000        0.56968
-1.0890         0.75000        0.56867
-1.0870         0.75000        0.56765
-1.0850         0.75000        0.56662
-1.0830         0.75000        0.56559
-1.0810         0.75000        0.56455
-1.0790         0.75000        0.56350
-1.0770         0.75000        0.56244
-1.0750         0.75000        0.56137
-1.0730         0.75000        0.56030
-1.0710         0.75000        0.55921
-1.0690         0.75000        0.55812
-1.0670         0.75000        0.55702
-1.0650         0.75000        0.55591
-1.0630         0.75000        0.55479
-1.0610         0.75000        0.55367
-1.0590         0.75000        0.55253
-1.0570         0.75000        0.55139
-1.0550         0.75000        0.55024
-1.0530         0.75000        0.54908
-1.0510         0.75000        0.54791
-1.0490         0.75000        0.54673
-1.0470         0.75000        0.54555
-1.0450         0.75000        0.54436
-1.0430         0.75000        0.54316
-1.0410         0.75000        0.54195
-1.0390         0.75000        0.54073
-1.0370         0.75000        0.53950
-1.0350         0.75000        0.53827
-1.0330         0.75000        0.53703
-1.0310         0.75000        0.53578
-1.0290         0.75000        0.53452
-1.0270         0.75000        0.53325
-1.0250         0.75000        0.53198
-1.0230         0.75000        0.53069
-1.0210         0.75000        0.52940
-1.0190         0.75000        0.52810
-1.0170         0.75000        0.52680
-1.0150         0.75000        0.52548
-1.0130         0.75000        0.52416
-1.0110         0.75000        0.52283
-1.0090         0.75000        0.52149
-1.0070         0.75000        0.52014
-1.0050         0.75000        0.51879
-1.0030         0.75000        0.51743
-1.0010         0.75000        0.51606
-0.99900        0.75000        0.51468
-0.99700        0.75000        0.51330
-0.99500        0.75000        0.51190
-0.99300        0.75000        0.51050
-0.99100        0.75000        0.50910
-0.98900        0.75000        0.50768
-0.98700        0.75000        0.50626
-0.98500        0.75000        0.50483
-0.98300        0.75000        0.50340
-0.98100        0.75000        0.50195
-0.97900        0.75000        0.50050
-0.97700        0.75000        0.49905
-0.97500        0.75000        0.49758
-0.97300        0.75000        0.49611
-0.97100        0.75000        0.49463
-0.96900        0.75000        0.49315
-0.96700        0.75000        0.49166
-0.96500        0.75000        0.49016
-0.96300        0.75000        0.48866
-0.96100        0.75000        0.48715
-0.95900        0.75000        0.48563
-0.95700        0.75000        0.48411
-0.95500        0.75000        0.48258
-0.95300        0.75000        0.48105
-0.95100        0.75000        0.47951
-0.94900        0.75000        0.47797
-0.94700        0.75000        0.47642
-0.94500        0.75000        0.47486
-0.94300        0.75000        0.47330
-0.94100        0.75000        0.47174
-0.93900        0.75000        0.47017
-0.93700        0.75000        0.46859
-0.93500        0.75000        0.46702
-0.93300        0.75000        0.46543
-0.93100        0.75000        0.46384
-0.92900        0.75000        0.46225
-0.92700        0.75000        0.46066
-0.92500        0.75000        0.45906
-0.92300        0.75000        0.45746
-0.92100        0.75000        0.45585
-0.91900        0.75000        0.45424
-0.91700        0.75000        0.45263
-0.91500        0.75000        0.45102
-0.91300        0.75000        0.44940
-0.91100        0.75000        0.44778
-0.90900        0.75000        0.44616
-0.90700        0.75000        0.44454
-0.90500        0.75000        0.44292
-0.90300        0.75000        0.44129
-0.90100        0.75000        0.43967
-0.89900        0.75000        0.43804
-0.89700        0.75000        0.43641
-0.89500        0.75000        0.43479
-0.89300        0.75000        0.43316
-0.89100        0.75000        0.43154
-0.88900        0.75000        0.42991
-0.88700        0.75000        0.42829
-0.88500        0.75000        0.42667
-0.88300        0.75000        0.42505
-0.88100        0.75000        0.42343
-0.87900        0.75000        0.42182
-0.87700        0.75000        0.42020
-0.87500        0.75000        0.41860
-0.87300        0.75000        0.41699
-0.87100        0.75000        0.41539
-0.86900        0.75000        0.41380
-0.86700        0.75000        0.41221
-0.86500        0.75000        0.41062
-0.86300        0.75000        0.40904
-0.86100        0.75000        0.40747
-0.85900        0.75000        0.40591
-0.85700        0.75000        0.40435
-0.85500        0.75000        0.40280
-0.85300        0.75000        0.40126
-0.85100        0.75000        0.39973
-0.84900        0.75000        0.39821
-0.84700        0.75000        0.39670
-0.84500        0.75000        0.39520
-0.84300        0.75000        0.39371
-0.84100        0.75000        0.39223
-0.83900        0.75000        0.39077
-0.83700        0.75000        0.38932
-0.83500        0.75000        0.38788
-0.83300        0.75000        0.38646
-0.83100        0.75000        0.38505
-0.82900        0.75000        0.38366
-0.82700        0.75000        0.38229
-0.82500        0.75000        0.38094
-0.82300        0.75000        0.37960
-0.82100        0.75000        0.37828
-0.81900        0.75000        0.37698
-0.81700        0.75000        0.37571
-0.81500        0.75000        0.37445
-0.81300        0.75000        0.37322
-0.81100        0.75000        0.37201
-0.80900        0.75000        0.37082
-0.80700        0.75000        0.36966
-0.80500        0.75000        0.36853
-0.80300        0.75000        0.36742
-0.80100        0.75000        0.36634
-0.79900        0.75000        0.36529
-0.79700        0.75000        0.36427
-0.79500        0.75000        0.36327
-0.79300        0.75000        0.36232
-0.79100        0.75000        0.36139
-0.78900        0.75000        0.36050
-0.78700        0.75000        0.35964
-0.78500        0.75000        0.35882
-0.78300        0.75000        0.35803
-0.78100        0.75000        0.35728
-0.77900        0.75000        0.35657
-0.77700        0.75000        0.35590
-0.77500        0.75000        0.35527
-0.77300        0.75000        0.35469
-0.77100        0.75000        0.35415
-0.76900        0.75000        0.35365
-0.76700        0.75000        0.35319
-0.76500        0.75000        0.35279
-0.76300        0.75000        0.35243
-0.76100        0.75000        0.35212
-0.75900        0.75000        0.35186
-0.75700        0.75000        0.35164
-0.75500        0.75000        0.35149
-0.75300        0.75000        0.35138
-0.75100        0.75000        0.35133
-0.74900        0.75000        0.35133
-0.74700        0.75000        0.35139
-0.74500        0.75000        0.35150
-0.74300        0.75000        0.35168
-0.74100        0.75000        0.35191
-0.73900        0.75000        0.35220
-0.73700        0.75000        0.35256
-0.73500        0.75000        0.35297
-0.73300        0.75000        0.35345
-0.73100        0.75000        0.35399
-0.72900        0.75000        0.35460
-0.72700        0.75000        0.35527
-0.72500        0.75000        0.35600
-0.72300        0.75000        0.35681
-0.72100        0.75000        0.35768
-0.71900        0.75000        0.35862
-0.71700        0.75000        0.35963
-0.71500        0.75000        0.36070
-0.71300        0.75000        0.36185
-0.71100        0.75000        0.36307
-0.70900        0.75000        0.36436
-0.70700        0.75000        0.36572
-0.70500        0.75000        0.36716
-0.70300        0.75000        0.36866
-0.70100        0.75000        0.37024
-0.69900        0.75000        0.37190
-0.69700        0.75000        0.37362
-0.69500        0.75000        0.37543
-0.69300        0.75000        0.37730
-0.69100        0.75000        0.37925
-0.68900        0.75000        0.38128
-0.68700        0.75000        0.38338
-0.68500        0.75000        0.38556
-0.68300        0.75000        0.38781
-0.68100        0.75000        0.39014
-0.67900        0.75000        0.39254
-0.67700        0.75000        0.39502
-0.67500        0.75000        0.39757
-0.67300        0.75000        0.40020
-0.67100        0.75000        0.40291
-0.66900        0.75000        0.40569
-0.66700        0.75000        0.40855
-0.66500        0.75000        0.41148
-0.66300        0.75000        0.41449
-0.66100        0.75000        0.41757
-0.65900        0.75000        0.42072
-0.65700        0.75000        0.42396
-0.65500        0.75000        0.42726
-0.65300        0.75000        0.43064
-0.65100        0.75000        0.43410
-0.64900        0.75000        0.43763
-0.64700        0.75000        0.44123
-0.64500        0.75000        0.44491
-0.64300        0.75000        0.44866
-0.64100        0.75000        0.45248
-0.63900        0.75000        0.45637
-0.63700        0.75000        0.46034
-0.63500        0.75000        0.46438
-0.63300        0.75000        0.46849
-0.63100        0.75000        0.47267
-0.62900        0.75000        0.47692
-0.62700        0.75000        0.48124
-0.62500        0.75000        0.48563
-0.62300        0.75000        0.49010
-0.62100        0.75000        0.49463
-0.61900        0.75000        0.49923
-0.61700        0.75000        0.50390
-0.61500        0.75000        0.50864
-0.61300        0.75000        0.51345
-0.61100        0.75000        0.51833
-0.60900        0.75000        0.52327
-0.60700        0.75000        0.52829
-0.60500        0.75000        0.53337
-0.60300        0.75000        0.53851
-0.60100        0.75000        0.54372
-0.59900        0.75000        0.54900
-0.59700        0.75000        0.55435
-0.59500        0.75000        0.55976
-0.59300        0.75000        0.56523
-0.59100        0.75000        0.57078
-0.58900        0.75000        0.57638
-0.58700        0.75000        0.58205
-0.58500        0.75000        0.58779
-0.58300        0.75000        0.59359
-0.58100        0.75000        0.59945
-0.57900        0.75000        0.60538
-0.57700        0.75000        0.61137
-0.57500        0.75000        0.61742
-0.57300        0.75000        0.62354
-0.57100        0.75000        0.62972
-0.56900        0.75000        0.63596
-0.56700        0.75000        0.64226
-0.56500        0.75000        0.64863
-0.56300        0.75000        0.65505
-0.56100        0.75000        0.66154
-0.55900        0.75000        0.66809
-0.55700        0.75000        0.67471
-0.55500        0.75000        0.68138
-0.55300        0.75000        0.68811
-0.55100        0.75000        0.69491
-0.54900        0.75000        0.70177
-0.54700        0.75000        0.70868
-0.54500        0.75000        0.71566
-0.54300        0.75000        0.72270
-0.54100        0.75000        0.72979
-0.53900        0.75000        0.73695
-0.53700        0.75000        0.74417
-0.53500        0.75000        0.75144
-0.53300        0.75000        0.75878
-0.53100        0.75000        0.76618
-0.52900        0.75000        0.77363
-0.52700        0.75000        0.78115
-0.52500        0.75000        0.78872
-0.52300        0.75000        0.79635
-0.52100        0.75000        0.80404
-0.51900        0.75000        0.81180
-0.51700        0.75000        0.81960
-0.51500        0.75000        0.82747
-0.51300        0.75000        0.83540
-0.51100        0.75000        0.84338
-0.50900        0.75000        0.85143
-0.50700        0.75000        0.85953
-0.50500        0.75000        0.86769
-0.50300        0.75000        0.87591
-0.50100        0.75000        0.88419
-0.49900        0.75000        0.89252
-0.49700        0.75000        0.90091
-0.49500        0.75000        0.90936
-0.49300        0.75000        0.91787
-0.49100        0.75000        0.92644
-0.48900        0.75000        0.93506
-0.48700        0.75000        0.94374
-0.48500        0.75000        0.95248
-0.48300        0.75000        0.96128
-0.48100        0.75000        0.97014
-0.47900        0.75000        0.97905
-0.47700        0.75000        0.98802
-0.47500        0.75000        0.99704
-0.47300        0.75000        1.0061
-0.47100        0.75000        1.0153
-0.46900        0.75000        1.0245
-0.46700        0.75000        1.0337
-0.46500        0.75000        1.0430
-0.46300        0.75000        1.0524
-0.46100        0.75000        1.0618
-0.45900        0.75000        1.0713
-0.45700        0.75000        1.0808
-0.45500        0.75000        1.0904
-0.45300        0.75000        1.1001
-0.45100        0.75000        1.1098
-0.44900        0.75000        1.1196
-0.44700        0.75000        1.1294
-0.44500        0.75000        1.1393
-0.44300        0.75000        1.1492
-0.44100        0.75000        1.1592
-0.43900        0.75000        1.1692
-0.43700        0.75000        1.1793
-0.43500        0.75000        1.1895
-0.43300        0.75000        1.1997
-0.43100        0.75000        1.2100
-0.42900        0.75000        1.2203
-0.42700        0.75000        1.2307
-0.42500        0.75000        1.2411
-0.42300        0.75000        1.2516
-0.42100        0.75000        1.2621
-0.41900        0.75000        1.2727
-0.41700        0.75000        1.2834
-0.41500        0.75000        1.2941
-0.41300        0.75000        1.3049
-0.41100        0.75000        1.3157
-0.40900        0.75000        1.3266
-0.40700        0.75000        1.3375
-0.40500        0.75000        1.3485
-0.40300        0.75000        1.3595
-0.40100        0.75000        1.3706
-0.39900        0.75000        1.3817
-0.39700        0.75000        1.3929
-0.39500        0.75000        1.4041
-0.39300        0.75000        1.4154
-0.39100        0.75000        1.4268
-0.38900        0.75000        1.4382
-0.38700        0.75000        1.4496
-0.38500        0.75000        1.4611
-0.38300        0.75000        1.4727
-0.38100        0.75000        1.4843
-0.37900        0.75000        1.4959
-0.37700        0.75000        1.5076
-0.37500        0.75000        1.5194
-0.37300        0.75000        1.5312
-0.37100        0.75000        1.5430
-0.36900        0.75000        1.5549
-0.36700        0.75000        1.5669
-0.36500        0.75000        1.5789
-0.36300        0.75000        1.5909
-0.36100        0.75000        1.6030
-0.35900        0.75000        1.6151
-0.35700        0.75000        1.6273
-0.35500        0.75000        1.6395
-0.35300        0.75000        1.6518
-0.35100        0.75000        1.6641
-0.34900        0.75000        1.6765
-0.34700        0.75000        1.6889
-0.34500        0.75000        1.7014
-0.34300        0.75000        1.7139
-0.34100        0.75000        1.7264
-0.33900        0.75000        1.7390
-0.33700        0.75000        1.7516
-0.33500        0.75000        1.7643
-0.33300        0.75000        1.7770
-0.33100        0.75000        1.7897
-0.32900        0.75000        1.8025
-0.32700        0.75000        1.8153
-0.32500        0.75000        1.8282
-0.32300        0.75000        1.8411
-0.32100        0.75000        1.8540
-0.31900        0.75000        1.8670
-0.31700        0.75000        1.8800
-0.31500        0.75000        1.8930
-0.31300        0.75000        1.9061
-0.31100        0.75000        1.9192
-0.30900        0.75000        1.9324
-0.30700        0.75000        1.9455
-0.30500        0.75000        1.9587
-0.30300        0.75000        1.9720
-0.30100        0.75000        1.9852
-0.29900        0.75000        1.9985
-0.29700        0.75000        2.0118
-0.29500        0.75000        2.0252
-0.29300        0.75000        2.0386
-0.29100        0.75000        2.0520
-0.28900        0.75000        2.0654
-0.28700        0.75000        2.0788
-0.28500        0.75000        2.0923
-0.28300        0.75000        2.1058
-0.28100        0.75000        2.1193
-0.27900        0.75000        2.1328
-0.27700        0.75000        2.1464
-0.27500        0.75000        2.1599
-0.27300        0.75000        2.1735
-0.27100        0.75000        2.1871
-0.26900        0.75000        2.2007
-0.26700        0.75000        2.2143
-0.26500        0.75000        2.2280
-0.26300        0.75000        2.2416
-0.26100        0.75000        2.2552
-0.25900        0.75000        2.2689
-0.25700        0.75000        2.2826
-0.25500        0.75000        2.2962
-0.25300        0.75000        2.3099
-0.25100        0.75000        2.3236
-0.24900        0.75000        2.3373
-0.24700        0.75000        2.3509
-0.24500        0.75000        2.3646
-0.24300        0.75000        2.3783
-0.24100        0.75000        2.3920
-0.23900        0.75000        2.4056
-0.23700        0.75000        2.4193
-0.23500        0.75000        2.4329
-0.23300        0.75000        2.4466
-0.23100        0.75000        2.4602
-0.22900        0.75000        2.4738
-0.22700        0.75000        2.4874
-0.22500        0.75000        2.5010
-0.22300        0.75000        2.5146
-0.22100        0.75000        2.5281
-0.21900        0.75000        2.5416
-0.21700        0.75000        2.5551
-0.21500        0.75000        2.5686
-0.21300        0.75000        2.5821
-0.21100        0.75000        2.5955
-0.20900        0.75000        2.6089
-0.20700        0.75000        2.6223
-0.20500        0.75000        2.6356
-0.20300        0.75000        2.6489
-0.20100        0.75000        2.6621
-0.19900        0.75000        2.6754
-0.19700        0.75000        2.6885
-0.19500        0.75000        2.7017
-0.19300        0.75000        2.7148
-0.19100        0.75000        2.7278
-0.18900        0.75000        2.7408
-0.18700        0.75000        2.7538
-0.18500        0.75000        2.7667
-0.18300        0.75000        2.7795
-0.18100        0.75000        2.7923
-0.17900        0.75000        2.8051
-0.17700        0.75000        2.8178
-0.17500        0.75000        2.8304
-0.17300        0.75000        2.8429
-0.17100        0.75000        2.8554
-0.16900        0.75000        2.8678
-0.16700        0.75000        2.8802
-0.16500        0.75000        2.8925
-0.16300        0.75000        2.9047
-0.16100        0.75000        2.9168
-0.15900        0.75000        2.9289
-0.15700        0.75000        2.9408
-0.15500        0.75000        2.9527
-0.15300        0.75000        2.9645
-0.15100        0.75000        2.9763
-0.14900        0.75000        2.9879
-0.14700        0.75000        2.9994
-0.14500        0.75000        3.0109
-0.14300        0.75000        3.0223
-0.14100        0.75000        3.0335
-0.13900        0.75000        3.0447
-0.13700        0.75000        3.0558
-0.13500        0.75000        3.0667
-0.13300        0.75000        3.0776
-0.13100        0.75000        3.0883
-0.12900        0.75000        3.0990
-0.12700        0.75000        3.1095
-0.12500        0.75000        3.1199
-0.12300        0.75000        3.1302
-0.12100        0.75000        3.1404
-0.11900        0.75000        3.1505
-0.11700        0.75000        3.1604
-0.11500        0.75000        3.1703
-0.11300        0.75000        3.1800
-0.11100        0.75000        3.1895
-0.10900        0.75000        3.1990
-0.10700        0.75000        3.2083
-0.10500        0.75000        3.2175
-0.10300        0.75000        3.2265
-0.10100        0.75000        3.2354
-0.099000       0.75000        3.2442
-0.097000       0.75000        3.2528
-0.095000       0.75000        3.2613
-0.093000       0.75000        3.2696
-0.091000       0.75000        3.2778
-0.089000       0.75000        3.2859
-0.087000       0.75000        3.2938
-0.085000       0.75000        3.3015
-0.083000       0.75000        3.3091
-0.081000       0.75000        3.3165
-0.079000       0.75000        3.3238
-0.077000       0.75000        3.3309
-0.075000       0.75000        3.3379
-0.073000       0.75000        3.3447
-0.071000       0.75000        3.3513
-0.069000       0.75000        3.3578
-0.067000       0.75000        3.3641
-0.065000       0.75000        3.3702
-0.063000       0.75000        3.3762
-0.061000       0.75000        3.3820
-0.059000       0.75000        3.3876
-0.057000       0.75000        3.3930
-0.055000       0.75000        3.3983
-0.053000       0.75000        3.4034
-0.051000       0.75000        3.4083
-0.049000       0.75000        3.4130
-0.047000       0.75000        3.4176
-0.045000       0.75000        3.4220
-0.043000       0.75000        3.4261
-0.041000       0.75000        3.4302
-0.039000       0.75000        3.4340
-0.037000       0.75000        3.4376
-0.035000       0.75000        3.4411
-0.033000       0.75000        3.4443
-0.031000       0.75000        3.4474
-0.029000       0.75000        3.4503
-0.027000       0.75000        3.4530
-0.025000       0.75000        3.4555
-0.023000       0.75000        3.4578
-0.021000       0.75000        3.4600
-0.019000       0.75000        3.4619
-0.017000       0.75000        3.4636
-0.015000       0.75000        3.4652
-0.013000       0.75000        3.4666
-0.011000       0.75000        3.4677
-0.0090000      0.75000        3.4687
-0.0070000      0.75000        3.4695
-0.0050000      0.75000        3.4700
-0.0030000      0.75000        3.4704
-0.0010000      0.75000        3.4706
0.0010000       0.75000        3.4706
0.0030000       0.75000        3.4704
0.0050000       0.75000        3.4700
0.0070000       0.75000        3.4695
0.0090000       0.75000        3.4687
0.011000        0.75000        3.4677
0.013000        0.75000        3.4666
0.015000        0.75000        3.4652
0.017000        0.75000        3.4636
0.019000        0.75000        3.4619
0.021000        0.75000        3.4600
0.023000        0.75000        3.4578
0.025000        0.75000        3.4555
0.027000        0.75000        3.4530
0.029000        0.75000        3.4503
0.031000        0.75000        3.4474
0.033000        0.75000        3.4443
0.035000        0.75000        3.4411
0.037000        0.75000        3.4376
0.039000        0.75000        3.4340
0.041000        0.75000        3.4302
0.043000        0.75000        3.4261
0.045000        0.75000        3.4220
0.047000        0.75000        3.4176
0.049000        0.75000        3.4130
0.051000        0.75000        3.4083
0.053000        0.75000        3.4034
0.055000        0.75000        3.3983
0.057000        0.75000        3.3930
0.059000        0.75000        3.3876
0.061000        0.75000        3.3820
0.063000        0.75000        3.3762
0.065000        0.75000        3.3702
0.067000        0.75000        3.3641
0.069000        0.75000        3.3578
0.071000        0.75000        3.3513
0.073000        0.75000        3.3447
0.075000        0.75000        3.3379
0.077000        0.75000        3.3309
0.079000        0.75000        3.3238
0.081000        0.75000        3.3165
0.083000        0.75000        3.3091
0.085000        0.75000        3.3015
0.087000        0.75000        3.2938
0.089000        0.75000        3.2859
0.091000        0.75000        3.2778
0.093000        0.75000        3.2696
0.095000        0.75000        3.2613
0.097000        0.75000        3.2528
0.099000        0.75000        3.2442
0.10100         0.75000        3.2354
0.10300         0.75000        3.2265
0.10500         0.75000        3.2175
0.10700         0.75000        3.2083
0.10900         0.75000        3.1990
0.11100         0.75000        3.1895
0.11300         0.75000        3.1800
0.11500         0.75000        3.1703
0.11700         0.75000        3.1604
0.11900         0.75000        3.1505
0.12100         0.75000        3.1404
0.12300         0.75000        3.1302
0.12500         0.75000        3.1199
0.12700         0.75000        3.1095
0.12900         0.75000        3.0990
0.13100         0.75000        3.0883
0.13300         0.75000        3.0776
0.13500         0.75000        3.0667
0.13700         0.75000        3.0558
0.13900         0.75000        3.0447
0.14100         0.75000        3.0335
0.14300         0.75000        3.0223
0.14500         0.75000        3.0109
0.14700         0.75000        2.9994
0.14900         0.75000        2.9879
0.15100         0.75000        2.9763
0.15300         0.75000        2.9645
0.15500         0.75000        2.9527
0.15700         0.75000        2.9408
0.15900         0.75000        2.9289
0.16100         0.75000        2.9168
0.16300         0.75000        2.9047
0.16500         0.75000        2.8925
0.16700         0.75000        2.8802
0.16900         0.75000        2.8678
0.17100         0.75000        2.8554
0.17300         0.75000        2.8429
0.17500         0.75000        2.8304
0.17700         0.75000        2.8178
0.17900         0.75000        2.8051
0.18100         0.75000        2.7923
0.18300         0.75000        2.7795
0.18500         0.75000        2.7667
0.18700         0.75000        2.7538
0.18900         0.75000        2.7408
0.19100         0.75000        2.7278
0.19300         0.75000        2.7148
0.19500         0.75000        2.7017
0.19700         0.75000        2.6885
0.19900         0.75000        2.6754
0.20100         0.75000        2.6621
0.20300         0.75000        2.6489
0.20500         0.75000        2.6356
0.20700         0.75000        2.6223
0.20900         0.75000        2.6089
0.21100         0.75000        2.5955
0.21300         0.75000        2.5821
0.21500         0.75000        2.5686
0.21700         0.75000        2.5551
0.21900         0.75000        2.5416
0.22100         0.75000        2.5281
0.22300         0.75000        2.5146
0.22500         0.75000        2.5010
0.22700         0.75000        2.4874
0.22900         0.75000        2.4738
0.23100         0.75000        2.4602
0.23300         0.75000        2.4466
0.23500         0.75000        2.4329
0.23700         0.75000        2.4193
0.23900         0.75000        2.4056
0.24100         0.75000        2.3920
0.24300         0.75000        2.3783
0.24500         0.75000        2.3646
0.24700         0.75000        2.3509
0.24900         0.75000        2.3373
0.25100         0.75000        2.3236
0.25300         0.75000        2.3099
0.25500         0.75000        2.2962
0.25700         0.75000        2.2826
0.25900         0.75000        2.2689
0.26100         0.75000        2.2552
0.26300         0.75000        2.2416
0.26500         0.75000        2.2280
0.26700         0.75000        2.2143
0.26900         0.75000        2.2007
0.27100         0.75000        2.1871
0.27300         0.75000        2.1735
0.27500         0.75000        2.1599
0.27700         0.75000        2.1464
0.27900         0.75000        2.1328
0.28100         0.75000        2.1193
0.28300         0.75000        2.1058
0.28500         0.75000        2.0923
0.28700         0.75000        2.0788
0.28900         0.75000        2.0654
0.29100         0.75000        2.0520
0.29300         0.75000        2.0386
0.29500         0.75000        2.0252
0.29700         0.75000        2.0118
0.29900         0.75000        1.9985
0.30100         0.75000        1.9852
0.30300         0.75000        1.9720
0.30500         0.75000        1.9587
0.30700         0.75000        1.9455
0.30900         0.75000        1.9324
0.31100         0.75000        1.9192
0.31300         0.75000        1.9061
0.31500         0.75000        1.8930
0.31700         0.75000        1.8800
0.31900         0.75000        1.8670
0.32100         0.75000        1.8540
0.32300         0.75000        1.8411
0.32500         0.75000        1.8282
0.32700         0.75000        1.8153
0.32900         0.75000        1.8025
0.33100         0.75000        1.7897
0.33300         0.75000        1.7770
0.33500         0.75000        1.7643
0.33700         0.75000        1.7516
0.33900         0.75000        1.7390
0.34100         0.75000        1.7264
0.34300         0.75000        1.7139
0.34500         0.75000        1.7014
0.34700         0.75000        1.6889
0.34900         0.75000        1.6765
0.35100         0.75000        1.6641
0.35300         0.75000        1.6518
0.35500         0.75000        1.6395
0.35700         0.75000        1.6273
0.35900         0.75000        1.6151
0.36100         0.75000        1.6030
0.36300         0.75000        1.5909
0.36500         0.75000        1.5789
0.36700         0.75000        1.5669
0.36900         0.75000        1.5549
0.37100         0.75000        1.5430
0.37300         0.75000        1.5312
0.37500         0.75000        1.5194
0.37700         0.75000        1.5076
0.37900         0.75000        1.4959
0.38100         0.75000        1.4843
0.38300         0.75000        1.4727
0.38500         0.75000        1.4611
0.38700         0.75000        1.4496
0.38900         0.75000        1.4382
0.39100         0.75000        1.4268
0.39300         0.75000        1.4154
0.39500         0.75000        1.4041
0.39700         0.75000        1.3929
0.39900         0.75000        1.3817
0.40100         0.75000        1.3706
0.40300         0.75000        1.3595
0.40500         0.75000        1.3485
0.40700         0.75000        1.3375
0.40900         0.75000        1.3266
0.41100         0.75000        1.3157
0.41300         0.75000        1.3049
0.41500         0.75000        1.2941
0.41700         0.75000        1.2834
0.41900         0.75000        1.2727
0.42100         0.75000        1.2621
0.42300         0.75000        1.2516
0.42500         0.75000        1.2411
0.42700         0.75000        1.2307
0.42900         0.75000        1.2203
0.43100         0.75000        1.2100
0.43300         0.75000        1.1997
0.43500         0.75000        1.1895
0.43700         0.75000        1.1793
0.43900         0.75000        1.1692
0.44100         0.75000        1.1592
0.44300         0.75000        1.1492
0.44500         0.75000        1.1393
0.44700         0.75000        1.1294
0.44900         0.75000        1.1196
0.45100         0.75000        1.1098
0.45300         0.75000        1.1001
0.45500         0.75000        1.0904
0.45700         0.75000        1.0808
0.45900         0.75000        1.0713
0.46100         0.75000        1.0618
0.46300         0.75000        1.0524
0.46500         0.75000        1.0430
0.46700         0.75000        1.0337
0.46900         0.75000        1.0245
0.47100         0.75000        1.0153
0.47300         0.75000        1.0061
0.47500         0.75000        0.99704
0.47700         0.75000        0.98802
0.47900         0.75000        0.97905
0.48100         0.75000        0.97014
0.48300         0.75000        0.96128
0.48500         0.75000        0.95248
0.48700         0.75000        0.94374
0.48900         0.75000        0.93506
0.49100         0.75000        0.92644
0.49300         0.75000        0.91787
0.49500         0.75000        0.90936
0.49700         0.75000        0.90091
0.49900         0.75000        0.89252
0.50100         0.75000        0.88419
0.50300         0.75000        0.87591
0.50500         0.75000        0.86769
0.50700         0.75000        0.85953
0.50900         0.75000        0.85143
0.51100         0.75000        0.84338
0.51300         0.75000        0.83540
0.51500         0.75000        0.82747
0.51700         0.75000        0.81960
0.51900         0.75000        0.81180
0.52100         0.75000        0.80404
0.52300         0.75000        0.79635
0.52500         0.75000        0.78872
0.52700         0.75000        0.78115
0.52900         0.75000        0.77363
0.53100         0.75000        0.76618
0.53300         0.75000        0.75878
0.53500         0.75000        0.75144
0.53700         0.75000        0.74417
0.53900         0.75000        0.73695
0.54100         0.75000        0.72979
0.54300         0.75000        0.72270
0.54500         0.75000        0.71566
0.54700         0.75000        0.70868
0.54900         0.75000        0.70177
0.55100         0.75000        0.69491
0.55300         0.75000        0.68811
0.55500         0.75000        0.68138
0.55700         0.75000        0.67471
0.55900         0.75000        0.66809
0.56100         0.75000        0.66154
0.56300         0.75000        0.65505
0.56500         0.75000        0.64863
0.56700         0.75000        0.64226
0.56900         0.75000        0.63596
0.57100         0.75000        0.62972
0.57300         0.75000        0.62354
0.57500         0.75000        0.61742
0.57700         0.75000        0.61137
0.57900         0.75000        0.60538
0.58100         0.75000        0.59945
0.58300         0.75000        0.59359
0.58500         0.75000        0.58779
0.58700         0.75000        0.58205
0.58900         0.75000        0.57638
0.59100         0.75000        0.57078
0.59300         0.75000        0.56523
0.59500         0.75000        0.55976
0.59700         0.75000        0.55435
0.59900         0.75000        0.54900
0.60100         0.75000        0.54372
0.60300         0.75000        0.53851
0.60500         0.75000        0.53337
0.60700         0.75000        0.52829
0.60900         0.75000        0.52327
0.61100         0.75000        0.51833
0.61300         0.75000        0.51345
0.61500         0.75000        0.50864
0.61700         0.75000        0.50390
0.61900         0.75000        0.49923
0.62100         0.75000        0.49463
0.62300         0.75000        0.49010
0.62500         0.75000        0.48563
0.62700         0.75000        0.48124
0.62900         0.75000        0.47692
0.63100         0.75000        0.47267
0.63300         0.75000        0.46849
0.63500         0.75000        0.46438
0.63700         0.75000        0.46034
0.63900         0.75000        0.45637
0.64100         0.75000        0.45248
0.64300         0.75000        0.44866
0.64500         0.75000        0.44491
0.64700         0.75000        0.44123
0.64900         0.75000        0.43763
0.65100         0.75000        0.43410
0.65300         0.75000        0.43064
0.65500         0.75000        0.42726
0.65700         0.75000        0.42396
0.65900         0.75000        0.42072
0.66100         0.75000        0.41757
0.66300         0.75000        0.41449
0.66500         0.75000        0.41148
0.66700         0.75000        0.40855
0.66900         0.75000        0.40569
0.67100         0.75000        0.40291
0.67300         0.75000        0.40020
0.67500         0.75000        0.39757
0.67700         0.75000        0.39502
0.67900         0.75000        0.39254
0.68100         0.75000        0.39014
0.68300         0.75000        0.38781
0.68500         0.75000        0.38556
0.68700         0.75000        0.38338
0.68900         0.75000        0.38128
0.69100         0.75000        0.37925
0.69300         0.75000        0.37730
0.69500         0.75000        0.37543
0.69700         0.75000        0.37362
0.69900         0.75000        0.37190
0.70100         0.75000        0.37024
0.70300         0.75000        0.36866
0.70500         0.75000        0.36716
0.70700         0.75000        0.36572
0.70900         0.75000        0.36436
0.71100         0.75000        0.36307
0.71300         0.75000        0.36185
0.71500         0.75000        0.36070
0.71700         0.75000        0.35963
0.71900         0.75000        0.35862
0.72100         0.75000        0.35768
0.72300         0.75000        0.35681
0.72500         0.75000        0.35600
0.72700         0.75000        0.35527
0.72900         0.75000        0.35460
0.73100         0.75000        0.35399
0.73300         0.75000        0.35345
0.73500         0.75000        0.35297
0.73700         0.75000        0.35256
0.73900         0.75000        0.35220
0.74100         0.75000        0.35191
0.74300         0.75000        0.35168
0.74500         0.75000        0.35150
0.74700         0.75000        0.35139
0.74900         0.75000        0.35133
0.75100         0.75000        0.35133
0.75300         0.75000        0.35138
0.75500         0.75000        0.35149
0.75700         0.75000        0.35164
0.75900         0.75000        0.35186
0.76100         0.75000        0.35212
0.76300         0.75000        0.35243
0.76500         0.75000        0.35279
0.76700         0.75000        0.35319
0.76900         0.75000        0.35365
0.77100         0.75000        0.35415
0.77300         0.75000        0.35469
0.77500         0.75000        0.35527
0.77700         0.75000        0.35590
0.77900         0.75000        0.35657
0.78100         0.75000        0.35728
0.78300         0.75000        0.35803
0.78500         0.75000        0.35882
0.78700         0.75000        0.35964
0.78900         0.75000        0.36050
0.79100         0.75000        0.36139
0.79300         0.75000        0.36232
0.79500         0.75000        0.36327
0.79700         0.75000        0.36427
0.79900         0.75000        0.36529
0.80100         0.75000        0.36634
0.80300         0.75000        0.36742
0.80500         0.75000        0.36853
0.80700         0.75000        0.36966
0.80900         0.75000        0.37082
0.81100         0.75000        0.37201
0.81300         0.75000        0.37322
0.81500         0.75000        0.37445
0.81700         0.75000        0.37571
0.81900         0.75000        0.37698
0.82100         0.75000        0.37828
0.82300         0.75000        0.37960
0.82500         0.75000        0.38094
0.82700         0.75000        0.38229
0.82900         0.75000        0.38366
0.83100         0.75000        0.38505
0.83300         0.75000        0.38646
0.83500         0.75000        0.38788
0.83700         0.75000        0.38932
0.83900         0.75000        0.39077
0.84100         0.75000        0.39223
0.84300         0.75000        0.39371
0.84500         0.75000        0.39520
0.84700         0.75000        0.39670
0.84900         0.75000        0.39821
0.85100         0.75000        0.39973
0.85300         0.75000        0.40126
0.85500         0.75000        0.40280
0.85700         0.75000        0.40435
0.85900         0.75000        0.40591
0.86100         0.75000        0.40747
0.86300         0.75000        0.40904
0.86500         0.75000        0.41062
0.86700         0.75000        0.41221
0.86900         0.75000        0.41380
0.87100         0.75000        0.41539
0.87300         0.75000        0.41699
0.87500         0.75000        0.41860
0.87700         0.75000        0.42020
0.87900         0.75000        0.42182
0.88100         0.75000        0.42343
0.88300         0.75000        0.42505
0.88500         0.75000        0.42667
0.88700         0.75000        0.42829
0.88900         0.75000        0.42991
0.89100         0.75000        0.43154
0.89300         0.75000        0.43316
0.89500         0.75000        0.43479
0.89700         0.75000        0.43641
0.89900         0.75000        0.43804
0.90100         0.75000        0.43967
0.90300         0.75000        0.44129
0.90500         0.75000        0.44292
0.90700         0.75000        0.44454
0.90900         0.75000        0.44616
0.91100         0.75000        0.44778
0.91300         0.75000        0.44940
0.91500         0.75000        0.45102
0.91700         0.75000        0.45263
0.91900         0.75000        0.45424
0.92100         0.75000        0.45585
0.92300         0.75000        0.45746
0.92500         0.75000        0.45906
0.92700         0.75000        0.46066
0.92900         0.75000        0.46225
0.93100         0.75000        0.46384
0.93300         0.75000        0.46543
0.93500         0.75000        0.46702
0.93700         0.75000        0.46859
0.93900         0.75000        0.47017
0.94100         0.75000        0.47174
0.94300         0.75000        0.47330
0.94500         0.75000        0.47486
0.94700         0.75000        0.47642
0.94900         0.75000        0.47797
0.95100         0.75000        0.47951
0.95300         0.75000        0.48105
0.95500         0.75000        0.48258
0.95700         0.75000        0.48411
0.95900         0.75000        0.48563
0.96100         0.75000        0.48715
0.96300         0.75000        0.48866
0.96500         0.75000        0.49016
0.96700         0.75000        0.49166
0.96900         0.75000        0.49315
0.97100         0.75000        0.49463
0.97300         0.75000        0.49611
0.97500         0.75000        0.49758
0.97700         0.75000        0.49905
0.97900         0.75000        0.50050
0.98100         0.75000        0.50195
0.98300         0.75000        0.50340
0.98500         0.75000        0.50483
0.98700         0.75000        0.50626
0.98900         0.75000        0.50768
0.99100         0.75000        0.50910
0.99300         0.75000        0.51050
0.99500         0.75000        0.51190
0.99700         0.75000        0.51330
0.99900         0.75000        0.51468
1.0010          0.75000        0.51606
1.0030          0.75000        0.51743
1.0050          0.75000        0.51879
1.0070          0.75000        0.52014
1.0090          0.75000        0.52149
1.0110          0.75000        0.52283
1.0130          0.75000        0.52416
1.0150          0.75000        0.52548
1.0170          0.75000        0.52680
1.0190          0.75000        0.52810
1.0210          0.75000        0.52940
1.0230          0.75000        0.53069
1.0250          0.75000        0.53198
1.0270          0.75000        0.53325
1.0290          0.75000        0.53452
1.0310          0.75000        0.53578
1.0330          0.75000        0.53703
1.0350          0.75000        0.53827
1.0370          0.75000        0.53950
1.0390          0.75000        0.54073
1.0410          0.75000        0.54195
1.0430          0.75000        0.54316
1.0450          0.75000        0.54436
1.0470          0.75000        0.54555
1.0490          0.75000        0.54673
1.0510          0.75000        0.54791
1.0530          0.75000        0.54908
1.0550          0.75000        0.55024
1.0570          0.75000        0.55139
1.0590          0.75000        0.55253
1.0610          0.75000        0.55367
1.0630          0.75000        0.55479
1.0650          0.75000        0.55591
1.0670          0.75000        0.55702
1.0690          0.75000        0.55812
1.0710          0.75000        0.55921
1.0730          0.75000        0.56030
1.0750          0.75000        0.56137
1.0770          0.75000        0.56244
1.0790          0.75000        0.56350
1.0810          0.75000        0.56455
1.0830          0.75000        0.56559
1.0850          0.75000        0.56662
1.0870          0.75000        0.56765
1.0890          0.75000        0.56867
1.0910          0.75000        0.56968
1.0930          0.75000        0.57068
1.0950          0.75000        0.57167
1.0970          0.75000        0.57265
1.0990          0.75000        0.57363
1.1010          0.75000        0.57459
1.1030          0.75000        0.57555
1.1050          0.75000        0.57650
1.1070          0.75000        0.57744
1.1090          0.75000        0.57838
1.1110          0.75000        0.57930
1.1130          0.75000        0.58022
1.1150          0.75000        0.58113
1.1170          0.75000        0.58203
1.1190          0.75000        0.58292
1.1210          0.75000        0.58381
1.1230          0.75000        0.58468
1.1250          0.75000        0.58555
1.1270          0.75000        0.58641
1.1290          0.75000        0.58726
1.1310          0.75000        0.58810
1.1330          0.75000        0.58894
1.1350          0.75000        0.58977
1.1370          0.75000        0.59058
1.1390          0.75000        0.59140
1.1410          0.75000        0.59220
1.1430          0.75000        0.59299
1.1450          0.75000        0.59378
1.1470          0.75000        0.59456
1.1490          0.75000        0.59533
1.1510          0.75000        0.59609
1.1530          0.75000        0.59685
1.1550          0.75000        0.59759
1.1570          0.75000        0.59833
1.1590          0.75000        0.59906
1.1610          0.75000        0.59978
1.1630          0.75000        0.60050
1.1650          0.75000        0.60121
1.1670          0.75000        0.60190
1.1690          0.75000        0.60260
1.1710          0.75000        0.60328
1.1730          0.75000        0.60396
1.1750          0.75000        0.60462
1.1770          0.75000        0.60528
1.1790          0.75000        0.60594
1.1810          0.75000        0.60658
1.1830          0.75000        0.60722
1.1850          0.75000        0.60785
1.1870          0.75000        0.60847
1.1890          0.75000        0.60908
1.1910          0.75000        0.60969
1.1930          0.75000        0.61029
1.1950          0.75000        0.61088
1.1970          0.75000        0.61147
1.1990          0.75000        0.61204
1.2010          0.75000        0.61261
1.2030          0.75000        0.61317
1.2050          0.75000        0.61373
1.2070          0.75000        0.61428
1.2090          0.75000        0.61482
1.2110          0.75000        0.61535
1.2130          0.75000        0.61587
1.2150          0.75000        0.61639
1.2170          0.75000        0.61690
1.2190          0.75000        0.61740
1.2210          0.75000        0.61790
1.2230          0.75000        0.61839
1.2250          0.75000        0.61887
1.2270          0.75000        0.61934
1.2290          0.75000        0.61981
1.2310          0.75000        0.62027
1.2330          0.75000        0.62072
1.2350          0.75000        0.62117
1.2370          0.75000        0.62161
1.2390          0.75000        0.62204
1.2410          0.75000        0.62246
1.2430          0.75000        0.62288
1.2450          0.75000        0.62329
1.2470          0.75000        0.62370
1.2490          0.75000        0.62409
1.2510          0.75000        0.62448
1.2530          0.75000        0.62487
1.2550          0.75000        0.62524
1.2570          0.75000        0.62561
1.2590          0.75000        0.62598
1.2610          0.75000        0.62633
1.2630          0.75000        0.62668
1.2650          0.75000        0.62703
1.2670          0.75000        0.62736
1.2690          0.75000        0.62769
1.2710          0.75000        0.62801
1.2730          0.75000        0.62833
1.2750          0.75000        0.62864
1.2770          0.75000        0.62894
1.2790          0.75000        0.62924
1.2810          0.75000        0.62953
1.2830          0.75000        0.62981
1.2850          0.75000        0.63009
1.2870          0.75000        0.63036
1.2890          0.75000        0.63063
1.2910          0.75000        0.63089
1.2930          0.75000        0.63114
1.2950          0.75000        0.63138
1.2970          0.75000        0.63162
1.2990          0.75000        0.63186
1.3010          0.75000        0.63208
1.3030          0.75000        0.63230
1.3050          0.75000        0.63252
1.3070          0.75000        0.63273
1.3090          0.75000        0.63293
1.3110          0.75000        0.63312
1.3130          0.75000        0.63331
1.3150          0.75000        0.63350
1.3170          0.75000        0.63368
1.3190          0.75000        0.63385
1.3210          0.75000        0.63401
1.3230          0.75000        0.63417
1.3250          0.75000        0.63433
1.3270          0.75000        0.63448
1.3290          0.75000        0.63462
1.3310          0.75000        0.63475
1.3330          0.75000        0.63489
1.3350          0.75000        0.63501
1.3370          0.75000        0.63513
1.3390          0.75000        0.63524
1.3410          0.75000        0.63535
1.3430          0.75000        0.63545
1.3450          0.75000        0.63555
1.3470          0.75000        0.63564
1.3490          0.75000        0.63572
1.3510          0.75000        0.63580
1.3530          0.75000        0.63588
1.3550          0.75000        0.63595
1.3570          0.75000        0.63601
1.3590          0.75000        0.63607
1.3610          0.75000        0.63612
1.3630          0.75000        0.63616
1.3650          0.75000        0.63620
1.3670          0.75000        0.63624
1.3690          0.75000        0.63627
1.3710          0.75000        0.63630
1.3730          0.75000        0.63632
1.3750          0.75000        0.63633
1.3770          0.75000        0.63634
1.3790          0.75000        0.63634
1.3810          0.75000        0.63634
1.3830          0.75000        0.63633
1.3850          0.75000        0.63632
1.3870          0.75000        0.63631
1.3890          0.75000        0.63628
1.3910          0.75000        0.63626
1.3930          0.75000        0.63622
1.3950          0.75000        0.63619
1.3970          0.75000        0.63614
1.3990          0.75000        0.63610
1.4010          0.75000        0.63604
1.4030          0.75000        0.63599
1.4050          0.75000        0.63592
1.4070          0.75000        0.63586
1.4090          0.75000        0.63579
1.4110          0.75000        0.63571
1.4130          0.75000        0.63563
1.4150          0.75000        0.63554
1.4170          0.75000        0.63545
1.4190          0.75000        0.63535
1.4210          0.75000        0.63525
1.4230          0.75000        0.63515
1.4250          0.75000        0.63504
1.4270          0.75000        0.63492
1.4290          0.75000        0.63480
1.4310          0.75000        0.63468
1.4330          0.75000        0.63455
1.4350          0.75000        0.63442
1.4370          0.75000        0.63428
1.4390          0.75000        0.63414
1.4410          0.75000        0.63399
1.4430          0.75000        0.63384
1.4450          0.75000        0.63368
1.4470          0.75000        0.63352
1.4490          0.75000        0.63336
1.4510          0.75000        0.63319
1.4530          0.75000        0.63302
1.4550          0.75000        0.63284
1.4570          0.75000        0.63266
1.4590          0.75000        0.63247
1.4610          0.75000        0.63228
1.4630          0.75000        0.63209
1.4650          0.75000        0.63189
1.4670          0.75000        0.63168
1.4690          0.75000        0.63148
1.4710          0.75000        0.63127
1.4730          0.75000        0.63105
1.4750          0.75000        0.63083
1.4770          0.75000        0.63061
1.4790          0.75000        0.63038
1.4810          0.75000        0.63015
1.4830          0.75000        0.62991
1.4850          0.75000        0.62967
1.4870          0.75000        0.62943
1.4890          0.75000        0.62918
1.4910          0.75000        0.62893
1.4930          0.75000        0.62867
1.4950          0.75000        0.62841
1.4970          0.75000        0.62815
1.4990          0.75000        0.62788
1.5010          0.75000        0.62761
1.5030          0.75000        0.62734
1.5050          0.75000        0.62706
1.5070          0.75000        0.62678
1.5090          0.75000        0.62649
1.5110          0.75000        0.62620
1.5130          0.75000        0.62591
1.5150          0.75000        0.62561
1.5170          0.75000        0.62531
1.5190          0.75000        0.62500
1.5210          0.75000        0.62470
1.5230          0.75000        0.62438
1.5250          0.75000        0.62407
1.5270          0.75000        0.62375
1.5290          0.75000        0.62343
1.5310          0.75000        0.62310
1.5330          0.75000        0.62277
1.5350          0.75000        0.62244
1.5370          0.75000        0.62210
1.5390          0.75000        0.62176
1.5410          0.75000        0.62142
1.5430          0.75000        0.62107
1.5450          0.75000        0.62072
1.5470          0.75000        0.62037
1.5490          0.75000        0.62001
1.5510          0.75000        0.61965
1.5530          0.75000        0.61929
1.5550          0.75000        0.61893
1.5570          0.75000        0.61856
1.5590          0.75000        0.61818
1.5610          0.75000        0.61781
1.5630          0.75000        0.61743
1.5650          0.75000        0.61705
1.5670          0.75000        0.61666
1.5690          0.75000        0.61627
1.5710          0.75000        0.61588
1.5730          0.75000        0.61548
1.5750          0.75000        0.61509
1.5770          0.75000        0.61469
1.5790          0.75000        0.61428
1.5810          0.75000        0.61388
1.5830          0.75000        0.61347
1.5850          0.75000        0.61305
1.5870          0.75000        0.61264
1.5890          0.75000        0.61222
1.5910          0.75000        0.61180
1.5930          0.75000        0.61137
1.5950          0.75000        0.61094
1.5970          0.75000        0.61051
1.5990          0.75000        0.61008
1.6010          0.75000        0.60964
1.6030          0.75000        0.60921
1.6050          0.75000        0.60876
1.6070          0.75000        0.60832
1.6090          0.75000        0.60787
1.6110          0.75000        0.60742
1.6130          0.75000        0.60697
1.6150          0.75000        0.60651
1.6170          0.75000        0.60606
1.6190          0.75000        0.60560
1.6210          0.75000        0.60513
1.6230          0.75000        0.60467
1.6250          0.75000        0.60420
1.6270          0.75000        0.60373
1.6290          0.75000        0.60325
1.6310          0.75000        0.60278
1.6330          0.75000        0.60230
1.6350          0.75000        0.60182
1.6370          0.75000        0.60133
1.6390          0.75000        0.60085
1.6410          0.75000        0.60036
1.6430          0.75000        0.59987
1.6450          0.75000        0.59938
1.6470          0.75000        0.59888
1.6490          0.75000        0.59838
1.6510          0.75000        0.59788
1.6530          0.75000        0.59738
1.6550          0.75000        0.59687
1.6570          0.75000        0.59636
1.6590          0.75000        0.59585
1.6610          0.75000        0.59534
1.6630          0.75000        0.59483
1.6650          0.75000        0.59431
1.6670          0.75000        0.59379
1.6690          0.75000        0.59327
1.6710          0.75000        0.59275
1.6730          0.75000        0.59222
1.6750          0.75000        0.59169
1.6770          0.75000        0.59116
1.6790          0.75000        0.59063
1.6810          0.75000        0.59010
1.6830          0.75000        0.58956
1.6850          0.75000        0.58902
1.6870          0.75000        0.58848
1.6890          0.75000        0.58794
1.6910          0.75000        0.58739
1.6930          0.75000        0.58685
1.6950          0.75000        0.58630
1.6970          0.75000        0.58575
1.6990          0.75000        0.58519
1.7010          0.75000        0.58464
1.7030          0.75000        0.58408
1.7050          0.75000        0.58352
1.7070          0.75000        0.58296
1.7090          0.75000        0.58240
1.7110          0.75000        0.58183
1.7130          0.75000        0.58127
1.7150          0.75000        0.58070
1.7170          0.75000        0.58013
1.7190          0.75000        0.57956
1.7210          0.75000        0.57898
1.7230          0.75000        0.57841
1.7250          0.75000        0.57783
1.7270          0.75000        0.57725
1.7290          0.75000        0.57667
1.7310          0.75000        0.57609
1.7330          0.75000        0.57550
1.7350          0.75000        0.57492
1.7370          0.75000        0.57433
1.7390          0.75000        0.57374
1.7410          0.75000        0.57315
1.7430          0.75000        0.57256
1.7450          0.75000        0.57196
1.7470          0.75000        0.57137
1.7490          0.75000        0.57077
1.7510          0.75000        0.57017
1.7530          0.75000        0.56957
1.7550          0.75000        0.56897
1.7570          0.75000        0.56836
1.7590          0.75000        0.56776
1.7610          0.75000        0.56715
1.7630          0.75000        0.56654
1.7650          0.75000        0.56593
1.7670          0.75000        0.56532
1.7690          0.75000        0.56471
1.7710          0.75000        0.56409
1.7730          0.75000        0.56348
1.7750          0.75000        0.56286
1.7770          0.75000        0.56224
1.7790          0.75000        0.56162
1.7810          0.75000        0.56100
1.7830          0.75000        0.56037
1.7850          0.75000        0.55975
1.7870          0.75000        0.55912
1.7890          0.75000        0.55850
1.7910          0.75000        0.55787
1.7930          0.75000        0.55724
1.7950          0.75000        0.55661
1.7970          0.75000        0.55597
1.7990          0.75000        0.55534
1.8010          0.75000        0.55471
1.8030          0.75000        0.55407
1.8050          0.75000        0.55343
1.8070          0.75000        0.55279
1.8090          0.75000        0.55215
1.8110          0.75000        0.55151
1.8130          0.75000        0.55087
1.8150          0.75000        0.55023
1.8170          0.75000        0.54958
1.8190          0.75000        0.54894
1.8210          0.75000        0.54829
1.8230          0.75000        0.54764
1.8250          0.75000        0.54699
1.8270          0.75000        0.54634
1.8290          0.75000        0.54569
1.8310          0.75000        0.54504
1.8330          0.75000        0.54438
1.8350          0.75000        0.54373
1.8370          0.75000        0.54307
1.8390          0.75000        0.54241
1.8410          0.75000        0.54176
1.8430          0.75000        0.54110
1.8450          0.75000        0.54044
1.8470          0.75000        0.53978
1.8490          0.75000        0.53912
1.8510          0.75000        0.53845
1.8530          0.75000        0.53779
1.8550          0.75000        0.53712
1.8570          0.75000        0.53646
1.8590          0.75000        0.53579
1.8610          0.75000        0.53512
1.8630          0.75000        0.53446
1.8650          0.75000        0.53379
1.8670          0.75000        0.53312
1.8690          0.75000        0.53245
1.8710          0.75000        0.53177
1.8730          0.75000        0.53110
1.8750          0.75000        0.53043
1.8770          0.75000        0.52975
1.8790          0.75000        0.52908
1.8810          0.75000        0.52840
1.8830          0.75000        0.52772
1.8850          0.75000        0.52705
1.8870          0.75000        0.52637
1.8890          0.75000        0.52569
1.8910          0.75000        0.52501
1.8930          0.75000        0.52433
1.8950          0.75000        0.52365
1.8970          0.75000        0.52296
1.8990          0.75000        0.52228
1.9010          0.75000        0.52160
1.9030          0.75000        0.52091
1.9050          0.75000        0.52023
1.9070          0.75000        0.51954
1.9090          0.75000        0.51886
1.9110          0.75000        0.51817
1.9130          0.75000        0.51748
1.9150          0.75000        0.51680
1.9170          0.75000        0.51611
1.9190          0.75000        0.51542
1.9210          0.75000        0.51473
1.9230          0.75000        0.51404
1.9250          0.75000        0.51335
1.9270          0.75000        0.51265
1.9290          0.75000        0.51196
1.9310          0.75000        0.51127
1.9330          0.75000        0.51058
1.9350          0.75000        0.50988
1.9370          0.75000        0.50919
1.9390          0.75000        0.50849
1.9410          0.75000        0.50780
1.9430          0.75000        0.50710
1.9450          0.75000        0.50640
1.9470          0.75000        0.50571
1.9490          0.75000        0.50501
1.9510          0.75000        0.50431
1.9530          0.75000        0.50361
1.9550          0.75000        0.50292
1.9570          0.75000        0.50222
1.9590          0.75000        0.50152
1.9610          0.75000        0.50082
1.9630          0.75000        0.50012
1.9650          0.75000        0.49942
1.9670          0.75000        0.49872
1.9690          0.75000        0.49801
1.9710          0.75000        0.49731
1.9730          0.75000        0.49661
1.9750          0.75000        0.49591
1.9770          0.75000        0.49520
1.9790          0.75000        0.49450
1.9810          0.75000        0.49380
1.9830          0.75000        0.49309
1.9850          0.75000        0.49239
1.9870          0.75000        0.49168
1.9890          0.75000        0.49098
1.9910          0.75000        0.49028
1.9930          0.75000        0.48957
1.9950          0.75000        0.48886
1.9970          0.75000        0.48816
1.9990          0.75000        0.48745
2.0010          0.75000        0.48675
2.0030          0.75000        0.48604
2.0050          0.75000        0.48533
2.0070          0.75000        0.48463
2.0090          0.75000        0.48392
2.0110          0.75000        0.48321
2.0130          0.75000        0.48250
2.0150          0.75000        0.48180
2.0170          0.75000        0.48109
2.0190          0.75000        0.48038
2.0210          0.75000        0.47967
2.0230          0.75000        0.47896
2.0250          0.75000        0.47825
2.0270          0.75000        0.47755
2.0290          0.75000        0.47684
2.0310          0.75000        0.47613
2.0330          0.75000        0.47542
2.0350          0.75000        0.47471
2.0370          0.75000        0.47400
2.0390          0.75000        0.47329
2.0410          0.75000        0.47258
2.0430          0.75000        0.47187
2.0450          0.75000        0.47116
2.0470          0.75000        0.47045
2.0490          0.75000        0.46974
2.0510          0.75000        0.46903
2.0530          0.75000        0.46832
2.0550          0.75000        0.46761
2.0570          0.75000        0.46690
2.0590          0.75000        0.46619
2.0610          0.75000        0.46548
2.0630          0.75000        0.46477
2.0650          0.75000        0.46406
2.0670          0.75000        0.46335
2.0690          0.75000        0.46264
2.0710          0.75000        0.46193
2.0730          0.75000        0.46122
2.0750          0.75000        0.46051
2.0770          0.75000        0.45981
2.0790          0.75000        0.45910
2.0810          0.75000        0.45839
2.0830          0.75000        0.45768
2.0850          0.75000        0.45697
2.0870          0.75000        0.45626
2.0890          0.75000        0.45555
2.0910          0.75000        0.45484
2.0930          0.75000        0.45413
2.0950          0.75000        0.45342
2.0970          0.75000        0.45271
2.0990          0.75000        0.45200
2.1010          0.75000        0.45129
2.1030          0.75000        0.45059
2.1050          0.75000        0.44988
2.1070          0.75000        0.44917
2.1090          0.75000        0.44846
2.1110          0.75000        0.44775
2.1130          0.75000        0.44704
2.1150          0.75000        0.44634
2.1170          0.75000        0.44563
2.1190          0.75000        0.44492
2.1210          0.75000        0.44421
2.1230          0.75000        0.44351
2.1250          0.75000        0.44280
2.1270          0.75000        0.44209
2.1290          0.75000        0.44139
2.1310          0.75000        0.44068
2.1330          0.75000        0.43998
2.1350          0.75000        0.43927
2.1370          0.75000        0.43856
2.1390          0.75000        0.43786
2.1410          0.75000        0.43715
2.1430          0.75000        0.43645
2.1450          0.75000        0.43574
2.1470          0.75000        0.43504
2.1490          0.75000        0.43434
2.1510          0.75000        0.43363
2.1530          0.75000        0.43293
2.1550          0.75000        0.43222
2.1570          0.75000        0.43152
2.1590          0.75000        0.43082
2.1610          0.75000        0.43012
2.1630          0.75000        0.42941
2.1650          0.75000        0.42871
2.1670          0.75000        0.42801
2.1690          0.75000        0.42731
2.1710          0.75000        0.42661
2.1730          0.75000        0.42591
2.1750          0.75000        0.42521
2.1770          0.75000        0.42451
2.1790          0.75000        0.42381
2.1810          0.75000        0.42311
2.1830          0.75000        0.42241
2.1850          0.75000        0.42171
2.1870          0.75000        0.42101
2.1890          0.75000        0.42032
2.1910          0.75000        0.41962
2.1930          0.75000        0.41892
2.1950          0.75000        0.41823
2.1970          0.75000        0.41753
2.1990          0.75000        0.41683
2.2010          0.75000        0.41614
2.2030          0.75000        0.41544
2.2050          0.75000        0.41475
2.2070          0.75000        0.41405
2.2090          0.75000        0.41336
2.2110          0.75000        0.41267
2.2130          0.75000        0.41197
2.2150          0.75000        0.41128
2.2170          0.75000        0.41059
2.2190          0.75000        0.40990
2.2210          0.75000        0.40920
2.2230          0.75000        0.40851
2.2250          0.75000        0.40782
2.2270          0.75000        0.40713
2.2290          0.75000        0.40644
2.2310          0.75000        0.40575
2.2330          0.75000        0.40507
2.2350          0.75000        0.40438
2.2370          0.75000        0.40369
2.2390          0.75000        0.40300
2.2410          0.75000        0.40232
2.2430          0.75000        0.40163
2.2450          0.75000        0.40094
2.2470          0.75000        0.40026
2.2490          0.75000        0.39957
2.2510          0.75000        0.39889
2.2530          0.75000        0.39821
2.2550          0.75000        0.39752
2.2570          0.75000        0.39684
2.2590          0.75000        0.39616
2.2610          0.75000        0.39548
2.2630          0.75000        0.39479
2.2650          0.75000        0.39411
2.2670          0.75000        0.39343
2.2690          0.75000        0.39275
2.2710          0.75000        0.39207
2.2730          0.75000        0.39140
2.2750          0.75000        0.39072
2.2770          0.75000        0.39004
2.2790          0.75000        0.38936
2.2810          0.75000        0.38869
2.2830          0.75000        0.38801
2.2850          0.75000        0.38733
2.2870          0.75000        0.38666
2.2890          0.75000        0.38599
2.2910          0.75000        0.38531
2.2930          0.75000        0.38464
2.2950          0.75000        0.38397
2.2970          0.75000        0.38329
2.2990          0.75000        0.38262
2.3010          0.75000        0.38195
2.3030          0.75000        0.38128
2.3050          0.75000        0.38061
2.3070          0.75000        0.37994
2.3090          0.75000        0.37927
2.3110          0.75000        0.37861
2.3130          0.75000        0.37794
2.3150          0.75000        0.37727
2.3170          0.75000        0.37661
2.3190          0.75000        0.37594
2.3210          0.75000        0.37528
2.3230          0.75000        0.37461
2.3250          0.75000        0.37395
2.3270          0.75000        0.37329
2.3290          0.75000        0.37262
2.3310          0.75000        0.37196
2.3330          0.75000        0.37130
2.3350          0.75000        0.37064
2.3370          0.75000        0.36998
2.3390          0.75000        0.36932
2.3410          0.75000        0.36866
2.3430          0.75000        0.36801
2.3450          0.75000        0.36735
2.3470          0.75000        0.36669
2.3490          0.75000        0.36604
2.3510          0.75000        0.36538
2.3530          0.75000        0.36473
2.3550          0.75000        0.36407
2.3570          0.75000        0.36342
2.3590          0.75000        0.36277
2.3610          0.75000        0.36211
2.3630          0.75000        0.36146
2.3650          0.75000        0.36081
2.3670          0.75000        0.36016
2.3690          0.75000        0.35951
2.3710          0.75000        0.35886
2.3730          0.75000        0.35822
2.3750          0.75000        0.35757
2.3770          0.75000        0.35692
2.3790          0.75000        0.35628
2.3810          0.75000        0.35563
2.3830          0.75000        0.35499
2.3850          0.75000        0.35434
2.3870          0.75000        0.35370
2.3890          0.75000        0.35306
2.3910          0.75000        0.35242
2.3930          0.75000        0.35178
2.3950          0.75000        0.35114
2.3970          0.75000        0.35050
2.3990          0.75000        0.34986
2.4010          0.75000        0.34922
2.4030          0.75000        0.34858
2.4050          0.75000        0.34794
2.4070          0.75000        0.34731
2.4090          0.75000        0.34667
2.4110          0.75000        0.34604
2.4130          0.75000        0.34541
2.4150          0.75000        0.34477
2.4170          0.75000        0.34414
2.4190          0.75000        0.34351
2.4210          0.75000        0.34288
2.4230          0.75000        0.34225
2.4250          0.75000        0.34162
2.4270          0.75000        0.34099
2.4290          0.75000        0.34036
2.4310          0.75000        0.33973
2.4330          0.75000        0.33911
2.4350          0.75000        0.33848
2.4370          0.75000        0.33786
2.4390          0.75000        0.33723
2.4410          0.75000        0.33661
2.4430          0.75000        0.33599
2.4450          0.75000        0.33536
2.4470          0.75000        0.33474
2.4490          0.75000        0.33412
2.4510          0.75000        0.33350
2.4530          0.75000        0.33288
2.4550          0.75000        0.33227
2.4570          0.75000        0.33165
2.4590          0.75000        0.33103
2.4610          0.75000        0.33042
2.4630          0.75000        0.32980
2.4650          0.75000        0.32919
2.4670          0.75000        0.32857
2.4690          0.75000        0.32796
2.4710          0.75000        0.32735
2.4730          0.75000        0.32674
2.4750          0.75000        0.32613
2.4770          0.75000        0.32552
2.4790          0.75000        0.32491
2.4810          0.75000        0.32430
2.4830          0.75000        0.32369
2.4850          0.75000        0.32308
2.4870          0.75000        0.32248
2.4890          0.75000        0.32187
2.4910          0.75000        0.32127
2.4930          0.75000        0.32067
2.4950          0.75000        0.32006
2.4970          0.75000        0.31946
2.4990          0.75000        0.31886
2.5010          0.75000        0.31826
2.5030          0.75000        0.31766
2.5050          0.75000        0.31706
2.5070          0.75000        0.31646
2.5090          0.75000        0.31587
2.5110          0.75000        0.31527
2.5130          0.75000        0.31467
2.5150          0.75000        0.31408
2.5170          0.75000        0.31348
2.5190          0.75000        0.31289
2.5210          0.75000        0.31230
2.5230          0.75000        0.31171
2.5250          0.75000        0.31112
2.5270          0.75000        0.31053
2.5290          0.75000        0.30994
2.5310          0.75000        0.30935
2.5330          0.75000        0.30876
2.5350          0.75000        0.30817
2.5370          0.75000        0.30759
2.5390          0.75000        0.30700
2.5410          0.75000        0.30642
2.5430          0.75000        0.30583
2.5450          0.75000        0.30525
2.5470          0.75000        0.30467
2.5490          0.75000        0.30409
2.5510          0.75000        0.30351
2.5530          0.75000        0.30293
2.5550          0.75000        0.30235
2.5570          0.75000        0.30177
2.5590          0.75000        0.30119
2.5610          0.75000        0.30062
2.5630          0.75000        0.30004
2.5650          0.75000        0.29947
2.5670          0.75000        0.29889
2.5690          0.75000        0.29832
2.5710          0.75000        0.29775
2.5730          0.75000        0.29718
2.5750          0.75000        0.29661
2.5770          0.75000        0.29604
2.5790          0.75000        0.29547
2.5810          0.75000        0.29490
2.5830          0.75000        0.29433
2.5850          0.75000        0.29377
2.5870          0.75000        0.29320
2.5890          0.75000        0.29264
2.5910          0.75000        0.29207
2.5930          0.75000        0.29151
2.5950          0.75000        0.29095
2.5970          0.75000        0.29038
2.5990          0.75000        0.28982
2.6010          0.75000        0.28926
2.6030          0.75000        0.28870
2.6050          0.75000        0.28815
2.6070          0.75000        0.28759
2.6090          0.75000        0.28703
2.6110          0.75000        0.28648
2.6130          0.75000        0.28592
2.6150          0.75000        0.28537
2.6170          0.75000        0.28481
2.6190          0.75000        0.28426
2.6210          0.75000        0.28371
2.6230          0.75000        0.28316
2.6250          0.75000        0.28261
2.6270          0.75000        0.28206
2.6290          0.75000        0.28151
2.6310          0.75000        0.28096
2.6330          0.75000        0.28042
2.6350          0.75000        0.27987
2.6370          0.75000        0.27933
2.6390          0.75000        0.27878
2.6410          0.75000        0.27824
2.6430          0.75000        0.27770
2.6450          0.75000        0.27715
2.6470          0.75000        0.27661
2.6490          0.75000        0.27607
2.6510          0.75000        0.27553
2.6530          0.75000        0.27500
2.6550          0.75000        0.27446
2.6570          0.75000        0.27392
2.6590          0.75000        0.27339
2.6610          0.75000        0.27285
2.6630          0.75000        0.27232
2.6650          0.75000        0.27178
2.6670          0.75000        0.27125
2.6690          0.75000        0.27072
2.6710          0.75000        0.27019
2.6730          0.75000        0.26966
2.6750          0.75000        0.26913
2.6770          0.75000        0.26860
2.6790          0.75000        0.26807
2.6810          0.75000        0.26755
2.6830          0.75000        0.26702
2.6850          0.75000        0.26649
2.6870          0.75000        0.26597
2.6890          0.75000        0.26545
2.6910          0.75000        0.26492
2.6930          0.75000        0.26440
2.6950          0.75000        0.26388
2.6970          0.75000        0.26336
2.6990          0.75000        0.26284
2.7010          0.75000        0.26232
2.7030          0.75000        0.26181
2.7050          0.75000        0.26129
2.7070          0.75000        0.26077
2.7090          0.75000        0.26026
2.7110          0.75000        0.25974
2.7130          0.75000        0.25923
2.7150          0.75000        0.25872
2.7170          0.75000        0.25821
2.7190          0.75000        0.25770
2.7210          0.75000        0.25718
2.7230          0.75000        0.25668
2.7250          0.75000        0.25617
2.7270          0.75000        0.25566
2.7290          0.75000        0.25515
2.7310          0.75000        0.25465
2.7330          0.75000        0.25414
2.7350          0.75000        0.25364
2.7370          0.75000        0.25313
2.7390          0.75000        0.25263
2.7410          0.75000        0.25213
2.7430          0.75000        0.25163
2.7450          0.75000        0.25113
2.7470          0.75000        0.25063
2.7490          0.75000        0.25013
2.7510          0.75000        0.24963
2.7530          0.75000        0.24914
2.7550          0.75000        0.24864
2.7570          0.75000        0.24814
2.7590          0.75000        0.24765
2.7610          0.75000        0.24716
2.7630          0.75000        0.24666
2.7650          0.75000        0.24617
2.7670          0.75000        0.24568
2.7690          0.75000        0.24519
2.7710          0.75000        0.24470
2.7730          0.75000        0.24421
2.7750          0.75000        0.24373
2.7770          0.75000        0.24324
2.7790          0.75000        0.24275
2.7810          0.75000        0.24227
2.7830          0.75000        0.24178
2.7850          0.75000        0.24130
2.7870          0.75000        0.24082
2.7890          0.75000        0.24033
2.7910          0.75000        0.23985
2.7930          0.75000        0.23937
2.7950          0.75000        0.23889
2.7970          0.75000        0.23841
2.7990          0.75000        0.23794
2.8010          0.75000        0.23746
2.8030          0.75000        0.23698
2.8050          0.75000        0.23651
2.8070          0.75000        0.23603
2.8090          0.75000        0.23556
2.8110          0.75000        0.23509
2.8130          0.75000        0.23461
2.8150          0.75000        0.23414
2.8170          0.75000        0.23367
2.8190          0.75000        0.23320
2.8210          0.75000        0.23273
2.8230          0.75000        0.23226
2.8250          0.75000        0.23180
2.8270          0.75000        0.23133
2.8290          0.75000        0.23087
2.8310          0.75000        0.23040
2.8330          0.75000        0.22994
2.8350          0.75000        0.22947
2.8370          0.75000        0.22901
2.8390          0.75000        0.22855
2.8410          0.75000        0.22809
2.8430          0.75000        0.22763
2.8450          0.75000        0.22717
2.8470          0.75000        0.22671
2.8490          0.75000        0.22625
2.8510          0.75000        0.22580
2.8530          0.75000        0.22534
2.8550          0.75000        0.22489
2.8570          0.75000        0.22443
2.8590          0.75000        0.22398
2.8610          0.75000        0.22352
2.8630          0.75000        0.22307
2.8650          0.75000        0.22262
2.8670          0.75000        0.22217
2.8690          0.75000        0.22172
2.8710          0.75000        0.22127
2.8730          0.75000        0.22083
2.8750          0.75000        0.22038
2.8770          0.75000        0.21993
2.8790          0.75000        0.21949
2.8810          0.75000        0.21904
2.8830          0.75000        0.21860
2.8850          0.75000        0.21815
2.8870          0.75000        0.21771
2.8890          0.75000        0.21727
2.8910          0.75000        0.21683
2.8930          0.75000        0.21639
2.8950          0.75000        0.21595
2.8970          0.75000        0.21551
2.8990          0.75000        0.21507
2.9010          0.75000        0.21464
2.9030          0.75000        0.21420
2.9050          0.75000        0.21377
2.9070          0.75000        0.21333
2.9090          0.75000        0.21290
2.9110          0.75000        0.21247
2.9130          0.75000        0.21203
2.9150          0.75000        0.21160
2.9170          0.75000        0.21117
2.9190          0.75000        0.21074
2.9210          0.75000        0.21031
2.9230          0.75000        0.20988
2.9250          0.75000        0.20946
2.9270          0.75000        0.20903
2.9290          0.75000        0.20861
2.9310          0.75000        0.20818
2.9330          0.75000        0.20776
2.9350          0.75000        0.20733
2.9370          0.75000        0.20691
2.9390          0.75000        0.20649
2.9410          0.75000        0.20607
2.9430          0.75000        0.20565
2.9450          0.75000        0.20523
2.9470          0.75000        0.20481
2.9490          0.75000        0.20439
2.9510          0.75000        0.20397
2.9530          0.75000        0.20356
2.9550          0.75000        0.20314
2.9570          0.75000        0.20273
2.9590          0.75000        0.20231
2.9610          0.75000        0.20190
2.9630          0.75000        0.20149
2.9650          0.75000        0.20107
2.9670          0.75000        0.20066
2.9690          0.75000        0.20025
2.9710          0.75000        0.19984
2.9730          0.75000        0.19943
2.9750          0.75000        0.19903
2.9770          0.75000        0.19862
2.9790          0.75000        0.19821
2.9810          0.75000        0.19781
2.9830          0.75000        0.19740
2.9850          0.75000        0.19700
2.9870          0.75000        0.19659
2.9890          0.75000        0.19619
2.9910          0.75000        0.19579
2.9930          0.75000        0.19539
2.9950          0.75000        0.19499
2.9970          0.75000        0.19459
2.9990          0.75000        0.19419
3.0010          0.75000        0.19379
3.0030          0.75000        0.19339
3.0050          0.75000        0.19300
3.0070          0.75000        0.19260
3.0090          0.75000        0.19221
3.0110          0.75000        0.19181
3.0130          0.75000        0.19142
3.0150          0.75000        0.19103
3.0170          0.75000        0.19063
3.0190          0.75000        0.19024
3.0210          0.75000        0.18985
3.0230          0.75000        0.18946
3.0250          0.75000        0.18907
3.0270          0.75000        0.18868
3.0290          0.75000        0.18830
3.0310          0.75000        0.18791
3.0330          0.75000        0.18752
3.0350          0.75000        0.18714
3.0370          0.75000        0.18675
3.0390          0.75000        0.18637
3.0410          0.75000        0.18599
3.0430          0.75000        0.18560
3.0450          0.75000        0.18522
3.0470          0.75000        0.18484
3.0490          0.75000        0.18446
3.0510          0.75000        0.18408
3.0530          0.75000        0.18370
3.0550          0.75000        0.18332
3.0570          0.75000        0.18295
3.0590          0.75000        0.18257
3.0610          0.75000        0.18219
3.0630          0.75000        0.18182
3.0650          0.75000        0.18144
3.0670          0.75000        0.18107
3.0690          0.75000        0.18070
3.0710          0.75000        0.18032
3.0730          0.75000        0.17995
3.0750          0.75000        0.17958
3.0770          0.75000        0.17921
3.0790          0.75000        0.17884
3.0810          0.75000        0.17847
3.0830          0.75000        0.17811
3.0850          0.75000        0.17774
3.0870          0.75000        0.17737
3.0890          0.75000        0.17701
3.0910          0.75000        0.17664
3.0930          0.75000        0.17628
3.0950          0.75000        0.17591
3.0970          0.75000        0.17555
3.0990          0.75000        0.17519
3.1010          0.75000        0.17483
3.1030          0.75000        0.17447
3.1050          0.75000        0.17411
3.1070          0.75000        0.17375
3.1090          0.75000        0.17339
3.1110          0.75000        0.17303
3.1130          0.75000        0.17267
3.1150          0.75000        0.17232
3.1170          0.75000        0.17196
3.1190          0.75000        0.17160
3.1210          0.75000        0.17125
3.1230          0.75000        0.17090
3.1250          0.75000        0.17054
3.1270          0.75000        0.17019
3.1290          0.75000        0.16984
3.1310          0.75000        0.16949
3.1330          0.75000        0.16914
3.1350          0.75000        0.16879
3.1370          0.75000        0.16844
3.1390          0.75000        0.16809
3.1410          0.75000        0.16774
3.1430          0.75000        0.16740
3.1450          0.75000        0.16705
3.1470          0.75000        0.16670
3.1490          0.75000        0.16636
3.1510          0.75000        0.16602
3.1530          0.75000        0.16567
3.1550          0.75000        0.16533
3.1570          0.75000        0.16499
3.1590          0.75000        0.16465
3.1610          0.75000        0.16431
3.1630          0.75000        0.16397
3.1650          0.75000        0.16363
3.1670          0.75000        0.16329
3.1690          0.75000        0.16295
3.1710          0.75000        0.16261
3.1730          0.75000        0.16228
3.1750          0.75000        0.16194
3.1770          0.75000        0.16160
3.1790          0.75000        0.16127
3.1810          0.75000        0.16094
3.1830          0.75000        0.16060
3.1850          0.75000        0.16027
3.1870          0.75000        0.15994
3.1890          0.75000        0.15961
3.1910          0.75000        0.15928
3.1930          0.75000        0.15895
3.1950          0.75000        0.15862
3.1970          0.75000        0.15829
3.1990          0.75000        0.15796
3.2010          0.75000        0.15763
3.2030          0.75000        0.15731
3.2050          0.75000        0.15698
3.2070          0.75000        0.15666
3.2090          0.75000        0.15633
3.2110          0.75000        0.15601
3.2130          0.75000        0.15568
3.2150          0.75000        0.15536
3.2170          0.75000        0.15504
3.2190          0.75000        0.15472
3.2210          0.75000        0.15440
3.2230          0.75000        0.15408
3.2250          0.75000        0.15376
3.2270          0.75000        0.15344
3.2290          0.75000        0.15312
3.2310          0.75000        0.15281
3.2330          0.75000        0.15249
3.2350          0.75000        0.15217
3.2370          0.75000        0.15186
3.2390          0.75000        0.15154
3.2410          0.75000        0.15123
3.2430          0.75000        0.15091
3.2450          0.75000        0.15060
3.2470          0.75000        0.15029
3.2490          0.75000        0.14998
3.2510          0.75000        0.14967
3.2530          0.75000        0.14936
3.2550          0.75000        0.14905
3.2570          0.75000        0.14874
3.2590          0.75000        0.14843
3.2610          0.75000        0.14812
3.2630          0.75000        0.14781
3.2650          0.75000        0.14751
3.2670          0.75000        0.14720
3.2690          0.75000        0.14690
3.2710          0.75000        0.14659
3.2730          0.75000        0.14629
3.2750          0.75000        0.14599
3.2770          0.75000        0.14568
3.2790          0.75000        0.14538
3.2810          0.75000        0.14508
3.2830          0.75000        0.14478
3.2850          0.75000        0.14448
3.2870          0.75000        0.14418
3.2890          0.75000        0.14388
3.2910          0.75000        0.14358
3.2930          0.75000        0.14328
3.2950          0.75000        0.14299
3.2970          0.75000        0.14269
3.2990          0.75000        0.14239
3.3010          0.75000        0.14210
3.3030          0.75000        0.14180
3.3050          0.75000        0.14151
3.3070          0.75000        0.14122
3.3090          0.75000        0.14092
3.3110          0.75000        0.14063
3.3130          0.75000        0.14034
3.3150          0.75000        0.14005
3.3170          0.75000        0.13976
3.3190          0.75000        0.13947
3.3210          0.75000        0.13918
3.3230          0.75000        0.13889
3.3250          0.75000        0.13860
3.3270          0.75000        0.13832
3.3290          0.75000        0.13803
3.3310          0.75000        0.13774
3.3330          0.75000        0.13746
3.3350          0.75000        0.13717
3.3370          0.75000        0.13689
3.3390          0.75000        0.13661
3.3410          0.75000        0.13632
3.3430          0.75000        0.13604
3.3450          0.75000        0.13576
3.3470          0.75000        0.13548
3.3490          0.75000        0.13520
3.3510          0.75000        0.13492
3.3530          0.75000        0.13464
3.3550          0.75000        0.13436
3.3570          0.75000        0.13408
3.3590          0.75000        0.13380
3.3610          0.75000        0.13352
3.3630          0.75000        0.13325
3.3650          0.75000        0.13297
3.3670          0.75000        0.13270
3.3690          0.75000        0.13242
3.3710          0.75000        0.13215
3.3730          0.75000        0.13187
3.3750          0.75000        0.13160
3.3770          0.75000        0.13133
3.3790          0.75000        0.13106
3.3810          0.75000        0.13078
3.3830          0.75000        0.13051
3.3850          0.75000        0.13024
3.3870          0.75000        0.12997
3.3890          0.75000        0.12970
3.3910          0.75000        0.12944
3.3930          0.75000        0.12917
3.3950          0.75000        0.12890
3.3970          0.75000        0.12863
3.3990          0.75000        0.12837
3.4010          0.75000        0.12810
3.4030          0.75000        0.12784
3.4050          0.75000        0.12757
3.4070          0.75000        0.12731
3.4090          0.75000        0.12705
3.4110          0.75000        0.12678
3.4130          0.75000        0.12652
3.4150          0.75000        0.12626
3.4170          0.75000        0.12600
3.4190          0.75000        0.12574
3.4210          0.75000        0.12548
3.4230          0.75000        0.12522
3.4250          0.75000        0.12496
3.4270          0.75000        0.12470
3.4290          0.75000        0.12444
3.4310          0.75000        0.12419
3.4330          0.75000        0.12393
3.4350          0.75000        0.12367
3.4370          0.75000        0.12342
3.4390          0.75000        0.12316
3.4410          0.75000        0.12291
3.4430          0.75000        0.12266
3.4450          0.75000        0.12240
3.4470          0.75000        0.12215
3.4490          0.75000        0.12190
3.4510          0.75000        0.12165
3.4530          0.75000        0.12139
3.4550          0.75000        0.12114
3.4570          0.75000        0.12089
3.4590          0.75000        0.12064
3.4610          0.75000        0.12040
3.4630          0.75000        0.12015
3.4650          0.75000        0.11990
3.4670          0.75000        0.11965
3.4690          0.75000        0.11941
3.4710          0.75000        0.11916
3.4730          0.75000        0.11891
3.4750          0.75000        0.11867
3.4770          0.75000        0.11842
3.4790          0.75000        0.11818
3.4810          0.75000        0.11794
3.4830          0.75000        0.11769
3.4850          0.75000        0.11745
3.4870          0.75000        0.11721
3.4890          0.75000        0.11697
3.4910          0.75000        0.11673
3.4930          0.75000        0.11649
3.4950          0.75000        0.11625
3.4970          0.75000        0.11601
3.4990          0.75000        0.11577
3.5010          0.75000        0.11553
3.5030          0.75000        0.11529
3.5050          0.75000        0.11506
3.5070          0.75000        0.11482
3.5090          0.75000        0.11458
3.5110          0.75000        0.11435
3.5130          0.75000        0.11411
3.5150          0.75000        0.11388
3.5170          0.75000        0.11365
3.5190          0.75000        0.11341
3.5210          0.75000        0.11318
3.5230          0.75000        0.11295
3.5250          0.75000        0.11271
3.5270          0.75000        0.11248
3.5290          0.75000        0.11225
3.5310          0.75000        0.11202
3.5330          0.75000        0.11179
3.5350          0.75000        0.11156
3.5370          0.75000        0.11133
3.5390          0.75000        0.11111
3.5410          0.75000        0.11088
3.5430          0.75000        0.11065
3.5450          0.75000        0.11042
3.5470          0.75000        0.11020
3.5490          0.75000        0.10997
3.5510          0.75000        0.10975
3.5530          0.75000        0.10952
3.5550          0.75000        0.10930
3.5570          0.75000        0.10908
3.5590          0.75000        0.10885
3.5610          0.75000        0.10863
3.5630          0.75000        0.10841
3.5650          0.75000        0.10819
3.5670          0.75000        0.10796
3.5690          0.75000        0.10774
3.5710          0.75000        0.10752
3.5730          0.75000        0.10730
3.5750          0.75000        0.10709
3.5770          0.75000        0.10687
3.5790          0.75000        0.10665
3.5810          0.75000        0.10643
3.5830          0.75000        0.10621
3.5850          0.75000        0.10600
3.5870          0.75000        0.10578
3.5890          0.75000        0.10557
3.5910          0.75000        0.10535
3.5930          0.75000        0.10514
3.5950          0.75000        0.10492
3.5970          0.75000        0.10471
3.5990          0.75000        0.10449
3.6010          0.75000        0.10428
3.6030          0.75000        0.10407
3.6050          0.75000        0.10386
3.6070          0.75000        0.10365
3.6090          0.75000        0.10344
3.6110          0.75000        0.10323
3.6130          0.75000        0.10302
3.6150          0.75000        0.10281
3.6170          0.75000        0.10260
3.6190          0.75000        0.10239
3.6210          0.75000        0.10218
3.6230          0.75000        0.10197
3.6250          0.75000        0.10177
3.6270          0.75000        0.10156
3.6290          0.75000        0.10136
3.6310          0.75000        0.10115
3.6330          0.75000        0.10095
3.6350          0.75000        0.10074
3.6370          0.75000        0.10054
3.6390          0.75000        0.10033
3.6410          0.75000        0.10013
3.6430          0.75000        0.099928
3.6450          0.75000        0.099726
3.6470          0.75000        0.099524
3.6490          0.75000        0.099323
3.6510          0.75000        0.099122
3.6530          0.75000        0.098922
3.6550          0.75000        0.098723
3.6570          0.75000        0.098523
3.6590          0.75000        0.098325
3.6610          0.75000        0.098126
3.6630          0.75000        0.097928
3.6650          0.75000        0.097731
3.6670          0.75000        0.097534
3.6690          0.75000        0.097338
3.6710          0.75000        0.097142
3.6730          0.75000        0.096946
3.6750          0.75000        0.096751
3.6770          0.75000        0.096557
3.6790          0.75000        0.096363
3.6810          0.75000        0.096169
3.6830          0.75000        0.095976
3.6850          0.75000        0.095783
3.6870          0.75000        0.095591
3.6890          0.75000        0.095399
3.6910          0.75000        0.095208
3.6930          0.75000        0.095017
3.6950          0.75000        0.094827
3.6970          0.75000        0.094637
3.6990          0.75000        0.094447
3.7010          0.75000        0.094258
3.7030          0.75000        0.094070
3.7050          0.75000        0.093882
3.7070          0.75000        0.093694
3.7090          0.75000        0.093507
3.7110          0.75000        0.093320
3.7130          0.75000        0.093134
3.7150          0.75000        0.092948
3.7170          0.75000        0.092762
3.7190          0.75000        0.092577
3.7210          0.75000        0.092393
3.7230          0.75000        0.092209
3.7250          0.75000        0.092025
3.7270          0.75000        0.091842
3.7290          0.75000        0.091659
3.7310          0.75000        0.091477
3.7330          0.75000        0.091295
3.7350          0.75000        0.091114
3.7370          0.75000        0.090933
3.7390          0.75000        0.090753
3.7410          0.75000        0.090573
3.7430          0.75000        0.090393
3.7450          0.75000        0.090214
3.7470          0.75000        0.090035
3.7490          0.75000        0.089857
3.7510          0.75000        0.089679
3.7530          0.75000        0.089502
3.7550          0.75000        0.089325
3.7570          0.75000        0.089148
3.7590          0.75000        0.088972
3.7610          0.75000        0.088797
3.7630          0.75000        0.088621
3.7650          0.75000        0.088447
3.7670          0.75000        0.088272
3.7690          0.75000        0.088098
3.7710          0.75000        0.087925
3.7730          0.75000        0.087752
3.7750          0.75000        0.087579
3.7770          0.75000        0.087407
3.7790          0.75000        0.087235
3.7810          0.75000        0.087064
3.7830          0.75000        0.086893
3.7850          0.75000        0.086723
3.7870          0.75000        0.086553
3.7890          0.75000        0.086383
3.7910          0.75000        0.086214
3.7930          0.75000        0.086045
3.7950          0.75000        0.085877
3.7970          0.75000        0.085709
3.7990          0.75000        0.085542
3.8010          0.75000        0.085375
3.8030          0.75000        0.085208
3.8050          0.75000        0.085042
3.8070          0.75000        0.084876
3.8090          0.75000        0.084711
3.8110          0.75000        0.084546
3.8130          0.75000        0.084382
3.8150          0.75000        0.084218
3.8170          0.75000        0.084054
3.8190          0.75000        0.083891
3.8210          0.75000        0.083728
3.8230          0.75000        0.083566
3.8250          0.75000        0.083404
3.8270          0.75000        0.083242
3.8290          0.75000        0.083081
3.8310          0.75000        0.082920
3.8330          0.75000        0.082760
3.8350          0.75000        0.082600
3.8370          0.75000        0.082441
3.8390          0.75000        0.082282
3.8410          0.75000        0.082123
3.8430          0.75000        0.081965
3.8450          0.75000        0.081807
3.8470          0.75000        0.081650
3.8490          0.75000        0.081493
3.8510          0.75000        0.081336
3.8530          0.75000        0.081180
3.8550          0.75000        0.081024
3.8570          0.75000        0.080869
3.8590          0.75000        0.080714
3.8610          0.75000        0.080560
3.8630          0.75000        0.080406
3.8650          0.75000        0.080252
3.8670          0.75000        0.080099
3.8690          0.75000        0.079946
3.8710          0.75000        0.079793
3.8730          0.75000        0.079641
3.8750          0.75000        0.079489
3.8770          0.75000        0.079338
3.8790          0.75000        0.079187
3.8810          0.75000        0.079037
3.8830          0.75000        0.078887
3.8850          0.75000        0.078737
3.8870          0.75000        0.078588
3.8890          0.75000        0.078439
3.8910          0.75000        0.078290
3.8930          0.75000        0.078142
3.8950          0.75000        0.077995
3.8970          0.75000        0.077847
3.8990          0.75000        0.077701
3.9010          0.75000        0.077554
3.9030          0.75000        0.077408
3.9050          0.75000        0.077262
3.9070          0.75000        0.077117
3.9090          0.75000        0.076972
3.9110          0.75000        0.076828
3.9130          0.75000        0.076683
3.9150          0.75000        0.076540
3.9170          0.75000        0.076396
3.9190          0.75000        0.076253
3.9210          0.75000        0.076111
3.9230          0.75000        0.075969
3.9250          0.75000        0.075827
3.9270          0.75000        0.075686
3.9290          0.75000        0.075545
3.9310          0.75000        0.075404
3.9330          0.75000        0.075264
3.9350          0.75000        0.075124
3.9370          0.75000        0.074985
3.9390          0.75000        0.074846
3.9410          0.75000        0.074707
3.9430          0.75000        0.074569
3.9450          0.75000        0.074431
3.9470          0.75000        0.074293
3.9490          0.75000        0.074156
3.9510          0.75000        0.074019
3.9530          0.75000        0.073883
3.9550          0.75000        0.073747
3.9570          0.75000        0.073611
3.9590          0.75000        0.073476
3.9610          0.75000        0.073341
3.9630          0.75000        0.073207
3.9650          0.75000        0.073073
3.9670          0.75000        0.072939
3.9690          0.75000        0.072806
3.9710          0.75000        0.072673
3.9730          0.75000        0.072540
3.9750          0.75000        0.072408
3.9770          0.75000        0.072276
3.9790          0.75000        0.072145
3.9810          0.75000        0.072014
3.9830          0.75000        0.071883
3.9850          0.75000        0.071752
3.9870          0.75000        0.071623
3.9890          0.75000        0.071493
3.9910          0.75000        0.071364
3.9930          0.75000        0.071235
3.9950          0.75000        0.071106
3.9970          0.75000        0.070978
3.9990          0.75000        0.070851
4.0010          0.75000        0.070723
4.0030          0.75000        0.070596
4.0050          0.75000        0.070470
4.0070          0.75000        0.070343
4.0090          0.75000        0.070217
4.0110          0.75000        0.070092
4.0130          0.75000        0.069967
4.0150          0.75000        0.069842
4.0170          0.75000        0.069717
4.0190          0.75000        0.069593
4.0210          0.75000        0.069470
4.0230          0.75000        0.069346
4.0250          0.75000        0.069223
4.0270          0.75000        0.069101
4.0290          0.75000        0.068979
4.0310          0.75000        0.068857
4.0330          0.75000        0.068735
4.0350          0.75000        0.068614
4.0370          0.75000        0.068493
4.0390          0.75000        0.068373
4.0410          0.75000        0.068253
4.0430          0.75000        0.068133
4.0450          0.75000        0.068013
4.0470          0.75000        0.067894
4.0490          0.75000        0.067776
4.0510          0.75000        0.067657
4.0530          0.75000        0.067539
4.0550          0.75000        0.067422
4.0570          0.75000        0.067305
4.0590          0.75000        0.067188
4.0610          0.75000        0.067071
4.0630          0.75000        0.066955
4.0650          0.75000        0.066839
4.0670          0.75000        0.066723
4.0690          0.75000        0.066608
4.0710          0.75000        0.066494
4.0730          0.75000        0.066379
4.0750          0.75000        0.066265
4.0770          0.75000        0.066151
4.0790          0.75000        0.066038
4.0810          0.75000        0.065925
4.0830          0.75000        0.065812
4.0850          0.75000        0.065700
4.0870          0.75000        0.065588
4.0890          0.75000        0.065476
4.0910          0.75000        0.065365
4.0930          0.75000        0.065254
4.0950          0.75000        0.065143
4.0970          0.75000        0.065033
4.0990          0.75000        0.064923
4.1010          0.75000        0.064813
4.1030          0.75000        0.064704
4.1050          0.75000        0.064595
4.1070          0.75000        0.064486
4.1090          0.75000        0.064378
4.1110          0.75000        0.064270
4.1130          0.75000        0.064163
4.1150          0.75000        0.064055
4.1170          0.75000        0.063949
4.1190          0.75000        0.063842
4.1210          0.75000        0.063736
4.1230          0.75000        0.063630
4.1250          0.75000        0.063524
4.1270          0.75000        0.063419
4.1290          0.75000        0.063314
4.1310          0.75000        0.063210
4.1330          0.75000        0.063105
4.1350          0.75000        0.063002
4.1370          0.75000        0.062898
4.1390          0.75000        0.062795
4.1410          0.75000        0.062692
4.1430          0.75000        0.062589
4.1450          0.75000        0.062487
4.1470          0.75000        0.062385
4.1490          0.75000        0.062284
4.1510          0.75000        0.062182
4.1530          0.75000        0.062082
4.1550          0.75000        0.061981
4.1570          0.75000        0.061881
4.1590          0.75000        0.061781
4.1610          0.75000        0.061681
4.1630          0.75000        0.061582
4.1650          0.75000        0.061483
4.1670          0.75000        0.061384
4.1690          0.75000        0.061286
4.1710          0.75000        0.061188
4.1730          0.75000        0.061090
4.1750          0.75000        0.060993
4.1770          0.75000        0.060896
4.1790          0.75000        0.060799
4.1810          0.75000        0.060703
4.1830          0.75000        0.060607
4.1850          0.75000        0.060511
4.1870          0.75000        0.060416
4.1890          0.75000        0.060321
4.1910          0.75000        0.060226
4.1930          0.75000        0.060132
4.1950          0.75000        0.060037
4.1970          0.75000        0.059944
4.1990          0.75000        0.059850
4.2010          0.75000        0.059757
4.2030          0.75000        0.059664
4.2050          0.75000        0.059571
4.2070          0.75000        0.059479
4.2090          0.75000        0.059387
4.2110          0.75000        0.059296
4.2130          0.75000        0.059204
4.2150          0.75000        0.059113
4.2170          0.75000        0.059023
4.2190          0.75000        0.058932
4.2210          0.75000        0.058842
4.2230          0.75000        0.058753
4.2250          0.75000        0.058663
4.2270          0.75000        0.058574
4.2290          0.75000        0.058485
4.2310          0.75000        0.058397
4.2330          0.75000        0.058308
4.2350          0.75000        0.058221
4.2370          0.75000        0.058133
4.2390          0.75000        0.058046
4.2410          0.75000        0.057959
4.2430          0.75000        0.057872
4.2450          0.75000        0.057786
4.2470          0.75000        0.057700
4.2490          0.75000        0.057614
4.2510          0.75000        0.057528
4.2530          0.75000        0.057443
4.2550          0.75000        0.057358
4.2570          0.75000        0.057274
4.2590          0.75000        0.057190
4.2610          0.75000        0.057106
4.2630          0.75000        0.057022
4.2650          0.75000        0.056939
4.2670          0.75000        0.056856
4.2690          0.75000        0.056773
4.2710          0.75000        0.056690
4.2730          0.75000        0.056608
4.2750          0.75000        0.056526
4.2770          0.75000        0.056445
4.2790          0.75000        0.056363
4.2810          0.75000        0.056282
4.2830          0.75000        0.056202
4.2850          0.75000        0.056121
4.2870          0.75000        0.056041
4.2890          0.75000        0.055961
4.2910          0.75000        0.055882
4.2930          0.75000        0.055803
4.2950          0.75000        0.055724
4.2970          0.75000        0.055645
4.2990          0.75000        0.055567
4.3010          0.75000        0.055489
4.3030          0.75000        0.055411
4.3050          0.75000        0.055334
4.3070          0.75000        0.055256
4.3090          0.75000        0.055179
4.3110          0.75000        0.055103
4.3130          0.75000        0.055027
4.3150          0.75000        0.054951
4.3170          0.75000        0.054875
4.3190          0.75000        0.054799
4.3210          0.75000        0.054724
4.3230          0.75000        0.054649
4.3250          0.75000        0.054575
4.3270          0.75000        0.054500
4.3290          0.75000        0.054426
4.3310          0.75000        0.054353
4.3330          0.75000        0.054279
4.3350          0.75000        0.054206
4.3370          0.75000        0.054133
4.3390          0.75000        0.054060
4.3410          0.75000        0.053988
4.3430          0.75000        0.053916
4.3450          0.75000        0.053844
4.3470          0.75000        0.053773
4.3490          0.75000        0.053701
4.3510          0.75000        0.053630
4.3530          0.75000        0.053560
4.3550          0.75000        0.053489
4.3570          0.75000        0.053419
4.3590          0.75000        0.053349
4.3610          0.75000        0.053280
4.3630          0.75000        0.053210
4.3650          0.75000        0.053141
4.3670          0.75000        0.053073
4.3690          0.75000        0.053004
4.3710          0.75000        0.052936
4.3730          0.75000        0.052868
4.3750          0.75000        0.052800
4.3770          0.75000        0.052733
4.3790          0.75000        0.052666
4.3810          0.75000        0.052599
4.3830          0.75000        0.052533
4.3850          0.75000        0.052466
4.3870          0.75000        0.052400
4.3890          0.75000        0.052334
4.3910          0.75000        0.052269
4.3930          0.75000        0.052204
4.3950          0.75000        0.052139
4.3970          0.75000        0.052074
4.3990          0.75000        0.052010
4.4010          0.75000        0.051945
4.4030          0.75000        0.051882
4.4050          0.75000        0.051818
4.4070          0.75000        0.051755
4.4090          0.75000        0.051691
4.4110          0.75000        0.051629
4.4130          0.75000        0.051566
4.4150          0.75000        0.051504
4.4170          0.75000        0.051442
4.4190          0.75000        0.051380
4.4210          0.75000        0.051318
4.4230          0.75000        0.051257
4.4250          0.75000        0.051196
4.4270          0.75000        0.051135
4.4290          0.75000        0.051075
4.4310          0.75000        0.051015
4.4330          0.75000        0.050955
4.4350          0.75000        0.050895
4.4370          0.75000        0.050836
4.4390          0.75000        0.050776
4.4410          0.75000        0.050717
4.4430          0.75000        0.050659
4.4450          0.75000        0.050600
4.4470          0.75000        0.050542
4.4490          0.75000        0.050484
4.4510          0.75000        0.050427
4.4530          0.75000        0.050369
4.4550          0.75000        0.050312
4.4570          0.75000        0.050255
4.4590          0.75000        0.050199
4.4610          0.75000        0.050142
4.4630          0.75000        0.050086
4.4650          0.75000        0.050030
4.4670          0.75000        0.049974
4.4690          0.75000        0.049919
4.4710          0.75000        0.049864
4.4730          0.75000        0.049809
4.4750          0.75000        0.049754
4.4770          0.75000        0.049700
4.4790          0.75000        0.049646
4.4810          0.75000        0.049592
4.4830          0.75000        0.049538
4.4850          0.75000        0.049485
4.4870          0.75000        0.049432
4.4890          0.75000        0.049379
4.4910          0.75000        0.049326
4.4930          0.75000        0.049274
4.4950          0.75000        0.049222
4.4970          0.75000        0.049170
4.4990          0.75000        0.049118
4.5010          0.75000        0.049067
4.5030          0.75000        0.049016
4.5050          0.75000        0.048965
4.5070          0.75000        0.048914
4.5090          0.75000        0.048863
4.5110          0.75000        0.048813
4.5130          0.75000        0.048763
4.5150          0.75000        0.048713
4.5170          0.75000        0.048664
4.5190          0.75000        0.048615
4.5210          0.75000        0.048566
4.5230          0.75000        0.048517
4.5250          0.75000        0.048468
4.5270          0.75000        0.048420
4.5290          0.75000        0.048372
4.5310          0.75000        0.048324
4.5330          0.75000        0.048277
4.5350          0.75000        0.048229
4.5370          0.75000        0.048182
4.5390          0.75000        0.048135
4.5410          0.75000        0.048089
4.5430          0.75000        0.048042
4.5450          0.75000        0.047996
4.5470          0.75000        0.047950
4.5490          0.75000        0.047904
4.5510          0.75000        0.047859
4.5530          0.75000        0.047814
4.5550          0.75000        0.047769
4.5570          0.75000        0.047724
4.5590          0.75000        0.047679
4.5610          0.75000        0.047635
4.5630          0.75000        0.047591
4.5650          0.75000        0.047547
4.5670          0.75000        0.047504
4.5690          0.75000        0.047460
4.5710          0.75000        0.047417
4.5730          0.75000        0.047374
4.5750          0.75000        0.047331
4.5770          0.75000        0.047289
4.5790          0.75000        0.047247
4.5810          0.75000        0.047205
4.5830          0.75000        0.047163
4.5850          0.75000        0.047121
4.5870          0.75000        0.047080
4.5890          0.75000        0.047039
4.5910          0.75000        0.046998
4.5930          0.75000        0.046957
4.5950          0.75000        0.046917
4.5970          0.75000        0.046877
4.5990          0.75000        0.046837
4.6010          0.75000        0.046797
4.6030          0.75000        0.046758
4.6050          0.75000        0.046718
4.6070          0.75000        0.046679
4.6090          0.75000        0.046640
4.6110          0.75000        0.046602
4.6130          0.75000        0.046563
4.6150          0.75000        0.046525
4.6170          0.75000        0.046487
4.6190          0.75000        0.046449
4.6210          0.75000        0.046412
4.6230          0.75000        0.046375
4.6250          0.75000        0.046337
4.6270          0.75000        0.046301
4.6290          0.75000        0.046264
4.6310          0.75000        0.046228
4.6330          0.75000        0.046191
4.6350          0.75000        0.046155
4.6370          0.75000        0.046120
4.6390          0.75000        0.046084
4.6410          0.75000        0.046049
4.6430          0.75000        0.046014
4.6450          0.75000        0.045979
4.6470          0.75000        0.045944
4.6490          0.75000        0.045909
4.6510          0.75000        0.045875
4.6530          0.75000        0.045841
4.6550          0.75000        0.045807
4.6570          0.75000        0.045774
4.6590          0.75000        0.045740
4.6610          0.75000        0.045707
4.6630          0.75000        0.045674
4.6650          0.75000        0.045641
4.6670          0.75000        0.045609
4.6690          0.75000        0.045577
4.6710          0.75000        0.045544
4.6730          0.75000        0.045512
4.6750          0.75000        0.045481
4.6770          0.75000        0.045449
4.6790          0.75000        0.045418
4.6810          0.75000        0.045387
4.6830          0.75000        0.045356
4.6850          0.75000        0.045325
4.6870          0.75000        0.045295
4.6890          0.75000        0.045265
4.6910          0.75000        0.045235
4.6930          0.75000        0.045205
4.6950          0.75000        0.045175
4.6970          0.75000        0.045146
4.6990          0.75000        0.045117
4.7010          0.75000        0.045088
4.7030          0.75000        0.045059
4.7050          0.75000        0.045031
4.7070          0.75000        0.045002
4.7090          0.75000        0.044974
4.7110          0.75000        0.044946
4.7130          0.75000        0.044918
4.7150          0.75000        0.044891
4.7170          0.75000        0.044864
4.7190          0.75000        0.044836
4.7210          0.75000        0.044810
4.7230          0.75000        0.044783
4.7250          0.75000        0.044756
4.7270          0.75000        0.044730
4.7290          0.75000        0.044704
4.7310          0.75000        0.044678
4.7330          0.75000        0.044652
4.7350          0.75000        0.044627
4.7370          0.75000        0.044602
4.7390          0.75000        0.044577
4.7410          0.75000        0.044552
4.7430          0.75000        0.044527
4.7450          0.75000        0.044503
4.7470          0.75000        0.044478
4.7490          0.75000        0.044454
4.7510          0.75000        0.044430
4.7530          0.75000        0.044407
4.7550          0.75000        0.044383
4.7570          0.75000        0.044360
4.7590          0.75000        0.044337
4.7610          0.75000        0.044314
4.7630          0.75000        0.044291
4.7650          0.75000        0.044269
4.7670          0.75000        0.044247
4.7690          0.75000        0.044225
4.7710          0.75000        0.044203
4.7730          0.75000        0.044181
4.7750          0.75000        0.044160
4.7770          0.75000        0.044138
4.7790          0.75000        0.044117
4.7810          0.75000        0.044097
4.7830          0.75000        0.044076
4.7850          0.75000        0.044055
4.7870          0.75000        0.044035
4.7890          0.75000        0.044015
4.7910          0.75000        0.043995
4.7930          0.75000        0.043975
4.7950          0.75000        0.043956
4.7970          0.75000        0.043937
4.7990          0.75000        0.043918
4.8010          0.75000        0.043899
4.8030          0.75000        0.043880
4.8050          0.75000        0.043862
4.8070          0.75000        0.043843
4.8090          0.75000        0.043825
4.8110          0.75000        0.043807
4.8130          0.75000        0.043789
4.8150          0.75000        0.043772
4.8170          0.75000        0.043755
4.8190          0.75000        0.043737
4.8210          0.75000        0.043720
4.8230          0.75000        0.043704
4.8250          0.75000        0.043687
4.8270          0.75000        0.043671
4.8290          0.75000        0.043655
4.8310          0.75000        0.043639
4.8330          0.75000        0.043623
4.8350          0.75000        0.043607
4.8370          0.75000        0.043592
4.8390          0.75000        0.043577
4.8410          0.75000        0.043562
4.8430          0.75000        0.043547
4.8450          0.75000        0.043532
4.8470          0.75000        0.043518
4.8490          0.75000        0.043503
4.8510          0.75000        0.043489
4.8530          0.75000        0.043475
4.8550          0.75000        0.043462
4.8570          0.75000        0.043448
4.8590          0.75000        0.043435
4.8610          0.75000        0.043422
4.8630          0.75000        0.043409
4.8650          0.75000        0.043396
4.8670          0.75000        0.043384
4.8690          0.75000        0.043371
4.8710          0.75000        0.043359
4.8730          0.75000        0.043347
4.8750          0.75000        0.043335
4.8770          0.75000        0.043324
4.8790          0.75000        0.043312
4.8810          0.75000        0.043301
4.8830          0.75000        0.043290
4.8850          0.75000        0.043279
4.8870          0.75000        0.043269
4.8890          0.75000        0.043258
4.8910          0.75000        0.043248
4.8930          0.75000        0.043238
4.8950          0.75000        0.043228
4.8970          0.75000        0.043218
4.8990          0.75000        0.043209
4.9010          0.75000        0.043200
4.9030          0.75000        0.043190
4.9050          0.75000        0.043181
4.9070          0.75000        0.043173
4.9090          0.75000        0.043164
4.9110          0.75000        0.043156
4.9130          0.75000        0.043148
4.9150          0.75000        0.043139
4.9170          0.75000        0.043132
4.9190          0.75000        0.043124
4.9210          0.75000        0.043117
4.9230          0.75000        0.043109
4.9250          0.75000        0.043102
4.9270          0.75000        0.043095
4.9290          0.75000        0.043089
4.9310          0.75000        0.043082
4.9330          0.75000        0.043076
4.9350          0.75000        0.043070
4.9370          0.75000        0.043064
4.9390          0.75000        0.043058
4.9410          0.75000        0.043052
4.9430          0.75000        0.043047
4.9450          0.75000        0.043042
4.9470          0.75000        0.043037
4.9490          0.75000        0.043032
4.9510          0.75000        0.043027
4.9530          0.75000        0.043023
4.9550          0.75000        0.043019
4.9570          0.75000        0.043015
4.9590          0.75000        0.043011
4.9610          0.75000        0.043007
4.9630          0.75000        0.043003
4.9650          0.75000        0.043000
4.9670          0.75000        0.042997
4.9690          0.75000        0.042994
4.9710          0.75000        0.042991
4.9730          0.75000        0.042989
4.9750          0.75000        0.042986
4.9770          0.75000        0.042984
4.9790          0.75000        0.042982
4.9810          0.75000        0.042980
4.9830          0.75000        0.042978
4.9850          0.75000        0.042977
4.9870          0.75000        0.042976
4.9890          0.75000        0.042974
4.9910          0.75000        0.042973
4.9930          0.75000        0.042973
4.9950          0.75000        0.042972
4.9970          0.75000        0.042972
4.9990          0.75000        0.042972
