-4.9990         0.25000        0.035446
-4.9970         0.25000        0.035446
-4.9950         0.25000        0.035446
-4.9930         0.25000        0.035447
-4.9910         0.25000        0.035448
-4.9890         0.25000        0.035449
-4.9870         0.25000        0.035450
-4.9850         0.25000        0.035452
-4.9830         0.25000        0.035454
-4.9810         0.25000        0.035456
-4.9790         0.25000        0.035458
-4.9770         0.25000        0.035460
-4.9750         0.25000        0.035463
-4.9730         0.25000        0.035466
-4.9710         0.25000        0.035469
-4.9690         0.25000        0.035472
-4.9670         0.25000        0.035476
-4.9650         0.25000        0.035479
-4.9630         0.25000        0.035483
-4.9610         0.25000        0.035488
-4.9590         0.25000        0.035492
-4.9570         0.25000        0.035497
-4.9550         0.25000        0.035501
-4.9530         0.25000        0.035506
-4.9510         0.25000        0.035512
-4.9490         0.25000        0.035517
-4.9470         0.25000        0.035523
-4.9450         0.25000        0.035529
-4.9430         0.25000        0.035535
-4.9410         0.25000        0.035542
-4.9390         0.25000        0.035548
-4.9370         0.25000        0.035555
-4.9350         0.25000        0.035562
-4.9330         0.25000        0.035569
-4.9310         0.25000        0.035577
-4.9290         0.25000        0.035585
-4.9270         0.25000        0.035593
-4.9250         0.25000        0.035601
-4.9230         0.25000        0.035609
-4.9210         0.25000        0.035618
-4.9190         0.25000        0.035627
-4.9170         0.25000        0.035636
-4.9150         0.25000        0.035645
-4.9130         0.25000        0.035655
-4.9110         0.25000        0.035664
-4.9090         0.25000        0.035674
-4.9070         0.25000        0.035684
-4.9050         0.25000        0.035695
-4.9030         0.25000        0.035706
-4.9010         0.25000        0.035716
-4.8990         0.25000        0.035728
-4.8970         0.25000        0.035739
-4.8950         0.25000        0.035750
-4.8930         0.25000        0.035762
-4.8910         0.25000        0.035774
-4.8890         0.25000        0.035786
-4.8870         0.25000        0.035799
-4.8850         0.25000        0.035812
-4.8830         0.25000        0.035825
-4.8810         0.25000        0.035838
-4.8790         0.25000        0.035851
-4.8770         0.25000        0.035865
-4.8750         0.25000        0.035879
-4.8730         0.25000        0.035893
-4.8710         0.25000        0.035907
-4.8690         0.25000        0.035922
-4.8670         0.25000        0.035936
-4.8650         0.25000        0.035951
-4.8630         0.25000        0.035967
-4.8610         0.25000        0.035982
-4.8590         0.25000        0.035998
-4.8570         0.25000        0.036014
-4.8550         0.25000        0.036030
-4.8530         0.25000        0.036046
-4.8510         0.25000        0.036063
-4.8490         0.25000        0.036080
-4.8470         0.25000        0.036097
-4.8450         0.25000        0.036114
-4.8430         0.25000        0.036132
-4.8410         0.25000        0.036150
-4.8390         0.25000        0.036168
-4.8370         0.25000        0.036186
-4.8350         0.25000        0.036205
-4.8330         0.25000        0.036224
-4.8310         0.25000        0.036243
-4.8290         0.25000        0.036262
-4.8270         0.25000        0.036281
-4.8250         0.25000        0.036301
-4.8230         0.25000        0.036321
-4.8210         0.25000        0.036341
-4.8190         0.25000        0.036362
-4.8170         0.25000        0.036383
-4.8150         0.25000        0.036403
-4.8130         0.25000        0.036425
-4.8110         0.25000        0.036446
-4.8090         0.25000        0.036468
-4.8070         0.25000        0.036490
-4.8050         0.25000        0.036512
-4.8030         0.25000        0.036534
-4.8010         0.25000        0.036557
-4.7990         0.25000        0.036580
-4.7970         0.25000        0.036603
-4.7950         0.25000        0.036627
-4.7930         0.25000        0.036650
-4.7910         0.25000        0.036674
-4.7890         0.25000        0.036698
-4.7870         0.25000        0.036723
-4.7850         0.25000        0.036747
-4.7830         0.25000        0.036772
-4.7810         0.25000        0.036798
-4.7790         0.25000        0.036823
-4.7770         0.25000        0.036849
-4.7750         0.25000        0.036875
-4.7730         0.25000        0.036901
-4.7710         0.25000        0.036927
-4.7690         0.25000        0.036954
-4.7670         0.25000        0.036981
-4.7650         0.25000        0.037008
-4.7630         0.25000        0.037036
-4.7610         0.25000        0.037063
-4.7590         0.25000        0.037091
-4.7570         0.25000        0.037120
-4.7550         0.25000        0.037148
-4.7530         0.25000        0.037177
-4.7510         0.25000        0.037206
-4.7490         0.25000        0.037235
-4.7470         0.25000        0.037265
-4.7450         0.25000        0.037295
-4.7430         0.25000        0.037325
-4.7410         0.25000        0.037355
-4.7390         0.25000        0.037386
-4.7370         0.25000        0.037416
-4.7350         0.25000        0.037448
-4.7330         0.25000        0.037479
-4.7310         0.25000        0.037511
-4.7290         0.25000        0.037543
-4.7270         0.25000        0.037575
-4.7250         0.25000        0.037607
-4.7230         0.25000        0.037640
-4.7210         0.25000        0.037673
-4.7190         0.25000        0.037707
-4.7170         0.25000        0.037740
-4.7150         0.25000        0.037774
-4.7130         0.25000        0.037808
-4.7110         0.25000        0.037842
-4.7090         0.25000        0.037877
-4.7070         0.25000        0.037912
-4.7050         0.25000        0.037947
-4.7030         0.25000        0.037983
-4.7010         0.25000        0.038019
-4.6990         0.25000        0.038055
-4.6970         0.25000        0.038091
-4.6950         0.25000        0.038128
-4.6930         0.25000        0.038165
-4.6910         0.25000        0.038202
-4.6890         0.25000        0.038239
-4.6870         0.25000        0.038277
-4.6850         0.25000        0.038315
-4.6830         0.25000        0.038353
-4.6810         0.25000        0.038392
-4.6790         0.25000        0.038431
-4.6770         0.25000        0.038470
-4.6750         0.25000        0.038510
-4.6730         0.25000        0.038549
-4.6710         0.25000        0.038589
-4.6690         0.25000        0.038630
-4.6670         0.25000        0.038670
-4.6650         0.25000        0.038711
-4.6630         0.25000        0.038752
-4.6610         0.25000        0.038794
-4.6590         0.25000        0.038836
-4.6570         0.25000        0.038878
-4.6550         0.25000        0.038920
-4.6530         0.25000        0.038963
-4.6510         0.25000        0.039006
-4.6490         0.25000        0.039049
-4.6470         0.25000        0.039093
-4.6450         0.25000        0.039137
-4.6430         0.25000        0.039181
-4.6410         0.25000        0.039225
-4.6390         0.25000        0.039270
-4.6370         0.25000        0.039315
-4.6350         0.25000        0.039360
-4.6330         0.25000        0.039406
-4.6310         0.25000        0.039452
-4.6290         0.25000        0.039498
-4.6270         0.25000        0.039545
-4.6250         0.25000        0.039592
-4.6230         0.25000        0.039639
-4.6210         0.25000        0.039687
-4.6190         0.25000        0.039734
-4.6170         0.25000        0.039783
-4.6150         0.25000        0.039831
-4.6130         0.25000        0.039880
-4.6110         0.25000        0.039929
-4.6090         0.25000        0.039978
-4.6070         0.25000        0.040028
-4.6050         0.25000        0.040078
-4.6030         0.25000        0.040128
-4.6010         0.25000        0.040179
-4.5990         0.25000        0.040230
-4.5970         0.25000        0.040281
-4.5950         0.25000        0.040333
-4.5930         0.25000        0.040385
-4.5910         0.25000        0.040437
-4.5890         0.25000        0.040490
-4.5870         0.25000        0.040542
-4.5850         0.25000        0.040596
-4.5830         0.25000        0.040649
-4.5810         0.25000        0.040703
-4.5790         0.25000        0.040757
-4.5770         0.25000        0.040812
-4.5750         0.25000        0.040867
-4.5730         0.25000        0.040922
-4.5710         0.25000        0.040977
-4.5690         0.25000        0.041033
-4.5670         0.25000        0.041089
-4.5650         0.25000        0.041146
-4.5630         0.25000        0.041202
-4.5610         0.25000        0.041260
-4.5590         0.25000        0.041317
-4.5570         0.25000        0.041375
-4.5550         0.25000        0.041433
-4.5530         0.25000        0.041491
-4.5510         0.25000        0.041550
-4.5490         0.25000        0.041609
-4.5470         0.25000        0.041669
-4.5450         0.25000        0.041729
-4.5430         0.25000        0.041789
-4.5410         0.25000        0.041849
-4.5390         0.25000        0.041910
-4.5370         0.25000        0.041971
-4.5350         0.25000        0.042033
-4.5330         0.25000        0.042095
-4.5310         0.25000        0.042157
-4.5290         0.25000        0.042219
-4.5270         0.25000        0.042282
-4.5250         0.25000        0.042346
-4.5230         0.25000        0.042409
-4.5210         0.25000        0.042473
-4.5190         0.25000        0.042537
-4.5170         0.25000        0.042602
-4.5150         0.25000        0.042667
-4.5130         0.25000        0.042732
-4.5110         0.25000        0.042798
-4.5090         0.25000        0.042864
-4.5070         0.25000        0.042930
-4.5050         0.25000        0.042997
-4.5030         0.25000        0.043064
-4.5010         0.25000        0.043131
-4.4990         0.25000        0.043199
-4.4970         0.25000        0.043267
-4.4950         0.25000        0.043336
-4.4930         0.25000        0.043405
-4.4910         0.25000        0.043474
-4.4890         0.25000        0.043544
-4.4870         0.25000        0.043613
-4.4850         0.25000        0.043684
-4.4830         0.25000        0.043754
-4.4810         0.25000        0.043825
-4.4790         0.25000        0.043897
-4.4770         0.25000        0.043968
-4.4750         0.25000        0.044041
-4.4730         0.25000        0.044113
-4.4710         0.25000        0.044186
-4.4690         0.25000        0.044259
-4.4670         0.25000        0.044333
-4.4650         0.25000        0.044406
-4.4630         0.25000        0.044481
-4.4610         0.25000        0.044555
-4.4590         0.25000        0.044630
-4.4570         0.25000        0.044706
-4.4550         0.25000        0.044781
-4.4530         0.25000        0.044858
-4.4510         0.25000        0.044934
-4.4490         0.25000        0.045011
-4.4470         0.25000        0.045088
-4.4450         0.25000        0.045166
-4.4430         0.25000        0.045244
-4.4410         0.25000        0.045322
-4.4390         0.25000        0.045401
-4.4370         0.25000        0.045480
-4.4350         0.25000        0.045559
-4.4330         0.25000        0.045639
-4.4310         0.25000        0.045719
-4.4290         0.25000        0.045800
-4.4270         0.25000        0.045881
-4.4250         0.25000        0.045962
-4.4230         0.25000        0.046044
-4.4210         0.25000        0.046126
-4.4190         0.25000        0.046208
-4.4170         0.25000        0.046291
-4.4150         0.25000        0.046374
-4.4130         0.25000        0.046458
-4.4110         0.25000        0.046542
-4.4090         0.25000        0.046626
-4.4070         0.25000        0.046711
-4.4050         0.25000        0.046796
-4.4030         0.25000        0.046882
-4.4010         0.25000        0.046967
-4.3990         0.25000        0.047054
-4.3970         0.25000        0.047140
-4.3950         0.25000        0.047227
-4.3930         0.25000        0.047315
-4.3910         0.25000        0.047403
-4.3890         0.25000        0.047491
-4.3870         0.25000        0.047579
-4.3850         0.25000        0.047668
-4.3830         0.25000        0.047758
-4.3810         0.25000        0.047847
-4.3790         0.25000        0.047937
-4.3770         0.25000        0.048028
-4.3750         0.25000        0.048119
-4.3730         0.25000        0.048210
-4.3710         0.25000        0.048302
-4.3690         0.25000        0.048394
-4.3670         0.25000        0.048486
-4.3650         0.25000        0.048579
-4.3630         0.25000        0.048672
-4.3610         0.25000        0.048765
-4.3590         0.25000        0.048859
-4.3570         0.25000        0.048954
-4.3550         0.25000        0.049048
-4.3530         0.25000        0.049144
-4.3510         0.25000        0.049239
-4.3490         0.25000        0.049335
-4.3470         0.25000        0.049431
-4.3450         0.25000        0.049528
-4.3430         0.25000        0.049625
-4.3410         0.25000        0.049722
-4.3390         0.25000        0.049820
-4.3370         0.25000        0.049918
-4.3350         0.25000        0.050017
-4.3330         0.25000        0.050116
-4.3310         0.25000        0.050215
-4.3290         0.25000        0.050315
-4.3270         0.25000        0.050415
-4.3250         0.25000        0.050516
-4.3230         0.25000        0.050617
-4.3210         0.25000        0.050718
-4.3190         0.25000        0.050820
-4.3170         0.25000        0.050922
-4.3150         0.25000        0.051025
-4.3130         0.25000        0.051127
-4.3110         0.25000        0.051231
-4.3090         0.25000        0.051334
-4.3070         0.25000        0.051438
-4.3050         0.25000        0.051543
-4.3030         0.25000        0.051648
-4.3010         0.25000        0.051753
-4.2990         0.25000        0.051859
-4.2970         0.25000        0.051965
-4.2950         0.25000        0.052071
-4.2930         0.25000        0.052178
-4.2910         0.25000        0.052285
-4.2890         0.25000        0.052393
-4.2870         0.25000        0.052500
-4.2850         0.25000        0.052609
-4.2830         0.25000        0.052718
-4.2810         0.25000        0.052827
-4.2790         0.25000        0.052936
-4.2770         0.25000        0.053046
-4.2750         0.25000        0.053156
-4.2730         0.25000        0.053267
-4.2710         0.25000        0.053378
-4.2690         0.25000        0.053489
-4.2670         0.25000        0.053601
-4.2650         0.25000        0.053713
-4.2630         0.25000        0.053826
-4.2610         0.25000        0.053939
-4.2590         0.25000        0.054052
-4.2570         0.25000        0.054166
-4.2550         0.25000        0.054280
-4.2530         0.25000        0.054395
-4.2510         0.25000        0.054510
-4.2490         0.25000        0.054625
-4.2470         0.25000        0.054741
-4.2450         0.25000        0.054857
-4.2430         0.25000        0.054973
-4.2410         0.25000        0.055090
-4.2390         0.25000        0.055207
-4.2370         0.25000        0.055325
-4.2350         0.25000        0.055443
-4.2330         0.25000        0.055561
-4.2310         0.25000        0.055680
-4.2290         0.25000        0.055799
-4.2270         0.25000        0.055918
-4.2250         0.25000        0.056038
-4.2230         0.25000        0.056158
-4.2210         0.25000        0.056279
-4.2190         0.25000        0.056400
-4.2170         0.25000        0.056521
-4.2150         0.25000        0.056643
-4.2130         0.25000        0.056765
-4.2110         0.25000        0.056888
-4.2090         0.25000        0.057011
-4.2070         0.25000        0.057134
-4.2050         0.25000        0.057258
-4.2030         0.25000        0.057382
-4.2010         0.25000        0.057506
-4.1990         0.25000        0.057631
-4.1970         0.25000        0.057756
-4.1950         0.25000        0.057881
-4.1930         0.25000        0.058007
-4.1910         0.25000        0.058133
-4.1890         0.25000        0.058260
-4.1870         0.25000        0.058387
-4.1850         0.25000        0.058514
-4.1830         0.25000        0.058642
-4.1810         0.25000        0.058770
-4.1790         0.25000        0.058899
-4.1770         0.25000        0.059027
-4.1750         0.25000        0.059157
-4.1730         0.25000        0.059286
-4.1710         0.25000        0.059416
-4.1690         0.25000        0.059546
-4.1670         0.25000        0.059677
-4.1650         0.25000        0.059808
-4.1630         0.25000        0.059939
-4.1610         0.25000        0.060071
-4.1590         0.25000        0.060203
-4.1570         0.25000        0.060336
-4.1550         0.25000        0.060468
-4.1530         0.25000        0.060602
-4.1510         0.25000        0.060735
-4.1490         0.25000        0.060869
-4.1470         0.25000        0.061003
-4.1450         0.25000        0.061138
-4.1430         0.25000        0.061273
-4.1410         0.25000        0.061408
-4.1390         0.25000        0.061544
-4.1370         0.25000        0.061680
-4.1350         0.25000        0.061816
-4.1330         0.25000        0.061953
-4.1310         0.25000        0.062090
-4.1290         0.25000        0.062227
-4.1270         0.25000        0.062365
-4.1250         0.25000        0.062503
-4.1230         0.25000        0.062642
-4.1210         0.25000        0.062781
-4.1190         0.25000        0.062920
-4.1170         0.25000        0.063059
-4.1150         0.25000        0.063199
-4.1130         0.25000        0.063339
-4.1110         0.25000        0.063480
-4.1090         0.25000        0.063621
-4.1070         0.25000        0.063762
-4.1050         0.25000        0.063904
-4.1030         0.25000        0.064046
-4.1010         0.25000        0.064188
-4.0990         0.25000        0.064331
-4.0970         0.25000        0.064473
-4.0950         0.25000        0.064617
-4.0930         0.25000        0.064760
-4.0910         0.25000        0.064904
-4.0890         0.25000        0.065049
-4.0870         0.25000        0.065193
-4.0850         0.25000        0.065338
-4.0830         0.25000        0.065484
-4.0810         0.25000        0.065629
-4.0790         0.25000        0.065775
-4.0770         0.25000        0.065921
-4.0750         0.25000        0.066068
-4.0730         0.25000        0.066215
-4.0710         0.25000        0.066362
-4.0690         0.25000        0.066510
-4.0670         0.25000        0.066658
-4.0650         0.25000        0.066806
-4.0630         0.25000        0.066955
-4.0610         0.25000        0.067104
-4.0590         0.25000        0.067253
-4.0570         0.25000        0.067403
-4.0550         0.25000        0.067553
-4.0530         0.25000        0.067703
-4.0510         0.25000        0.067853
-4.0490         0.25000        0.068004
-4.0470         0.25000        0.068155
-4.0450         0.25000        0.068307
-4.0430         0.25000        0.068459
-4.0410         0.25000        0.068611
-4.0390         0.25000        0.068763
-4.0370         0.25000        0.068916
-4.0350         0.25000        0.069069
-4.0330         0.25000        0.069223
-4.0310         0.25000        0.069376
-4.0290         0.25000        0.069531
-4.0270         0.25000        0.069685
-4.0250         0.25000        0.069840
-4.0230         0.25000        0.069995
-4.0210         0.25000        0.070150
-4.0190         0.25000        0.070306
-4.0170         0.25000        0.070461
-4.0150         0.25000        0.070618
-4.0130         0.25000        0.070774
-4.0110         0.25000        0.070931
-4.0090         0.25000        0.071088
-4.0070         0.25000        0.071246
-4.0050         0.25000        0.071404
-4.0030         0.25000        0.071562
-4.0010         0.25000        0.071720
-3.9990         0.25000        0.071879
-3.9970         0.25000        0.072038
-3.9950         0.25000        0.072197
-3.9930         0.25000        0.072357
-3.9910         0.25000        0.072517
-3.9890         0.25000        0.072677
-3.9870         0.25000        0.072837
-3.9850         0.25000        0.072998
-3.9830         0.25000        0.073159
-3.9810         0.25000        0.073321
-3.9790         0.25000        0.073482
-3.9770         0.25000        0.073644
-3.9750         0.25000        0.073807
-3.9730         0.25000        0.073969
-3.9710         0.25000        0.074132
-3.9690         0.25000        0.074295
-3.9670         0.25000        0.074459
-3.9650         0.25000        0.074623
-3.9630         0.25000        0.074787
-3.9610         0.25000        0.074951
-3.9590         0.25000        0.075116
-3.9570         0.25000        0.075281
-3.9550         0.25000        0.075446
-3.9530         0.25000        0.075612
-3.9510         0.25000        0.075777
-3.9490         0.25000        0.075944
-3.9470         0.25000        0.076110
-3.9450         0.25000        0.076277
-3.9430         0.25000        0.076444
-3.9410         0.25000        0.076611
-3.9390         0.25000        0.076779
-3.9370         0.25000        0.076947
-3.9350         0.25000        0.077115
-3.9330         0.25000        0.077283
-3.9310         0.25000        0.077452
-3.9290         0.25000        0.077621
-3.9270         0.25000        0.077790
-3.9250         0.25000        0.077960
-3.9230         0.25000        0.078130
-3.9210         0.25000        0.078300
-3.9190         0.25000        0.078470
-3.9170         0.25000        0.078641
-3.9150         0.25000        0.078812
-3.9130         0.25000        0.078983
-3.9110         0.25000        0.079155
-3.9090         0.25000        0.079327
-3.9070         0.25000        0.079499
-3.9050         0.25000        0.079672
-3.9030         0.25000        0.079844
-3.9010         0.25000        0.080017
-3.8990         0.25000        0.080191
-3.8970         0.25000        0.080364
-3.8950         0.25000        0.080538
-3.8930         0.25000        0.080712
-3.8910         0.25000        0.080887
-3.8890         0.25000        0.081061
-3.8870         0.25000        0.081236
-3.8850         0.25000        0.081412
-3.8830         0.25000        0.081587
-3.8810         0.25000        0.081763
-3.8790         0.25000        0.081939
-3.8770         0.25000        0.082116
-3.8750         0.25000        0.082292
-3.8730         0.25000        0.082469
-3.8710         0.25000        0.082646
-3.8690         0.25000        0.082824
-3.8670         0.25000        0.083002
-3.8650         0.25000        0.083180
-3.8630         0.25000        0.083358
-3.8610         0.25000        0.083537
-3.8590         0.25000        0.083716
-3.8570         0.25000        0.083895
-3.8550         0.25000        0.084074
-3.8530         0.25000        0.084254
-3.8510         0.25000        0.084434
-3.8490         0.25000        0.084615
-3.8470         0.25000        0.084795
-3.8450         0.25000        0.084976
-3.8430         0.25000        0.085157
-3.8410         0.25000        0.085339
-3.8390         0.25000        0.085520
-3.8370         0.25000        0.085702
-3.8350         0.25000        0.085885
-3.8330         0.25000        0.086067
-3.8310         0.25000        0.086250
-3.8290         0.25000        0.086433
-3.8270         0.25000        0.086617
-3.8250         0.25000        0.086800
-3.8230         0.25000        0.086984
-3.8210         0.25000        0.087169
-3.8190         0.25000        0.087353
-3.8170         0.25000        0.087538
-3.8150         0.25000        0.087723
-3.8130         0.25000        0.087908
-3.8110         0.25000        0.088094
-3.8090         0.25000        0.088280
-3.8070         0.25000        0.088466
-3.8050         0.25000        0.088653
-3.8030         0.25000        0.088840
-3.8010         0.25000        0.089027
-3.7990         0.25000        0.089214
-3.7970         0.25000        0.089402
-3.7950         0.25000        0.089590
-3.7930         0.25000        0.089778
-3.7910         0.25000        0.089966
-3.7890         0.25000        0.090155
-3.7870         0.25000        0.090344
-3.7850         0.25000        0.090534
-3.7830         0.25000        0.090723
-3.7810         0.25000        0.090913
-3.7790         0.25000        0.091104
-3.7770         0.25000        0.091294
-3.7750         0.25000        0.091485
-3.7730         0.25000        0.091676
-3.7710         0.25000        0.091867
-3.7690         0.25000        0.092059
-3.7670         0.25000        0.092251
-3.7650         0.25000        0.092443
-3.7630         0.25000        0.092636
-3.7610         0.25000        0.092829
-3.7590         0.25000        0.093022
-3.7570         0.25000        0.093215
-3.7550         0.25000        0.093409
-3.7530         0.25000        0.093603
-3.7510         0.25000        0.093797
-3.7490         0.25000        0.093992
-3.7470         0.25000        0.094187
-3.7450         0.25000        0.094382
-3.7430         0.25000        0.094578
-3.7410         0.25000        0.094774
-3.7390         0.25000        0.094970
-3.7370         0.25000        0.095166
-3.7350         0.25000        0.095363
-3.7330         0.25000        0.095560
-3.7310         0.25000        0.095757
-3.7290         0.25000        0.095955
-3.7270         0.25000        0.096153
-3.7250         0.25000        0.096351
-3.7230         0.25000        0.096549
-3.7210         0.25000        0.096748
-3.7190         0.25000        0.096947
-3.7170         0.25000        0.097147
-3.7150         0.25000        0.097347
-3.7130         0.25000        0.097547
-3.7110         0.25000        0.097747
-3.7090         0.25000        0.097948
-3.7070         0.25000        0.098149
-3.7050         0.25000        0.098350
-3.7030         0.25000        0.098552
-3.7010         0.25000        0.098753
-3.6990         0.25000        0.098956
-3.6970         0.25000        0.099158
-3.6950         0.25000        0.099361
-3.6930         0.25000        0.099564
-3.6910         0.25000        0.099768
-3.6890         0.25000        0.099972
-3.6870         0.25000        0.10018
-3.6850         0.25000        0.10038
-3.6830         0.25000        0.10059
-3.6810         0.25000        0.10079
-3.6790         0.25000        0.10100
-3.6770         0.25000        0.10120
-3.6750         0.25000        0.10141
-3.6730         0.25000        0.10161
-3.6710         0.25000        0.10182
-3.6690         0.25000        0.10203
-3.6670         0.25000        0.10223
-3.6650         0.25000        0.10244
-3.6630         0.25000        0.10265
-3.6610         0.25000        0.10286
-3.6590         0.25000        0.10307
-3.6570         0.25000        0.10328
-3.6550         0.25000        0.10349
-3.6530         0.25000        0.10370
-3.6510         0.25000        0.10391
-3.6490         0.25000        0.10412
-3.6470         0.25000        0.10433
-3.6450         0.25000        0.10454
-3.6430         0.25000        0.10475
-3.6410         0.25000        0.10496
-3.6390         0.25000        0.10517
-3.6370         0.25000        0.10539
-3.6350         0.25000        0.10560
-3.6330         0.25000        0.10581
-3.6310         0.25000        0.10602
-3.6290         0.25000        0.10624
-3.6270         0.25000        0.10645
-3.6250         0.25000        0.10667
-3.6230         0.25000        0.10688
-3.6210         0.25000        0.10710
-3.6190         0.25000        0.10731
-3.6170         0.25000        0.10753
-3.6150         0.25000        0.10775
-3.6130         0.25000        0.10796
-3.6110         0.25000        0.10818
-3.6090         0.25000        0.10840
-3.6070         0.25000        0.10861
-3.6050         0.25000        0.10883
-3.6030         0.25000        0.10905
-3.6010         0.25000        0.10927
-3.5990         0.25000        0.10949
-3.5970         0.25000        0.10971
-3.5950         0.25000        0.10993
-3.5930         0.25000        0.11015
-3.5910         0.25000        0.11037
-3.5890         0.25000        0.11059
-3.5870         0.25000        0.11081
-3.5850         0.25000        0.11103
-3.5830         0.25000        0.11126
-3.5810         0.25000        0.11148
-3.5790         0.25000        0.11170
-3.5770         0.25000        0.11192
-3.5750         0.25000        0.11215
-3.5730         0.25000        0.11237
-3.5710         0.25000        0.11260
-3.5690         0.25000        0.11282
-3.5670         0.25000        0.11305
-3.5650         0.25000        0.11327
-3.5630         0.25000        0.11350
-3.5610         0.25000        0.11372
-3.5590         0.25000        0.11395
-3.5570         0.25000        0.11418
-3.5550         0.25000        0.11441
-3.5530         0.25000        0.11463
-3.5510         0.25000        0.11486
-3.5490         0.25000        0.11509
-3.5470         0.25000        0.11532
-3.5450         0.25000        0.11555
-3.5430         0.25000        0.11578
-3.5410         0.25000        0.11601
-3.5390         0.25000        0.11624
-3.5370         0.25000        0.11647
-3.5350         0.25000        0.11670
-3.5330         0.25000        0.11693
-3.5310         0.25000        0.11717
-3.5290         0.25000        0.11740
-3.5270         0.25000        0.11763
-3.5250         0.25000        0.11787
-3.5230         0.25000        0.11810
-3.5210         0.25000        0.11833
-3.5190         0.25000        0.11857
-3.5170         0.25000        0.11880
-3.5150         0.25000        0.11904
-3.5130         0.25000        0.11928
-3.5110         0.25000        0.11951
-3.5090         0.25000        0.11975
-3.5070         0.25000        0.11999
-3.5050         0.25000        0.12023
-3.5030         0.25000        0.12046
-3.5010         0.25000        0.12070
-3.4990         0.25000        0.12094
-3.4970         0.25000        0.12118
-3.4950         0.25000        0.12142
-3.4930         0.25000        0.12166
-3.4910         0.25000        0.12190
-3.4890         0.25000        0.12214
-3.4870         0.25000        0.12238
-3.4850         0.25000        0.12263
-3.4830         0.25000        0.12287
-3.4810         0.25000        0.12311
-3.4790         0.25000        0.12336
-3.4770         0.25000        0.12360
-3.4750         0.25000        0.12384
-3.4730         0.25000        0.12409
-3.4710         0.25000        0.12433
-3.4690         0.25000        0.12458
-3.4670         0.25000        0.12483
-3.4650         0.25000        0.12507
-3.4630         0.25000        0.12532
-3.4610         0.25000        0.12557
-3.4590         0.25000        0.12582
-3.4570         0.25000        0.12606
-3.4550         0.25000        0.12631
-3.4530         0.25000        0.12656
-3.4510         0.25000        0.12681
-3.4490         0.25000        0.12706
-3.4470         0.25000        0.12731
-3.4450         0.25000        0.12756
-3.4430         0.25000        0.12782
-3.4410         0.25000        0.12807
-3.4390         0.25000        0.12832
-3.4370         0.25000        0.12857
-3.4350         0.25000        0.12883
-3.4330         0.25000        0.12908
-3.4310         0.25000        0.12934
-3.4290         0.25000        0.12959
-3.4270         0.25000        0.12985
-3.4250         0.25000        0.13010
-3.4230         0.25000        0.13036
-3.4210         0.25000        0.13062
-3.4190         0.25000        0.13088
-3.4170         0.25000        0.13113
-3.4150         0.25000        0.13139
-3.4130         0.25000        0.13165
-3.4110         0.25000        0.13191
-3.4090         0.25000        0.13217
-3.4070         0.25000        0.13243
-3.4050         0.25000        0.13269
-3.4030         0.25000        0.13295
-3.4010         0.25000        0.13322
-3.3990         0.25000        0.13348
-3.3970         0.25000        0.13374
-3.3950         0.25000        0.13400
-3.3930         0.25000        0.13427
-3.3910         0.25000        0.13453
-3.3890         0.25000        0.13480
-3.3870         0.25000        0.13506
-3.3850         0.25000        0.13533
-3.3830         0.25000        0.13560
-3.3810         0.25000        0.13586
-3.3790         0.25000        0.13613
-3.3770         0.25000        0.13640
-3.3750         0.25000        0.13667
-3.3730         0.25000        0.13694
-3.3710         0.25000        0.13721
-3.3690         0.25000        0.13748
-3.3670         0.25000        0.13775
-3.3650         0.25000        0.13802
-3.3630         0.25000        0.13829
-3.3610         0.25000        0.13856
-3.3590         0.25000        0.13884
-3.3570         0.25000        0.13911
-3.3550         0.25000        0.13938
-3.3530         0.25000        0.13966
-3.3510         0.25000        0.13993
-3.3490         0.25000        0.14021
-3.3470         0.25000        0.14048
-3.3450         0.25000        0.14076
-3.3430         0.25000        0.14104
-3.3410         0.25000        0.14132
-3.3390         0.25000        0.14159
-3.3370         0.25000        0.14187
-3.3350         0.25000        0.14215
-3.3330         0.25000        0.14243
-3.3310         0.25000        0.14271
-3.3290         0.25000        0.14299
-3.3270         0.25000        0.14327
-3.3250         0.25000        0.14356
-3.3230         0.25000        0.14384
-3.3210         0.25000        0.14412
-3.3190         0.25000        0.14441
-3.3170         0.25000        0.14469
-3.3150         0.25000        0.14498
-3.3130         0.25000        0.14526
-3.3110         0.25000        0.14555
-3.3090         0.25000        0.14583
-3.3070         0.25000        0.14612
-3.3050         0.25000        0.14641
-3.3030         0.25000        0.14670
-3.3010         0.25000        0.14699
-3.2990         0.25000        0.14728
-3.2970         0.25000        0.14757
-3.2950         0.25000        0.14786
-3.2930         0.25000        0.14815
-3.2910         0.25000        0.14844
-3.2890         0.25000        0.14873
-3.2870         0.25000        0.14902
-3.2850         0.25000        0.14932
-3.2830         0.25000        0.14961
-3.2810         0.25000        0.14991
-3.2790         0.25000        0.15020
-3.2770         0.25000        0.15050
-3.2750         0.25000        0.15079
-3.2730         0.25000        0.15109
-3.2710         0.25000        0.15139
-3.2690         0.25000        0.15169
-3.2670         0.25000        0.15199
-3.2650         0.25000        0.15229
-3.2630         0.25000        0.15259
-3.2610         0.25000        0.15289
-3.2590         0.25000        0.15319
-3.2570         0.25000        0.15349
-3.2550         0.25000        0.15379
-3.2530         0.25000        0.15409
-3.2510         0.25000        0.15440
-3.2490         0.25000        0.15470
-3.2470         0.25000        0.15501
-3.2450         0.25000        0.15531
-3.2430         0.25000        0.15562
-3.2410         0.25000        0.15593
-3.2390         0.25000        0.15623
-3.2370         0.25000        0.15654
-3.2350         0.25000        0.15685
-3.2330         0.25000        0.15716
-3.2310         0.25000        0.15747
-3.2290         0.25000        0.15778
-3.2270         0.25000        0.15809
-3.2250         0.25000        0.15840
-3.2230         0.25000        0.15871
-3.2210         0.25000        0.15903
-3.2190         0.25000        0.15934
-3.2170         0.25000        0.15965
-3.2150         0.25000        0.15997
-3.2130         0.25000        0.16028
-3.2110         0.25000        0.16060
-3.2090         0.25000        0.16092
-3.2070         0.25000        0.16123
-3.2050         0.25000        0.16155
-3.2030         0.25000        0.16187
-3.2010         0.25000        0.16219
-3.1990         0.25000        0.16251
-3.1970         0.25000        0.16283
-3.1950         0.25000        0.16315
-3.1930         0.25000        0.16347
-3.1910         0.25000        0.16380
-3.1890         0.25000        0.16412
-3.1870         0.25000        0.16444
-3.1850         0.25000        0.16477
-3.1830         0.25000        0.16509
-3.1810         0.25000        0.16542
-3.1790         0.25000        0.16574
-3.1770         0.25000        0.16607
-3.1750         0.25000        0.16640
-3.1730         0.25000        0.16673
-3.1710         0.25000        0.16706
-3.1690         0.25000        0.16739
-3.1670         0.25000        0.16772
-3.1650         0.25000        0.16805
-3.1630         0.25000        0.16838
-3.1610         0.25000        0.16871
-3.1590         0.25000        0.16904
-3.1570         0.25000        0.16938
-3.1550         0.25000        0.16971
-3.1530         0.25000        0.17005
-3.1510         0.25000        0.17038
-3.1490         0.25000        0.17072
-3.1470         0.25000        0.17105
-3.1450         0.25000        0.17139
-3.1430         0.25000        0.17173
-3.1410         0.25000        0.17207
-3.1390         0.25000        0.17241
-3.1370         0.25000        0.17275
-3.1350         0.25000        0.17309
-3.1330         0.25000        0.17343
-3.1310         0.25000        0.17377
-3.1290         0.25000        0.17412
-3.1270         0.25000        0.17446
-3.1250         0.25000        0.17481
-3.1230         0.25000        0.17515
-3.1210         0.25000        0.17550
-3.1190         0.25000        0.17584
-3.1170         0.25000        0.17619
-3.1150         0.25000        0.17654
-3.1130         0.25000        0.17689
-3.1110         0.25000        0.17724
-3.1090         0.25000        0.17759
-3.1070         0.25000        0.17794
-3.1050         0.25000        0.17829
-3.1030         0.25000        0.17864
-3.1010         0.25000        0.17899
-3.0990         0.25000        0.17935
-3.0970         0.25000        0.17970
-3.0950         0.25000        0.18006
-3.0930         0.25000        0.18041
-3.0910         0.25000        0.18077
-3.0890         0.25000        0.18112
-3.0870         0.25000        0.18148
-3.0850         0.25000        0.18184
-3.0830         0.25000        0.18220
-3.0810         0.25000        0.18256
-3.0790         0.25000        0.18292
-3.0770         0.25000        0.18328
-3.0750         0.25000        0.18364
-3.0730         0.25000        0.18401
-3.0710         0.25000        0.18437
-3.0690         0.25000        0.18473
-3.0670         0.25000        0.18510
-3.0650         0.25000        0.18546
-3.0630         0.25000        0.18583
-3.0610         0.25000        0.18620
-3.0590         0.25000        0.18657
-3.0570         0.25000        0.18693
-3.0550         0.25000        0.18730
-3.0530         0.25000        0.18767
-3.0510         0.25000        0.18804
-3.0490         0.25000        0.18842
-3.0470         0.25000        0.18879
-3.0450         0.25000        0.18916
-3.0430         0.25000        0.18953
-3.0410         0.25000        0.18991
-3.0390         0.25000        0.19028
-3.0370         0.25000        0.19066
-3.0350         0.25000        0.19104
-3.0330         0.25000        0.19141
-3.0310         0.25000        0.19179
-3.0290         0.25000        0.19217
-3.0270         0.25000        0.19255
-3.0250         0.25000        0.19293
-3.0230         0.25000        0.19331
-3.0210         0.25000        0.19369
-3.0190         0.25000        0.19408
-3.0170         0.25000        0.19446
-3.0150         0.25000        0.19484
-3.0130         0.25000        0.19523
-3.0110         0.25000        0.19561
-3.0090         0.25000        0.19600
-3.0070         0.25000        0.19639
-3.0050         0.25000        0.19678
-3.0030         0.25000        0.19716
-3.0010         0.25000        0.19755
-2.9990         0.25000        0.19794
-2.9970         0.25000        0.19834
-2.9950         0.25000        0.19873
-2.9930         0.25000        0.19912
-2.9910         0.25000        0.19951
-2.9890         0.25000        0.19991
-2.9870         0.25000        0.20030
-2.9850         0.25000        0.20070
-2.9830         0.25000        0.20109
-2.9810         0.25000        0.20149
-2.9790         0.25000        0.20189
-2.9770         0.25000        0.20229
-2.9750         0.25000        0.20269
-2.9730         0.25000        0.20309
-2.9710         0.25000        0.20349
-2.9690         0.25000        0.20389
-2.9670         0.25000        0.20429
-2.9650         0.25000        0.20470
-2.9630         0.25000        0.20510
-2.9610         0.25000        0.20551
-2.9590         0.25000        0.20591
-2.9570         0.25000        0.20632
-2.9550         0.25000        0.20673
-2.9530         0.25000        0.20713
-2.9510         0.25000        0.20754
-2.9490         0.25000        0.20795
-2.9470         0.25000        0.20836
-2.9450         0.25000        0.20877
-2.9430         0.25000        0.20919
-2.9410         0.25000        0.20960
-2.9390         0.25000        0.21001
-2.9370         0.25000        0.21043
-2.9350         0.25000        0.21084
-2.9330         0.25000        0.21126
-2.9310         0.25000        0.21168
-2.9290         0.25000        0.21209
-2.9270         0.25000        0.21251
-2.9250         0.25000        0.21293
-2.9230         0.25000        0.21335
-2.9210         0.25000        0.21377
-2.9190         0.25000        0.21420
-2.9170         0.25000        0.21462
-2.9150         0.25000        0.21504
-2.9130         0.25000        0.21547
-2.9110         0.25000        0.21589
-2.9090         0.25000        0.21632
-2.9070         0.25000        0.21674
-2.9050         0.25000        0.21717
-2.9030         0.25000        0.21760
-2.9010         0.25000        0.21803
-2.8990         0.25000        0.21846
-2.8970         0.25000        0.21889
-2.8950         0.25000        0.21932
-2.8930         0.25000        0.21976
-2.8910         0.25000        0.22019
-2.8890         0.25000        0.22062
-2.8870         0.25000        0.22106
-2.8850         0.25000        0.22149
-2.8830         0.25000        0.22193
-2.8810         0.25000        0.22237
-2.8790         0.25000        0.22281
-2.8770         0.25000        0.22325
-2.8750         0.25000        0.22369
-2.8730         0.25000        0.22413
-2.8710         0.25000        0.22457
-2.8690         0.25000        0.22501
-2.8670         0.25000        0.22546
-2.8650         0.25000        0.22590
-2.8630         0.25000        0.22635
-2.8610         0.25000        0.22679
-2.8590         0.25000        0.22724
-2.8570         0.25000        0.22769
-2.8550         0.25000        0.22814
-2.8530         0.25000        0.22859
-2.8510         0.25000        0.22904
-2.8490         0.25000        0.22949
-2.8470         0.25000        0.22994
-2.8450         0.25000        0.23039
-2.8430         0.25000        0.23085
-2.8410         0.25000        0.23130
-2.8390         0.25000        0.23176
-2.8370         0.25000        0.23221
-2.8350         0.25000        0.23267
-2.8330         0.25000        0.23313
-2.8310         0.25000        0.23359
-2.8290         0.25000        0.23405
-2.8270         0.25000        0.23451
-2.8250         0.25000        0.23497
-2.8230         0.25000        0.23543
-2.8210         0.25000        0.23590
-2.8190         0.25000        0.23636
-2.8170         0.25000        0.23683
-2.8150         0.25000        0.23729
-2.8130         0.25000        0.23776
-2.8110         0.25000        0.23823
-2.8090         0.25000        0.23870
-2.8070         0.25000        0.23917
-2.8050         0.25000        0.23964
-2.8030         0.25000        0.24011
-2.8010         0.25000        0.24058
-2.7990         0.25000        0.24106
-2.7970         0.25000        0.24153
-2.7950         0.25000        0.24201
-2.7930         0.25000        0.24248
-2.7910         0.25000        0.24296
-2.7890         0.25000        0.24344
-2.7870         0.25000        0.24392
-2.7850         0.25000        0.24440
-2.7830         0.25000        0.24488
-2.7810         0.25000        0.24536
-2.7790         0.25000        0.24584
-2.7770         0.25000        0.24632
-2.7750         0.25000        0.24681
-2.7730         0.25000        0.24729
-2.7710         0.25000        0.24778
-2.7690         0.25000        0.24827
-2.7670         0.25000        0.24875
-2.7650         0.25000        0.24924
-2.7630         0.25000        0.24973
-2.7610         0.25000        0.25022
-2.7590         0.25000        0.25071
-2.7570         0.25000        0.25121
-2.7550         0.25000        0.25170
-2.7530         0.25000        0.25220
-2.7510         0.25000        0.25269
-2.7490         0.25000        0.25319
-2.7470         0.25000        0.25368
-2.7450         0.25000        0.25418
-2.7430         0.25000        0.25468
-2.7410         0.25000        0.25518
-2.7390         0.25000        0.25568
-2.7370         0.25000        0.25618
-2.7350         0.25000        0.25669
-2.7330         0.25000        0.25719
-2.7310         0.25000        0.25770
-2.7290         0.25000        0.25820
-2.7270         0.25000        0.25871
-2.7250         0.25000        0.25922
-2.7230         0.25000        0.25973
-2.7210         0.25000        0.26023
-2.7190         0.25000        0.26075
-2.7170         0.25000        0.26126
-2.7150         0.25000        0.26177
-2.7130         0.25000        0.26228
-2.7110         0.25000        0.26280
-2.7090         0.25000        0.26331
-2.7070         0.25000        0.26383
-2.7050         0.25000        0.26435
-2.7030         0.25000        0.26486
-2.7010         0.25000        0.26538
-2.6990         0.25000        0.26590
-2.6970         0.25000        0.26642
-2.6950         0.25000        0.26695
-2.6930         0.25000        0.26747
-2.6910         0.25000        0.26799
-2.6890         0.25000        0.26852
-2.6870         0.25000        0.26905
-2.6850         0.25000        0.26957
-2.6830         0.25000        0.27010
-2.6810         0.25000        0.27063
-2.6790         0.25000        0.27116
-2.6770         0.25000        0.27169
-2.6750         0.25000        0.27222
-2.6730         0.25000        0.27275
-2.6710         0.25000        0.27329
-2.6690         0.25000        0.27382
-2.6670         0.25000        0.27436
-2.6650         0.25000        0.27490
-2.6630         0.25000        0.27543
-2.6610         0.25000        0.27597
-2.6590         0.25000        0.27651
-2.6570         0.25000        0.27705
-2.6550         0.25000        0.27760
-2.6530         0.25000        0.27814
-2.6510         0.25000        0.27868
-2.6490         0.25000        0.27923
-2.6470         0.25000        0.27977
-2.6450         0.25000        0.28032
-2.6430         0.25000        0.28087
-2.6410         0.25000        0.28142
-2.6390         0.25000        0.28197
-2.6370         0.25000        0.28252
-2.6350         0.25000        0.28307
-2.6330         0.25000        0.28362
-2.6310         0.25000        0.28418
-2.6290         0.25000        0.28473
-2.6270         0.25000        0.28529
-2.6250         0.25000        0.28585
-2.6230         0.25000        0.28641
-2.6210         0.25000        0.28697
-2.6190         0.25000        0.28753
-2.6170         0.25000        0.28809
-2.6150         0.25000        0.28865
-2.6130         0.25000        0.28921
-2.6110         0.25000        0.28978
-2.6090         0.25000        0.29034
-2.6070         0.25000        0.29091
-2.6050         0.25000        0.29148
-2.6030         0.25000        0.29205
-2.6010         0.25000        0.29262
-2.5990         0.25000        0.29319
-2.5970         0.25000        0.29376
-2.5950         0.25000        0.29433
-2.5930         0.25000        0.29490
-2.5910         0.25000        0.29548
-2.5890         0.25000        0.29606
-2.5870         0.25000        0.29663
-2.5850         0.25000        0.29721
-2.5830         0.25000        0.29779
-2.5810         0.25000        0.29837
-2.5790         0.25000        0.29895
-2.5770         0.25000        0.29953
-2.5750         0.25000        0.30012
-2.5730         0.25000        0.30070
-2.5710         0.25000        0.30129
-2.5690         0.25000        0.30187
-2.5670         0.25000        0.30246
-2.5650         0.25000        0.30305
-2.5630         0.25000        0.30364
-2.5610         0.25000        0.30423
-2.5590         0.25000        0.30482
-2.5570         0.25000        0.30542
-2.5550         0.25000        0.30601
-2.5530         0.25000        0.30661
-2.5510         0.25000        0.30720
-2.5490         0.25000        0.30780
-2.5470         0.25000        0.30840
-2.5450         0.25000        0.30900
-2.5430         0.25000        0.30960
-2.5410         0.25000        0.31020
-2.5390         0.25000        0.31080
-2.5370         0.25000        0.31141
-2.5350         0.25000        0.31201
-2.5330         0.25000        0.31262
-2.5310         0.25000        0.31323
-2.5290         0.25000        0.31384
-2.5270         0.25000        0.31445
-2.5250         0.25000        0.31506
-2.5230         0.25000        0.31567
-2.5210         0.25000        0.31628
-2.5190         0.25000        0.31689
-2.5170         0.25000        0.31751
-2.5150         0.25000        0.31813
-2.5130         0.25000        0.31874
-2.5110         0.25000        0.31936
-2.5090         0.25000        0.31998
-2.5070         0.25000        0.32060
-2.5050         0.25000        0.32122
-2.5030         0.25000        0.32185
-2.5010         0.25000        0.32247
-2.4990         0.25000        0.32310
-2.4970         0.25000        0.32372
-2.4950         0.25000        0.32435
-2.4930         0.25000        0.32498
-2.4910         0.25000        0.32561
-2.4890         0.25000        0.32624
-2.4870         0.25000        0.32687
-2.4850         0.25000        0.32751
-2.4830         0.25000        0.32814
-2.4810         0.25000        0.32878
-2.4790         0.25000        0.32941
-2.4770         0.25000        0.33005
-2.4750         0.25000        0.33069
-2.4730         0.25000        0.33133
-2.4710         0.25000        0.33197
-2.4690         0.25000        0.33261
-2.4670         0.25000        0.33326
-2.4650         0.25000        0.33390
-2.4630         0.25000        0.33455
-2.4610         0.25000        0.33519
-2.4590         0.25000        0.33584
-2.4570         0.25000        0.33649
-2.4550         0.25000        0.33714
-2.4530         0.25000        0.33779
-2.4510         0.25000        0.33845
-2.4490         0.25000        0.33910
-2.4470         0.25000        0.33976
-2.4450         0.25000        0.34041
-2.4430         0.25000        0.34107
-2.4410         0.25000        0.34173
-2.4390         0.25000        0.34239
-2.4370         0.25000        0.34305
-2.4350         0.25000        0.34371
-2.4330         0.25000        0.34437
-2.4310         0.25000        0.34504
-2.4290         0.25000        0.34571
-2.4270         0.25000        0.34637
-2.4250         0.25000        0.34704
-2.4230         0.25000        0.34771
-2.4210         0.25000        0.34838
-2.4190         0.25000        0.34905
-2.4170         0.25000        0.34973
-2.4150         0.25000        0.35040
-2.4130         0.25000        0.35107
-2.4110         0.25000        0.35175
-2.4090         0.25000        0.35243
-2.4070         0.25000        0.35311
-2.4050         0.25000        0.35379
-2.4030         0.25000        0.35447
-2.4010         0.25000        0.35515
-2.3990         0.25000        0.35584
-2.3970         0.25000        0.35652
-2.3950         0.25000        0.35721
-2.3930         0.25000        0.35790
-2.3910         0.25000        0.35858
-2.3890         0.25000        0.35927
-2.3870         0.25000        0.35996
-2.3850         0.25000        0.36066
-2.3830         0.25000        0.36135
-2.3810         0.25000        0.36205
-2.3790         0.25000        0.36274
-2.3770         0.25000        0.36344
-2.3750         0.25000        0.36414
-2.3730         0.25000        0.36484
-2.3710         0.25000        0.36554
-2.3690         0.25000        0.36624
-2.3670         0.25000        0.36694
-2.3650         0.25000        0.36765
-2.3630         0.25000        0.36835
-2.3610         0.25000        0.36906
-2.3590         0.25000        0.36977
-2.3570         0.25000        0.37048
-2.3550         0.25000        0.37119
-2.3530         0.25000        0.37190
-2.3510         0.25000        0.37262
-2.3490         0.25000        0.37333
-2.3470         0.25000        0.37405
-2.3450         0.25000        0.37476
-2.3430         0.25000        0.37548
-2.3410         0.25000        0.37620
-2.3390         0.25000        0.37692
-2.3370         0.25000        0.37764
-2.3350         0.25000        0.37837
-2.3330         0.25000        0.37909
-2.3310         0.25000        0.37982
-2.3290         0.25000        0.38054
-2.3270         0.25000        0.38127
-2.3250         0.25000        0.38200
-2.3230         0.25000        0.38273
-2.3210         0.25000        0.38347
-2.3190         0.25000        0.38420
-2.3170         0.25000        0.38493
-2.3150         0.25000        0.38567
-2.3130         0.25000        0.38641
-2.3110         0.25000        0.38715
-2.3090         0.25000        0.38789
-2.3070         0.25000        0.38863
-2.3050         0.25000        0.38937
-2.3030         0.25000        0.39011
-2.3010         0.25000        0.39086
-2.2990         0.25000        0.39161
-2.2970         0.25000        0.39235
-2.2950         0.25000        0.39310
-2.2930         0.25000        0.39385
-2.2910         0.25000        0.39460
-2.2890         0.25000        0.39536
-2.2870         0.25000        0.39611
-2.2850         0.25000        0.39687
-2.2830         0.25000        0.39762
-2.2810         0.25000        0.39838
-2.2790         0.25000        0.39914
-2.2770         0.25000        0.39990
-2.2750         0.25000        0.40066
-2.2730         0.25000        0.40143
-2.2710         0.25000        0.40219
-2.2690         0.25000        0.40296
-2.2670         0.25000        0.40372
-2.2650         0.25000        0.40449
-2.2630         0.25000        0.40526
-2.2610         0.25000        0.40603
-2.2590         0.25000        0.40680
-2.2570         0.25000        0.40758
-2.2550         0.25000        0.40835
-2.2530         0.25000        0.40913
-2.2510         0.25000        0.40991
-2.2490         0.25000        0.41069
-2.2470         0.25000        0.41147
-2.2450         0.25000        0.41225
-2.2430         0.25000        0.41303
-2.2410         0.25000        0.41382
-2.2390         0.25000        0.41460
-2.2370         0.25000        0.41539
-2.2350         0.25000        0.41618
-2.2330         0.25000        0.41697
-2.2310         0.25000        0.41776
-2.2290         0.25000        0.41855
-2.2270         0.25000        0.41934
-2.2250         0.25000        0.42014
-2.2230         0.25000        0.42094
-2.2210         0.25000        0.42173
-2.2190         0.25000        0.42253
-2.2170         0.25000        0.42333
-2.2150         0.25000        0.42413
-2.2130         0.25000        0.42494
-2.2110         0.25000        0.42574
-2.2090         0.25000        0.42655
-2.2070         0.25000        0.42736
-2.2050         0.25000        0.42816
-2.2030         0.25000        0.42897
-2.2010         0.25000        0.42978
-2.1990         0.25000        0.43060
-2.1970         0.25000        0.43141
-2.1950         0.25000        0.43223
-2.1930         0.25000        0.43304
-2.1910         0.25000        0.43386
-2.1890         0.25000        0.43468
-2.1870         0.25000        0.43550
-2.1850         0.25000        0.43632
-2.1830         0.25000        0.43715
-2.1810         0.25000        0.43797
-2.1790         0.25000        0.43880
-2.1770         0.25000        0.43963
-2.1750         0.25000        0.44046
-2.1730         0.25000        0.44129
-2.1710         0.25000        0.44212
-2.1690         0.25000        0.44295
-2.1670         0.25000        0.44379
-2.1650         0.25000        0.44462
-2.1630         0.25000        0.44546
-2.1610         0.25000        0.44630
-2.1590         0.25000        0.44714
-2.1570         0.25000        0.44798
-2.1550         0.25000        0.44882
-2.1530         0.25000        0.44967
-2.1510         0.25000        0.45051
-2.1490         0.25000        0.45136
-2.1470         0.25000        0.45221
-2.1450         0.25000        0.45306
-2.1430         0.25000        0.45391
-2.1410         0.25000        0.45476
-2.1390         0.25000        0.45562
-2.1370         0.25000        0.45647
-2.1350         0.25000        0.45733
-2.1330         0.25000        0.45819
-2.1310         0.25000        0.45905
-2.1290         0.25000        0.45991
-2.1270         0.25000        0.46077
-2.1250         0.25000        0.46163
-2.1230         0.25000        0.46250
-2.1210         0.25000        0.46336
-2.1190         0.25000        0.46423
-2.1170         0.25000        0.46510
-2.1150         0.25000        0.46597
-2.1130         0.25000        0.46685
-2.1110         0.25000        0.46772
-2.1090         0.25000        0.46859
-2.1070         0.25000        0.46947
-2.1050         0.25000        0.47035
-2.1030         0.25000        0.47123
-2.1010         0.25000        0.47211
-2.0990         0.25000        0.47299
-2.0970         0.25000        0.47387
-2.0950         0.25000        0.47476
-2.0930         0.25000        0.47565
-2.0910         0.25000        0.47653
-2.0890         0.25000        0.47742
-2.0870         0.25000        0.47831
-2.0850         0.25000        0.47921
-2.0830         0.25000        0.48010
-2.0810         0.25000        0.48100
-2.0790         0.25000        0.48189
-2.0770         0.25000        0.48279
-2.0750         0.25000        0.48369
-2.0730         0.25000        0.48459
-2.0710         0.25000        0.48549
-2.0690         0.25000        0.48640
-2.0670         0.25000        0.48730
-2.0650         0.25000        0.48821
-2.0630         0.25000        0.48912
-2.0610         0.25000        0.49003
-2.0590         0.25000        0.49094
-2.0570         0.25000        0.49185
-2.0550         0.25000        0.49276
-2.0530         0.25000        0.49368
-2.0510         0.25000        0.49459
-2.0490         0.25000        0.49551
-2.0470         0.25000        0.49643
-2.0450         0.25000        0.49735
-2.0430         0.25000        0.49828
-2.0410         0.25000        0.49920
-2.0390         0.25000        0.50012
-2.0370         0.25000        0.50105
-2.0350         0.25000        0.50198
-2.0330         0.25000        0.50291
-2.0310         0.25000        0.50384
-2.0290         0.25000        0.50477
-2.0270         0.25000        0.50571
-2.0250         0.25000        0.50664
-2.0230         0.25000        0.50758
-2.0210         0.25000        0.50852
-2.0190         0.25000        0.50946
-2.0170         0.25000        0.51040
-2.0150         0.25000        0.51134
-2.0130         0.25000        0.51229
-2.0110         0.25000        0.51323
-2.0090         0.25000        0.51418
-2.0070         0.25000        0.51513
-2.0050         0.25000        0.51608
-2.0030         0.25000        0.51703
-2.0010         0.25000        0.51798
-1.9990         0.25000        0.51894
-1.9970         0.25000        0.51989
-1.9950         0.25000        0.52085
-1.9930         0.25000        0.52181
-1.9910         0.25000        0.52277
-1.9890         0.25000        0.52373
-1.9870         0.25000        0.52470
-1.9850         0.25000        0.52566
-1.9830         0.25000        0.52663
-1.9810         0.25000        0.52759
-1.9790         0.25000        0.52856
-1.9770         0.25000        0.52953
-1.9750         0.25000        0.53051
-1.9730         0.25000        0.53148
-1.9710         0.25000        0.53246
-1.9690         0.25000        0.53343
-1.9670         0.25000        0.53441
-1.9650         0.25000        0.53539
-1.9630         0.25000        0.53637
-1.9610         0.25000        0.53735
-1.9590         0.25000        0.53834
-1.9570         0.25000        0.53932
-1.9550         0.25000        0.54031
-1.9530         0.25000        0.54130
-1.9510         0.25000        0.54229
-1.9490         0.25000        0.54328
-1.9470         0.25000        0.54427
-1.9450         0.25000        0.54527
-1.9430         0.25000        0.54626
-1.9410         0.25000        0.54726
-1.9390         0.25000        0.54826
-1.9370         0.25000        0.54926
-1.9350         0.25000        0.55026
-1.9330         0.25000        0.55127
-1.9310         0.25000        0.55227
-1.9290         0.25000        0.55328
-1.9270         0.25000        0.55428
-1.9250         0.25000        0.55529
-1.9230         0.25000        0.55630
-1.9210         0.25000        0.55732
-1.9190         0.25000        0.55833
-1.9170         0.25000        0.55935
-1.9150         0.25000        0.56036
-1.9130         0.25000        0.56138
-1.9110         0.25000        0.56240
-1.9090         0.25000        0.56342
-1.9070         0.25000        0.56444
-1.9050         0.25000        0.56547
-1.9030         0.25000        0.56649
-1.9010         0.25000        0.56752
-1.8990         0.25000        0.56855
-1.8970         0.25000        0.56958
-1.8950         0.25000        0.57061
-1.8930         0.25000        0.57164
-1.8910         0.25000        0.57268
-1.8890         0.25000        0.57372
-1.8870         0.25000        0.57475
-1.8850         0.25000        0.57579
-1.8830         0.25000        0.57683
-1.8810         0.25000        0.57787
-1.8790         0.25000        0.57892
-1.8770         0.25000        0.57996
-1.8750         0.25000        0.58101
-1.8730         0.25000        0.58206
-1.8710         0.25000        0.58311
-1.8690         0.25000        0.58416
-1.8670         0.25000        0.58521
-1.8650         0.25000        0.58627
-1.8630         0.25000        0.58732
-1.8610         0.25000        0.58838
-1.8590         0.25000        0.58944
-1.8570         0.25000        0.59050
-1.8550         0.25000        0.59156
-1.8530         0.25000        0.59262
-1.8510         0.25000        0.59369
-1.8490         0.25000        0.59475
-1.8470         0.25000        0.59582
-1.8450         0.25000        0.59689
-1.8430         0.25000        0.59796
-1.8410         0.25000        0.59903
-1.8390         0.25000        0.60011
-1.8370         0.25000        0.60118
-1.8350         0.25000        0.60226
-1.8330         0.25000        0.60334
-1.8310         0.25000        0.60441
-1.8290         0.25000        0.60550
-1.8270         0.25000        0.60658
-1.8250         0.25000        0.60766
-1.8230         0.25000        0.60875
-1.8210         0.25000        0.60983
-1.8190         0.25000        0.61092
-1.8170         0.25000        0.61201
-1.8150         0.25000        0.61310
-1.8130         0.25000        0.61420
-1.8110         0.25000        0.61529
-1.8090         0.25000        0.61639
-1.8070         0.25000        0.61749
-1.8050         0.25000        0.61859
-1.8030         0.25000        0.61969
-1.8010         0.25000        0.62079
-1.7990         0.25000        0.62189
-1.7970         0.25000        0.62300
-1.7950         0.25000        0.62410
-1.7930         0.25000        0.62521
-1.7910         0.25000        0.62632
-1.7890         0.25000        0.62743
-1.7870         0.25000        0.62854
-1.7850         0.25000        0.62966
-1.7830         0.25000        0.63077
-1.7810         0.25000        0.63189
-1.7790         0.25000        0.63301
-1.7770         0.25000        0.63413
-1.7750         0.25000        0.63525
-1.7730         0.25000        0.63637
-1.7710         0.25000        0.63750
-1.7690         0.25000        0.63862
-1.7670         0.25000        0.63975
-1.7650         0.25000        0.64088
-1.7630         0.25000        0.64201
-1.7610         0.25000        0.64314
-1.7590         0.25000        0.64427
-1.7570         0.25000        0.64541
-1.7550         0.25000        0.64655
-1.7530         0.25000        0.64768
-1.7510         0.25000        0.64882
-1.7490         0.25000        0.64996
-1.7470         0.25000        0.65111
-1.7450         0.25000        0.65225
-1.7430         0.25000        0.65340
-1.7410         0.25000        0.65454
-1.7390         0.25000        0.65569
-1.7370         0.25000        0.65684
-1.7350         0.25000        0.65799
-1.7330         0.25000        0.65914
-1.7310         0.25000        0.66030
-1.7290         0.25000        0.66145
-1.7270         0.25000        0.66261
-1.7250         0.25000        0.66377
-1.7230         0.25000        0.66493
-1.7210         0.25000        0.66609
-1.7190         0.25000        0.66725
-1.7170         0.25000        0.66842
-1.7150         0.25000        0.66958
-1.7130         0.25000        0.67075
-1.7110         0.25000        0.67192
-1.7090         0.25000        0.67309
-1.7070         0.25000        0.67426
-1.7050         0.25000        0.67544
-1.7030         0.25000        0.67661
-1.7010         0.25000        0.67779
-1.6990         0.25000        0.67897
-1.6970         0.25000        0.68015
-1.6950         0.25000        0.68133
-1.6930         0.25000        0.68251
-1.6910         0.25000        0.68369
-1.6890         0.25000        0.68488
-1.6870         0.25000        0.68606
-1.6850         0.25000        0.68725
-1.6830         0.25000        0.68844
-1.6810         0.25000        0.68963
-1.6790         0.25000        0.69082
-1.6770         0.25000        0.69202
-1.6750         0.25000        0.69321
-1.6730         0.25000        0.69441
-1.6710         0.25000        0.69561
-1.6690         0.25000        0.69681
-1.6670         0.25000        0.69801
-1.6650         0.25000        0.69921
-1.6630         0.25000        0.70042
-1.6610         0.25000        0.70162
-1.6590         0.25000        0.70283
-1.6570         0.25000        0.70404
-1.6550         0.25000        0.70525
-1.6530         0.25000        0.70646
-1.6510         0.25000        0.70767
-1.6490         0.25000        0.70889
-1.6470         0.25000        0.71010
-1.6450         0.25000        0.71132
-1.6430         0.25000        0.71254
-1.6410         0.25000        0.71376
-1.6390         0.25000        0.71498
-1.6370         0.25000        0.71620
-1.6350         0.25000        0.71743
-1.6330         0.25000        0.71865
-1.6310         0.25000        0.71988
-1.6290         0.25000        0.72111
-1.6270         0.25000        0.72234
-1.6250         0.25000        0.72357
-1.6230         0.25000        0.72481
-1.6210         0.25000        0.72604
-1.6190         0.25000        0.72728
-1.6170         0.25000        0.72851
-1.6150         0.25000        0.72975
-1.6130         0.25000        0.73099
-1.6110         0.25000        0.73224
-1.6090         0.25000        0.73348
-1.6070         0.25000        0.73472
-1.6050         0.25000        0.73597
-1.6030         0.25000        0.73722
-1.6010         0.25000        0.73847
-1.5990         0.25000        0.73972
-1.5970         0.25000        0.74097
-1.5950         0.25000        0.74222
-1.5930         0.25000        0.74348
-1.5910         0.25000        0.74473
-1.5890         0.25000        0.74599
-1.5870         0.25000        0.74725
-1.5850         0.25000        0.74851
-1.5830         0.25000        0.74977
-1.5810         0.25000        0.75104
-1.5790         0.25000        0.75230
-1.5770         0.25000        0.75357
-1.5750         0.25000        0.75483
-1.5730         0.25000        0.75610
-1.5710         0.25000        0.75737
-1.5690         0.25000        0.75864
-1.5670         0.25000        0.75992
-1.5650         0.25000        0.76119
-1.5630         0.25000        0.76247
-1.5610         0.25000        0.76375
-1.5590         0.25000        0.76502
-1.5570         0.25000        0.76631
-1.5550         0.25000        0.76759
-1.5530         0.25000        0.76887
-1.5510         0.25000        0.77015
-1.5490         0.25000        0.77144
-1.5470         0.25000        0.77273
-1.5450         0.25000        0.77402
-1.5430         0.25000        0.77531
-1.5410         0.25000        0.77660
-1.5390         0.25000        0.77789
-1.5370         0.25000        0.77918
-1.5350         0.25000        0.78048
-1.5330         0.25000        0.78178
-1.5310         0.25000        0.78308
-1.5290         0.25000        0.78438
-1.5270         0.25000        0.78568
-1.5250         0.25000        0.78698
-1.5230         0.25000        0.78828
-1.5210         0.25000        0.78959
-1.5190         0.25000        0.79090
-1.5170         0.25000        0.79220
-1.5150         0.25000        0.79351
-1.5130         0.25000        0.79483
-1.5110         0.25000        0.79614
-1.5090         0.25000        0.79745
-1.5070         0.25000        0.79877
-1.5050         0.25000        0.80008
-1.5030         0.25000        0.80140
-1.5010         0.25000        0.80272
-1.4990         0.25000        0.80404
-1.4970         0.25000        0.80536
-1.4950         0.25000        0.80669
-1.4930         0.25000        0.80801
-1.4910         0.25000        0.80934
-1.4890         0.25000        0.81067
-1.4870         0.25000        0.81199
-1.4850         0.25000        0.81332
-1.4830         0.25000        0.81466
-1.4810         0.25000        0.81599
-1.4790         0.25000        0.81732
-1.4770         0.25000        0.81866
-1.4750         0.25000        0.82000
-1.4730         0.25000        0.82134
-1.4710         0.25000        0.82268
-1.4690         0.25000        0.82402
-1.4670         0.25000        0.82536
-1.4650         0.25000        0.82670
-1.4630         0.25000        0.82805
-1.4610         0.25000        0.82940
-1.4590         0.25000        0.83074
-1.4570         0.25000        0.83209
-1.4550         0.25000        0.83344
-1.4530         0.25000        0.83480
-1.4510         0.25000        0.83615
-1.4490         0.25000        0.83750
-1.4470         0.25000        0.83886
-1.4450         0.25000        0.84022
-1.4430         0.25000        0.84158
-1.4410         0.25000        0.84294
-1.4390         0.25000        0.84430
-1.4370         0.25000        0.84566
-1.4350         0.25000        0.84703
-1.4330         0.25000        0.84839
-1.4310         0.25000        0.84976
-1.4290         0.25000        0.85113
-1.4270         0.25000        0.85250
-1.4250         0.25000        0.85387
-1.4230         0.25000        0.85524
-1.4210         0.25000        0.85662
-1.4190         0.25000        0.85799
-1.4170         0.25000        0.85937
-1.4150         0.25000        0.86075
-1.4130         0.25000        0.86213
-1.4110         0.25000        0.86351
-1.4090         0.25000        0.86489
-1.4070         0.25000        0.86627
-1.4050         0.25000        0.86766
-1.4030         0.25000        0.86904
-1.4010         0.25000        0.87043
-1.3990         0.25000        0.87182
-1.3970         0.25000        0.87321
-1.3950         0.25000        0.87460
-1.3930         0.25000        0.87599
-1.3910         0.25000        0.87739
-1.3890         0.25000        0.87878
-1.3870         0.25000        0.88018
-1.3850         0.25000        0.88158
-1.3830         0.25000        0.88298
-1.3810         0.25000        0.88438
-1.3790         0.25000        0.88578
-1.3770         0.25000        0.88719
-1.3750         0.25000        0.88859
-1.3730         0.25000        0.89000
-1.3710         0.25000        0.89140
-1.3690         0.25000        0.89281
-1.3670         0.25000        0.89422
-1.3650         0.25000        0.89564
-1.3630         0.25000        0.89705
-1.3610         0.25000        0.89846
-1.3590         0.25000        0.89988
-1.3570         0.25000        0.90130
-1.3550         0.25000        0.90271
-1.3530         0.25000        0.90413
-1.3510         0.25000        0.90556
-1.3490         0.25000        0.90698
-1.3470         0.25000        0.90840
-1.3450         0.25000        0.90983
-1.3430         0.25000        0.91125
-1.3410         0.25000        0.91268
-1.3390         0.25000        0.91411
-1.3370         0.25000        0.91554
-1.3350         0.25000        0.91697
-1.3330         0.25000        0.91841
-1.3310         0.25000        0.91984
-1.3290         0.25000        0.92128
-1.3270         0.25000        0.92272
-1.3250         0.25000        0.92416
-1.3230         0.25000        0.92560
-1.3210         0.25000        0.92704
-1.3190         0.25000        0.92848
-1.3170         0.25000        0.92992
-1.3150         0.25000        0.93137
-1.3130         0.25000        0.93282
-1.3110         0.25000        0.93427
-1.3090         0.25000        0.93572
-1.3070         0.25000        0.93717
-1.3050         0.25000        0.93862
-1.3030         0.25000        0.94007
-1.3010         0.25000        0.94153
-1.2990         0.25000        0.94299
-1.2970         0.25000        0.94444
-1.2950         0.25000        0.94590
-1.2930         0.25000        0.94736
-1.2910         0.25000        0.94883
-1.2890         0.25000        0.95029
-1.2870         0.25000        0.95175
-1.2850         0.25000        0.95322
-1.2830         0.25000        0.95469
-1.2810         0.25000        0.95616
-1.2790         0.25000        0.95763
-1.2770         0.25000        0.95910
-1.2750         0.25000        0.96057
-1.2730         0.25000        0.96205
-1.2710         0.25000        0.96352
-1.2690         0.25000        0.96500
-1.2670         0.25000        0.96648
-1.2650         0.25000        0.96796
-1.2630         0.25000        0.96944
-1.2610         0.25000        0.97093
-1.2590         0.25000        0.97241
-1.2570         0.25000        0.97390
-1.2550         0.25000        0.97538
-1.2530         0.25000        0.97687
-1.2510         0.25000        0.97836
-1.2490         0.25000        0.97986
-1.2470         0.25000        0.98135
-1.2450         0.25000        0.98284
-1.2430         0.25000        0.98434
-1.2410         0.25000        0.98584
-1.2390         0.25000        0.98734
-1.2370         0.25000        0.98884
-1.2350         0.25000        0.99034
-1.2330         0.25000        0.99184
-1.2310         0.25000        0.99335
-1.2290         0.25000        0.99485
-1.2270         0.25000        0.99636
-1.2250         0.25000        0.99787
-1.2230         0.25000        0.99938
-1.2210         0.25000        1.0009
-1.2190         0.25000        1.0024
-1.2170         0.25000        1.0039
-1.2150         0.25000        1.0054
-1.2130         0.25000        1.0070
-1.2110         0.25000        1.0085
-1.2090         0.25000        1.0100
-1.2070         0.25000        1.0115
-1.2050         0.25000        1.0130
-1.2030         0.25000        1.0146
-1.2010         0.25000        1.0161
-1.1990         0.25000        1.0176
-1.1970         0.25000        1.0192
-1.1950         0.25000        1.0207
-1.1930         0.25000        1.0222
-1.1910         0.25000        1.0238
-1.1890         0.25000        1.0253
-1.1870         0.25000        1.0268
-1.1850         0.25000        1.0284
-1.1830         0.25000        1.0299
-1.1810         0.25000        1.0314
-1.1790         0.25000        1.0330
-1.1770         0.25000        1.0345
-1.1750         0.25000        1.0361
-1.1730         0.25000        1.0376
-1.1710         0.25000        1.0392
-1.1690         0.25000        1.0407
-1.1670         0.25000        1.0423
-1.1650         0.25000        1.0438
-1.1630         0.25000        1.0454
-1.1610         0.25000        1.0470
-1.1590         0.25000        1.0485
-1.1570         0.25000        1.0501
-1.1550         0.25000        1.0516
-1.1530         0.25000        1.0532
-1.1510         0.25000        1.0548
-1.1490         0.25000        1.0563
-1.1470         0.25000        1.0579
-1.1450         0.25000        1.0595
-1.1430         0.25000        1.0611
-1.1410         0.25000        1.0626
-1.1390         0.25000        1.0642
-1.1370         0.25000        1.0658
-1.1350         0.25000        1.0674
-1.1330         0.25000        1.0689
-1.1310         0.25000        1.0705
-1.1290         0.25000        1.0721
-1.1270         0.25000        1.0737
-1.1250         0.25000        1.0753
-1.1230         0.25000        1.0769
-1.1210         0.25000        1.0785
-1.1190         0.25000        1.0801
-1.1170         0.25000        1.0817
-1.1150         0.25000        1.0833
-1.1130         0.25000        1.0849
-1.1110         0.25000        1.0865
-1.1090         0.25000        1.0881
-1.1070         0.25000        1.0897
-1.1050         0.25000        1.0913
-1.1030         0.25000        1.0929
-1.1010         0.25000        1.0945
-1.0990         0.25000        1.0961
-1.0970         0.25000        1.0977
-1.0950         0.25000        1.0993
-1.0930         0.25000        1.1009
-1.0910         0.25000        1.1026
-1.0890         0.25000        1.1042
-1.0870         0.25000        1.1058
-1.0850         0.25000        1.1074
-1.0830         0.25000        1.1090
-1.0810         0.25000        1.1107
-1.0790         0.25000        1.1123
-1.0770         0.25000        1.1139
-1.0750         0.25000        1.1156
-1.0730         0.25000        1.1172
-1.0710         0.25000        1.1188
-1.0690         0.25000        1.1205
-1.0670         0.25000        1.1221
-1.0650         0.25000        1.1238
-1.0630         0.25000        1.1254
-1.0610         0.25000        1.1271
-1.0590         0.25000        1.1287
-1.0570         0.25000        1.1304
-1.0550         0.25000        1.1320
-1.0530         0.25000        1.1337
-1.0510         0.25000        1.1353
-1.0490         0.25000        1.1370
-1.0470         0.25000        1.1386
-1.0450         0.25000        1.1403
-1.0430         0.25000        1.1420
-1.0410         0.25000        1.1436
-1.0390         0.25000        1.1453
-1.0370         0.25000        1.1470
-1.0350         0.25000        1.1487
-1.0330         0.25000        1.1503
-1.0310         0.25000        1.1520
-1.0290         0.25000        1.1537
-1.0270         0.25000        1.1554
-1.0250         0.25000        1.1571
-1.0230         0.25000        1.1587
-1.0210         0.25000        1.1604
-1.0190         0.25000        1.1621
-1.0170         0.25000        1.1638
-1.0150         0.25000        1.1655
-1.0130         0.25000        1.1672
-1.0110         0.25000        1.1689
-1.0090         0.25000        1.1706
-1.0070         0.25000        1.1723
-1.0050         0.25000        1.1740
-1.0030         0.25000        1.1757
-1.0010         0.25000        1.1774
-0.99900        0.25000        1.1791
-0.99700        0.25000        1.1809
-0.99500        0.25000        1.1826
-0.99300        0.25000        1.1843
-0.99100        0.25000        1.1860
-0.98900        0.25000        1.1877
-0.98700        0.25000        1.1895
-0.98500        0.25000        1.1912
-0.98300        0.25000        1.1929
-0.98100        0.25000        1.1947
-0.97900        0.25000        1.1964
-0.97700        0.25000        1.1981
-0.97500        0.25000        1.1999
-0.97300        0.25000        1.2016
-0.97100        0.25000        1.2034
-0.96900        0.25000        1.2051
-0.96700        0.25000        1.2069
-0.96500        0.25000        1.2086
-0.96300        0.25000        1.2104
-0.96100        0.25000        1.2121
-0.95900        0.25000        1.2139
-0.95700        0.25000        1.2157
-0.95500        0.25000        1.2174
-0.95300        0.25000        1.2192
-0.95100        0.25000        1.2210
-0.94900        0.25000        1.2227
-0.94700        0.25000        1.2245
-0.94500        0.25000        1.2263
-0.94300        0.25000        1.2281
-0.94100        0.25000        1.2299
-0.93900        0.25000        1.2317
-0.93700        0.25000        1.2334
-0.93500        0.25000        1.2352
-0.93300        0.25000        1.2370
-0.93100        0.25000        1.2388
-0.92900        0.25000        1.2406
-0.92700        0.25000        1.2424
-0.92500        0.25000        1.2442
-0.92300        0.25000        1.2461
-0.92100        0.25000        1.2479
-0.91900        0.25000        1.2497
-0.91700        0.25000        1.2515
-0.91500        0.25000        1.2533
-0.91300        0.25000        1.2551
-0.91100        0.25000        1.2570
-0.90900        0.25000        1.2588
-0.90700        0.25000        1.2606
-0.90500        0.25000        1.2625
-0.90300        0.25000        1.2643
-0.90100        0.25000        1.2661
-0.89900        0.25000        1.2680
-0.89700        0.25000        1.2698
-0.89500        0.25000        1.2717
-0.89300        0.25000        1.2735
-0.89100        0.25000        1.2754
-0.88900        0.25000        1.2772
-0.88700        0.25000        1.2791
-0.88500        0.25000        1.2810
-0.88300        0.25000        1.2828
-0.88100        0.25000        1.2847
-0.87900        0.25000        1.2866
-0.87700        0.25000        1.2884
-0.87500        0.25000        1.2903
-0.87300        0.25000        1.2922
-0.87100        0.25000        1.2941
-0.86900        0.25000        1.2960
-0.86700        0.25000        1.2979
-0.86500        0.25000        1.2998
-0.86300        0.25000        1.3017
-0.86100        0.25000        1.3036
-0.85900        0.25000        1.3055
-0.85700        0.25000        1.3074
-0.85500        0.25000        1.3093
-0.85300        0.25000        1.3112
-0.85100        0.25000        1.3131
-0.84900        0.25000        1.3150
-0.84700        0.25000        1.3169
-0.84500        0.25000        1.3189
-0.84300        0.25000        1.3208
-0.84100        0.25000        1.3227
-0.83900        0.25000        1.3247
-0.83700        0.25000        1.3266
-0.83500        0.25000        1.3286
-0.83300        0.25000        1.3305
-0.83100        0.25000        1.3324
-0.82900        0.25000        1.3344
-0.82700        0.25000        1.3364
-0.82500        0.25000        1.3383
-0.82300        0.25000        1.3403
-0.82100        0.25000        1.3422
-0.81900        0.25000        1.3442
-0.81700        0.25000        1.3462
-0.81500        0.25000        1.3482
-0.81300        0.25000        1.3501
-0.81100        0.25000        1.3521
-0.80900        0.25000        1.3541
-0.80700        0.25000        1.3561
-0.80500        0.25000        1.3581
-0.80300        0.25000        1.3601
-0.80100        0.25000        1.3621
-0.79900        0.25000        1.3641
-0.79700        0.25000        1.3661
-0.79500        0.25000        1.3681
-0.79300        0.25000        1.3701
-0.79100        0.25000        1.3721
-0.78900        0.25000        1.3742
-0.78700        0.25000        1.3762
-0.78500        0.25000        1.3782
-0.78300        0.25000        1.3802
-0.78100        0.25000        1.3823
-0.77900        0.25000        1.3843
-0.77700        0.25000        1.3864
-0.77500        0.25000        1.3884
-0.77300        0.25000        1.3905
-0.77100        0.25000        1.3925
-0.76900        0.25000        1.3946
-0.76700        0.25000        1.3966
-0.76500        0.25000        1.3987
-0.76300        0.25000        1.4008
-0.76100        0.25000        1.4028
-0.75900        0.25000        1.4049
-0.75700        0.25000        1.4070
-0.75500        0.25000        1.4091
-0.75300        0.25000        1.4112
-0.75100        0.25000        1.4133
-0.74900        0.25000        1.4153
-0.74700        0.25000        1.4174
-0.74500        0.25000        1.4195
-0.74300        0.25000        1.4216
-0.74100        0.25000        1.4238
-0.73900        0.25000        1.4259
-0.73700        0.25000        1.4280
-0.73500        0.25000        1.4301
-0.73300        0.25000        1.4322
-0.73100        0.25000        1.4344
-0.72900        0.25000        1.4365
-0.72700        0.25000        1.4386
-0.72500        0.25000        1.4408
-0.72300        0.25000        1.4429
-0.72100        0.25000        1.4450
-0.71900        0.25000        1.4472
-0.71700        0.25000        1.4493
-0.71500        0.25000        1.4515
-0.71300        0.25000        1.4537
-0.71100        0.25000        1.4558
-0.70900        0.25000        1.4580
-0.70700        0.25000        1.4602
-0.70500        0.25000        1.4623
-0.70300        0.25000        1.4645
-0.70100        0.25000        1.4667
-0.69900        0.25000        1.4689
-0.69700        0.25000        1.4711
-0.69500        0.25000        1.4733
-0.69300        0.25000        1.4755
-0.69100        0.25000        1.4777
-0.68900        0.25000        1.4799
-0.68700        0.25000        1.4821
-0.68500        0.25000        1.4843
-0.68300        0.25000        1.4865
-0.68100        0.25000        1.4887
-0.67900        0.25000        1.4910
-0.67700        0.25000        1.4932
-0.67500        0.25000        1.4954
-0.67300        0.25000        1.4977
-0.67100        0.25000        1.4999
-0.66900        0.25000        1.5021
-0.66700        0.25000        1.5044
-0.66500        0.25000        1.5066
-0.66300        0.25000        1.5089
-0.66100        0.25000        1.5112
-0.65900        0.25000        1.5134
-0.65700        0.25000        1.5157
-0.65500        0.25000        1.5179
-0.65300        0.25000        1.5202
-0.65100        0.25000        1.5225
-0.64900        0.25000        1.5248
-0.64700        0.25000        1.5271
-0.64500        0.25000        1.5293
-0.64300        0.25000        1.5316
-0.64100        0.25000        1.5339
-0.63900        0.25000        1.5362
-0.63700        0.25000        1.5385
-0.63500        0.25000        1.5408
-0.63300        0.25000        1.5431
-0.63100        0.25000        1.5454
-0.62900        0.25000        1.5478
-0.62700        0.25000        1.5501
-0.62500        0.25000        1.5524
-0.62300        0.25000        1.5547
-0.62100        0.25000        1.5570
-0.61900        0.25000        1.5594
-0.61700        0.25000        1.5617
-0.61500        0.25000        1.5640
-0.61300        0.25000        1.5664
-0.61100        0.25000        1.5687
-0.60900        0.25000        1.5711
-0.60700        0.25000        1.5734
-0.60500        0.25000        1.5758
-0.60300        0.25000        1.5781
-0.60100        0.25000        1.5805
-0.59900        0.25000        1.5829
-0.59700        0.25000        1.5852
-0.59500        0.25000        1.5876
-0.59300        0.25000        1.5900
-0.59100        0.25000        1.5924
-0.58900        0.25000        1.5947
-0.58700        0.25000        1.5971
-0.58500        0.25000        1.5995
-0.58300        0.25000        1.6019
-0.58100        0.25000        1.6043
-0.57900        0.25000        1.6067
-0.57700        0.25000        1.6091
-0.57500        0.25000        1.6115
-0.57300        0.25000        1.6139
-0.57100        0.25000        1.6163
-0.56900        0.25000        1.6187
-0.56700        0.25000        1.6211
-0.56500        0.25000        1.6235
-0.56300        0.25000        1.6259
-0.56100        0.25000        1.6283
-0.55900        0.25000        1.6308
-0.55700        0.25000        1.6332
-0.55500        0.25000        1.6356
-0.55300        0.25000        1.6380
-0.55100        0.25000        1.6405
-0.54900        0.25000        1.6429
-0.54700        0.25000        1.6453
-0.54500        0.25000        1.6478
-0.54300        0.25000        1.6502
-0.54100        0.25000        1.6527
-0.53900        0.25000        1.6551
-0.53700        0.25000        1.6575
-0.53500        0.25000        1.6600
-0.53300        0.25000        1.6624
-0.53100        0.25000        1.6649
-0.52900        0.25000        1.6673
-0.52700        0.25000        1.6698
-0.52500        0.25000        1.6723
-0.52300        0.25000        1.6747
-0.52100        0.25000        1.6772
-0.51900        0.25000        1.6796
-0.51700        0.25000        1.6821
-0.51500        0.25000        1.6846
-0.51300        0.25000        1.6870
-0.51100        0.25000        1.6895
-0.50900        0.25000        1.6920
-0.50700        0.25000        1.6945
-0.50500        0.25000        1.6969
-0.50300        0.25000        1.6994
-0.50100        0.25000        1.7019
-0.49900        0.25000        1.7044
-0.49700        0.25000        1.7068
-0.49500        0.25000        1.7093
-0.49300        0.25000        1.7118
-0.49100        0.25000        1.7143
-0.48900        0.25000        1.7168
-0.48700        0.25000        1.7193
-0.48500        0.25000        1.7217
-0.48300        0.25000        1.7242
-0.48100        0.25000        1.7267
-0.47900        0.25000        1.7292
-0.47700        0.25000        1.7317
-0.47500        0.25000        1.7342
-0.47300        0.25000        1.7367
-0.47100        0.25000        1.7392
-0.46900        0.25000        1.7416
-0.46700        0.25000        1.7441
-0.46500        0.25000        1.7466
-0.46300        0.25000        1.7491
-0.46100        0.25000        1.7516
-0.45900        0.25000        1.7541
-0.45700        0.25000        1.7566
-0.45500        0.25000        1.7591
-0.45300        0.25000        1.7616
-0.45100        0.25000        1.7641
-0.44900        0.25000        1.7665
-0.44700        0.25000        1.7690
-0.44500        0.25000        1.7715
-0.44300        0.25000        1.7740
-0.44100        0.25000        1.7765
-0.43900        0.25000        1.7790
-0.43700        0.25000        1.7815
-0.43500        0.25000        1.7839
-0.43300        0.25000        1.7864
-0.43100        0.25000        1.7889
-0.42900        0.25000        1.7914
-0.42700        0.25000        1.7939
-0.42500        0.25000        1.7964
-0.42300        0.25000        1.7988
-0.42100        0.25000        1.8013
-0.41900        0.25000        1.8038
-0.41700        0.25000        1.8063
-0.41500        0.25000        1.8087
-0.41300        0.25000        1.8112
-0.41100        0.25000        1.8137
-0.40900        0.25000        1.8161
-0.40700        0.25000        1.8186
-0.40500        0.25000        1.8210
-0.40300        0.25000        1.8235
-0.40100        0.25000        1.8260
-0.39900        0.25000        1.8284
-0.39700        0.25000        1.8309
-0.39500        0.25000        1.8333
-0.39300        0.25000        1.8358
-0.39100        0.25000        1.8382
-0.38900        0.25000        1.8406
-0.38700        0.25000        1.8431
-0.38500        0.25000        1.8455
-0.38300        0.25000        1.8480
-0.38100        0.25000        1.8504
-0.37900        0.25000        1.8528
-0.37700        0.25000        1.8552
-0.37500        0.25000        1.8576
-0.37300        0.25000        1.8601
-0.37100        0.25000        1.8625
-0.36900        0.25000        1.8649
-0.36700        0.25000        1.8673
-0.36500        0.25000        1.8697
-0.36300        0.25000        1.8721
-0.36100        0.25000        1.8745
-0.35900        0.25000        1.8769
-0.35700        0.25000        1.8792
-0.35500        0.25000        1.8816
-0.35300        0.25000        1.8840
-0.35100        0.25000        1.8864
-0.34900        0.25000        1.8887
-0.34700        0.25000        1.8911
-0.34500        0.25000        1.8934
-0.34300        0.25000        1.8958
-0.34100        0.25000        1.8981
-0.33900        0.25000        1.9005
-0.33700        0.25000        1.9028
-0.33500        0.25000        1.9051
-0.33300        0.25000        1.9075
-0.33100        0.25000        1.9098
-0.32900        0.25000        1.9121
-0.32700        0.25000        1.9144
-0.32500        0.25000        1.9167
-0.32300        0.25000        1.9190
-0.32100        0.25000        1.9213
-0.31900        0.25000        1.9235
-0.31700        0.25000        1.9258
-0.31500        0.25000        1.9281
-0.31300        0.25000        1.9304
-0.31100        0.25000        1.9326
-0.30900        0.25000        1.9349
-0.30700        0.25000        1.9371
-0.30500        0.25000        1.9393
-0.30300        0.25000        1.9415
-0.30100        0.25000        1.9438
-0.29900        0.25000        1.9460
-0.29700        0.25000        1.9482
-0.29500        0.25000        1.9504
-0.29300        0.25000        1.9526
-0.29100        0.25000        1.9547
-0.28900        0.25000        1.9569
-0.28700        0.25000        1.9591
-0.28500        0.25000        1.9612
-0.28300        0.25000        1.9634
-0.28100        0.25000        1.9655
-0.27900        0.25000        1.9677
-0.27700        0.25000        1.9698
-0.27500        0.25000        1.9719
-0.27300        0.25000        1.9740
-0.27100        0.25000        1.9761
-0.26900        0.25000        1.9782
-0.26700        0.25000        1.9802
-0.26500        0.25000        1.9823
-0.26300        0.25000        1.9844
-0.26100        0.25000        1.9864
-0.25900        0.25000        1.9885
-0.25700        0.25000        1.9905
-0.25500        0.25000        1.9925
-0.25300        0.25000        1.9945
-0.25100        0.25000        1.9965
-0.24900        0.25000        1.9985
-0.24700        0.25000        2.0005
-0.24500        0.25000        2.0024
-0.24300        0.25000        2.0044
-0.24100        0.25000        2.0064
-0.23900        0.25000        2.0083
-0.23700        0.25000        2.0102
-0.23500        0.25000        2.0121
-0.23300        0.25000        2.0140
-0.23100        0.25000        2.0159
-0.22900        0.25000        2.0178
-0.22700        0.25000        2.0197
-0.22500        0.25000        2.0215
-0.22300        0.25000        2.0234
-0.22100        0.25000        2.0252
-0.21900        0.25000        2.0270
-0.21700        0.25000        2.0288
-0.21500        0.25000        2.0306
-0.21300        0.25000        2.0324
-0.21100        0.25000        2.0342
-0.20900        0.25000        2.0360
-0.20700        0.25000        2.0377
-0.20500        0.25000        2.0394
-0.20300        0.25000        2.0412
-0.20100        0.25000        2.0429
-0.19900        0.25000        2.0446
-0.19700        0.25000        2.0462
-0.19500        0.25000        2.0479
-0.19300        0.25000        2.0496
-0.19100        0.25000        2.0512
-0.18900        0.25000        2.0529
-0.18700        0.25000        2.0545
-0.18500        0.25000        2.0561
-0.18300        0.25000        2.0577
-0.18100        0.25000        2.0592
-0.17900        0.25000        2.0608
-0.17700        0.25000        2.0623
-0.17500        0.25000        2.0639
-0.17300        0.25000        2.0654
-0.17100        0.25000        2.0669
-0.16900        0.25000        2.0684
-0.16700        0.25000        2.0699
-0.16500        0.25000        2.0713
-0.16300        0.25000        2.0728
-0.16100        0.25000        2.0742
-0.15900        0.25000        2.0756
-0.15700        0.25000        2.0770
-0.15500        0.25000        2.0784
-0.15300        0.25000        2.0798
-0.15100        0.25000        2.0811
-0.14900        0.25000        2.0825
-0.14700        0.25000        2.0838
-0.14500        0.25000        2.0851
-0.14300        0.25000        2.0864
-0.14100        0.25000        2.0877
-0.13900        0.25000        2.0889
-0.13700        0.25000        2.0902
-0.13500        0.25000        2.0914
-0.13300        0.25000        2.0926
-0.13100        0.25000        2.0938
-0.12900        0.25000        2.0950
-0.12700        0.25000        2.0962
-0.12500        0.25000        2.0973
-0.12300        0.25000        2.0984
-0.12100        0.25000        2.0996
-0.11900        0.25000        2.1006
-0.11700        0.25000        2.1017
-0.11500        0.25000        2.1028
-0.11300        0.25000        2.1038
-0.11100        0.25000        2.1049
-0.10900        0.25000        2.1059
-0.10700        0.25000        2.1069
-0.10500        0.25000        2.1079
-0.10300        0.25000        2.1088
-0.10100        0.25000        2.1098
-0.099000       0.25000        2.1107
-0.097000       0.25000        2.1116
-0.095000       0.25000        2.1125
-0.093000       0.25000        2.1134
-0.091000       0.25000        2.1142
-0.089000       0.25000        2.1151
-0.087000       0.25000        2.1159
-0.085000       0.25000        2.1167
-0.083000       0.25000        2.1175
-0.081000       0.25000        2.1182
-0.079000       0.25000        2.1190
-0.077000       0.25000        2.1197
-0.075000       0.25000        2.1204
-0.073000       0.25000        2.1211
-0.071000       0.25000        2.1218
-0.069000       0.25000        2.1225
-0.067000       0.25000        2.1231
-0.065000       0.25000        2.1237
-0.063000       0.25000        2.1243
-0.061000       0.25000        2.1249
-0.059000       0.25000        2.1255
-0.057000       0.25000        2.1260
-0.055000       0.25000        2.1266
-0.053000       0.25000        2.1271
-0.051000       0.25000        2.1276
-0.049000       0.25000        2.1280
-0.047000       0.25000        2.1285
-0.045000       0.25000        2.1289
-0.043000       0.25000        2.1294
-0.041000       0.25000        2.1298
-0.039000       0.25000        2.1301
-0.037000       0.25000        2.1305
-0.035000       0.25000        2.1308
-0.033000       0.25000        2.1312
-0.031000       0.25000        2.1315
-0.029000       0.25000        2.1318
-0.027000       0.25000        2.1320
-0.025000       0.25000        2.1323
-0.023000       0.25000        2.1325
-0.021000       0.25000        2.1327
-0.019000       0.25000        2.1329
-0.017000       0.25000        2.1331
-0.015000       0.25000        2.1332
-0.013000       0.25000        2.1334
-0.011000       0.25000        2.1335
-0.0090000      0.25000        2.1336
-0.0070000      0.25000        2.1336
-0.0050000      0.25000        2.1337
-0.0030000      0.25000        2.1337
-0.0010000      0.25000        2.1338
0.0010000       0.25000        2.1338
0.0030000       0.25000        2.1337
0.0050000       0.25000        2.1337
0.0070000       0.25000        2.1336
0.0090000       0.25000        2.1336
0.011000        0.25000        2.1335
0.013000        0.25000        2.1334
0.015000        0.25000        2.1332
0.017000        0.25000        2.1331
0.019000        0.25000        2.1329
0.021000        0.25000        2.1327
0.023000        0.25000        2.1325
0.025000        0.25000        2.1323
0.027000        0.25000        2.1320
0.029000        0.25000        2.1318
0.031000        0.25000        2.1315
0.033000        0.25000        2.1312
0.035000        0.25000        2.1308
0.037000        0.25000        2.1305
0.039000        0.25000        2.1301
0.041000        0.25000        2.1298
0.043000        0.25000        2.1294
0.045000        0.25000        2.1289
0.047000        0.25000        2.1285
0.049000        0.25000        2.1280
0.051000        0.25000        2.1276
0.053000        0.25000        2.1271
0.055000        0.25000        2.1266
0.057000        0.25000        2.1260
0.059000        0.25000        2.1255
0.061000        0.25000        2.1249
0.063000        0.25000        2.1243
0.065000        0.25000        2.1237
0.067000        0.25000        2.1231
0.069000        0.25000        2.1225
0.071000        0.25000        2.1218
0.073000        0.25000        2.1211
0.075000        0.25000        2.1204
0.077000        0.25000        2.1197
0.079000        0.25000        2.1190
0.081000        0.25000        2.1182
0.083000        0.25000        2.1175
0.085000        0.25000        2.1167
0.087000        0.25000        2.1159
0.089000        0.25000        2.1151
0.091000        0.25000        2.1142
0.093000        0.25000        2.1134
0.095000        0.25000        2.1125
0.097000        0.25000        2.1116
0.099000        0.25000        2.1107
0.10100         0.25000        2.1098
0.10300         0.25000        2.1088
0.10500         0.25000        2.1079
0.10700         0.25000        2.1069
0.10900         0.25000        2.1059
0.11100         0.25000        2.1049
0.11300         0.25000        2.1038
0.11500         0.25000        2.1028
0.11700         0.25000        2.1017
0.11900         0.25000        2.1006
0.12100         0.25000        2.0996
0.12300         0.25000        2.0984
0.12500         0.25000        2.0973
0.12700         0.25000        2.0962
0.12900         0.25000        2.0950
0.13100         0.25000        2.0938
0.13300         0.25000        2.0926
0.13500         0.25000        2.0914
0.13700         0.25000        2.0902
0.13900         0.25000        2.0889
0.14100         0.25000        2.0877
0.14300         0.25000        2.0864
0.14500         0.25000        2.0851
0.14700         0.25000        2.0838
0.14900         0.25000        2.0825
0.15100         0.25000        2.0811
0.15300         0.25000        2.0798
0.15500         0.25000        2.0784
0.15700         0.25000        2.0770
0.15900         0.25000        2.0756
0.16100         0.25000        2.0742
0.16300         0.25000        2.0728
0.16500         0.25000        2.0713
0.16700         0.25000        2.0699
0.16900         0.25000        2.0684
0.17100         0.25000        2.0669
0.17300         0.25000        2.0654
0.17500         0.25000        2.0639
0.17700         0.25000        2.0623
0.17900         0.25000        2.0608
0.18100         0.25000        2.0592
0.18300         0.25000        2.0577
0.18500         0.25000        2.0561
0.18700         0.25000        2.0545
0.18900         0.25000        2.0529
0.19100         0.25000        2.0512
0.19300         0.25000        2.0496
0.19500         0.25000        2.0479
0.19700         0.25000        2.0462
0.19900         0.25000        2.0446
0.20100         0.25000        2.0429
0.20300         0.25000        2.0412
0.20500         0.25000        2.0394
0.20700         0.25000        2.0377
0.20900         0.25000        2.0360
0.21100         0.25000        2.0342
0.21300         0.25000        2.0324
0.21500         0.25000        2.0306
0.21700         0.25000        2.0288
0.21900         0.25000        2.0270
0.22100         0.25000        2.0252
0.22300         0.25000        2.0234
0.22500         0.25000        2.0215
0.22700         0.25000        2.0197
0.22900         0.25000        2.0178
0.23100         0.25000        2.0159
0.23300         0.25000        2.0140
0.23500         0.25000        2.0121
0.23700         0.25000        2.0102
0.23900         0.25000        2.0083
0.24100         0.25000        2.0064
0.24300         0.25000        2.0044
0.24500         0.25000        2.0024
0.24700         0.25000        2.0005
0.24900         0.25000        1.9985
0.25100         0.25000        1.9965
0.25300         0.25000        1.9945
0.25500         0.25000        1.9925
0.25700         0.25000        1.9905
0.25900         0.25000        1.9885
0.26100         0.25000        1.9864
0.26300         0.25000        1.9844
0.26500         0.25000        1.9823
0.26700         0.25000        1.9802
0.26900         0.25000        1.9782
0.27100         0.25000        1.9761
0.27300         0.25000        1.9740
0.27500         0.25000        1.9719
0.27700         0.25000        1.9698
0.27900         0.25000        1.9677
0.28100         0.25000        1.9655
0.28300         0.25000        1.9634
0.28500         0.25000        1.9612
0.28700         0.25000        1.9591
0.28900         0.25000        1.9569
0.29100         0.25000        1.9547
0.29300         0.25000        1.9526
0.29500         0.25000        1.9504
0.29700         0.25000        1.9482
0.29900         0.25000        1.9460
0.30100         0.25000        1.9438
0.30300         0.25000        1.9415
0.30500         0.25000        1.9393
0.30700         0.25000        1.9371
0.30900         0.25000        1.9349
0.31100         0.25000        1.9326
0.31300         0.25000        1.9304
0.31500         0.25000        1.9281
0.31700         0.25000        1.9258
0.31900         0.25000        1.9235
0.32100         0.25000        1.9213
0.32300         0.25000        1.9190
0.32500         0.25000        1.9167
0.32700         0.25000        1.9144
0.32900         0.25000        1.9121
0.33100         0.25000        1.9098
0.33300         0.25000        1.9075
0.33500         0.25000        1.9051
0.33700         0.25000        1.9028
0.33900         0.25000        1.9005
0.34100         0.25000        1.8981
0.34300         0.25000        1.8958
0.34500         0.25000        1.8934
0.34700         0.25000        1.8911
0.34900         0.25000        1.8887
0.35100         0.25000        1.8864
0.35300         0.25000        1.8840
0.35500         0.25000        1.8816
0.35700         0.25000        1.8792
0.35900         0.25000        1.8769
0.36100         0.25000        1.8745
0.36300         0.25000        1.8721
0.36500         0.25000        1.8697
0.36700         0.25000        1.8673
0.36900         0.25000        1.8649
0.37100         0.25000        1.8625
0.37300         0.25000        1.8601
0.37500         0.25000        1.8576
0.37700         0.25000        1.8552
0.37900         0.25000        1.8528
0.38100         0.25000        1.8504
0.38300         0.25000        1.8480
0.38500         0.25000        1.8455
0.38700         0.25000        1.8431
0.38900         0.25000        1.8406
0.39100         0.25000        1.8382
0.39300         0.25000        1.8358
0.39500         0.25000        1.8333
0.39700         0.25000        1.8309
0.39900         0.25000        1.8284
0.40100         0.25000        1.8260
0.40300         0.25000        1.8235
0.40500         0.25000        1.8210
0.40700         0.25000        1.8186
0.40900         0.25000        1.8161
0.41100         0.25000        1.8137
0.41300         0.25000        1.8112
0.41500         0.25000        1.8087
0.41700         0.25000        1.8063
0.41900         0.25000        1.8038
0.42100         0.25000        1.8013
0.42300         0.25000        1.7988
0.42500         0.25000        1.7964
0.42700         0.25000        1.7939
0.42900         0.25000        1.7914
0.43100         0.25000        1.7889
0.43300         0.25000        1.7864
0.43500         0.25000        1.7839
0.43700         0.25000        1.7815
0.43900         0.25000        1.7790
0.44100         0.25000        1.7765
0.44300         0.25000        1.7740
0.44500         0.25000        1.7715
0.44700         0.25000        1.7690
0.44900         0.25000        1.7665
0.45100         0.25000        1.7641
0.45300         0.25000        1.7616
0.45500         0.25000        1.7591
0.45700         0.25000        1.7566
0.45900         0.25000        1.7541
0.46100         0.25000        1.7516
0.46300         0.25000        1.7491
0.46500         0.25000        1.7466
0.46700         0.25000        1.7441
0.46900         0.25000        1.7416
0.47100         0.25000        1.7392
0.47300         0.25000        1.7367
0.47500         0.25000        1.7342
0.47700         0.25000        1.7317
0.47900         0.25000        1.7292
0.48100         0.25000        1.7267
0.48300         0.25000        1.7242
0.48500         0.25000        1.7217
0.48700         0.25000        1.7193
0.48900         0.25000        1.7168
0.49100         0.25000        1.7143
0.49300         0.25000        1.7118
0.49500         0.25000        1.7093
0.49700         0.25000        1.7068
0.49900         0.25000        1.7044
0.50100         0.25000        1.7019
0.50300         0.25000        1.6994
0.50500         0.25000        1.6969
0.50700         0.25000        1.6945
0.50900         0.25000        1.6920
0.51100         0.25000        1.6895
0.51300         0.25000        1.6870
0.51500         0.25000        1.6846
0.51700         0.25000        1.6821
0.51900         0.25000        1.6796
0.52100         0.25000        1.6772
0.52300         0.25000        1.6747
0.52500         0.25000        1.6723
0.52700         0.25000        1.6698
0.52900         0.25000        1.6673
0.53100         0.25000        1.6649
0.53300         0.25000        1.6624
0.53500         0.25000        1.6600
0.53700         0.25000        1.6575
0.53900         0.25000        1.6551
0.54100         0.25000        1.6527
0.54300         0.25000        1.6502
0.54500         0.25000        1.6478
0.54700         0.25000        1.6453
0.54900         0.25000        1.6429
0.55100         0.25000        1.6405
0.55300         0.25000        1.6380
0.55500         0.25000        1.6356
0.55700         0.25000        1.6332
0.55900         0.25000        1.6308
0.56100         0.25000        1.6283
0.56300         0.25000        1.6259
0.56500         0.25000        1.6235
0.56700         0.25000        1.6211
0.56900         0.25000        1.6187
0.57100         0.25000        1.6163
0.57300         0.25000        1.6139
0.57500         0.25000        1.6115
0.57700         0.25000        1.6091
0.57900         0.25000        1.6067
0.58100         0.25000        1.6043
0.58300         0.25000        1.6019
0.58500         0.25000        1.5995
0.58700         0.25000        1.5971
0.58900         0.25000        1.5947
0.59100         0.25000        1.5924
0.59300         0.25000        1.5900
0.59500         0.25000        1.5876
0.59700         0.25000        1.5852
0.59900         0.25000        1.5829
0.60100         0.25000        1.5805
0.60300         0.25000        1.5781
0.60500         0.25000        1.5758
0.60700         0.25000        1.5734
0.60900         0.25000        1.5711
0.61100         0.25000        1.5687
0.61300         0.25000        1.5664
0.61500         0.25000        1.5640
0.61700         0.25000        1.5617
0.61900         0.25000        1.5594
0.62100         0.25000        1.5570
0.62300         0.25000        1.5547
0.62500         0.25000        1.5524
0.62700         0.25000        1.5501
0.62900         0.25000        1.5478
0.63100         0.25000        1.5454
0.63300         0.25000        1.5431
0.63500         0.25000        1.5408
0.63700         0.25000        1.5385
0.63900         0.25000        1.5362
0.64100         0.25000        1.5339
0.64300         0.25000        1.5316
0.64500         0.25000        1.5293
0.64700         0.25000        1.5271
0.64900         0.25000        1.5248
0.65100         0.25000        1.5225
0.65300         0.25000        1.5202
0.65500         0.25000        1.5179
0.65700         0.25000        1.5157
0.65900         0.25000        1.5134
0.66100         0.25000        1.5112
0.66300         0.25000        1.5089
0.66500         0.25000        1.5066
0.66700         0.25000        1.5044
0.66900         0.25000        1.5021
0.67100         0.25000        1.4999
0.67300         0.25000        1.4977
0.67500         0.25000        1.4954
0.67700         0.25000        1.4932
0.67900         0.25000        1.4910
0.68100         0.25000        1.4887
0.68300         0.25000        1.4865
0.68500         0.25000        1.4843
0.68700         0.25000        1.4821
0.68900         0.25000        1.4799
0.69100         0.25000        1.4777
0.69300         0.25000        1.4755
0.69500         0.25000        1.4733
0.69700         0.25000        1.4711
0.69900         0.25000        1.4689
0.70100         0.25000        1.4667
0.70300         0.25000        1.4645
0.70500         0.25000        1.4623
0.70700         0.25000        1.4602
0.70900         0.25000        1.4580
0.71100         0.25000        1.4558
0.71300         0.25000        1.4537
0.71500         0.25000        1.4515
0.71700         0.25000        1.4493
0.71900         0.25000        1.4472
0.72100         0.25000        1.4450
0.72300         0.25000        1.4429
0.72500         0.25000        1.4408
0.72700         0.25000        1.4386
0.72900         0.25000        1.4365
0.73100         0.25000        1.4344
0.73300         0.25000        1.4322
0.73500         0.25000        1.4301
0.73700         0.25000        1.4280
0.73900         0.25000        1.4259
0.74100         0.25000        1.4238
0.74300         0.25000        1.4216
0.74500         0.25000        1.4195
0.74700         0.25000        1.4174
0.74900         0.25000        1.4153
0.75100         0.25000        1.4133
0.75300         0.25000        1.4112
0.75500         0.25000        1.4091
0.75700         0.25000        1.4070
0.75900         0.25000        1.4049
0.76100         0.25000        1.4028
0.76300         0.25000        1.4008
0.76500         0.25000        1.3987
0.76700         0.25000        1.3966
0.76900         0.25000        1.3946
0.77100         0.25000        1.3925
0.77300         0.25000        1.3905
0.77500         0.25000        1.3884
0.77700         0.25000        1.3864
0.77900         0.25000        1.3843
0.78100         0.25000        1.3823
0.78300         0.25000        1.3802
0.78500         0.25000        1.3782
0.78700         0.25000        1.3762
0.78900         0.25000        1.3742
0.79100         0.25000        1.3721
0.79300         0.25000        1.3701
0.79500         0.25000        1.3681
0.79700         0.25000        1.3661
0.79900         0.25000        1.3641
0.80100         0.25000        1.3621
0.80300         0.25000        1.3601
0.80500         0.25000        1.3581
0.80700         0.25000        1.3561
0.80900         0.25000        1.3541
0.81100         0.25000        1.3521
0.81300         0.25000        1.3501
0.81500         0.25000        1.3482
0.81700         0.25000        1.3462
0.81900         0.25000        1.3442
0.82100         0.25000        1.3422
0.82300         0.25000        1.3403
0.82500         0.25000        1.3383
0.82700         0.25000        1.3364
0.82900         0.25000        1.3344
0.83100         0.25000        1.3324
0.83300         0.25000        1.3305
0.83500         0.25000        1.3286
0.83700         0.25000        1.3266
0.83900         0.25000        1.3247
0.84100         0.25000        1.3227
0.84300         0.25000        1.3208
0.84500         0.25000        1.3189
0.84700         0.25000        1.3169
0.84900         0.25000        1.3150
0.85100         0.25000        1.3131
0.85300         0.25000        1.3112
0.85500         0.25000        1.3093
0.85700         0.25000        1.3074
0.85900         0.25000        1.3055
0.86100         0.25000        1.3036
0.86300         0.25000        1.3017
0.86500         0.25000        1.2998
0.86700         0.25000        1.2979
0.86900         0.25000        1.2960
0.87100         0.25000        1.2941
0.87300         0.25000        1.2922
0.87500         0.25000        1.2903
0.87700         0.25000        1.2884
0.87900         0.25000        1.2866
0.88100         0.25000        1.2847
0.88300         0.25000        1.2828
0.88500         0.25000        1.2810
0.88700         0.25000        1.2791
0.88900         0.25000        1.2772
0.89100         0.25000        1.2754
0.89300         0.25000        1.2735
0.89500         0.25000        1.2717
0.89700         0.25000        1.2698
0.89900         0.25000        1.2680
0.90100         0.25000        1.2661
0.90300         0.25000        1.2643
0.90500         0.25000        1.2625
0.90700         0.25000        1.2606
0.90900         0.25000        1.2588
0.91100         0.25000        1.2570
0.91300         0.25000        1.2551
0.91500         0.25000        1.2533
0.91700         0.25000        1.2515
0.91900         0.25000        1.2497
0.92100         0.25000        1.2479
0.92300         0.25000        1.2461
0.92500         0.25000        1.2442
0.92700         0.25000        1.2424
0.92900         0.25000        1.2406
0.93100         0.25000        1.2388
0.93300         0.25000        1.2370
0.93500         0.25000        1.2352
0.93700         0.25000        1.2334
0.93900         0.25000        1.2317
0.94100         0.25000        1.2299
0.94300         0.25000        1.2281
0.94500         0.25000        1.2263
0.94700         0.25000        1.2245
0.94900         0.25000        1.2227
0.95100         0.25000        1.2210
0.95300         0.25000        1.2192
0.95500         0.25000        1.2174
0.95700         0.25000        1.2157
0.95900         0.25000        1.2139
0.96100         0.25000        1.2121
0.96300         0.25000        1.2104
0.96500         0.25000        1.2086
0.96700         0.25000        1.2069
0.96900         0.25000        1.2051
0.97100         0.25000        1.2034
0.97300         0.25000        1.2016
0.97500         0.25000        1.1999
0.97700         0.25000        1.1981
0.97900         0.25000        1.1964
0.98100         0.25000        1.1947
0.98300         0.25000        1.1929
0.98500         0.25000        1.1912
0.98700         0.25000        1.1895
0.98900         0.25000        1.1877
0.99100         0.25000        1.1860
0.99300         0.25000        1.1843
0.99500         0.25000        1.1826
0.99700         0.25000        1.1809
0.99900         0.25000        1.1791
1.0010          0.25000        1.1774
1.0030          0.25000        1.1757
1.0050          0.25000        1.1740
1.0070          0.25000        1.1723
1.0090          0.25000        1.1706
1.0110          0.25000        1.1689
1.0130          0.25000        1.1672
1.0150          0.25000        1.1655
1.0170          0.25000        1.1638
1.0190          0.25000        1.1621
1.0210          0.25000        1.1604
1.0230          0.25000        1.1587
1.0250          0.25000        1.1571
1.0270          0.25000        1.1554
1.0290          0.25000        1.1537
1.0310          0.25000        1.1520
1.0330          0.25000        1.1503
1.0350          0.25000        1.1487
1.0370          0.25000        1.1470
1.0390          0.25000        1.1453
1.0410          0.25000        1.1436
1.0430          0.25000        1.1420
1.0450          0.25000        1.1403
1.0470          0.25000        1.1386
1.0490          0.25000        1.1370
1.0510          0.25000        1.1353
1.0530          0.25000        1.1337
1.0550          0.25000        1.1320
1.0570          0.25000        1.1304
1.0590          0.25000        1.1287
1.0610          0.25000        1.1271
1.0630          0.25000        1.1254
1.0650          0.25000        1.1238
1.0670          0.25000        1.1221
1.0690          0.25000        1.1205
1.0710          0.25000        1.1188
1.0730          0.25000        1.1172
1.0750          0.25000        1.1156
1.0770          0.25000        1.1139
1.0790          0.25000        1.1123
1.0810          0.25000        1.1107
1.0830          0.25000        1.1090
1.0850          0.25000        1.1074
1.0870          0.25000        1.1058
1.0890          0.25000        1.1042
1.0910          0.25000        1.1026
1.0930          0.25000        1.1009
1.0950          0.25000        1.0993
1.0970          0.25000        1.0977
1.0990          0.25000        1.0961
1.1010          0.25000        1.0945
1.1030          0.25000        1.0929
1.1050          0.25000        1.0913
1.1070          0.25000        1.0897
1.1090          0.25000        1.0881
1.1110          0.25000        1.0865
1.1130          0.25000        1.0849
1.1150          0.25000        1.0833
1.1170          0.25000        1.0817
1.1190          0.25000        1.0801
1.1210          0.25000        1.0785
1.1230          0.25000        1.0769
1.1250          0.25000        1.0753
1.1270          0.25000        1.0737
1.1290          0.25000        1.0721
1.1310          0.25000        1.0705
1.1330          0.25000        1.0689
1.1350          0.25000        1.0674
1.1370          0.25000        1.0658
1.1390          0.25000        1.0642
1.1410          0.25000        1.0626
1.1430          0.25000        1.0611
1.1450          0.25000        1.0595
1.1470          0.25000        1.0579
1.1490          0.25000        1.0563
1.1510          0.25000        1.0548
1.1530          0.25000        1.0532
1.1550          0.25000        1.0516
1.1570          0.25000        1.0501
1.1590          0.25000        1.0485
1.1610          0.25000        1.0470
1.1630          0.25000        1.0454
1.1650          0.25000        1.0438
1.1670          0.25000        1.0423
1.1690          0.25000        1.0407
1.1710          0.25000        1.0392
1.1730          0.25000        1.0376
1.1750          0.25000        1.0361
1.1770          0.25000        1.0345
1.1790          0.25000        1.0330
1.1810          0.25000        1.0314
1.1830          0.25000        1.0299
1.1850          0.25000        1.0284
1.1870          0.25000        1.0268
1.1890          0.25000        1.0253
1.1910          0.25000        1.0238
1.1930          0.25000        1.0222
1.1950          0.25000        1.0207
1.1970          0.25000        1.0192
1.1990          0.25000        1.0176
1.2010          0.25000        1.0161
1.2030          0.25000        1.0146
1.2050          0.25000        1.0130
1.2070          0.25000        1.0115
1.2090          0.25000        1.0100
1.2110          0.25000        1.0085
1.2130          0.25000        1.0070
1.2150          0.25000        1.0054
1.2170          0.25000        1.0039
1.2190          0.25000        1.0024
1.2210          0.25000        1.0009
1.2230          0.25000        0.99938
1.2250          0.25000        0.99787
1.2270          0.25000        0.99636
1.2290          0.25000        0.99485
1.2310          0.25000        0.99335
1.2330          0.25000        0.99184
1.2350          0.25000        0.99034
1.2370          0.25000        0.98884
1.2390          0.25000        0.98734
1.2410          0.25000        0.98584
1.2430          0.25000        0.98434
1.2450          0.25000        0.98284
1.2470          0.25000        0.98135
1.2490          0.25000        0.97986
1.2510          0.25000        0.97836
1.2530          0.25000        0.97687
1.2550          0.25000        0.97538
1.2570          0.25000        0.97390
1.2590          0.25000        0.97241
1.2610          0.25000        0.97093
1.2630          0.25000        0.96944
1.2650          0.25000        0.96796
1.2670          0.25000        0.96648
1.2690          0.25000        0.96500
1.2710          0.25000        0.96352
1.2730          0.25000        0.96205
1.2750          0.25000        0.96057
1.2770          0.25000        0.95910
1.2790          0.25000        0.95763
1.2810          0.25000        0.95616
1.2830          0.25000        0.95469
1.2850          0.25000        0.95322
1.2870          0.25000        0.95175
1.2890          0.25000        0.95029
1.2910          0.25000        0.94883
1.2930          0.25000        0.94736
1.2950          0.25000        0.94590
1.2970          0.25000        0.94444
1.2990          0.25000        0.94299
1.3010          0.25000        0.94153
1.3030          0.25000        0.94007
1.3050          0.25000        0.93862
1.3070          0.25000        0.93717
1.3090          0.25000        0.93572
1.3110          0.25000        0.93427
1.3130          0.25000        0.93282
1.3150          0.25000        0.93137
1.3170          0.25000        0.92992
1.3190          0.25000        0.92848
1.3210          0.25000        0.92704
1.3230          0.25000        0.92560
1.3250          0.25000        0.92416
1.3270          0.25000        0.92272
1.3290          0.25000        0.92128
1.3310          0.25000        0.91984
1.3330          0.25000        0.91841
1.3350          0.25000        0.91697
1.3370          0.25000        0.91554
1.3390          0.25000        0.91411
1.3410          0.25000        0.91268
1.3430          0.25000        0.91125
1.3450          0.25000        0.90983
1.3470          0.25000        0.90840
1.3490          0.25000        0.90698
1.3510          0.25000        0.90556
1.3530          0.25000        0.90413
1.3550          0.25000        0.90271
1.3570          0.25000        0.90130
1.3590          0.25000        0.89988
1.3610          0.25000        0.89846
1.3630          0.25000        0.89705
1.3650          0.25000        0.89564
1.3670          0.25000        0.89422
1.3690          0.25000        0.89281
1.3710          0.25000        0.89140
1.3730          0.25000        0.89000
1.3750          0.25000        0.88859
1.3770          0.25000        0.88719
1.3790          0.25000        0.88578
1.3810          0.25000        0.88438
1.3830          0.25000        0.88298
1.3850          0.25000        0.88158
1.3870          0.25000        0.88018
1.3890          0.25000        0.87878
1.3910          0.25000        0.87739
1.3930          0.25000        0.87599
1.3950          0.25000        0.87460
1.3970          0.25000        0.87321
1.3990          0.25000        0.87182
1.4010          0.25000        0.87043
1.4030          0.25000        0.86904
1.4050          0.25000        0.86766
1.4070          0.25000        0.86627
1.4090          0.25000        0.86489
1.4110          0.25000        0.86351
1.4130          0.25000        0.86213
1.4150          0.25000        0.86075
1.4170          0.25000        0.85937
1.4190          0.25000        0.85799
1.4210          0.25000        0.85662
1.4230          0.25000        0.85524
1.4250          0.25000        0.85387
1.4270          0.25000        0.85250
1.4290          0.25000        0.85113
1.4310          0.25000        0.84976
1.4330          0.25000        0.84839
1.4350          0.25000        0.84703
1.4370          0.25000        0.84566
1.4390          0.25000        0.84430
1.4410          0.25000        0.84294
1.4430          0.25000        0.84158
1.4450          0.25000        0.84022
1.4470          0.25000        0.83886
1.4490          0.25000        0.83750
1.4510          0.25000        0.83615
1.4530          0.25000        0.83480
1.4550          0.25000        0.83344
1.4570          0.25000        0.83209
1.4590          0.25000        0.83074
1.4610          0.25000        0.82940
1.4630          0.25000        0.82805
1.4650          0.25000        0.82670
1.4670          0.25000        0.82536
1.4690          0.25000        0.82402
1.4710          0.25000        0.82268
1.4730          0.25000        0.82134
1.4750          0.25000        0.82000
1.4770          0.25000        0.81866
1.4790          0.25000        0.81732
1.4810          0.25000        0.81599
1.4830          0.25000        0.81466
1.4850          0.25000        0.81332
1.4870          0.25000        0.81199
1.4890          0.25000        0.81067
1.4910          0.25000        0.80934
1.4930          0.25000        0.80801
1.4950          0.25000        0.80669
1.4970          0.25000        0.80536
1.4990          0.25000        0.80404
1.5010          0.25000        0.80272
1.5030          0.25000        0.80140
1.5050          0.25000        0.80008
1.5070          0.25000        0.79877
1.5090          0.25000        0.79745
1.5110          0.25000        0.79614
1.5130          0.25000        0.79483
1.5150          0.25000        0.79351
1.5170          0.25000        0.79220
1.5190          0.25000        0.79090
1.5210          0.25000        0.78959
1.5230          0.25000        0.78828
1.5250          0.25000        0.78698
1.5270          0.25000        0.78568
1.5290          0.25000        0.78438
1.5310          0.25000        0.78308
1.5330          0.25000        0.78178
1.5350          0.25000        0.78048
1.5370          0.25000        0.77918
1.5390          0.25000        0.77789
1.5410          0.25000        0.77660
1.5430          0.25000        0.77531
1.5450          0.25000        0.77402
1.5470          0.25000        0.77273
1.5490          0.25000        0.77144
1.5510          0.25000        0.77015
1.5530          0.25000        0.76887
1.5550          0.25000        0.76759
1.5570          0.25000        0.76631
1.5590          0.25000        0.76502
1.5610          0.25000        0.76375
1.5630          0.25000        0.76247
1.5650          0.25000        0.76119
1.5670          0.25000        0.75992
1.5690          0.25000        0.75864
1.5710          0.25000        0.75737
1.5730          0.25000        0.75610
1.5750          0.25000        0.75483
1.5770          0.25000        0.75357
1.5790          0.25000        0.75230
1.5810          0.25000        0.75104
1.5830          0.25000        0.74977
1.5850          0.25000        0.74851
1.5870          0.25000        0.74725
1.5890          0.25000        0.74599
1.5910          0.25000        0.74473
1.5930          0.25000        0.74348
1.5950          0.25000        0.74222
1.5970          0.25000        0.74097
1.5990          0.25000        0.73972
1.6010          0.25000        0.73847
1.6030          0.25000        0.73722
1.6050          0.25000        0.73597
1.6070          0.25000        0.73472
1.6090          0.25000        0.73348
1.6110          0.25000        0.73224
1.6130          0.25000        0.73099
1.6150          0.25000        0.72975
1.6170          0.25000        0.72851
1.6190          0.25000        0.72728
1.6210          0.25000        0.72604
1.6230          0.25000        0.72481
1.6250          0.25000        0.72357
1.6270          0.25000        0.72234
1.6290          0.25000        0.72111
1.6310          0.25000        0.71988
1.6330          0.25000        0.71865
1.6350          0.25000        0.71743
1.6370          0.25000        0.71620
1.6390          0.25000        0.71498
1.6410          0.25000        0.71376
1.6430          0.25000        0.71254
1.6450          0.25000        0.71132
1.6470          0.25000        0.71010
1.6490          0.25000        0.70889
1.6510          0.25000        0.70767
1.6530          0.25000        0.70646
1.6550          0.25000        0.70525
1.6570          0.25000        0.70404
1.6590          0.25000        0.70283
1.6610          0.25000        0.70162
1.6630          0.25000        0.70042
1.6650          0.25000        0.69921
1.6670          0.25000        0.69801
1.6690          0.25000        0.69681
1.6710          0.25000        0.69561
1.6730          0.25000        0.69441
1.6750          0.25000        0.69321
1.6770          0.25000        0.69202
1.6790          0.25000        0.69082
1.6810          0.25000        0.68963
1.6830          0.25000        0.68844
1.6850          0.25000        0.68725
1.6870          0.25000        0.68606
1.6890          0.25000        0.68488
1.6910          0.25000        0.68369
1.6930          0.25000        0.68251
1.6950          0.25000        0.68133
1.6970          0.25000        0.68015
1.6990          0.25000        0.67897
1.7010          0.25000        0.67779
1.7030          0.25000        0.67661
1.7050          0.25000        0.67544
1.7070          0.25000        0.67426
1.7090          0.25000        0.67309
1.7110          0.25000        0.67192
1.7130          0.25000        0.67075
1.7150          0.25000        0.66958
1.7170          0.25000        0.66842
1.7190          0.25000        0.66725
1.7210          0.25000        0.66609
1.7230          0.25000        0.66493
1.7250          0.25000        0.66377
1.7270          0.25000        0.66261
1.7290          0.25000        0.66145
1.7310          0.25000        0.66030
1.7330          0.25000        0.65914
1.7350          0.25000        0.65799
1.7370          0.25000        0.65684
1.7390          0.25000        0.65569
1.7410          0.25000        0.65454
1.7430          0.25000        0.65340
1.7450          0.25000        0.65225
1.7470          0.25000        0.65111
1.7490          0.25000        0.64996
1.7510          0.25000        0.64882
1.7530          0.25000        0.64768
1.7550          0.25000        0.64655
1.7570          0.25000        0.64541
1.7590          0.25000        0.64427
1.7610          0.25000        0.64314
1.7630          0.25000        0.64201
1.7650          0.25000        0.64088
1.7670          0.25000        0.63975
1.7690          0.25000        0.63862
1.7710          0.25000        0.63750
1.7730          0.25000        0.63637
1.7750          0.25000        0.63525
1.7770          0.25000        0.63413
1.7790          0.25000        0.63301
1.7810          0.25000        0.63189
1.7830          0.25000        0.63077
1.7850          0.25000        0.62966
1.7870          0.25000        0.62854
1.7890          0.25000        0.62743
1.7910          0.25000        0.62632
1.7930          0.25000        0.62521
1.7950          0.25000        0.62410
1.7970          0.25000        0.62300
1.7990          0.25000        0.62189
1.8010          0.25000        0.62079
1.8030          0.25000        0.61969
1.8050          0.25000        0.61859
1.8070          0.25000        0.61749
1.8090          0.25000        0.61639
1.8110          0.25000        0.61529
1.8130          0.25000        0.61420
1.8150          0.25000        0.61310
1.8170          0.25000        0.61201
1.8190          0.25000        0.61092
1.8210          0.25000        0.60983
1.8230          0.25000        0.60875
1.8250          0.25000        0.60766
1.8270          0.25000        0.60658
1.8290          0.25000        0.60550
1.8310          0.25000        0.60441
1.8330          0.25000        0.60334
1.8350          0.25000        0.60226
1.8370          0.25000        0.60118
1.8390          0.25000        0.60011
1.8410          0.25000        0.59903
1.8430          0.25000        0.59796
1.8450          0.25000        0.59689
1.8470          0.25000        0.59582
1.8490          0.25000        0.59475
1.8510          0.25000        0.59369
1.8530          0.25000        0.59262
1.8550          0.25000        0.59156
1.8570          0.25000        0.59050
1.8590          0.25000        0.58944
1.8610          0.25000        0.58838
1.8630          0.25000        0.58732
1.8650          0.25000        0.58627
1.8670          0.25000        0.58521
1.8690          0.25000        0.58416
1.8710          0.25000        0.58311
1.8730          0.25000        0.58206
1.8750          0.25000        0.58101
1.8770          0.25000        0.57996
1.8790          0.25000        0.57892
1.8810          0.25000        0.57787
1.8830          0.25000        0.57683
1.8850          0.25000        0.57579
1.8870          0.25000        0.57475
1.8890          0.25000        0.57372
1.8910          0.25000        0.57268
1.8930          0.25000        0.57164
1.8950          0.25000        0.57061
1.8970          0.25000        0.56958
1.8990          0.25000        0.56855
1.9010          0.25000        0.56752
1.9030          0.25000        0.56649
1.9050          0.25000        0.56547
1.9070          0.25000        0.56444
1.9090          0.25000        0.56342
1.9110          0.25000        0.56240
1.9130          0.25000        0.56138
1.9150          0.25000        0.56036
1.9170          0.25000        0.55935
1.9190          0.25000        0.55833
1.9210          0.25000        0.55732
1.9230          0.25000        0.55630
1.9250          0.25000        0.55529
1.9270          0.25000        0.55428
1.9290          0.25000        0.55328
1.9310          0.25000        0.55227
1.9330          0.25000        0.55127
1.9350          0.25000        0.55026
1.9370          0.25000        0.54926
1.9390          0.25000        0.54826
1.9410          0.25000        0.54726
1.9430          0.25000        0.54626
1.9450          0.25000        0.54527
1.9470          0.25000        0.54427
1.9490          0.25000        0.54328
1.9510          0.25000        0.54229
1.9530          0.25000        0.54130
1.9550          0.25000        0.54031
1.9570          0.25000        0.53932
1.9590          0.25000        0.53834
1.9610          0.25000        0.53735
1.9630          0.25000        0.53637
1.9650          0.25000        0.53539
1.9670          0.25000        0.53441
1.9690          0.25000        0.53343
1.9710          0.25000        0.53246
1.9730          0.25000        0.53148
1.9750          0.25000        0.53051
1.9770          0.25000        0.52953
1.9790          0.25000        0.52856
1.9810          0.25000        0.52759
1.9830          0.25000        0.52663
1.9850          0.25000        0.52566
1.9870          0.25000        0.52470
1.9890          0.25000        0.52373
1.9910          0.25000        0.52277
1.9930          0.25000        0.52181
1.9950          0.25000        0.52085
1.9970          0.25000        0.51989
1.9990          0.25000        0.51894
2.0010          0.25000        0.51798
2.0030          0.25000        0.51703
2.0050          0.25000        0.51608
2.0070          0.25000        0.51513
2.0090          0.25000        0.51418
2.0110          0.25000        0.51323
2.0130          0.25000        0.51229
2.0150          0.25000        0.51134
2.0170          0.25000        0.51040
2.0190          0.25000        0.50946
2.0210          0.25000        0.50852
2.0230          0.25000        0.50758
2.0250          0.25000        0.50664
2.0270          0.25000        0.50571
2.0290          0.25000        0.50477
2.0310          0.25000        0.50384
2.0330          0.25000        0.50291
2.0350          0.25000        0.50198
2.0370          0.25000        0.50105
2.0390          0.25000        0.50012
2.0410          0.25000        0.49920
2.0430          0.25000        0.49828
2.0450          0.25000        0.49735
2.0470          0.25000        0.49643
2.0490          0.25000        0.49551
2.0510          0.25000        0.49459
2.0530          0.25000        0.49368
2.0550          0.25000        0.49276
2.0570          0.25000        0.49185
2.0590          0.25000        0.49094
2.0610          0.25000        0.49003
2.0630          0.25000        0.48912
2.0650          0.25000        0.48821
2.0670          0.25000        0.48730
2.0690          0.25000        0.48640
2.0710          0.25000        0.48549
2.0730          0.25000        0.48459
2.0750          0.25000        0.48369
2.0770          0.25000        0.48279
2.0790          0.25000        0.48189
2.0810          0.25000        0.48100
2.0830          0.25000        0.48010
2.0850          0.25000        0.47921
2.0870          0.25000        0.47831
2.0890          0.25000        0.47742
2.0910          0.25000        0.47653
2.0930          0.25000        0.47565
2.0950          0.25000        0.47476
2.0970          0.25000        0.47387
2.0990          0.25000        0.47299
2.1010          0.25000        0.47211
2.1030          0.25000        0.47123
2.1050          0.25000        0.47035
2.1070          0.25000        0.46947
2.1090          0.25000        0.46859
2.1110          0.25000        0.46772
2.1130          0.25000        0.46685
2.1150          0.25000        0.46597
2.1170          0.25000        0.46510
2.1190          0.25000        0.46423
2.1210          0.25000        0.46336
2.1230          0.25000        0.46250
2.1250          0.25000        0.46163
2.1270          0.25000        0.46077
2.1290          0.25000        0.45991
2.1310          0.25000        0.45905
2.1330          0.25000        0.45819
2.1350          0.25000        0.45733
2.1370          0.25000        0.45647
2.1390          0.25000        0.45562
2.1410          0.25000        0.45476
2.1430          0.25000        0.45391
2.1450          0.25000        0.45306
2.1470          0.25000        0.45221
2.1490          0.25000        0.45136
2.1510          0.25000        0.45051
2.1530          0.25000        0.44967
2.1550          0.25000        0.44882
2.1570          0.25000        0.44798
2.1590          0.25000        0.44714
2.1610          0.25000        0.44630
2.1630          0.25000        0.44546
2.1650          0.25000        0.44462
2.1670          0.25000        0.44379
2.1690          0.25000        0.44295
2.1710          0.25000        0.44212
2.1730          0.25000        0.44129
2.1750          0.25000        0.44046
2.1770          0.25000        0.43963
2.1790          0.25000        0.43880
2.1810          0.25000        0.43797
2.1830          0.25000        0.43715
2.1850          0.25000        0.43632
2.1870          0.25000        0.43550
2.1890          0.25000        0.43468
2.1910          0.25000        0.43386
2.1930          0.25000        0.43304
2.1950          0.25000        0.43223
2.1970          0.25000        0.43141
2.1990          0.25000        0.43060
2.2010          0.25000        0.42978
2.2030          0.25000        0.42897
2.2050          0.25000        0.42816
2.2070          0.25000        0.42736
2.2090          0.25000        0.42655
2.2110          0.25000        0.42574
2.2130          0.25000        0.42494
2.2150          0.25000        0.42413
2.2170          0.25000        0.42333
2.2190          0.25000        0.42253
2.2210          0.25000        0.42173
2.2230          0.25000        0.42094
2.2250          0.25000        0.42014
2.2270          0.25000        0.41934
2.2290          0.25000        0.41855
2.2310          0.25000        0.41776
2.2330          0.25000        0.41697
2.2350          0.25000        0.41618
2.2370          0.25000        0.41539
2.2390          0.25000        0.41460
2.2410          0.25000        0.41382
2.2430          0.25000        0.41303
2.2450          0.25000        0.41225
2.2470          0.25000        0.41147
2.2490          0.25000        0.41069
2.2510          0.25000        0.40991
2.2530          0.25000        0.40913
2.2550          0.25000        0.40835
2.2570          0.25000        0.40758
2.2590          0.25000        0.40680
2.2610          0.25000        0.40603
2.2630          0.25000        0.40526
2.2650          0.25000        0.40449
2.2670          0.25000        0.40372
2.2690          0.25000        0.40296
2.2710          0.25000        0.40219
2.2730          0.25000        0.40143
2.2750          0.25000        0.40066
2.2770          0.25000        0.39990
2.2790          0.25000        0.39914
2.2810          0.25000        0.39838
2.2830          0.25000        0.39762
2.2850          0.25000        0.39687
2.2870          0.25000        0.39611
2.2890          0.25000        0.39536
2.2910          0.25000        0.39460
2.2930          0.25000        0.39385
2.2950          0.25000        0.39310
2.2970          0.25000        0.39235
2.2990          0.25000        0.39161
2.3010          0.25000        0.39086
2.3030          0.25000        0.39011
2.3050          0.25000        0.38937
2.3070          0.25000        0.38863
2.3090          0.25000        0.38789
2.3110          0.25000        0.38715
2.3130          0.25000        0.38641
2.3150          0.25000        0.38567
2.3170          0.25000        0.38493
2.3190          0.25000        0.38420
2.3210          0.25000        0.38347
2.3230          0.25000        0.38273
2.3250          0.25000        0.38200
2.3270          0.25000        0.38127
2.3290          0.25000        0.38054
2.3310          0.25000        0.37982
2.3330          0.25000        0.37909
2.3350          0.25000        0.37837
2.3370          0.25000        0.37764
2.3390          0.25000        0.37692
2.3410          0.25000        0.37620
2.3430          0.25000        0.37548
2.3450          0.25000        0.37476
2.3470          0.25000        0.37405
2.3490          0.25000        0.37333
2.3510          0.25000        0.37262
2.3530          0.25000        0.37190
2.3550          0.25000        0.37119
2.3570          0.25000        0.37048
2.3590          0.25000        0.36977
2.3610          0.25000        0.36906
2.3630          0.25000        0.36835
2.3650          0.25000        0.36765
2.3670          0.25000        0.36694
2.3690          0.25000        0.36624
2.3710          0.25000        0.36554
2.3730          0.25000        0.36484
2.3750          0.25000        0.36414
2.3770          0.25000        0.36344
2.3790          0.25000        0.36274
2.3810          0.25000        0.36205
2.3830          0.25000        0.36135
2.3850          0.25000        0.36066
2.3870          0.25000        0.35996
2.3890          0.25000        0.35927
2.3910          0.25000        0.35858
2.3930          0.25000        0.35790
2.3950          0.25000        0.35721
2.3970          0.25000        0.35652
2.3990          0.25000        0.35584
2.4010          0.25000        0.35515
2.4030          0.25000        0.35447
2.4050          0.25000        0.35379
2.4070          0.25000        0.35311
2.4090          0.25000        0.35243
2.4110          0.25000        0.35175
2.4130          0.25000        0.35107
2.4150          0.25000        0.35040
2.4170          0.25000        0.34973
2.4190          0.25000        0.34905
2.4210          0.25000        0.34838
2.4230          0.25000        0.34771
2.4250          0.25000        0.34704
2.4270          0.25000        0.34637
2.4290          0.25000        0.34571
2.4310          0.25000        0.34504
2.4330          0.25000        0.34437
2.4350          0.25000        0.34371
2.4370          0.25000        0.34305
2.4390          0.25000        0.34239
2.4410          0.25000        0.34173
2.4430          0.25000        0.34107
2.4450          0.25000        0.34041
2.4470          0.25000        0.33976
2.4490          0.25000        0.33910
2.4510          0.25000        0.33845
2.4530          0.25000        0.33779
2.4550          0.25000        0.33714
2.4570          0.25000        0.33649
2.4590          0.25000        0.33584
2.4610          0.25000        0.33519
2.4630          0.25000        0.33455
2.4650          0.25000        0.33390
2.4670          0.25000        0.33326
2.4690          0.25000        0.33261
2.4710          0.25000        0.33197
2.4730          0.25000        0.33133
2.4750          0.25000        0.33069
2.4770          0.25000        0.33005
2.4790          0.25000        0.32941
2.4810          0.25000        0.32878
2.4830          0.25000        0.32814
2.4850          0.25000        0.32751
2.4870          0.25000        0.32687
2.4890          0.25000        0.32624
2.4910          0.25000        0.32561
2.4930          0.25000        0.32498
2.4950          0.25000        0.32435
2.4970          0.25000        0.32372
2.4990          0.25000        0.32310
2.5010          0.25000        0.32247
2.5030          0.25000        0.32185
2.5050          0.25000        0.32122
2.5070          0.25000        0.32060
2.5090          0.25000        0.31998
2.5110          0.25000        0.31936
2.5130          0.25000        0.31874
2.5150          0.25000        0.31813
2.5170          0.25000        0.31751
2.5190          0.25000        0.31689
2.5210          0.25000        0.31628
2.5230          0.25000        0.31567
2.5250          0.25000        0.31506
2.5270          0.25000        0.31445
2.5290          0.25000        0.31384
2.5310          0.25000        0.31323
2.5330          0.25000        0.31262
2.5350          0.25000        0.31201
2.5370          0.25000        0.31141
2.5390          0.25000        0.31080
2.5410          0.25000        0.31020
2.5430          0.25000        0.30960
2.5450          0.25000        0.30900
2.5470          0.25000        0.30840
2.5490          0.25000        0.30780
2.5510          0.25000        0.30720
2.5530          0.25000        0.30661
2.5550          0.25000        0.30601
2.5570          0.25000        0.30542
2.5590          0.25000        0.30482
2.5610          0.25000        0.30423
2.5630          0.25000        0.30364
2.5650          0.25000        0.30305
2.5670          0.25000        0.30246
2.5690          0.25000        0.30187
2.5710          0.25000        0.30129
2.5730          0.25000        0.30070
2.5750          0.25000        0.30012
2.5770          0.25000        0.29953
2.5790          0.25000        0.29895
2.5810          0.25000        0.29837
2.5830          0.25000        0.29779
2.5850          0.25000        0.29721
2.5870          0.25000        0.29663
2.5890          0.25000        0.29606
2.5910          0.25000        0.29548
2.5930          0.25000        0.29490
2.5950          0.25000        0.29433
2.5970          0.25000        0.29376
2.5990          0.25000        0.29319
2.6010          0.25000        0.29262
2.6030          0.25000        0.29205
2.6050          0.25000        0.29148
2.6070          0.25000        0.29091
2.6090          0.25000        0.29034
2.6110          0.25000        0.28978
2.6130          0.25000        0.28921
2.6150          0.25000        0.28865
2.6170          0.25000        0.28809
2.6190          0.25000        0.28753
2.6210          0.25000        0.28697
2.6230          0.25000        0.28641
2.6250          0.25000        0.28585
2.6270          0.25000        0.28529
2.6290          0.25000        0.28473
2.6310          0.25000        0.28418
2.6330          0.25000        0.28362
2.6350          0.25000        0.28307
2.6370          0.25000        0.28252
2.6390          0.25000        0.28197
2.6410          0.25000        0.28142
2.6430          0.25000        0.28087
2.6450          0.25000        0.28032
2.6470          0.25000        0.27977
2.6490          0.25000        0.27923
2.6510          0.25000        0.27868
2.6530          0.25000        0.27814
2.6550          0.25000        0.27760
2.6570          0.25000        0.27705
2.6590          0.25000        0.27651
2.6610          0.25000        0.27597
2.6630          0.25000        0.27543
2.6650          0.25000        0.27490
2.6670          0.25000        0.27436
2.6690          0.25000        0.27382
2.6710          0.25000        0.27329
2.6730          0.25000        0.27275
2.6750          0.25000        0.27222
2.6770          0.25000        0.27169
2.6790          0.25000        0.27116
2.6810          0.25000        0.27063
2.6830          0.25000        0.27010
2.6850          0.25000        0.26957
2.6870          0.25000        0.26905
2.6890          0.25000        0.26852
2.6910          0.25000        0.26799
2.6930          0.25000        0.26747
2.6950          0.25000        0.26695
2.6970          0.25000        0.26642
2.6990          0.25000        0.26590
2.7010          0.25000        0.26538
2.7030          0.25000        0.26486
2.7050          0.25000        0.26435
2.7070          0.25000        0.26383
2.7090          0.25000        0.26331
2.7110          0.25000        0.26280
2.7130          0.25000        0.26228
2.7150          0.25000        0.26177
2.7170          0.25000        0.26126
2.7190          0.25000        0.26075
2.7210          0.25000        0.26023
2.7230          0.25000        0.25973
2.7250          0.25000        0.25922
2.7270          0.25000        0.25871
2.7290          0.25000        0.25820
2.7310          0.25000        0.25770
2.7330          0.25000        0.25719
2.7350          0.25000        0.25669
2.7370          0.25000        0.25618
2.7390          0.25000        0.25568
2.7410          0.25000        0.25518
2.7430          0.25000        0.25468
2.7450          0.25000        0.25418
2.7470          0.25000        0.25368
2.7490          0.25000        0.25319
2.7510          0.25000        0.25269
2.7530          0.25000        0.25220
2.7550          0.25000        0.25170
2.7570          0.25000        0.25121
2.7590          0.25000        0.25071
2.7610          0.25000        0.25022
2.7630          0.25000        0.24973
2.7650          0.25000        0.24924
2.7670          0.25000        0.24875
2.7690          0.25000        0.24827
2.7710          0.25000        0.24778
2.7730          0.25000        0.24729
2.7750          0.25000        0.24681
2.7770          0.25000        0.24632
2.7790          0.25000        0.24584
2.7810          0.25000        0.24536
2.7830          0.25000        0.24488
2.7850          0.25000        0.24440
2.7870          0.25000        0.24392
2.7890          0.25000        0.24344
2.7910          0.25000        0.24296
2.7930          0.25000        0.24248
2.7950          0.25000        0.24201
2.7970          0.25000        0.24153
2.7990          0.25000        0.24106
2.8010          0.25000        0.24058
2.8030          0.25000        0.24011
2.8050          0.25000        0.23964
2.8070          0.25000        0.23917
2.8090          0.25000        0.23870
2.8110          0.25000        0.23823
2.8130          0.25000        0.23776
2.8150          0.25000        0.23729
2.8170          0.25000        0.23683
2.8190          0.25000        0.23636
2.8210          0.25000        0.23590
2.8230          0.25000        0.23543
2.8250          0.25000        0.23497
2.8270          0.25000        0.23451
2.8290          0.25000        0.23405
2.8310          0.25000        0.23359
2.8330          0.25000        0.23313
2.8350          0.25000        0.23267
2.8370          0.25000        0.23221
2.8390          0.25000        0.23176
2.8410          0.25000        0.23130
2.8430          0.25000        0.23085
2.8450          0.25000        0.23039
2.8470          0.25000        0.22994
2.8490          0.25000        0.22949
2.8510          0.25000        0.22904
2.8530          0.25000        0.22859
2.8550          0.25000        0.22814
2.8570          0.25000        0.22769
2.8590          0.25000        0.22724
2.8610          0.25000        0.22679
2.8630          0.25000        0.22635
2.8650          0.25000        0.22590
2.8670          0.25000        0.22546
2.8690          0.25000        0.22501
2.8710          0.25000        0.22457
2.8730          0.25000        0.22413
2.8750          0.25000        0.22369
2.8770          0.25000        0.22325
2.8790          0.25000        0.22281
2.8810          0.25000        0.22237
2.8830          0.25000        0.22193
2.8850          0.25000        0.22149
2.8870          0.25000        0.22106
2.8890          0.25000        0.22062
2.8910          0.25000        0.22019
2.8930          0.25000        0.21976
2.8950          0.25000        0.21932
2.8970          0.25000        0.21889
2.8990          0.25000        0.21846
2.9010          0.25000        0.21803
2.9030          0.25000        0.21760
2.9050          0.25000        0.21717
2.9070          0.25000        0.21674
2.9090          0.25000        0.21632
2.9110          0.25000        0.21589
2.9130          0.25000        0.21547
2.9150          0.25000        0.21504
2.9170          0.25000        0.21462
2.9190          0.25000        0.21420
2.9210          0.25000        0.21377
2.9230          0.25000        0.21335
2.9250          0.25000        0.21293
2.9270          0.25000        0.21251
2.9290          0.25000        0.21209
2.9310          0.25000        0.21168
2.9330          0.25000        0.21126
2.9350          0.25000        0.21084
2.9370          0.25000        0.21043
2.9390          0.25000        0.21001
2.9410          0.25000        0.20960
2.9430          0.25000        0.20919
2.9450          0.25000        0.20877
2.9470          0.25000        0.20836
2.9490          0.25000        0.20795
2.9510          0.25000        0.20754
2.9530          0.25000        0.20713
2.9550          0.25000        0.20673
2.9570          0.25000        0.20632
2.9590          0.25000        0.20591
2.9610          0.25000        0.20551
2.9630          0.25000        0.20510
2.9650          0.25000        0.20470
2.9670          0.25000        0.20429
2.9690          0.25000        0.20389
2.9710          0.25000        0.20349
2.9730          0.25000        0.20309
2.9750          0.25000        0.20269
2.9770          0.25000        0.20229
2.9790          0.25000        0.20189
2.9810          0.25000        0.20149
2.9830          0.25000        0.20109
2.9850          0.25000        0.20070
2.9870          0.25000        0.20030
2.9890          0.25000        0.19991
2.9910          0.25000        0.19951
2.9930          0.25000        0.19912
2.9950          0.25000        0.19873
2.9970          0.25000        0.19834
2.9990          0.25000        0.19794
3.0010          0.25000        0.19755
3.0030          0.25000        0.19716
3.0050          0.25000        0.19678
3.0070          0.25000        0.19639
3.0090          0.25000        0.19600
3.0110          0.25000        0.19561
3.0130          0.25000        0.19523
3.0150          0.25000        0.19484
3.0170          0.25000        0.19446
3.0190          0.25000        0.19408
3.0210          0.25000        0.19369
3.0230          0.25000        0.19331
3.0250          0.25000        0.19293
3.0270          0.25000        0.19255
3.0290          0.25000        0.19217
3.0310          0.25000        0.19179
3.0330          0.25000        0.19141
3.0350          0.25000        0.19104
3.0370          0.25000        0.19066
3.0390          0.25000        0.19028
3.0410          0.25000        0.18991
3.0430          0.25000        0.18953
3.0450          0.25000        0.18916
3.0470          0.25000        0.18879
3.0490          0.25000        0.18842
3.0510          0.25000        0.18804
3.0530          0.25000        0.18767
3.0550          0.25000        0.18730
3.0570          0.25000        0.18693
3.0590          0.25000        0.18657
3.0610          0.25000        0.18620
3.0630          0.25000        0.18583
3.0650          0.25000        0.18546
3.0670          0.25000        0.18510
3.0690          0.25000        0.18473
3.0710          0.25000        0.18437
3.0730          0.25000        0.18401
3.0750          0.25000        0.18364
3.0770          0.25000        0.18328
3.0790          0.25000        0.18292
3.0810          0.25000        0.18256
3.0830          0.25000        0.18220
3.0850          0.25000        0.18184
3.0870          0.25000        0.18148
3.0890          0.25000        0.18112
3.0910          0.25000        0.18077
3.0930          0.25000        0.18041
3.0950          0.25000        0.18006
3.0970          0.25000        0.17970
3.0990          0.25000        0.17935
3.1010          0.25000        0.17899
3.1030          0.25000        0.17864
3.1050          0.25000        0.17829
3.1070          0.25000        0.17794
3.1090          0.25000        0.17759
3.1110          0.25000        0.17724
3.1130          0.25000        0.17689
3.1150          0.25000        0.17654
3.1170          0.25000        0.17619
3.1190          0.25000        0.17584
3.1210          0.25000        0.17550
3.1230          0.25000        0.17515
3.1250          0.25000        0.17481
3.1270          0.25000        0.17446
3.1290          0.25000        0.17412
3.1310          0.25000        0.17377
3.1330          0.25000        0.17343
3.1350          0.25000        0.17309
3.1370          0.25000        0.17275
3.1390          0.25000        0.17241
3.1410          0.25000        0.17207
3.1430          0.25000        0.17173
3.1450          0.25000        0.17139
3.1470          0.25000        0.17105
3.1490          0.25000        0.17072
3.1510          0.25000        0.17038
3.1530          0.25000        0.17005
3.1550          0.25000        0.16971
3.1570          0.25000        0.16938
3.1590          0.25000        0.16904
3.1610          0.25000        0.16871
3.1630          0.25000        0.16838
3.1650          0.25000        0.16805
3.1670          0.25000        0.16772
3.1690          0.25000        0.16739
3.1710          0.25000        0.16706
3.1730          0.25000        0.16673
3.1750          0.25000        0.16640
3.1770          0.25000        0.16607
3.1790          0.25000        0.16574
3.1810          0.25000        0.16542
3.1830          0.25000        0.16509
3.1850          0.25000        0.16477
3.1870          0.25000        0.16444
3.1890          0.25000        0.16412
3.1910          0.25000        0.16380
3.1930          0.25000        0.16347
3.1950          0.25000        0.16315
3.1970          0.25000        0.16283
3.1990          0.25000        0.16251
3.2010          0.25000        0.16219
3.2030          0.25000        0.16187
3.2050          0.25000        0.16155
3.2070          0.25000        0.16123
3.2090          0.25000        0.16092
3.2110          0.25000        0.16060
3.2130          0.25000        0.16028
3.2150          0.25000        0.15997
3.2170          0.25000        0.15965
3.2190          0.25000        0.15934
3.2210          0.25000        0.15903
3.2230          0.25000        0.15871
3.2250          0.25000        0.15840
3.2270          0.25000        0.15809
3.2290          0.25000        0.15778
3.2310          0.25000        0.15747
3.2330          0.25000        0.15716
3.2350          0.25000        0.15685
3.2370          0.25000        0.15654
3.2390          0.25000        0.15623
3.2410          0.25000        0.15593
3.2430          0.25000        0.15562
3.2450          0.25000        0.15531
3.2470          0.25000        0.15501
3.2490          0.25000        0.15470
3.2510          0.25000        0.15440
3.2530          0.25000        0.15409
3.2550          0.25000        0.15379
3.2570          0.25000        0.15349
3.2590          0.25000        0.15319
3.2610          0.25000        0.15289
3.2630          0.25000        0.15259
3.2650          0.25000        0.15229
3.2670          0.25000        0.15199
3.2690          0.25000        0.15169
3.2710          0.25000        0.15139
3.2730          0.25000        0.15109
3.2750          0.25000        0.15079
3.2770          0.25000        0.15050
3.2790          0.25000        0.15020
3.2810          0.25000        0.14991
3.2830          0.25000        0.14961
3.2850          0.25000        0.14932
3.2870          0.25000        0.14902
3.2890          0.25000        0.14873
3.2910          0.25000        0.14844
3.2930          0.25000        0.14815
3.2950          0.25000        0.14786
3.2970          0.25000        0.14757
3.2990          0.25000        0.14728
3.3010          0.25000        0.14699
3.3030          0.25000        0.14670
3.3050          0.25000        0.14641
3.3070          0.25000        0.14612
3.3090          0.25000        0.14583
3.3110          0.25000        0.14555
3.3130          0.25000        0.14526
3.3150          0.25000        0.14498
3.3170          0.25000        0.14469
3.3190          0.25000        0.14441
3.3210          0.25000        0.14412
3.3230          0.25000        0.14384
3.3250          0.25000        0.14356
3.3270          0.25000        0.14327
3.3290          0.25000        0.14299
3.3310          0.25000        0.14271
3.3330          0.25000        0.14243
3.3350          0.25000        0.14215
3.3370          0.25000        0.14187
3.3390          0.25000        0.14159
3.3410          0.25000        0.14132
3.3430          0.25000        0.14104
3.3450          0.25000        0.14076
3.3470          0.25000        0.14048
3.3490          0.25000        0.14021
3.3510          0.25000        0.13993
3.3530          0.25000        0.13966
3.3550          0.25000        0.13938
3.3570          0.25000        0.13911
3.3590          0.25000        0.13884
3.3610          0.25000        0.13856
3.3630          0.25000        0.13829
3.3650          0.25000        0.13802
3.3670          0.25000        0.13775
3.3690          0.25000        0.13748
3.3710          0.25000        0.13721
3.3730          0.25000        0.13694
3.3750          0.25000        0.13667
3.3770          0.25000        0.13640
3.3790          0.25000        0.13613
3.3810          0.25000        0.13586
3.3830          0.25000        0.13560
3.3850          0.25000        0.13533
3.3870          0.25000        0.13506
3.3890          0.25000        0.13480
3.3910          0.25000        0.13453
3.3930          0.25000        0.13427
3.3950          0.25000        0.13400
3.3970          0.25000        0.13374
3.3990          0.25000        0.13348
3.4010          0.25000        0.13322
3.4030          0.25000        0.13295
3.4050          0.25000        0.13269
3.4070          0.25000        0.13243
3.4090          0.25000        0.13217
3.4110          0.25000        0.13191
3.4130          0.25000        0.13165
3.4150          0.25000        0.13139
3.4170          0.25000        0.13113
3.4190          0.25000        0.13088
3.4210          0.25000        0.13062
3.4230          0.25000        0.13036
3.4250          0.25000        0.13010
3.4270          0.25000        0.12985
3.4290          0.25000        0.12959
3.4310          0.25000        0.12934
3.4330          0.25000        0.12908
3.4350          0.25000        0.12883
3.4370          0.25000        0.12857
3.4390          0.25000        0.12832
3.4410          0.25000        0.12807
3.4430          0.25000        0.12782
3.4450          0.25000        0.12756
3.4470          0.25000        0.12731
3.4490          0.25000        0.12706
3.4510          0.25000        0.12681
3.4530          0.25000        0.12656
3.4550          0.25000        0.12631
3.4570          0.25000        0.12606
3.4590          0.25000        0.12582
3.4610          0.25000        0.12557
3.4630          0.25000        0.12532
3.4650          0.25000        0.12507
3.4670          0.25000        0.12483
3.4690          0.25000        0.12458
3.4710          0.25000        0.12433
3.4730          0.25000        0.12409
3.4750          0.25000        0.12384
3.4770          0.25000        0.12360
3.4790          0.25000        0.12336
3.4810          0.25000        0.12311
3.4830          0.25000        0.12287
3.4850          0.25000        0.12263
3.4870          0.25000        0.12238
3.4890          0.25000        0.12214
3.4910          0.25000        0.12190
3.4930          0.25000        0.12166
3.4950          0.25000        0.12142
3.4970          0.25000        0.12118
3.4990          0.25000        0.12094
3.5010          0.25000        0.12070
3.5030          0.25000        0.12046
3.5050          0.25000        0.12023
3.5070          0.25000        0.11999
3.5090          0.25000        0.11975
3.5110          0.25000        0.11951
3.5130          0.25000        0.11928
3.5150          0.25000        0.11904
3.5170          0.25000        0.11880
3.5190          0.25000        0.11857
3.5210          0.25000        0.11833
3.5230          0.25000        0.11810
3.5250          0.25000        0.11787
3.5270          0.25000        0.11763
3.5290          0.25000        0.11740
3.5310          0.25000        0.11717
3.5330          0.25000        0.11693
3.5350          0.25000        0.11670
3.5370          0.25000        0.11647
3.5390          0.25000        0.11624
3.5410          0.25000        0.11601
3.5430          0.25000        0.11578
3.5450          0.25000        0.11555
3.5470          0.25000        0.11532
3.5490          0.25000        0.11509
3.5510          0.25000        0.11486
3.5530          0.25000        0.11463
3.5550          0.25000        0.11441
3.5570          0.25000        0.11418
3.5590          0.25000        0.11395
3.5610          0.25000        0.11372
3.5630          0.25000        0.11350
3.5650          0.25000        0.11327
3.5670          0.25000        0.11305
3.5690          0.25000        0.11282
3.5710          0.25000        0.11260
3.5730          0.25000        0.11237
3.5750          0.25000        0.11215
3.5770          0.25000        0.11192
3.5790          0.25000        0.11170
3.5810          0.25000        0.11148
3.5830          0.25000        0.11126
3.5850          0.25000        0.11103
3.5870          0.25000        0.11081
3.5890          0.25000        0.11059
3.5910          0.25000        0.11037
3.5930          0.25000        0.11015
3.5950          0.25000        0.10993
3.5970          0.25000        0.10971
3.5990          0.25000        0.10949
3.6010          0.25000        0.10927
3.6030          0.25000        0.10905
3.6050          0.25000        0.10883
3.6070          0.25000        0.10861
3.6090          0.25000        0.10840
3.6110          0.25000        0.10818
3.6130          0.25000        0.10796
3.6150          0.25000        0.10775
3.6170          0.25000        0.10753
3.6190          0.25000        0.10731
3.6210          0.25000        0.10710
3.6230          0.25000        0.10688
3.6250          0.25000        0.10667
3.6270          0.25000        0.10645
3.6290          0.25000        0.10624
3.6310          0.25000        0.10602
3.6330          0.25000        0.10581
3.6350          0.25000        0.10560
3.6370          0.25000        0.10539
3.6390          0.25000        0.10517
3.6410          0.25000        0.10496
3.6430          0.25000        0.10475
3.6450          0.25000        0.10454
3.6470          0.25000        0.10433
3.6490          0.25000        0.10412
3.6510          0.25000        0.10391
3.6530          0.25000        0.10370
3.6550          0.25000        0.10349
3.6570          0.25000        0.10328
3.6590          0.25000        0.10307
3.6610          0.25000        0.10286
3.6630          0.25000        0.10265
3.6650          0.25000        0.10244
3.6670          0.25000        0.10223
3.6690          0.25000        0.10203
3.6710          0.25000        0.10182
3.6730          0.25000        0.10161
3.6750          0.25000        0.10141
3.6770          0.25000        0.10120
3.6790          0.25000        0.10100
3.6810          0.25000        0.10079
3.6830          0.25000        0.10059
3.6850          0.25000        0.10038
3.6870          0.25000        0.10018
3.6890          0.25000        0.099972
3.6910          0.25000        0.099768
3.6930          0.25000        0.099564
3.6950          0.25000        0.099361
3.6970          0.25000        0.099158
3.6990          0.25000        0.098956
3.7010          0.25000        0.098753
3.7030          0.25000        0.098552
3.7050          0.25000        0.098350
3.7070          0.25000        0.098149
3.7090          0.25000        0.097948
3.7110          0.25000        0.097747
3.7130          0.25000        0.097547
3.7150          0.25000        0.097347
3.7170          0.25000        0.097147
3.7190          0.25000        0.096947
3.7210          0.25000        0.096748
3.7230          0.25000        0.096549
3.7250          0.25000        0.096351
3.7270          0.25000        0.096153
3.7290          0.25000        0.095955
3.7310          0.25000        0.095757
3.7330          0.25000        0.095560
3.7350          0.25000        0.095363
3.7370          0.25000        0.095166
3.7390          0.25000        0.094970
3.7410          0.25000        0.094774
3.7430          0.25000        0.094578
3.7450          0.25000        0.094382
3.7470          0.25000        0.094187
3.7490          0.25000        0.093992
3.7510          0.25000        0.093797
3.7530          0.25000        0.093603
3.7550          0.25000        0.093409
3.7570          0.25000        0.093215
3.7590          0.25000        0.093022
3.7610          0.25000        0.092829
3.7630          0.25000        0.092636
3.7650          0.25000        0.092443
3.7670          0.25000        0.092251
3.7690          0.25000        0.092059
3.7710          0.25000        0.091867
3.7730          0.25000        0.091676
3.7750          0.25000        0.091485
3.7770          0.25000        0.091294
3.7790          0.25000        0.091104
3.7810          0.25000        0.090913
3.7830          0.25000        0.090723
3.7850          0.25000        0.090534
3.7870          0.25000        0.090344
3.7890          0.25000        0.090155
3.7910          0.25000        0.089966
3.7930          0.25000        0.089778
3.7950          0.25000        0.089590
3.7970          0.25000        0.089402
3.7990          0.25000        0.089214
3.8010          0.25000        0.089027
3.8030          0.25000        0.088840
3.8050          0.25000        0.088653
3.8070          0.25000        0.088466
3.8090          0.25000        0.088280
3.8110          0.25000        0.088094
3.8130          0.25000        0.087908
3.8150          0.25000        0.087723
3.8170          0.25000        0.087538
3.8190          0.25000        0.087353
3.8210          0.25000        0.087169
3.8230          0.25000        0.086984
3.8250          0.25000        0.086800
3.8270          0.25000        0.086617
3.8290          0.25000        0.086433
3.8310          0.25000        0.086250
3.8330          0.25000        0.086067
3.8350          0.25000        0.085885
3.8370          0.25000        0.085702
3.8390          0.25000        0.085520
3.8410          0.25000        0.085339
3.8430          0.25000        0.085157
3.8450          0.25000        0.084976
3.8470          0.25000        0.084795
3.8490          0.25000        0.084615
3.8510          0.25000        0.084434
3.8530          0.25000        0.084254
3.8550          0.25000        0.084074
3.8570          0.25000        0.083895
3.8590          0.25000        0.083716
3.8610          0.25000        0.083537
3.8630          0.25000        0.083358
3.8650          0.25000        0.083180
3.8670          0.25000        0.083002
3.8690          0.25000        0.082824
3.8710          0.25000        0.082646
3.8730          0.25000        0.082469
3.8750          0.25000        0.082292
3.8770          0.25000        0.082116
3.8790          0.25000        0.081939
3.8810          0.25000        0.081763
3.8830          0.25000        0.081587
3.8850          0.25000        0.081412
3.8870          0.25000        0.081236
3.8890          0.25000        0.081061
3.8910          0.25000        0.080887
3.8930          0.25000        0.080712
3.8950          0.25000        0.080538
3.8970          0.25000        0.080364
3.8990          0.25000        0.080191
3.9010          0.25000        0.080017
3.9030          0.25000        0.079844
3.9050          0.25000        0.079672
3.9070          0.25000        0.079499
3.9090          0.25000        0.079327
3.9110          0.25000        0.079155
3.9130          0.25000        0.078983
3.9150          0.25000        0.078812
3.9170          0.25000        0.078641
3.9190          0.25000        0.078470
3.9210          0.25000        0.078300
3.9230          0.25000        0.078130
3.9250          0.25000        0.077960
3.9270          0.25000        0.077790
3.9290          0.25000        0.077621
3.9310          0.25000        0.077452
3.9330          0.25000        0.077283
3.9350          0.25000        0.077115
3.9370          0.25000        0.076947
3.9390          0.25000        0.076779
3.9410          0.25000        0.076611
3.9430          0.25000        0.076444
3.9450          0.25000        0.076277
3.9470          0.25000        0.076110
3.9490          0.25000        0.075944
3.9510          0.25000        0.075777
3.9530          0.25000        0.075612
3.9550          0.25000        0.075446
3.9570          0.25000        0.075281
3.9590          0.25000        0.075116
3.9610          0.25000        0.074951
3.9630          0.25000        0.074787
3.9650          0.25000        0.074623
3.9670          0.25000        0.074459
3.9690          0.25000        0.074295
3.9710          0.25000        0.074132
3.9730          0.25000        0.073969
3.9750          0.25000        0.073807
3.9770          0.25000        0.073644
3.9790          0.25000        0.073482
3.9810          0.25000        0.073321
3.9830          0.25000        0.073159
3.9850          0.25000        0.072998
3.9870          0.25000        0.072837
3.9890          0.25000        0.072677
3.9910          0.25000        0.072517
3.9930          0.25000        0.072357
3.9950          0.25000        0.072197
3.9970          0.25000        0.072038
3.9990          0.25000        0.071879
4.0010          0.25000        0.071720
4.0030          0.25000        0.071562
4.0050          0.25000        0.071404
4.0070          0.25000        0.071246
4.0090          0.25000        0.071088
4.0110          0.25000        0.070931
4.0130          0.25000        0.070774
4.0150          0.25000        0.070618
4.0170          0.25000        0.070461
4.0190          0.25000        0.070306
4.0210          0.25000        0.070150
4.0230          0.25000        0.069995
4.0250          0.25000        0.069840
4.0270          0.25000        0.069685
4.0290          0.25000        0.069531
4.0310          0.25000        0.069376
4.0330          0.25000        0.069223
4.0350          0.25000        0.069069
4.0370          0.25000        0.068916
4.0390          0.25000        0.068763
4.0410          0.25000        0.068611
4.0430          0.25000        0.068459
4.0450          0.25000        0.068307
4.0470          0.25000        0.068155
4.0490          0.25000        0.068004
4.0510          0.25000        0.067853
4.0530          0.25000        0.067703
4.0550          0.25000        0.067553
4.0570          0.25000        0.067403
4.0590          0.25000        0.067253
4.0610          0.25000        0.067104
4.0630          0.25000        0.066955
4.0650          0.25000        0.066806
4.0670          0.25000        0.066658
4.0690          0.25000        0.066510
4.0710          0.25000        0.066362
4.0730          0.25000        0.066215
4.0750          0.25000        0.066068
4.0770          0.25000        0.065921
4.0790          0.25000        0.065775
4.0810          0.25000        0.065629
4.0830          0.25000        0.065484
4.0850          0.25000        0.065338
4.0870          0.25000        0.065193
4.0890          0.25000        0.065049
4.0910          0.25000        0.064904
4.0930          0.25000        0.064760
4.0950          0.25000        0.064617
4.0970          0.25000        0.064473
4.0990          0.25000        0.064331
4.1010          0.25000        0.064188
4.1030          0.25000        0.064046
4.1050          0.25000        0.063904
4.1070          0.25000        0.063762
4.1090          0.25000        0.063621
4.1110          0.25000        0.063480
4.1130          0.25000        0.063339
4.1150          0.25000        0.063199
4.1170          0.25000        0.063059
4.1190          0.25000        0.062920
4.1210          0.25000        0.062781
4.1230          0.25000        0.062642
4.1250          0.25000        0.062503
4.1270          0.25000        0.062365
4.1290          0.25000        0.062227
4.1310          0.25000        0.062090
4.1330          0.25000        0.061953
4.1350          0.25000        0.061816
4.1370          0.25000        0.061680
4.1390          0.25000        0.061544
4.1410          0.25000        0.061408
4.1430          0.25000        0.061273
4.1450          0.25000        0.061138
4.1470          0.25000        0.061003
4.1490          0.25000        0.060869
4.1510          0.25000        0.060735
4.1530          0.25000        0.060602
4.1550          0.25000        0.060468
4.1570          0.25000        0.060336
4.1590          0.25000        0.060203
4.1610          0.25000        0.060071
4.1630          0.25000        0.059939
4.1650          0.25000        0.059808
4.1670          0.25000        0.059677
4.1690          0.25000        0.059546
4.1710          0.25000        0.059416
4.1730          0.25000        0.059286
4.1750          0.25000        0.059157
4.1770          0.25000        0.059027
4.1790          0.25000        0.058899
4.1810          0.25000        0.058770
4.1830          0.25000        0.058642
4.1850          0.25000        0.058514
4.1870          0.25000        0.058387
4.1890          0.25000        0.058260
4.1910          0.25000        0.058133
4.1930          0.25000        0.058007
4.1950          0.25000        0.057881
4.1970          0.25000        0.057756
4.1990          0.25000        0.057631
4.2010          0.25000        0.057506
4.2030          0.25000        0.057382
4.2050          0.25000        0.057258
4.2070          0.25000        0.057134
4.2090          0.25000        0.057011
4.2110          0.25000        0.056888
4.2130          0.25000        0.056765
4.2150          0.25000        0.056643
4.2170          0.25000        0.056521
4.2190          0.25000        0.056400
4.2210          0.25000        0.056279
4.2230          0.25000        0.056158
4.2250          0.25000        0.056038
4.2270          0.25000        0.055918
4.2290          0.25000        0.055799
4.2310          0.25000        0.055680
4.2330          0.25000        0.055561
4.2350          0.25000        0.055443
4.2370          0.25000        0.055325
4.2390          0.25000        0.055207
4.2410          0.25000        0.055090
4.2430          0.25000        0.054973
4.2450          0.25000        0.054857
4.2470          0.25000        0.054741
4.2490          0.25000        0.054625
4.2510          0.25000        0.054510
4.2530          0.25000        0.054395
4.2550          0.25000        0.054280
4.2570          0.25000        0.054166
4.2590          0.25000        0.054052
4.2610          0.25000        0.053939
4.2630          0.25000        0.053826
4.2650          0.25000        0.053713
4.2670          0.25000        0.053601
4.2690          0.25000        0.053489
4.2710          0.25000        0.053378
4.2730          0.25000        0.053267
4.2750          0.25000        0.053156
4.2770          0.25000        0.053046
4.2790          0.25000        0.052936
4.2810          0.25000        0.052827
4.2830          0.25000        0.052718
4.2850          0.25000        0.052609
4.2870          0.25000        0.052500
4.2890          0.25000        0.052393
4.2910          0.25000        0.052285
4.2930          0.25000        0.052178
4.2950          0.25000        0.052071
4.2970          0.25000        0.051965
4.2990          0.25000        0.051859
4.3010          0.25000        0.051753
4.3030          0.25000        0.051648
4.3050          0.25000        0.051543
4.3070          0.25000        0.051438
4.3090          0.25000        0.051334
4.3110          0.25000        0.051231
4.3130          0.25000        0.051127
4.3150          0.25000        0.051025
4.3170          0.25000        0.050922
4.3190          0.25000        0.050820
4.3210          0.25000        0.050718
4.3230          0.25000        0.050617
4.3250          0.25000        0.050516
4.3270          0.25000        0.050415
4.3290          0.25000        0.050315
4.3310          0.25000        0.050215
4.3330          0.25000        0.050116
4.3350          0.25000        0.050017
4.3370          0.25000        0.049918
4.3390          0.25000        0.049820
4.3410          0.25000        0.049722
4.3430          0.25000        0.049625
4.3450          0.25000        0.049528
4.3470          0.25000        0.049431
4.3490          0.25000        0.049335
4.3510          0.25000        0.049239
4.3530          0.25000        0.049144
4.3550          0.25000        0.049048
4.3570          0.25000        0.048954
4.3590          0.25000        0.048859
4.3610          0.25000        0.048765
4.3630          0.25000        0.048672
4.3650          0.25000        0.048579
4.3670          0.25000        0.048486
4.3690          0.25000        0.048394
4.3710          0.25000        0.048302
4.3730          0.25000        0.048210
4.3750          0.25000        0.048119
4.3770          0.25000        0.048028
4.3790          0.25000        0.047937
4.3810          0.25000        0.047847
4.3830          0.25000        0.047758
4.3850          0.25000        0.047668
4.3870          0.25000        0.047579
4.3890          0.25000        0.047491
4.3910          0.25000        0.047403
4.3930          0.25000        0.047315
4.3950          0.25000        0.047227
4.3970          0.25000        0.047140
4.3990          0.25000        0.047054
4.4010          0.25000        0.046967
4.4030          0.25000        0.046882
4.4050          0.25000        0.046796
4.4070          0.25000        0.046711
4.4090          0.25000        0.046626
4.4110          0.25000        0.046542
4.4130          0.25000        0.046458
4.4150          0.25000        0.046374
4.4170          0.25000        0.046291
4.4190          0.25000        0.046208
4.4210          0.25000        0.046126
4.4230          0.25000        0.046044
4.4250          0.25000        0.045962
4.4270          0.25000        0.045881
4.4290          0.25000        0.045800
4.4310          0.25000        0.045719
4.4330          0.25000        0.045639
4.4350          0.25000        0.045559
4.4370          0.25000        0.045480
4.4390          0.25000        0.045401
4.4410          0.25000        0.045322
4.4430          0.25000        0.045244
4.4450          0.25000        0.045166
4.4470          0.25000        0.045088
4.4490          0.25000        0.045011
4.4510          0.25000        0.044934
4.4530          0.25000        0.044858
4.4550          0.25000        0.044781
4.4570          0.25000        0.044706
4.4590          0.25000        0.044630
4.4610          0.25000        0.044555
4.4630          0.25000        0.044481
4.4650          0.25000        0.044406
4.4670          0.25000        0.044333
4.4690          0.25000        0.044259
4.4710          0.25000        0.044186
4.4730          0.25000        0.044113
4.4750          0.25000        0.044041
4.4770          0.25000        0.043968
4.4790          0.25000        0.043897
4.4810          0.25000        0.043825
4.4830          0.25000        0.043754
4.4850          0.25000        0.043684
4.4870          0.25000        0.043613
4.4890          0.25000        0.043544
4.4910          0.25000        0.043474
4.4930          0.25000        0.043405
4.4950          0.25000        0.043336
4.4970          0.25000        0.043267
4.4990          0.25000        0.043199
4.5010          0.25000        0.043131
4.5030          0.25000        0.043064
4.5050          0.25000        0.042997
4.5070          0.25000        0.042930
4.5090          0.25000        0.042864
4.5110          0.25000        0.042798
4.5130          0.25000        0.042732
4.5150          0.25000        0.042667
4.5170          0.25000        0.042602
4.5190          0.25000        0.042537
4.5210          0.25000        0.042473
4.5230          0.25000        0.042409
4.5250          0.25000        0.042346
4.5270          0.25000        0.042282
4.5290          0.25000        0.042219
4.5310          0.25000        0.042157
4.5330          0.25000        0.042095
4.5350          0.25000        0.042033
4.5370          0.25000        0.041971
4.5390          0.25000        0.041910
4.5410          0.25000        0.041849
4.5430          0.25000        0.041789
4.5450          0.25000        0.041729
4.5470          0.25000        0.041669
4.5490          0.25000        0.041609
4.5510          0.25000        0.041550
4.5530          0.25000        0.041491
4.5550          0.25000        0.041433
4.5570          0.25000        0.041375
4.5590          0.25000        0.041317
4.5610          0.25000        0.041260
4.5630          0.25000        0.041202
4.5650          0.25000        0.041146
4.5670          0.25000        0.041089
4.5690          0.25000        0.041033
4.5710          0.25000        0.040977
4.5730          0.25000        0.040922
4.5750          0.25000        0.040867
4.5770          0.25000        0.040812
4.5790          0.25000        0.040757
4.5810          0.25000        0.040703
4.5830          0.25000        0.040649
4.5850          0.25000        0.040596
4.5870          0.25000        0.040542
4.5890          0.25000        0.040490
4.5910          0.25000        0.040437
4.5930          0.25000        0.040385
4.5950          0.25000        0.040333
4.5970          0.25000        0.040281
4.5990          0.25000        0.040230
4.6010          0.25000        0.040179
4.6030          0.25000        0.040128
4.6050          0.25000        0.040078
4.6070          0.25000        0.040028
4.6090          0.25000        0.039978
4.6110          0.25000        0.039929
4.6130          0.25000        0.039880
4.6150          0.25000        0.039831
4.6170          0.25000        0.039783
4.6190          0.25000        0.039734
4.6210          0.25000        0.039687
4.6230          0.25000        0.039639
4.6250          0.25000        0.039592
4.6270          0.25000        0.039545
4.6290          0.25000        0.039498
4.6310          0.25000        0.039452
4.6330          0.25000        0.039406
4.6350          0.25000        0.039360
4.6370          0.25000        0.039315
4.6390          0.25000        0.039270
4.6410          0.25000        0.039225
4.6430          0.25000        0.039181
4.6450          0.25000        0.039137
4.6470          0.25000        0.039093
4.6490          0.25000        0.039049
4.6510          0.25000        0.039006
4.6530          0.25000        0.038963
4.6550          0.25000        0.038920
4.6570          0.25000        0.038878
4.6590          0.25000        0.038836
4.6610          0.25000        0.038794
4.6630          0.25000        0.038752
4.6650          0.25000        0.038711
4.6670          0.25000        0.038670
4.6690          0.25000        0.038630
4.6710          0.25000        0.038589
4.6730          0.25000        0.038549
4.6750          0.25000        0.038510
4.6770          0.25000        0.038470
4.6790          0.25000        0.038431
4.6810          0.25000        0.038392
4.6830          0.25000        0.038353
4.6850          0.25000        0.038315
4.6870          0.25000        0.038277
4.6890          0.25000        0.038239
4.6910          0.25000        0.038202
4.6930          0.25000        0.038165
4.6950          0.25000        0.038128
4.6970          0.25000        0.038091
4.6990          0.25000        0.038055
4.7010          0.25000        0.038019
4.7030          0.25000        0.037983
4.7050          0.25000        0.037947
4.7070          0.25000        0.037912
4.7090          0.25000        0.037877
4.7110          0.25000        0.037842
4.7130          0.25000        0.037808
4.7150          0.25000        0.037774
4.7170          0.25000        0.037740
4.7190          0.25000        0.037707
4.7210          0.25000        0.037673
4.7230          0.25000        0.037640
4.7250          0.25000        0.037607
4.7270          0.25000        0.037575
4.7290          0.25000        0.037543
4.7310          0.25000        0.037511
4.7330          0.25000        0.037479
4.7350          0.25000        0.037448
4.7370          0.25000        0.037416
4.7390          0.25000        0.037386
4.7410          0.25000        0.037355
4.7430          0.25000        0.037325
4.7450          0.25000        0.037295
4.7470          0.25000        0.037265
4.7490          0.25000        0.037235
4.7510          0.25000        0.037206
4.7530          0.25000        0.037177
4.7550          0.25000        0.037148
4.7570          0.25000        0.037120
4.7590          0.25000        0.037091
4.7610          0.25000        0.037063
4.7630          0.25000        0.037036
4.7650          0.25000        0.037008
4.7670          0.25000        0.036981
4.7690          0.25000        0.036954
4.7710          0.25000        0.036927
4.7730          0.25000        0.036901
4.7750          0.25000        0.036875
4.7770          0.25000        0.036849
4.7790          0.25000        0.036823
4.7810          0.25000        0.036798
4.7830          0.25000        0.036772
4.7850          0.25000        0.036747
4.7870          0.25000        0.036723
4.7890          0.25000        0.036698
4.7910          0.25000        0.036674
4.7930          0.25000        0.036650
4.7950          0.25000        0.036627
4.7970          0.25000        0.036603
4.7990          0.25000        0.036580
4.8010          0.25000        0.036557
4.8030          0.25000        0.036534
4.8050          0.25000        0.036512
4.8070          0.25000        0.036490
4.8090          0.25000        0.036468
4.8110          0.25000        0.036446
4.8130          0.25000        0.036425
4.8150          0.25000        0.036403
4.8170          0.25000        0.036383
4.8190          0.25000        0.036362
4.8210          0.25000        0.036341
4.8230          0.25000        0.036321
4.8250          0.25000        0.036301
4.8270          0.25000        0.036281
4.8290          0.25000        0.036262
4.8310          0.25000        0.036243
4.8330          0.25000        0.036224
4.8350          0.25000        0.036205
4.8370          0.25000        0.036186
4.8390          0.25000        0.036168
4.8410          0.25000        0.036150
4.8430          0.25000        0.036132
4.8450          0.25000        0.036114
4.8470          0.25000        0.036097
4.8490          0.25000        0.036080
4.8510          0.25000        0.036063
4.8530          0.25000        0.036046
4.8550          0.25000        0.036030
4.8570          0.25000        0.036014
4.8590          0.25000        0.035998
4.8610          0.25000        0.035982
4.8630          0.25000        0.035967
4.8650          0.25000        0.035951
4.8670          0.25000        0.035936
4.8690          0.25000        0.035922
4.8710          0.25000        0.035907
4.8730          0.25000        0.035893
4.8750          0.25000        0.035879
4.8770          0.25000        0.035865
4.8790          0.25000        0.035851
4.8810          0.25000        0.035838
4.8830          0.25000        0.035825
4.8850          0.25000        0.035812
4.8870          0.25000        0.035799
4.8890          0.25000        0.035786
4.8910          0.25000        0.035774
4.8930          0.25000        0.035762
4.8950          0.25000        0.035750
4.8970          0.25000        0.035739
4.8990          0.25000        0.035728
4.9010          0.25000        0.035716
4.9030          0.25000        0.035706
4.9050          0.25000        0.035695
4.9070          0.25000        0.035684
4.9090          0.25000        0.035674
4.9110          0.25000        0.035664
4.9130          0.25000        0.035655
4.9150          0.25000        0.035645
4.9170          0.25000        0.035636
4.9190          0.25000        0.035627
4.9210          0.25000        0.035618
4.9230          0.25000        0.035609
4.9250          0.25000        0.035601
4.9270          0.25000        0.035593
4.9290          0.25000        0.035585
4.9310          0.25000        0.035577
4.9330          0.25000        0.035569
4.9350          0.25000        0.035562
4.9370          0.25000        0.035555
4.9390          0.25000        0.035548
4.9410          0.25000        0.035542
4.9430          0.25000        0.035535
4.9450          0.25000        0.035529
4.9470          0.25000        0.035523
4.9490          0.25000        0.035517
4.9510          0.25000        0.035512
4.9530          0.25000        0.035506
4.9550          0.25000        0.035501
4.9570          0.25000        0.035497
4.9590          0.25000        0.035492
4.9610          0.25000        0.035488
4.9630          0.25000        0.035483
4.9650          0.25000        0.035479
4.9670          0.25000        0.035476
4.9690          0.25000        0.035472
4.9710          0.25000        0.035469
4.9730          0.25000        0.035466
4.9750          0.25000        0.035463
4.9770          0.25000        0.035460
4.9790          0.25000        0.035458
4.9810          0.25000        0.035456
4.9830          0.25000        0.035454
4.9850          0.25000        0.035452
4.9870          0.25000        0.035450
4.9890          0.25000        0.035449
4.9910          0.25000        0.035448
4.9930          0.25000        0.035447
4.9950          0.25000        0.035446
4.9970          0.25000        0.035446
4.9990          0.25000        0.035446
