-4.9990         0.0000         0.026978
-4.9970         0.0000         0.027028
-4.9950         0.0000         0.027086
-4.9930         0.0000         0.027140
-4.9910         0.0000         0.027194
-4.9890         0.0000         0.027249
-4.9870         0.0000         0.027303
-4.9850         0.0000         0.027358
-4.9830         0.0000         0.027413
-4.9810         0.0000         0.027467
-4.9790         0.0000         0.027522
-4.9770         0.0000         0.027578
-4.9750         0.0000         0.027633
-4.9730         0.0000         0.027688
-4.9710         0.0000         0.027743
-4.9690         0.0000         0.027799
-4.9670         0.0000         0.027855
-4.9650         0.0000         0.027910
-4.9630         0.0000         0.027966
-4.9610         0.0000         0.028022
-4.9590         0.0000         0.028078
-4.9570         0.0000         0.028135
-4.9550         0.0000         0.028191
-4.9530         0.0000         0.028247
-4.9510         0.0000         0.028304
-4.9490         0.0000         0.028361
-4.9470         0.0000         0.028417
-4.9450         0.0000         0.028474
-4.9430         0.0000         0.028531
-4.9410         0.0000         0.028588
-4.9390         0.0000         0.028646
-4.9370         0.0000         0.028703
-4.9350         0.0000         0.028760
-4.9330         0.0000         0.028818
-4.9310         0.0000         0.028876
-4.9290         0.0000         0.028933
-4.9270         0.0000         0.028991
-4.9250         0.0000         0.029049
-4.9230         0.0000         0.029108
-4.9210         0.0000         0.029166
-4.9190         0.0000         0.029224
-4.9170         0.0000         0.029283
-4.9150         0.0000         0.029341
-4.9130         0.0000         0.029400
-4.9110         0.0000         0.029459
-4.9090         0.0000         0.029518
-4.9070         0.0000         0.029577
-4.9050         0.0000         0.029636
-4.9030         0.0000         0.029695
-4.9010         0.0000         0.029755
-4.8990         0.0000         0.029814
-4.8970         0.0000         0.029874
-4.8950         0.0000         0.029934
-4.8930         0.0000         0.029994
-4.8910         0.0000         0.030054
-4.8890         0.0000         0.030114
-4.8870         0.0000         0.030174
-4.8850         0.0000         0.030235
-4.8830         0.0000         0.030295
-4.8810         0.0000         0.030356
-4.8790         0.0000         0.030417
-4.8770         0.0000         0.030478
-4.8750         0.0000         0.030539
-4.8730         0.0000         0.030600
-4.8710         0.0000         0.030661
-4.8690         0.0000         0.030722
-4.8670         0.0000         0.030784
-4.8650         0.0000         0.030845
-4.8630         0.0000         0.030907
-4.8610         0.0000         0.030969
-4.8590         0.0000         0.031031
-4.8570         0.0000         0.031093
-4.8550         0.0000         0.031155
-4.8530         0.0000         0.031218
-4.8510         0.0000         0.031280
-4.8490         0.0000         0.031343
-4.8470         0.0000         0.031406
-4.8450         0.0000         0.031469
-4.8430         0.0000         0.031532
-4.8410         0.0000         0.031595
-4.8390         0.0000         0.031658
-4.8370         0.0000         0.031721
-4.8350         0.0000         0.031785
-4.8330         0.0000         0.031848
-4.8310         0.0000         0.031912
-4.8290         0.0000         0.031976
-4.8270         0.0000         0.032040
-4.8250         0.0000         0.032104
-4.8230         0.0000         0.032168
-4.8210         0.0000         0.032233
-4.8190         0.0000         0.032297
-4.8170         0.0000         0.032362
-4.8150         0.0000         0.032427
-4.8130         0.0000         0.032492
-4.8110         0.0000         0.032557
-4.8090         0.0000         0.032622
-4.8070         0.0000         0.032687
-4.8050         0.0000         0.032753
-4.8030         0.0000         0.032818
-4.8010         0.0000         0.032884
-4.7990         0.0000         0.032950
-4.7970         0.0000         0.033016
-4.7950         0.0000         0.033082
-4.7930         0.0000         0.033148
-4.7910         0.0000         0.033214
-4.7890         0.0000         0.033281
-4.7870         0.0000         0.033347
-4.7850         0.0000         0.033414
-4.7830         0.0000         0.033481
-4.7810         0.0000         0.033548
-4.7790         0.0000         0.033615
-4.7770         0.0000         0.033683
-4.7750         0.0000         0.033750
-4.7730         0.0000         0.033817
-4.7710         0.0000         0.033885
-4.7690         0.0000         0.033953
-4.7670         0.0000         0.034021
-4.7650         0.0000         0.034089
-4.7630         0.0000         0.034157
-4.7610         0.0000         0.034226
-4.7590         0.0000         0.034294
-4.7570         0.0000         0.034363
-4.7550         0.0000         0.034432
-4.7530         0.0000         0.034501
-4.7510         0.0000         0.034570
-4.7490         0.0000         0.034639
-4.7470         0.0000         0.034708
-4.7450         0.0000         0.034778
-4.7430         0.0000         0.034847
-4.7410         0.0000         0.034917
-4.7390         0.0000         0.034987
-4.7370         0.0000         0.035057
-4.7350         0.0000         0.035127
-4.7330         0.0000         0.035197
-4.7310         0.0000         0.035268
-4.7290         0.0000         0.035338
-4.7270         0.0000         0.035409
-4.7250         0.0000         0.035480
-4.7230         0.0000         0.035551
-4.7210         0.0000         0.035622
-4.7190         0.0000         0.035694
-4.7170         0.0000         0.035765
-4.7150         0.0000         0.035837
-4.7130         0.0000         0.035908
-4.7110         0.0000         0.035980
-4.7090         0.0000         0.036052
-4.7070         0.0000         0.036124
-4.7050         0.0000         0.036197
-4.7030         0.0000         0.036269
-4.7010         0.0000         0.036342
-4.6990         0.0000         0.036414
-4.6970         0.0000         0.036487
-4.6950         0.0000         0.036560
-4.6930         0.0000         0.036634
-4.6910         0.0000         0.036707
-4.6890         0.0000         0.036780
-4.6870         0.0000         0.036854
-4.6850         0.0000         0.036928
-4.6830         0.0000         0.037002
-4.6810         0.0000         0.037076
-4.6790         0.0000         0.037150
-4.6770         0.0000         0.037224
-4.6750         0.0000         0.037299
-4.6730         0.0000         0.037374
-4.6710         0.0000         0.037448
-4.6690         0.0000         0.037523
-4.6670         0.0000         0.037598
-4.6650         0.0000         0.037674
-4.6630         0.0000         0.037749
-4.6610         0.0000         0.037825
-4.6590         0.0000         0.037900
-4.6570         0.0000         0.037976
-4.6550         0.0000         0.038052
-4.6530         0.0000         0.038128
-4.6510         0.0000         0.038205
-4.6490         0.0000         0.038281
-4.6470         0.0000         0.038358
-4.6450         0.0000         0.038435
-4.6430         0.0000         0.038512
-4.6410         0.0000         0.038589
-4.6390         0.0000         0.038666
-4.6370         0.0000         0.038743
-4.6350         0.0000         0.038821
-4.6330         0.0000         0.038898
-4.6310         0.0000         0.038976
-4.6290         0.0000         0.039054
-4.6270         0.0000         0.039133
-4.6250         0.0000         0.039211
-4.6230         0.0000         0.039289
-4.6210         0.0000         0.039368
-4.6190         0.0000         0.039447
-4.6170         0.0000         0.039526
-4.6150         0.0000         0.039605
-4.6130         0.0000         0.039684
-4.6110         0.0000         0.039764
-4.6090         0.0000         0.039843
-4.6070         0.0000         0.039923
-4.6050         0.0000         0.040003
-4.6030         0.0000         0.040083
-4.6010         0.0000         0.040163
-4.5990         0.0000         0.040243
-4.5970         0.0000         0.040324
-4.5950         0.0000         0.040405
-4.5930         0.0000         0.040486
-4.5910         0.0000         0.040567
-4.5890         0.0000         0.040648
-4.5870         0.0000         0.040729
-4.5850         0.0000         0.040811
-4.5830         0.0000         0.040892
-4.5810         0.0000         0.040974
-4.5790         0.0000         0.041056
-4.5770         0.0000         0.041138
-4.5750         0.0000         0.041221
-4.5730         0.0000         0.041303
-4.5710         0.0000         0.041386
-4.5690         0.0000         0.041469
-4.5670         0.0000         0.041552
-4.5650         0.0000         0.041635
-4.5630         0.0000         0.041718
-4.5610         0.0000         0.041802
-4.5590         0.0000         0.041886
-4.5570         0.0000         0.041969
-4.5550         0.0000         0.042053
-4.5530         0.0000         0.042138
-4.5510         0.0000         0.042222
-4.5490         0.0000         0.042306
-4.5470         0.0000         0.042391
-4.5450         0.0000         0.042476
-4.5430         0.0000         0.042561
-4.5410         0.0000         0.042646
-4.5390         0.0000         0.042731
-4.5370         0.0000         0.042817
-4.5350         0.0000         0.042903
-4.5330         0.0000         0.042989
-4.5310         0.0000         0.043075
-4.5290         0.0000         0.043161
-4.5270         0.0000         0.043247
-4.5250         0.0000         0.043334
-4.5230         0.0000         0.043421
-4.5210         0.0000         0.043507
-4.5190         0.0000         0.043594
-4.5170         0.0000         0.043682
-4.5150         0.0000         0.043769
-4.5130         0.0000         0.043857
-4.5110         0.0000         0.043945
-4.5090         0.0000         0.044033
-4.5070         0.0000         0.044121
-4.5050         0.0000         0.044209
-4.5030         0.0000         0.044297
-4.5010         0.0000         0.044386
-4.4990         0.0000         0.044475
-4.4970         0.0000         0.044564
-4.4950         0.0000         0.044653
-4.4930         0.0000         0.044743
-4.4910         0.0000         0.044832
-4.4890         0.0000         0.044922
-4.4870         0.0000         0.045012
-4.4850         0.0000         0.045102
-4.4830         0.0000         0.045192
-4.4810         0.0000         0.045283
-4.4790         0.0000         0.045373
-4.4770         0.0000         0.045464
-4.4750         0.0000         0.045555
-4.4730         0.0000         0.045646
-4.4710         0.0000         0.045738
-4.4690         0.0000         0.045829
-4.4670         0.0000         0.045921
-4.4650         0.0000         0.046013
-4.4630         0.0000         0.046105
-4.4610         0.0000         0.046197
-4.4590         0.0000         0.046290
-4.4570         0.0000         0.046382
-4.4550         0.0000         0.046475
-4.4530         0.0000         0.046568
-4.4510         0.0000         0.046661
-4.4490         0.0000         0.046755
-4.4470         0.0000         0.046848
-4.4450         0.0000         0.046942
-4.4430         0.0000         0.047036
-4.4410         0.0000         0.047130
-4.4390         0.0000         0.047224
-4.4370         0.0000         0.047319
-4.4350         0.0000         0.047414
-4.4330         0.0000         0.047508
-4.4310         0.0000         0.047604
-4.4290         0.0000         0.047699
-4.4270         0.0000         0.047794
-4.4250         0.0000         0.047890
-4.4230         0.0000         0.047986
-4.4210         0.0000         0.048082
-4.4190         0.0000         0.048178
-4.4170         0.0000         0.048275
-4.4150         0.0000         0.048371
-4.4130         0.0000         0.048468
-4.4110         0.0000         0.048565
-4.4090         0.0000         0.048662
-4.4070         0.0000         0.048760
-4.4050         0.0000         0.048857
-4.4030         0.0000         0.048955
-4.4010         0.0000         0.049053
-4.3990         0.0000         0.049151
-4.3970         0.0000         0.049249
-4.3950         0.0000         0.049348
-4.3930         0.0000         0.049447
-4.3910         0.0000         0.049546
-4.3890         0.0000         0.049645
-4.3870         0.0000         0.049744
-4.3850         0.0000         0.049844
-4.3830         0.0000         0.049944
-4.3810         0.0000         0.050044
-4.3790         0.0000         0.050144
-4.3770         0.0000         0.050244
-4.3750         0.0000         0.050345
-4.3730         0.0000         0.050445
-4.3710         0.0000         0.050546
-4.3690         0.0000         0.050647
-4.3670         0.0000         0.050749
-4.3650         0.0000         0.050850
-4.3630         0.0000         0.050952
-4.3610         0.0000         0.051054
-4.3590         0.0000         0.051156
-4.3570         0.0000         0.051259
-4.3550         0.0000         0.051361
-4.3530         0.0000         0.051464
-4.3510         0.0000         0.051567
-4.3490         0.0000         0.051670
-4.3470         0.0000         0.051774
-4.3450         0.0000         0.051877
-4.3430         0.0000         0.051981
-4.3410         0.0000         0.052085
-4.3390         0.0000         0.052189
-4.3370         0.0000         0.052294
-4.3350         0.0000         0.052399
-4.3330         0.0000         0.052503
-4.3310         0.0000         0.052608
-4.3290         0.0000         0.052714
-4.3270         0.0000         0.052819
-4.3250         0.0000         0.052925
-4.3230         0.0000         0.053031
-4.3210         0.0000         0.053137
-4.3190         0.0000         0.053243
-4.3170         0.0000         0.053350
-4.3150         0.0000         0.053457
-4.3130         0.0000         0.053564
-4.3110         0.0000         0.053671
-4.3090         0.0000         0.053778
-4.3070         0.0000         0.053886
-4.3050         0.0000         0.053994
-4.3030         0.0000         0.054102
-4.3010         0.0000         0.054210
-4.2990         0.0000         0.054319
-4.2970         0.0000         0.054427
-4.2950         0.0000         0.054536
-4.2930         0.0000         0.054645
-4.2910         0.0000         0.054755
-4.2890         0.0000         0.054864
-4.2870         0.0000         0.054974
-4.2850         0.0000         0.055084
-4.2830         0.0000         0.055194
-4.2810         0.0000         0.055305
-4.2790         0.0000         0.055415
-4.2770         0.0000         0.055526
-4.2750         0.0000         0.055637
-4.2730         0.0000         0.055749
-4.2710         0.0000         0.055860
-4.2690         0.0000         0.055972
-4.2670         0.0000         0.056084
-4.2650         0.0000         0.056196
-4.2630         0.0000         0.056309
-4.2610         0.0000         0.056422
-4.2590         0.0000         0.056534
-4.2570         0.0000         0.056648
-4.2550         0.0000         0.056761
-4.2530         0.0000         0.056875
-4.2510         0.0000         0.056988
-4.2490         0.0000         0.057102
-4.2470         0.0000         0.057217
-4.2450         0.0000         0.057331
-4.2430         0.0000         0.057446
-4.2410         0.0000         0.057561
-4.2390         0.0000         0.057676
-4.2370         0.0000         0.057791
-4.2350         0.0000         0.057907
-4.2330         0.0000         0.058023
-4.2310         0.0000         0.058139
-4.2290         0.0000         0.058255
-4.2270         0.0000         0.058372
-4.2250         0.0000         0.058489
-4.2230         0.0000         0.058606
-4.2210         0.0000         0.058723
-4.2190         0.0000         0.058841
-4.2170         0.0000         0.058958
-4.2150         0.0000         0.059076
-4.2130         0.0000         0.059195
-4.2110         0.0000         0.059313
-4.2090         0.0000         0.059432
-4.2070         0.0000         0.059551
-4.2050         0.0000         0.059670
-4.2030         0.0000         0.059789
-4.2010         0.0000         0.059909
-4.1990         0.0000         0.060029
-4.1970         0.0000         0.060149
-4.1950         0.0000         0.060269
-4.1930         0.0000         0.060390
-4.1910         0.0000         0.060511
-4.1890         0.0000         0.060632
-4.1870         0.0000         0.060753
-4.1850         0.0000         0.060875
-4.1830         0.0000         0.060997
-4.1810         0.0000         0.061119
-4.1790         0.0000         0.061241
-4.1770         0.0000         0.061363
-4.1750         0.0000         0.061486
-4.1730         0.0000         0.061609
-4.1710         0.0000         0.061733
-4.1690         0.0000         0.061856
-4.1670         0.0000         0.061980
-4.1650         0.0000         0.062104
-4.1630         0.0000         0.062228
-4.1610         0.0000         0.062353
-4.1590         0.0000         0.062477
-4.1570         0.0000         0.062602
-4.1550         0.0000         0.062728
-4.1530         0.0000         0.062853
-4.1510         0.0000         0.062979
-4.1490         0.0000         0.063105
-4.1470         0.0000         0.063231
-4.1450         0.0000         0.063358
-4.1430         0.0000         0.063485
-4.1410         0.0000         0.063612
-4.1390         0.0000         0.063739
-4.1370         0.0000         0.063866
-4.1350         0.0000         0.063994
-4.1330         0.0000         0.064122
-4.1310         0.0000         0.064251
-4.1290         0.0000         0.064379
-4.1270         0.0000         0.064508
-4.1250         0.0000         0.064637
-4.1230         0.0000         0.064766
-4.1210         0.0000         0.064896
-4.1190         0.0000         0.065026
-4.1170         0.0000         0.065156
-4.1150         0.0000         0.065286
-4.1130         0.0000         0.065417
-4.1110         0.0000         0.065548
-4.1090         0.0000         0.065679
-4.1070         0.0000         0.065810
-4.1050         0.0000         0.065942
-4.1030         0.0000         0.066074
-4.1010         0.0000         0.066206
-4.0990         0.0000         0.066339
-4.0970         0.0000         0.066472
-4.0950         0.0000         0.066605
-4.0930         0.0000         0.066738
-4.0910         0.0000         0.066871
-4.0890         0.0000         0.067005
-4.0870         0.0000         0.067139
-4.0850         0.0000         0.067274
-4.0830         0.0000         0.067408
-4.0810         0.0000         0.067543
-4.0790         0.0000         0.067678
-4.0770         0.0000         0.067814
-4.0750         0.0000         0.067949
-4.0730         0.0000         0.068085
-4.0710         0.0000         0.068221
-4.0690         0.0000         0.068358
-4.0670         0.0000         0.068495
-4.0650         0.0000         0.068632
-4.0630         0.0000         0.068769
-4.0610         0.0000         0.068907
-4.0590         0.0000         0.069045
-4.0570         0.0000         0.069183
-4.0550         0.0000         0.069321
-4.0530         0.0000         0.069460
-4.0510         0.0000         0.069599
-4.0490         0.0000         0.069738
-4.0470         0.0000         0.069878
-4.0450         0.0000         0.070017
-4.0430         0.0000         0.070157
-4.0410         0.0000         0.070298
-4.0390         0.0000         0.070438
-4.0370         0.0000         0.070579
-4.0350         0.0000         0.070721
-4.0330         0.0000         0.070862
-4.0310         0.0000         0.071004
-4.0290         0.0000         0.071146
-4.0270         0.0000         0.071288
-4.0250         0.0000         0.071431
-4.0230         0.0000         0.071574
-4.0210         0.0000         0.071717
-4.0190         0.0000         0.071860
-4.0170         0.0000         0.072004
-4.0150         0.0000         0.072148
-4.0130         0.0000         0.072293
-4.0110         0.0000         0.072437
-4.0090         0.0000         0.072582
-4.0070         0.0000         0.072727
-4.0050         0.0000         0.072873
-4.0030         0.0000         0.073019
-4.0010         0.0000         0.073165
-3.9990         0.0000         0.073311
-3.9970         0.0000         0.073458
-3.9950         0.0000         0.073605
-3.9930         0.0000         0.073752
-3.9910         0.0000         0.073900
-3.9890         0.0000         0.074047
-3.9870         0.0000         0.074196
-3.9850         0.0000         0.074344
-3.9830         0.0000         0.074493
-3.9810         0.0000         0.074642
-3.9790         0.0000         0.074791
-3.9770         0.0000         0.074941
-3.9750         0.0000         0.075091
-3.9730         0.0000         0.075241
-3.9710         0.0000         0.075391
-3.9690         0.0000         0.075542
-3.9670         0.0000         0.075693
-3.9650         0.0000         0.075845
-3.9630         0.0000         0.075997
-3.9610         0.0000         0.076149
-3.9590         0.0000         0.076301
-3.9570         0.0000         0.076454
-3.9550         0.0000         0.076607
-3.9530         0.0000         0.076760
-3.9510         0.0000         0.076913
-3.9490         0.0000         0.077067
-3.9470         0.0000         0.077221
-3.9450         0.0000         0.077376
-3.9430         0.0000         0.077531
-3.9410         0.0000         0.077686
-3.9390         0.0000         0.077841
-3.9370         0.0000         0.077997
-3.9350         0.0000         0.078153
-3.9330         0.0000         0.078309
-3.9310         0.0000         0.078466
-3.9290         0.0000         0.078623
-3.9270         0.0000         0.078780
-3.9250         0.0000         0.078938
-3.9230         0.0000         0.079096
-3.9210         0.0000         0.079254
-3.9190         0.0000         0.079412
-3.9170         0.0000         0.079571
-3.9150         0.0000         0.079730
-3.9130         0.0000         0.079890
-3.9110         0.0000         0.080050
-3.9090         0.0000         0.080210
-3.9070         0.0000         0.080370
-3.9050         0.0000         0.080531
-3.9030         0.0000         0.080692
-3.9010         0.0000         0.080854
-3.8990         0.0000         0.081015
-3.8970         0.0000         0.081177
-3.8950         0.0000         0.081340
-3.8930         0.0000         0.081503
-3.8910         0.0000         0.081666
-3.8890         0.0000         0.081829
-3.8870         0.0000         0.081993
-3.8850         0.0000         0.082157
-3.8830         0.0000         0.082321
-3.8810         0.0000         0.082486
-3.8790         0.0000         0.082651
-3.8770         0.0000         0.082816
-3.8750         0.0000         0.082982
-3.8730         0.0000         0.083148
-3.8710         0.0000         0.083314
-3.8690         0.0000         0.083481
-3.8670         0.0000         0.083648
-3.8650         0.0000         0.083815
-3.8630         0.0000         0.083983
-3.8610         0.0000         0.084150
-3.8590         0.0000         0.084319
-3.8570         0.0000         0.084487
-3.8550         0.0000         0.084656
-3.8530         0.0000         0.084826
-3.8510         0.0000         0.084995
-3.8490         0.0000         0.085165
-3.8470         0.0000         0.085336
-3.8450         0.0000         0.085506
-3.8430         0.0000         0.085678
-3.8410         0.0000         0.085849
-3.8390         0.0000         0.086021
-3.8370         0.0000         0.086193
-3.8350         0.0000         0.086365
-3.8330         0.0000         0.086538
-3.8310         0.0000         0.086711
-3.8290         0.0000         0.086884
-3.8270         0.0000         0.087058
-3.8250         0.0000         0.087232
-3.8230         0.0000         0.087407
-3.8210         0.0000         0.087582
-3.8190         0.0000         0.087757
-3.8170         0.0000         0.087932
-3.8150         0.0000         0.088108
-3.8130         0.0000         0.088284
-3.8110         0.0000         0.088461
-3.8090         0.0000         0.088638
-3.8070         0.0000         0.088815
-3.8050         0.0000         0.088993
-3.8030         0.0000         0.089171
-3.8010         0.0000         0.089349
-3.7990         0.0000         0.089528
-3.7970         0.0000         0.089707
-3.7950         0.0000         0.089886
-3.7930         0.0000         0.090066
-3.7910         0.0000         0.090246
-3.7890         0.0000         0.090427
-3.7870         0.0000         0.090607
-3.7850         0.0000         0.090789
-3.7830         0.0000         0.090970
-3.7810         0.0000         0.091152
-3.7790         0.0000         0.091334
-3.7770         0.0000         0.091517
-3.7750         0.0000         0.091700
-3.7730         0.0000         0.091884
-3.7710         0.0000         0.092067
-3.7690         0.0000         0.092251
-3.7670         0.0000         0.092436
-3.7650         0.0000         0.092621
-3.7630         0.0000         0.092806
-3.7610         0.0000         0.092992
-3.7590         0.0000         0.093178
-3.7570         0.0000         0.093364
-3.7550         0.0000         0.093551
-3.7530         0.0000         0.093738
-3.7510         0.0000         0.093925
-3.7490         0.0000         0.094113
-3.7470         0.0000         0.094301
-3.7450         0.0000         0.094490
-3.7430         0.0000         0.094679
-3.7410         0.0000         0.094868
-3.7390         0.0000         0.095058
-3.7370         0.0000         0.095248
-3.7350         0.0000         0.095438
-3.7330         0.0000         0.095629
-3.7310         0.0000         0.095820
-3.7290         0.0000         0.096012
-3.7270         0.0000         0.096204
-3.7250         0.0000         0.096396
-3.7230         0.0000         0.096589
-3.7210         0.0000         0.096782
-3.7190         0.0000         0.096976
-3.7170         0.0000         0.097170
-3.7150         0.0000         0.097364
-3.7130         0.0000         0.097559
-3.7110         0.0000         0.097754
-3.7090         0.0000         0.097949
-3.7070         0.0000         0.098145
-3.7050         0.0000         0.098341
-3.7030         0.0000         0.098538
-3.7010         0.0000         0.098735
-3.6990         0.0000         0.098932
-3.6970         0.0000         0.099130
-3.6950         0.0000         0.099328
-3.6930         0.0000         0.099527
-3.6910         0.0000         0.099726
-3.6890         0.0000         0.099926
-3.6870         0.0000         0.10013
-3.6850         0.0000         0.10033
-3.6830         0.0000         0.10053
-3.6810         0.0000         0.10073
-3.6790         0.0000         0.10093
-3.6770         0.0000         0.10113
-3.6750         0.0000         0.10133
-3.6730         0.0000         0.10154
-3.6710         0.0000         0.10174
-3.6690         0.0000         0.10194
-3.6670         0.0000         0.10215
-3.6650         0.0000         0.10235
-3.6630         0.0000         0.10255
-3.6610         0.0000         0.10276
-3.6590         0.0000         0.10296
-3.6570         0.0000         0.10317
-3.6550         0.0000         0.10338
-3.6530         0.0000         0.10358
-3.6510         0.0000         0.10379
-3.6490         0.0000         0.10400
-3.6470         0.0000         0.10421
-3.6450         0.0000         0.10441
-3.6430         0.0000         0.10462
-3.6410         0.0000         0.10483
-3.6390         0.0000         0.10504
-3.6370         0.0000         0.10525
-3.6350         0.0000         0.10546
-3.6330         0.0000         0.10567
-3.6310         0.0000         0.10588
-3.6290         0.0000         0.10610
-3.6270         0.0000         0.10631
-3.6250         0.0000         0.10652
-3.6230         0.0000         0.10673
-3.6210         0.0000         0.10695
-3.6190         0.0000         0.10716
-3.6170         0.0000         0.10738
-3.6150         0.0000         0.10759
-3.6130         0.0000         0.10780
-3.6110         0.0000         0.10802
-3.6090         0.0000         0.10824
-3.6070         0.0000         0.10845
-3.6050         0.0000         0.10867
-3.6030         0.0000         0.10889
-3.6010         0.0000         0.10910
-3.5990         0.0000         0.10932
-3.5970         0.0000         0.10954
-3.5950         0.0000         0.10976
-3.5930         0.0000         0.10998
-3.5910         0.0000         0.11020
-3.5890         0.0000         0.11042
-3.5870         0.0000         0.11064
-3.5850         0.0000         0.11086
-3.5830         0.0000         0.11108
-3.5810         0.0000         0.11131
-3.5790         0.0000         0.11153
-3.5770         0.0000         0.11175
-3.5750         0.0000         0.11197
-3.5730         0.0000         0.11220
-3.5710         0.0000         0.11242
-3.5690         0.0000         0.11265
-3.5670         0.0000         0.11287
-3.5650         0.0000         0.11310
-3.5630         0.0000         0.11332
-3.5610         0.0000         0.11355
-3.5590         0.0000         0.11378
-3.5570         0.0000         0.11400
-3.5550         0.0000         0.11423
-3.5530         0.0000         0.11446
-3.5510         0.0000         0.11469
-3.5490         0.0000         0.11492
-3.5470         0.0000         0.11515
-3.5450         0.0000         0.11538
-3.5430         0.0000         0.11561
-3.5410         0.0000         0.11584
-3.5390         0.0000         0.11607
-3.5370         0.0000         0.11630
-3.5350         0.0000         0.11654
-3.5330         0.0000         0.11677
-3.5310         0.0000         0.11700
-3.5290         0.0000         0.11724
-3.5270         0.0000         0.11747
-3.5250         0.0000         0.11771
-3.5230         0.0000         0.11794
-3.5210         0.0000         0.11818
-3.5190         0.0000         0.11841
-3.5170         0.0000         0.11865
-3.5150         0.0000         0.11889
-3.5130         0.0000         0.11912
-3.5110         0.0000         0.11936
-3.5090         0.0000         0.11960
-3.5070         0.0000         0.11984
-3.5050         0.0000         0.12008
-3.5030         0.0000         0.12032
-3.5010         0.0000         0.12056
-3.4990         0.0000         0.12080
-3.4970         0.0000         0.12104
-3.4950         0.0000         0.12128
-3.4930         0.0000         0.12153
-3.4910         0.0000         0.12177
-3.4890         0.0000         0.12201
-3.4870         0.0000         0.12226
-3.4850         0.0000         0.12250
-3.4830         0.0000         0.12274
-3.4810         0.0000         0.12299
-3.4790         0.0000         0.12324
-3.4770         0.0000         0.12348
-3.4750         0.0000         0.12373
-3.4730         0.0000         0.12398
-3.4710         0.0000         0.12422
-3.4690         0.0000         0.12447
-3.4670         0.0000         0.12472
-3.4650         0.0000         0.12497
-3.4630         0.0000         0.12522
-3.4610         0.0000         0.12547
-3.4590         0.0000         0.12572
-3.4570         0.0000         0.12597
-3.4550         0.0000         0.12622
-3.4530         0.0000         0.12648
-3.4510         0.0000         0.12673
-3.4490         0.0000         0.12698
-3.4470         0.0000         0.12724
-3.4450         0.0000         0.12749
-3.4430         0.0000         0.12774
-3.4410         0.0000         0.12800
-3.4390         0.0000         0.12825
-3.4370         0.0000         0.12851
-3.4350         0.0000         0.12877
-3.4330         0.0000         0.12903
-3.4310         0.0000         0.12928
-3.4290         0.0000         0.12954
-3.4270         0.0000         0.12980
-3.4250         0.0000         0.13006
-3.4230         0.0000         0.13032
-3.4210         0.0000         0.13058
-3.4190         0.0000         0.13084
-3.4170         0.0000         0.13110
-3.4150         0.0000         0.13136
-3.4130         0.0000         0.13163
-3.4110         0.0000         0.13189
-3.4090         0.0000         0.13215
-3.4070         0.0000         0.13242
-3.4050         0.0000         0.13268
-3.4030         0.0000         0.13295
-3.4010         0.0000         0.13321
-3.3990         0.0000         0.13348
-3.3970         0.0000         0.13374
-3.3950         0.0000         0.13401
-3.3930         0.0000         0.13428
-3.3910         0.0000         0.13455
-3.3890         0.0000         0.13482
-3.3870         0.0000         0.13509
-3.3850         0.0000         0.13536
-3.3830         0.0000         0.13563
-3.3810         0.0000         0.13590
-3.3790         0.0000         0.13617
-3.3770         0.0000         0.13644
-3.3750         0.0000         0.13671
-3.3730         0.0000         0.13699
-3.3710         0.0000         0.13726
-3.3690         0.0000         0.13753
-3.3670         0.0000         0.13781
-3.3650         0.0000         0.13808
-3.3630         0.0000         0.13836
-3.3610         0.0000         0.13864
-3.3590         0.0000         0.13891
-3.3570         0.0000         0.13919
-3.3550         0.0000         0.13947
-3.3530         0.0000         0.13975
-3.3510         0.0000         0.14003
-3.3490         0.0000         0.14030
-3.3470         0.0000         0.14058
-3.3450         0.0000         0.14087
-3.3430         0.0000         0.14115
-3.3410         0.0000         0.14143
-3.3390         0.0000         0.14171
-3.3370         0.0000         0.14199
-3.3350         0.0000         0.14228
-3.3330         0.0000         0.14256
-3.3310         0.0000         0.14285
-3.3290         0.0000         0.14313
-3.3270         0.0000         0.14342
-3.3250         0.0000         0.14370
-3.3230         0.0000         0.14399
-3.3210         0.0000         0.14428
-3.3190         0.0000         0.14457
-3.3170         0.0000         0.14486
-3.3150         0.0000         0.14514
-3.3130         0.0000         0.14543
-3.3110         0.0000         0.14572
-3.3090         0.0000         0.14602
-3.3070         0.0000         0.14631
-3.3050         0.0000         0.14660
-3.3030         0.0000         0.14689
-3.3010         0.0000         0.14719
-3.2990         0.0000         0.14748
-3.2970         0.0000         0.14777
-3.2950         0.0000         0.14807
-3.2930         0.0000         0.14836
-3.2910         0.0000         0.14866
-3.2890         0.0000         0.14896
-3.2870         0.0000         0.14925
-3.2850         0.0000         0.14955
-3.2830         0.0000         0.14985
-3.2810         0.0000         0.15015
-3.2790         0.0000         0.15045
-3.2770         0.0000         0.15075
-3.2750         0.0000         0.15105
-3.2730         0.0000         0.15135
-3.2710         0.0000         0.15166
-3.2690         0.0000         0.15196
-3.2670         0.0000         0.15226
-3.2650         0.0000         0.15257
-3.2630         0.0000         0.15287
-3.2610         0.0000         0.15317
-3.2590         0.0000         0.15348
-3.2570         0.0000         0.15379
-3.2550         0.0000         0.15409
-3.2530         0.0000         0.15440
-3.2510         0.0000         0.15471
-3.2490         0.0000         0.15502
-3.2470         0.0000         0.15533
-3.2450         0.0000         0.15564
-3.2430         0.0000         0.15595
-3.2410         0.0000         0.15626
-3.2390         0.0000         0.15657
-3.2370         0.0000         0.15688
-3.2350         0.0000         0.15720
-3.2330         0.0000         0.15751
-3.2310         0.0000         0.15783
-3.2290         0.0000         0.15814
-3.2270         0.0000         0.15846
-3.2250         0.0000         0.15877
-3.2230         0.0000         0.15909
-3.2210         0.0000         0.15941
-3.2190         0.0000         0.15972
-3.2170         0.0000         0.16004
-3.2150         0.0000         0.16036
-3.2130         0.0000         0.16068
-3.2110         0.0000         0.16100
-3.2090         0.0000         0.16132
-3.2070         0.0000         0.16165
-3.2050         0.0000         0.16197
-3.2030         0.0000         0.16229
-3.2010         0.0000         0.16262
-3.1990         0.0000         0.16294
-3.1970         0.0000         0.16327
-3.1950         0.0000         0.16359
-3.1930         0.0000         0.16392
-3.1910         0.0000         0.16425
-3.1890         0.0000         0.16457
-3.1870         0.0000         0.16490
-3.1850         0.0000         0.16523
-3.1830         0.0000         0.16556
-3.1810         0.0000         0.16589
-3.1790         0.0000         0.16622
-3.1770         0.0000         0.16655
-3.1750         0.0000         0.16688
-3.1730         0.0000         0.16722
-3.1710         0.0000         0.16755
-3.1690         0.0000         0.16789
-3.1670         0.0000         0.16822
-3.1650         0.0000         0.16856
-3.1630         0.0000         0.16889
-3.1610         0.0000         0.16923
-3.1590         0.0000         0.16957
-3.1570         0.0000         0.16991
-3.1550         0.0000         0.17024
-3.1530         0.0000         0.17058
-3.1510         0.0000         0.17092
-3.1490         0.0000         0.17126
-3.1470         0.0000         0.17161
-3.1450         0.0000         0.17195
-3.1430         0.0000         0.17229
-3.1410         0.0000         0.17264
-3.1390         0.0000         0.17298
-3.1370         0.0000         0.17332
-3.1350         0.0000         0.17367
-3.1330         0.0000         0.17402
-3.1310         0.0000         0.17436
-3.1290         0.0000         0.17471
-3.1270         0.0000         0.17506
-3.1250         0.0000         0.17541
-3.1230         0.0000         0.17576
-3.1210         0.0000         0.17611
-3.1190         0.0000         0.17646
-3.1170         0.0000         0.17681
-3.1150         0.0000         0.17717
-3.1130         0.0000         0.17752
-3.1110         0.0000         0.17787
-3.1090         0.0000         0.17823
-3.1070         0.0000         0.17858
-3.1050         0.0000         0.17894
-3.1030         0.0000         0.17930
-3.1010         0.0000         0.17965
-3.0990         0.0000         0.18001
-3.0970         0.0000         0.18037
-3.0950         0.0000         0.18073
-3.0930         0.0000         0.18109
-3.0910         0.0000         0.18145
-3.0890         0.0000         0.18181
-3.0870         0.0000         0.18218
-3.0850         0.0000         0.18254
-3.0830         0.0000         0.18290
-3.0810         0.0000         0.18327
-3.0790         0.0000         0.18363
-3.0770         0.0000         0.18400
-3.0750         0.0000         0.18437
-3.0730         0.0000         0.18473
-3.0710         0.0000         0.18510
-3.0690         0.0000         0.18547
-3.0670         0.0000         0.18584
-3.0650         0.0000         0.18621
-3.0630         0.0000         0.18658
-3.0610         0.0000         0.18695
-3.0590         0.0000         0.18733
-3.0570         0.0000         0.18770
-3.0550         0.0000         0.18807
-3.0530         0.0000         0.18845
-3.0510         0.0000         0.18882
-3.0490         0.0000         0.18920
-3.0470         0.0000         0.18958
-3.0450         0.0000         0.18995
-3.0430         0.0000         0.19033
-3.0410         0.0000         0.19071
-3.0390         0.0000         0.19109
-3.0370         0.0000         0.19147
-3.0350         0.0000         0.19186
-3.0330         0.0000         0.19224
-3.0310         0.0000         0.19262
-3.0290         0.0000         0.19300
-3.0270         0.0000         0.19339
-3.0250         0.0000         0.19377
-3.0230         0.0000         0.19416
-3.0210         0.0000         0.19455
-3.0190         0.0000         0.19493
-3.0170         0.0000         0.19532
-3.0150         0.0000         0.19571
-3.0130         0.0000         0.19610
-3.0110         0.0000         0.19649
-3.0090         0.0000         0.19688
-3.0070         0.0000         0.19728
-3.0050         0.0000         0.19767
-3.0030         0.0000         0.19806
-3.0010         0.0000         0.19846
-2.9990         0.0000         0.19885
-2.9970         0.0000         0.19925
-2.9950         0.0000         0.19965
-2.9930         0.0000         0.20004
-2.9910         0.0000         0.20044
-2.9890         0.0000         0.20084
-2.9870         0.0000         0.20124
-2.9850         0.0000         0.20164
-2.9830         0.0000         0.20204
-2.9810         0.0000         0.20245
-2.9790         0.0000         0.20285
-2.9770         0.0000         0.20325
-2.9750         0.0000         0.20366
-2.9730         0.0000         0.20406
-2.9710         0.0000         0.20447
-2.9690         0.0000         0.20488
-2.9670         0.0000         0.20529
-2.9650         0.0000         0.20570
-2.9630         0.0000         0.20610
-2.9610         0.0000         0.20652
-2.9590         0.0000         0.20693
-2.9570         0.0000         0.20734
-2.9550         0.0000         0.20775
-2.9530         0.0000         0.20816
-2.9510         0.0000         0.20858
-2.9490         0.0000         0.20899
-2.9470         0.0000         0.20941
-2.9450         0.0000         0.20983
-2.9430         0.0000         0.21025
-2.9410         0.0000         0.21066
-2.9390         0.0000         0.21108
-2.9370         0.0000         0.21150
-2.9350         0.0000         0.21192
-2.9330         0.0000         0.21235
-2.9310         0.0000         0.21277
-2.9290         0.0000         0.21319
-2.9270         0.0000         0.21362
-2.9250         0.0000         0.21404
-2.9230         0.0000         0.21447
-2.9210         0.0000         0.21490
-2.9190         0.0000         0.21532
-2.9170         0.0000         0.21575
-2.9150         0.0000         0.21618
-2.9130         0.0000         0.21661
-2.9110         0.0000         0.21704
-2.9090         0.0000         0.21747
-2.9070         0.0000         0.21791
-2.9050         0.0000         0.21834
-2.9030         0.0000         0.21878
-2.9010         0.0000         0.21921
-2.8990         0.0000         0.21965
-2.8970         0.0000         0.22008
-2.8950         0.0000         0.22052
-2.8930         0.0000         0.22096
-2.8910         0.0000         0.22140
-2.8890         0.0000         0.22184
-2.8870         0.0000         0.22228
-2.8850         0.0000         0.22272
-2.8830         0.0000         0.22317
-2.8810         0.0000         0.22361
-2.8790         0.0000         0.22406
-2.8770         0.0000         0.22450
-2.8750         0.0000         0.22495
-2.8730         0.0000         0.22540
-2.8710         0.0000         0.22584
-2.8690         0.0000         0.22629
-2.8670         0.0000         0.22674
-2.8650         0.0000         0.22719
-2.8630         0.0000         0.22765
-2.8610         0.0000         0.22810
-2.8590         0.0000         0.22855
-2.8570         0.0000         0.22901
-2.8550         0.0000         0.22946
-2.8530         0.0000         0.22992
-2.8510         0.0000         0.23038
-2.8490         0.0000         0.23083
-2.8470         0.0000         0.23129
-2.8450         0.0000         0.23175
-2.8430         0.0000         0.23221
-2.8410         0.0000         0.23268
-2.8390         0.0000         0.23314
-2.8370         0.0000         0.23360
-2.8350         0.0000         0.23407
-2.8330         0.0000         0.23453
-2.8310         0.0000         0.23500
-2.8290         0.0000         0.23547
-2.8270         0.0000         0.23593
-2.8250         0.0000         0.23640
-2.8230         0.0000         0.23687
-2.8210         0.0000         0.23734
-2.8190         0.0000         0.23782
-2.8170         0.0000         0.23829
-2.8150         0.0000         0.23876
-2.8130         0.0000         0.23924
-2.8110         0.0000         0.23971
-2.8090         0.0000         0.24019
-2.8070         0.0000         0.24067
-2.8050         0.0000         0.24114
-2.8030         0.0000         0.24162
-2.8010         0.0000         0.24210
-2.7990         0.0000         0.24258
-2.7970         0.0000         0.24307
-2.7950         0.0000         0.24355
-2.7930         0.0000         0.24403
-2.7910         0.0000         0.24452
-2.7890         0.0000         0.24500
-2.7870         0.0000         0.24549
-2.7850         0.0000         0.24598
-2.7830         0.0000         0.24647
-2.7810         0.0000         0.24696
-2.7790         0.0000         0.24745
-2.7770         0.0000         0.24794
-2.7750         0.0000         0.24843
-2.7730         0.0000         0.24893
-2.7710         0.0000         0.24942
-2.7690         0.0000         0.24992
-2.7670         0.0000         0.25041
-2.7650         0.0000         0.25091
-2.7630         0.0000         0.25141
-2.7610         0.0000         0.25191
-2.7590         0.0000         0.25241
-2.7570         0.0000         0.25291
-2.7550         0.0000         0.25341
-2.7530         0.0000         0.25391
-2.7510         0.0000         0.25442
-2.7490         0.0000         0.25492
-2.7470         0.0000         0.25543
-2.7450         0.0000         0.25594
-2.7430         0.0000         0.25644
-2.7410         0.0000         0.25695
-2.7390         0.0000         0.25746
-2.7370         0.0000         0.25798
-2.7350         0.0000         0.25849
-2.7330         0.0000         0.25900
-2.7310         0.0000         0.25951
-2.7290         0.0000         0.26003
-2.7270         0.0000         0.26055
-2.7250         0.0000         0.26106
-2.7230         0.0000         0.26158
-2.7210         0.0000         0.26210
-2.7190         0.0000         0.26262
-2.7170         0.0000         0.26314
-2.7150         0.0000         0.26366
-2.7130         0.0000         0.26419
-2.7110         0.0000         0.26471
-2.7090         0.0000         0.26524
-2.7070         0.0000         0.26576
-2.7050         0.0000         0.26629
-2.7030         0.0000         0.26682
-2.7010         0.0000         0.26735
-2.6990         0.0000         0.26788
-2.6970         0.0000         0.26841
-2.6950         0.0000         0.26894
-2.6930         0.0000         0.26948
-2.6910         0.0000         0.27001
-2.6890         0.0000         0.27055
-2.6870         0.0000         0.27108
-2.6850         0.0000         0.27162
-2.6830         0.0000         0.27216
-2.6810         0.0000         0.27270
-2.6790         0.0000         0.27324
-2.6770         0.0000         0.27378
-2.6750         0.0000         0.27432
-2.6730         0.0000         0.27487
-2.6710         0.0000         0.27541
-2.6690         0.0000         0.27596
-2.6670         0.0000         0.27651
-2.6650         0.0000         0.27706
-2.6630         0.0000         0.27760
-2.6610         0.0000         0.27816
-2.6590         0.0000         0.27871
-2.6570         0.0000         0.27926
-2.6550         0.0000         0.27981
-2.6530         0.0000         0.28037
-2.6510         0.0000         0.28092
-2.6490         0.0000         0.28148
-2.6470         0.0000         0.28204
-2.6450         0.0000         0.28260
-2.6430         0.0000         0.28316
-2.6410         0.0000         0.28372
-2.6390         0.0000         0.28428
-2.6370         0.0000         0.28484
-2.6350         0.0000         0.28541
-2.6330         0.0000         0.28597
-2.6310         0.0000         0.28654
-2.6290         0.0000         0.28711
-2.6270         0.0000         0.28768
-2.6250         0.0000         0.28825
-2.6230         0.0000         0.28882
-2.6210         0.0000         0.28939
-2.6190         0.0000         0.28996
-2.6170         0.0000         0.29054
-2.6150         0.0000         0.29111
-2.6130         0.0000         0.29169
-2.6110         0.0000         0.29227
-2.6090         0.0000         0.29285
-2.6070         0.0000         0.29343
-2.6050         0.0000         0.29401
-2.6030         0.0000         0.29459
-2.6010         0.0000         0.29517
-2.5990         0.0000         0.29576
-2.5970         0.0000         0.29634
-2.5950         0.0000         0.29693
-2.5930         0.0000         0.29752
-2.5910         0.0000         0.29811
-2.5890         0.0000         0.29870
-2.5870         0.0000         0.29929
-2.5850         0.0000         0.29988
-2.5830         0.0000         0.30047
-2.5810         0.0000         0.30107
-2.5790         0.0000         0.30166
-2.5770         0.0000         0.30226
-2.5750         0.0000         0.30286
-2.5730         0.0000         0.30346
-2.5710         0.0000         0.30406
-2.5690         0.0000         0.30466
-2.5670         0.0000         0.30526
-2.5650         0.0000         0.30587
-2.5630         0.0000         0.30647
-2.5610         0.0000         0.30708
-2.5590         0.0000         0.30769
-2.5570         0.0000         0.30829
-2.5550         0.0000         0.30890
-2.5530         0.0000         0.30952
-2.5510         0.0000         0.31013
-2.5490         0.0000         0.31074
-2.5470         0.0000         0.31136
-2.5450         0.0000         0.31197
-2.5430         0.0000         0.31259
-2.5410         0.0000         0.31321
-2.5390         0.0000         0.31383
-2.5370         0.0000         0.31445
-2.5350         0.0000         0.31507
-2.5330         0.0000         0.31569
-2.5310         0.0000         0.31631
-2.5290         0.0000         0.31694
-2.5270         0.0000         0.31757
-2.5250         0.0000         0.31819
-2.5230         0.0000         0.31882
-2.5210         0.0000         0.31945
-2.5190         0.0000         0.32008
-2.5170         0.0000         0.32072
-2.5150         0.0000         0.32135
-2.5130         0.0000         0.32199
-2.5110         0.0000         0.32262
-2.5090         0.0000         0.32326
-2.5070         0.0000         0.32390
-2.5050         0.0000         0.32454
-2.5030         0.0000         0.32518
-2.5010         0.0000         0.32582
-2.4990         0.0000         0.32646
-2.4970         0.0000         0.32711
-2.4950         0.0000         0.32776
-2.4930         0.0000         0.32840
-2.4910         0.0000         0.32905
-2.4890         0.0000         0.32970
-2.4870         0.0000         0.33035
-2.4850         0.0000         0.33100
-2.4830         0.0000         0.33166
-2.4810         0.0000         0.33231
-2.4790         0.0000         0.33297
-2.4770         0.0000         0.33363
-2.4750         0.0000         0.33428
-2.4730         0.0000         0.33494
-2.4710         0.0000         0.33560
-2.4690         0.0000         0.33627
-2.4670         0.0000         0.33693
-2.4650         0.0000         0.33760
-2.4630         0.0000         0.33826
-2.4610         0.0000         0.33893
-2.4590         0.0000         0.33960
-2.4570         0.0000         0.34027
-2.4550         0.0000         0.34094
-2.4530         0.0000         0.34161
-2.4510         0.0000         0.34229
-2.4490         0.0000         0.34296
-2.4470         0.0000         0.34364
-2.4450         0.0000         0.34431
-2.4430         0.0000         0.34499
-2.4410         0.0000         0.34567
-2.4390         0.0000         0.34636
-2.4370         0.0000         0.34704
-2.4350         0.0000         0.34772
-2.4330         0.0000         0.34841
-2.4310         0.0000         0.34910
-2.4290         0.0000         0.34978
-2.4270         0.0000         0.35047
-2.4250         0.0000         0.35116
-2.4230         0.0000         0.35186
-2.4210         0.0000         0.35255
-2.4190         0.0000         0.35324
-2.4170         0.0000         0.35394
-2.4150         0.0000         0.35464
-2.4130         0.0000         0.35534
-2.4110         0.0000         0.35604
-2.4090         0.0000         0.35674
-2.4070         0.0000         0.35744
-2.4050         0.0000         0.35814
-2.4030         0.0000         0.35885
-2.4010         0.0000         0.35956
-2.3990         0.0000         0.36026
-2.3970         0.0000         0.36097
-2.3950         0.0000         0.36168
-2.3930         0.0000         0.36240
-2.3910         0.0000         0.36311
-2.3890         0.0000         0.36382
-2.3870         0.0000         0.36454
-2.3850         0.0000         0.36526
-2.3830         0.0000         0.36598
-2.3810         0.0000         0.36670
-2.3790         0.0000         0.36742
-2.3770         0.0000         0.36814
-2.3750         0.0000         0.36887
-2.3730         0.0000         0.36959
-2.3710         0.0000         0.37032
-2.3690         0.0000         0.37105
-2.3670         0.0000         0.37178
-2.3650         0.0000         0.37251
-2.3630         0.0000         0.37324
-2.3610         0.0000         0.37398
-2.3590         0.0000         0.37471
-2.3570         0.0000         0.37545
-2.3550         0.0000         0.37619
-2.3530         0.0000         0.37693
-2.3510         0.0000         0.37767
-2.3490         0.0000         0.37841
-2.3470         0.0000         0.37915
-2.3450         0.0000         0.37990
-2.3430         0.0000         0.38065
-2.3410         0.0000         0.38139
-2.3390         0.0000         0.38214
-2.3370         0.0000         0.38289
-2.3350         0.0000         0.38365
-2.3330         0.0000         0.38440
-2.3310         0.0000         0.38516
-2.3290         0.0000         0.38591
-2.3270         0.0000         0.38667
-2.3250         0.0000         0.38743
-2.3230         0.0000         0.38819
-2.3210         0.0000         0.38895
-2.3190         0.0000         0.38972
-2.3170         0.0000         0.39048
-2.3150         0.0000         0.39125
-2.3130         0.0000         0.39202
-2.3110         0.0000         0.39279
-2.3090         0.0000         0.39356
-2.3070         0.0000         0.39433
-2.3050         0.0000         0.39510
-2.3030         0.0000         0.39588
-2.3010         0.0000         0.39666
-2.2990         0.0000         0.39743
-2.2970         0.0000         0.39821
-2.2950         0.0000         0.39899
-2.2930         0.0000         0.39978
-2.2910         0.0000         0.40056
-2.2890         0.0000         0.40135
-2.2870         0.0000         0.40213
-2.2850         0.0000         0.40292
-2.2830         0.0000         0.40371
-2.2810         0.0000         0.40450
-2.2790         0.0000         0.40530
-2.2770         0.0000         0.40609
-2.2750         0.0000         0.40689
-2.2730         0.0000         0.40769
-2.2710         0.0000         0.40848
-2.2690         0.0000         0.40928
-2.2670         0.0000         0.41009
-2.2650         0.0000         0.41089
-2.2630         0.0000         0.41170
-2.2610         0.0000         0.41250
-2.2590         0.0000         0.41331
-2.2570         0.0000         0.41412
-2.2550         0.0000         0.41493
-2.2530         0.0000         0.41574
-2.2510         0.0000         0.41656
-2.2490         0.0000         0.41737
-2.2470         0.0000         0.41819
-2.2450         0.0000         0.41901
-2.2430         0.0000         0.41983
-2.2410         0.0000         0.42065
-2.2390         0.0000         0.42147
-2.2370         0.0000         0.42230
-2.2350         0.0000         0.42312
-2.2330         0.0000         0.42395
-2.2310         0.0000         0.42478
-2.2290         0.0000         0.42561
-2.2270         0.0000         0.42645
-2.2250         0.0000         0.42728
-2.2230         0.0000         0.42812
-2.2210         0.0000         0.42895
-2.2190         0.0000         0.42979
-2.2170         0.0000         0.43063
-2.2150         0.0000         0.43147
-2.2130         0.0000         0.43232
-2.2110         0.0000         0.43316
-2.2090         0.0000         0.43401
-2.2070         0.0000         0.43486
-2.2050         0.0000         0.43571
-2.2030         0.0000         0.43656
-2.2010         0.0000         0.43741
-2.1990         0.0000         0.43826
-2.1970         0.0000         0.43912
-2.1950         0.0000         0.43998
-2.1930         0.0000         0.44084
-2.1910         0.0000         0.44170
-2.1890         0.0000         0.44256
-2.1870         0.0000         0.44342
-2.1850         0.0000         0.44429
-2.1830         0.0000         0.44516
-2.1810         0.0000         0.44603
-2.1790         0.0000         0.44690
-2.1770         0.0000         0.44777
-2.1750         0.0000         0.44864
-2.1730         0.0000         0.44952
-2.1710         0.0000         0.45039
-2.1690         0.0000         0.45127
-2.1670         0.0000         0.45215
-2.1650         0.0000         0.45303
-2.1630         0.0000         0.45392
-2.1610         0.0000         0.45480
-2.1590         0.0000         0.45569
-2.1570         0.0000         0.45658
-2.1550         0.0000         0.45747
-2.1530         0.0000         0.45836
-2.1510         0.0000         0.45925
-2.1490         0.0000         0.46015
-2.1470         0.0000         0.46104
-2.1450         0.0000         0.46194
-2.1430         0.0000         0.46284
-2.1410         0.0000         0.46374
-2.1390         0.0000         0.46465
-2.1370         0.0000         0.46555
-2.1350         0.0000         0.46646
-2.1330         0.0000         0.46736
-2.1310         0.0000         0.46827
-2.1290         0.0000         0.46919
-2.1270         0.0000         0.47010
-2.1250         0.0000         0.47101
-2.1230         0.0000         0.47193
-2.1210         0.0000         0.47285
-2.1190         0.0000         0.47377
-2.1170         0.0000         0.47469
-2.1150         0.0000         0.47561
-2.1130         0.0000         0.47654
-2.1110         0.0000         0.47746
-2.1090         0.0000         0.47839
-2.1070         0.0000         0.47932
-2.1050         0.0000         0.48025
-2.1030         0.0000         0.48119
-2.1010         0.0000         0.48212
-2.0990         0.0000         0.48306
-2.0970         0.0000         0.48400
-2.0950         0.0000         0.48494
-2.0930         0.0000         0.48588
-2.0910         0.0000         0.48682
-2.0890         0.0000         0.48777
-2.0870         0.0000         0.48871
-2.0850         0.0000         0.48966
-2.0830         0.0000         0.49061
-2.0810         0.0000         0.49156
-2.0790         0.0000         0.49252
-2.0770         0.0000         0.49347
-2.0750         0.0000         0.49443
-2.0730         0.0000         0.49539
-2.0710         0.0000         0.49635
-2.0690         0.0000         0.49731
-2.0670         0.0000         0.49828
-2.0650         0.0000         0.49924
-2.0630         0.0000         0.50021
-2.0610         0.0000         0.50118
-2.0590         0.0000         0.50215
-2.0570         0.0000         0.50313
-2.0550         0.0000         0.50410
-2.0530         0.0000         0.50508
-2.0510         0.0000         0.50606
-2.0490         0.0000         0.50704
-2.0470         0.0000         0.50802
-2.0450         0.0000         0.50900
-2.0430         0.0000         0.50999
-2.0410         0.0000         0.51097
-2.0390         0.0000         0.51196
-2.0370         0.0000         0.51295
-2.0350         0.0000         0.51395
-2.0330         0.0000         0.51494
-2.0310         0.0000         0.51594
-2.0290         0.0000         0.51693
-2.0270         0.0000         0.51793
-2.0250         0.0000         0.51893
-2.0230         0.0000         0.51994
-2.0210         0.0000         0.52094
-2.0190         0.0000         0.52195
-2.0170         0.0000         0.52296
-2.0150         0.0000         0.52397
-2.0130         0.0000         0.52498
-2.0110         0.0000         0.52599
-2.0090         0.0000         0.52701
-2.0070         0.0000         0.52803
-2.0050         0.0000         0.52905
-2.0030         0.0000         0.53007
-2.0010         0.0000         0.53109
-1.9990         0.0000         0.53212
-1.9970         0.0000         0.53314
-1.9950         0.0000         0.53417
-1.9930         0.0000         0.53520
-1.9910         0.0000         0.53624
-1.9890         0.0000         0.53727
-1.9870         0.0000         0.53831
-1.9850         0.0000         0.53934
-1.9830         0.0000         0.54038
-1.9810         0.0000         0.54142
-1.9790         0.0000         0.54247
-1.9770         0.0000         0.54351
-1.9750         0.0000         0.54456
-1.9730         0.0000         0.54561
-1.9710         0.0000         0.54666
-1.9690         0.0000         0.54771
-1.9670         0.0000         0.54877
-1.9650         0.0000         0.54982
-1.9630         0.0000         0.55088
-1.9610         0.0000         0.55194
-1.9590         0.0000         0.55300
-1.9570         0.0000         0.55407
-1.9550         0.0000         0.55513
-1.9530         0.0000         0.55620
-1.9510         0.0000         0.55727
-1.9490         0.0000         0.55834
-1.9470         0.0000         0.55941
-1.9450         0.0000         0.56049
-1.9430         0.0000         0.56157
-1.9410         0.0000         0.56265
-1.9390         0.0000         0.56373
-1.9370         0.0000         0.56481
-1.9350         0.0000         0.56589
-1.9330         0.0000         0.56698
-1.9310         0.0000         0.56807
-1.9290         0.0000         0.56916
-1.9270         0.0000         0.57025
-1.9250         0.0000         0.57134
-1.9230         0.0000         0.57244
-1.9210         0.0000         0.57354
-1.9190         0.0000         0.57464
-1.9170         0.0000         0.57574
-1.9150         0.0000         0.57684
-1.9130         0.0000         0.57795
-1.9110         0.0000         0.57906
-1.9090         0.0000         0.58017
-1.9070         0.0000         0.58128
-1.9050         0.0000         0.58239
-1.9030         0.0000         0.58351
-1.9010         0.0000         0.58462
-1.8990         0.0000         0.58574
-1.8970         0.0000         0.58686
-1.8950         0.0000         0.58799
-1.8930         0.0000         0.58911
-1.8910         0.0000         0.59024
-1.8890         0.0000         0.59137
-1.8870         0.0000         0.59250
-1.8850         0.0000         0.59363
-1.8830         0.0000         0.59477
-1.8810         0.0000         0.59590
-1.8790         0.0000         0.59704
-1.8770         0.0000         0.59818
-1.8750         0.0000         0.59933
-1.8730         0.0000         0.60047
-1.8710         0.0000         0.60162
-1.8690         0.0000         0.60276
-1.8670         0.0000         0.60392
-1.8650         0.0000         0.60507
-1.8630         0.0000         0.60622
-1.8610         0.0000         0.60738
-1.8590         0.0000         0.60854
-1.8570         0.0000         0.60970
-1.8550         0.0000         0.61086
-1.8530         0.0000         0.61202
-1.8510         0.0000         0.61319
-1.8490         0.0000         0.61436
-1.8470         0.0000         0.61553
-1.8450         0.0000         0.61670
-1.8430         0.0000         0.61788
-1.8410         0.0000         0.61905
-1.8390         0.0000         0.62023
-1.8370         0.0000         0.62141
-1.8350         0.0000         0.62259
-1.8330         0.0000         0.62378
-1.8310         0.0000         0.62496
-1.8290         0.0000         0.62615
-1.8270         0.0000         0.62734
-1.8250         0.0000         0.62853
-1.8230         0.0000         0.62973
-1.8210         0.0000         0.63093
-1.8190         0.0000         0.63212
-1.8170         0.0000         0.63332
-1.8150         0.0000         0.63453
-1.8130         0.0000         0.63573
-1.8110         0.0000         0.63694
-1.8090         0.0000         0.63815
-1.8070         0.0000         0.63936
-1.8050         0.0000         0.64057
-1.8030         0.0000         0.64178
-1.8010         0.0000         0.64300
-1.7990         0.0000         0.64422
-1.7970         0.0000         0.64544
-1.7950         0.0000         0.64666
-1.7930         0.0000         0.64789
-1.7910         0.0000         0.64911
-1.7890         0.0000         0.65034
-1.7870         0.0000         0.65157
-1.7850         0.0000         0.65281
-1.7830         0.0000         0.65404
-1.7810         0.0000         0.65528
-1.7790         0.0000         0.65652
-1.7770         0.0000         0.65776
-1.7750         0.0000         0.65900
-1.7730         0.0000         0.66025
-1.7710         0.0000         0.66150
-1.7690         0.0000         0.66275
-1.7670         0.0000         0.66400
-1.7650         0.0000         0.66525
-1.7630         0.0000         0.66651
-1.7610         0.0000         0.66777
-1.7590         0.0000         0.66903
-1.7570         0.0000         0.67029
-1.7550         0.0000         0.67155
-1.7530         0.0000         0.67282
-1.7510         0.0000         0.67409
-1.7490         0.0000         0.67536
-1.7470         0.0000         0.67663
-1.7450         0.0000         0.67790
-1.7430         0.0000         0.67918
-1.7410         0.0000         0.68046
-1.7390         0.0000         0.68174
-1.7370         0.0000         0.68302
-1.7350         0.0000         0.68431
-1.7330         0.0000         0.68559
-1.7310         0.0000         0.68688
-1.7290         0.0000         0.68817
-1.7270         0.0000         0.68947
-1.7250         0.0000         0.69076
-1.7230         0.0000         0.69206
-1.7210         0.0000         0.69336
-1.7190         0.0000         0.69466
-1.7170         0.0000         0.69597
-1.7150         0.0000         0.69727
-1.7130         0.0000         0.69858
-1.7110         0.0000         0.69989
-1.7090         0.0000         0.70120
-1.7070         0.0000         0.70252
-1.7050         0.0000         0.70383
-1.7030         0.0000         0.70515
-1.7010         0.0000         0.70647
-1.6990         0.0000         0.70780
-1.6970         0.0000         0.70912
-1.6950         0.0000         0.71045
-1.6930         0.0000         0.71178
-1.6910         0.0000         0.71311
-1.6890         0.0000         0.71444
-1.6870         0.0000         0.71578
-1.6850         0.0000         0.71712
-1.6830         0.0000         0.71846
-1.6810         0.0000         0.71980
-1.6790         0.0000         0.72114
-1.6770         0.0000         0.72249
-1.6750         0.0000         0.72384
-1.6730         0.0000         0.72519
-1.6710         0.0000         0.72654
-1.6690         0.0000         0.72790
-1.6670         0.0000         0.72925
-1.6650         0.0000         0.73061
-1.6630         0.0000         0.73197
-1.6610         0.0000         0.73334
-1.6590         0.0000         0.73470
-1.6570         0.0000         0.73607
-1.6550         0.0000         0.73744
-1.6530         0.0000         0.73881
-1.6510         0.0000         0.74019
-1.6490         0.0000         0.74156
-1.6470         0.0000         0.74294
-1.6450         0.0000         0.74432
-1.6430         0.0000         0.74570
-1.6410         0.0000         0.74709
-1.6390         0.0000         0.74848
-1.6370         0.0000         0.74987
-1.6350         0.0000         0.75126
-1.6330         0.0000         0.75265
-1.6310         0.0000         0.75405
-1.6290         0.0000         0.75544
-1.6270         0.0000         0.75684
-1.6250         0.0000         0.75825
-1.6230         0.0000         0.75965
-1.6210         0.0000         0.76106
-1.6190         0.0000         0.76247
-1.6170         0.0000         0.76388
-1.6150         0.0000         0.76529
-1.6130         0.0000         0.76670
-1.6110         0.0000         0.76812
-1.6090         0.0000         0.76954
-1.6070         0.0000         0.77096
-1.6050         0.0000         0.77239
-1.6030         0.0000         0.77381
-1.6010         0.0000         0.77524
-1.5990         0.0000         0.77667
-1.5970         0.0000         0.77810
-1.5950         0.0000         0.77954
-1.5930         0.0000         0.78098
-1.5910         0.0000         0.78241
-1.5890         0.0000         0.78386
-1.5870         0.0000         0.78530
-1.5850         0.0000         0.78675
-1.5830         0.0000         0.78819
-1.5810         0.0000         0.78964
-1.5790         0.0000         0.79109
-1.5770         0.0000         0.79255
-1.5750         0.0000         0.79401
-1.5730         0.0000         0.79546
-1.5710         0.0000         0.79692
-1.5690         0.0000         0.79839
-1.5670         0.0000         0.79985
-1.5650         0.0000         0.80132
-1.5630         0.0000         0.80279
-1.5610         0.0000         0.80426
-1.5590         0.0000         0.80574
-1.5570         0.0000         0.80721
-1.5550         0.0000         0.80869
-1.5530         0.0000         0.81017
-1.5510         0.0000         0.81165
-1.5490         0.0000         0.81314
-1.5470         0.0000         0.81462
-1.5450         0.0000         0.81611
-1.5430         0.0000         0.81760
-1.5410         0.0000         0.81910
-1.5390         0.0000         0.82059
-1.5370         0.0000         0.82209
-1.5350         0.0000         0.82359
-1.5330         0.0000         0.82509
-1.5310         0.0000         0.82660
-1.5290         0.0000         0.82810
-1.5270         0.0000         0.82961
-1.5250         0.0000         0.83112
-1.5230         0.0000         0.83264
-1.5210         0.0000         0.83415
-1.5190         0.0000         0.83567
-1.5170         0.0000         0.83719
-1.5150         0.0000         0.83871
-1.5130         0.0000         0.84023
-1.5110         0.0000         0.84176
-1.5090         0.0000         0.84329
-1.5070         0.0000         0.84482
-1.5050         0.0000         0.84635
-1.5030         0.0000         0.84789
-1.5010         0.0000         0.84942
-1.4990         0.0000         0.85096
-1.4970         0.0000         0.85250
-1.4950         0.0000         0.85405
-1.4930         0.0000         0.85559
-1.4910         0.0000         0.85714
-1.4890         0.0000         0.85869
-1.4870         0.0000         0.86024
-1.4850         0.0000         0.86180
-1.4830         0.0000         0.86335
-1.4810         0.0000         0.86491
-1.4790         0.0000         0.86647
-1.4770         0.0000         0.86804
-1.4750         0.0000         0.86960
-1.4730         0.0000         0.87117
-1.4710         0.0000         0.87274
-1.4690         0.0000         0.87431
-1.4670         0.0000         0.87588
-1.4650         0.0000         0.87746
-1.4630         0.0000         0.87904
-1.4610         0.0000         0.88062
-1.4590         0.0000         0.88220
-1.4570         0.0000         0.88378
-1.4550         0.0000         0.88537
-1.4530         0.0000         0.88696
-1.4510         0.0000         0.88855
-1.4490         0.0000         0.89014
-1.4470         0.0000         0.89174
-1.4450         0.0000         0.89334
-1.4430         0.0000         0.89494
-1.4410         0.0000         0.89654
-1.4390         0.0000         0.89814
-1.4370         0.0000         0.89975
-1.4350         0.0000         0.90136
-1.4330         0.0000         0.90297
-1.4310         0.0000         0.90458
-1.4290         0.0000         0.90619
-1.4270         0.0000         0.90781
-1.4250         0.0000         0.90943
-1.4230         0.0000         0.91105
-1.4210         0.0000         0.91267
-1.4190         0.0000         0.91430
-1.4170         0.0000         0.91593
-1.4150         0.0000         0.91755
-1.4130         0.0000         0.91919
-1.4110         0.0000         0.92082
-1.4090         0.0000         0.92246
-1.4070         0.0000         0.92409
-1.4050         0.0000         0.92573
-1.4030         0.0000         0.92738
-1.4010         0.0000         0.92902
-1.3990         0.0000         0.93067
-1.3970         0.0000         0.93232
-1.3950         0.0000         0.93397
-1.3930         0.0000         0.93562
-1.3910         0.0000         0.93727
-1.3890         0.0000         0.93893
-1.3870         0.0000         0.94059
-1.3850         0.0000         0.94225
-1.3830         0.0000         0.94392
-1.3810         0.0000         0.94558
-1.3790         0.0000         0.94725
-1.3770         0.0000         0.94892
-1.3750         0.0000         0.95059
-1.3730         0.0000         0.95226
-1.3710         0.0000         0.95394
-1.3690         0.0000         0.95562
-1.3670         0.0000         0.95730
-1.3650         0.0000         0.95898
-1.3630         0.0000         0.96066
-1.3610         0.0000         0.96235
-1.3590         0.0000         0.96404
-1.3570         0.0000         0.96573
-1.3550         0.0000         0.96742
-1.3530         0.0000         0.96911
-1.3510         0.0000         0.97081
-1.3490         0.0000         0.97251
-1.3470         0.0000         0.97421
-1.3450         0.0000         0.97591
-1.3430         0.0000         0.97762
-1.3410         0.0000         0.97932
-1.3390         0.0000         0.98103
-1.3370         0.0000         0.98274
-1.3350         0.0000         0.98446
-1.3330         0.0000         0.98617
-1.3310         0.0000         0.98789
-1.3290         0.0000         0.98961
-1.3270         0.0000         0.99133
-1.3250         0.0000         0.99305
-1.3230         0.0000         0.99478
-1.3210         0.0000         0.99650
-1.3190         0.0000         0.99823
-1.3170         0.0000         0.99996
-1.3150         0.0000         1.0017
-1.3130         0.0000         1.0034
-1.3110         0.0000         1.0052
-1.3090         0.0000         1.0069
-1.3070         0.0000         1.0086
-1.3050         0.0000         1.0104
-1.3030         0.0000         1.0121
-1.3010         0.0000         1.0139
-1.2990         0.0000         1.0156
-1.2970         0.0000         1.0174
-1.2950         0.0000         1.0191
-1.2930         0.0000         1.0209
-1.2910         0.0000         1.0226
-1.2890         0.0000         1.0244
-1.2870         0.0000         1.0262
-1.2850         0.0000         1.0279
-1.2830         0.0000         1.0297
-1.2810         0.0000         1.0315
-1.2790         0.0000         1.0332
-1.2770         0.0000         1.0350
-1.2750         0.0000         1.0368
-1.2730         0.0000         1.0385
-1.2710         0.0000         1.0403
-1.2690         0.0000         1.0421
-1.2670         0.0000         1.0439
-1.2650         0.0000         1.0457
-1.2630         0.0000         1.0474
-1.2610         0.0000         1.0492
-1.2590         0.0000         1.0510
-1.2570         0.0000         1.0528
-1.2550         0.0000         1.0546
-1.2530         0.0000         1.0564
-1.2510         0.0000         1.0582
-1.2490         0.0000         1.0600
-1.2470         0.0000         1.0618
-1.2450         0.0000         1.0636
-1.2430         0.0000         1.0654
-1.2410         0.0000         1.0672
-1.2390         0.0000         1.0690
-1.2370         0.0000         1.0708
-1.2350         0.0000         1.0726
-1.2330         0.0000         1.0744
-1.2310         0.0000         1.0762
-1.2290         0.0000         1.0781
-1.2270         0.0000         1.0799
-1.2250         0.0000         1.0817
-1.2230         0.0000         1.0835
-1.2210         0.0000         1.0853
-1.2190         0.0000         1.0872
-1.2170         0.0000         1.0890
-1.2150         0.0000         1.0908
-1.2130         0.0000         1.0926
-1.2110         0.0000         1.0945
-1.2090         0.0000         1.0963
-1.2070         0.0000         1.0981
-1.2050         0.0000         1.1000
-1.2030         0.0000         1.1018
-1.2010         0.0000         1.1037
-1.1990         0.0000         1.1055
-1.1970         0.0000         1.1073
-1.1950         0.0000         1.1092
-1.1930         0.0000         1.1110
-1.1910         0.0000         1.1129
-1.1890         0.0000         1.1147
-1.1870         0.0000         1.1166
-1.1850         0.0000         1.1184
-1.1830         0.0000         1.1203
-1.1810         0.0000         1.1221
-1.1790         0.0000         1.1240
-1.1770         0.0000         1.1259
-1.1750         0.0000         1.1277
-1.1730         0.0000         1.1296
-1.1710         0.0000         1.1315
-1.1690         0.0000         1.1333
-1.1670         0.0000         1.1352
-1.1650         0.0000         1.1371
-1.1630         0.0000         1.1389
-1.1610         0.0000         1.1408
-1.1590         0.0000         1.1427
-1.1570         0.0000         1.1446
-1.1550         0.0000         1.1464
-1.1530         0.0000         1.1483
-1.1510         0.0000         1.1502
-1.1490         0.0000         1.1521
-1.1470         0.0000         1.1540
-1.1450         0.0000         1.1558
-1.1430         0.0000         1.1577
-1.1410         0.0000         1.1596
-1.1390         0.0000         1.1615
-1.1370         0.0000         1.1634
-1.1350         0.0000         1.1653
-1.1330         0.0000         1.1672
-1.1310         0.0000         1.1691
-1.1290         0.0000         1.1710
-1.1270         0.0000         1.1729
-1.1250         0.0000         1.1748
-1.1230         0.0000         1.1767
-1.1210         0.0000         1.1786
-1.1190         0.0000         1.1805
-1.1170         0.0000         1.1824
-1.1150         0.0000         1.1843
-1.1130         0.0000         1.1862
-1.1110         0.0000         1.1881
-1.1090         0.0000         1.1900
-1.1070         0.0000         1.1920
-1.1050         0.0000         1.1939
-1.1030         0.0000         1.1958
-1.1010         0.0000         1.1977
-1.0990         0.0000         1.1996
-1.0970         0.0000         1.2015
-1.0950         0.0000         1.2035
-1.0930         0.0000         1.2054
-1.0910         0.0000         1.2073
-1.0890         0.0000         1.2092
-1.0870         0.0000         1.2112
-1.0850         0.0000         1.2131
-1.0830         0.0000         1.2150
-1.0810         0.0000         1.2170
-1.0790         0.0000         1.2189
-1.0770         0.0000         1.2208
-1.0750         0.0000         1.2228
-1.0730         0.0000         1.2247
-1.0710         0.0000         1.2266
-1.0690         0.0000         1.2286
-1.0670         0.0000         1.2305
-1.0650         0.0000         1.2325
-1.0630         0.0000         1.2344
-1.0610         0.0000         1.2363
-1.0590         0.0000         1.2383
-1.0570         0.0000         1.2402
-1.0550         0.0000         1.2422
-1.0530         0.0000         1.2441
-1.0510         0.0000         1.2461
-1.0490         0.0000         1.2480
-1.0470         0.0000         1.2500
-1.0450         0.0000         1.2519
-1.0430         0.0000         1.2539
-1.0410         0.0000         1.2558
-1.0390         0.0000         1.2578
-1.0370         0.0000         1.2597
-1.0350         0.0000         1.2617
-1.0330         0.0000         1.2637
-1.0310         0.0000         1.2656
-1.0290         0.0000         1.2676
-1.0270         0.0000         1.2695
-1.0250         0.0000         1.2715
-1.0230         0.0000         1.2735
-1.0210         0.0000         1.2754
-1.0190         0.0000         1.2774
-1.0170         0.0000         1.2794
-1.0150         0.0000         1.2813
-1.0130         0.0000         1.2833
-1.0110         0.0000         1.2853
-1.0090         0.0000         1.2872
-1.0070         0.0000         1.2892
-1.0050         0.0000         1.2912
-1.0030         0.0000         1.2931
-1.0010         0.0000         1.2951
-0.99900        0.0000         1.2971
-0.99700        0.0000         1.2991
-0.99500        0.0000         1.3010
-0.99300        0.0000         1.3030
-0.99100        0.0000         1.3050
-0.98900        0.0000         1.3070
-0.98700        0.0000         1.3090
-0.98500        0.0000         1.3109
-0.98300        0.0000         1.3129
-0.98100        0.0000         1.3149
-0.97900        0.0000         1.3169
-0.97700        0.0000         1.3189
-0.97500        0.0000         1.3208
-0.97300        0.0000         1.3228
-0.97100        0.0000         1.3248
-0.96900        0.0000         1.3268
-0.96700        0.0000         1.3288
-0.96500        0.0000         1.3308
-0.96300        0.0000         1.3328
-0.96100        0.0000         1.3347
-0.95900        0.0000         1.3367
-0.95700        0.0000         1.3387
-0.95500        0.0000         1.3407
-0.95300        0.0000         1.3427
-0.95100        0.0000         1.3447
-0.94900        0.0000         1.3467
-0.94700        0.0000         1.3487
-0.94500        0.0000         1.3507
-0.94300        0.0000         1.3527
-0.94100        0.0000         1.3547
-0.93900        0.0000         1.3566
-0.93700        0.0000         1.3586
-0.93500        0.0000         1.3606
-0.93300        0.0000         1.3626
-0.93100        0.0000         1.3646
-0.92900        0.0000         1.3666
-0.92700        0.0000         1.3686
-0.92500        0.0000         1.3706
-0.92300        0.0000         1.3726
-0.92100        0.0000         1.3746
-0.91900        0.0000         1.3766
-0.91700        0.0000         1.3786
-0.91500        0.0000         1.3806
-0.91300        0.0000         1.3826
-0.91100        0.0000         1.3846
-0.90900        0.0000         1.3866
-0.90700        0.0000         1.3886
-0.90500        0.0000         1.3906
-0.90300        0.0000         1.3926
-0.90100        0.0000         1.3946
-0.89900        0.0000         1.3966
-0.89700        0.0000         1.3986
-0.89500        0.0000         1.4006
-0.89300        0.0000         1.4026
-0.89100        0.0000         1.4046
-0.88900        0.0000         1.4066
-0.88700        0.0000         1.4086
-0.88500        0.0000         1.4106
-0.88300        0.0000         1.4126
-0.88100        0.0000         1.4146
-0.87900        0.0000         1.4166
-0.87700        0.0000         1.4186
-0.87500        0.0000         1.4206
-0.87300        0.0000         1.4226
-0.87100        0.0000         1.4246
-0.86900        0.0000         1.4266
-0.86700        0.0000         1.4286
-0.86500        0.0000         1.4306
-0.86300        0.0000         1.4326
-0.86100        0.0000         1.4346
-0.85900        0.0000         1.4366
-0.85700        0.0000         1.4386
-0.85500        0.0000         1.4406
-0.85300        0.0000         1.4426
-0.85100        0.0000         1.4446
-0.84900        0.0000         1.4466
-0.84700        0.0000         1.4486
-0.84500        0.0000         1.4506
-0.84300        0.0000         1.4526
-0.84100        0.0000         1.4546
-0.83900        0.0000         1.4566
-0.83700        0.0000         1.4586
-0.83500        0.0000         1.4606
-0.83300        0.0000         1.4625
-0.83100        0.0000         1.4645
-0.82900        0.0000         1.4665
-0.82700        0.0000         1.4685
-0.82500        0.0000         1.4705
-0.82300        0.0000         1.4725
-0.82100        0.0000         1.4745
-0.81900        0.0000         1.4765
-0.81700        0.0000         1.4785
-0.81500        0.0000         1.4805
-0.81300        0.0000         1.4825
-0.81100        0.0000         1.4845
-0.80900        0.0000         1.4865
-0.80700        0.0000         1.4884
-0.80500        0.0000         1.4904
-0.80300        0.0000         1.4924
-0.80100        0.0000         1.4944
-0.79900        0.0000         1.4964
-0.79700        0.0000         1.4984
-0.79500        0.0000         1.5004
-0.79300        0.0000         1.5023
-0.79100        0.0000         1.5043
-0.78900        0.0000         1.5063
-0.78700        0.0000         1.5083
-0.78500        0.0000         1.5103
-0.78300        0.0000         1.5123
-0.78100        0.0000         1.5142
-0.77900        0.0000         1.5162
-0.77700        0.0000         1.5182
-0.77500        0.0000         1.5202
-0.77300        0.0000         1.5221
-0.77100        0.0000         1.5241
-0.76900        0.0000         1.5261
-0.76700        0.0000         1.5281
-0.76500        0.0000         1.5300
-0.76300        0.0000         1.5320
-0.76100        0.0000         1.5340
-0.75900        0.0000         1.5359
-0.75700        0.0000         1.5379
-0.75500        0.0000         1.5399
-0.75300        0.0000         1.5418
-0.75100        0.0000         1.5438
-0.74900        0.0000         1.5458
-0.74700        0.0000         1.5477
-0.74500        0.0000         1.5497
-0.74300        0.0000         1.5516
-0.74100        0.0000         1.5536
-0.73900        0.0000         1.5556
-0.73700        0.0000         1.5575
-0.73500        0.0000         1.5595
-0.73300        0.0000         1.5614
-0.73100        0.0000         1.5634
-0.72900        0.0000         1.5653
-0.72700        0.0000         1.5673
-0.72500        0.0000         1.5692
-0.72300        0.0000         1.5712
-0.72100        0.0000         1.5731
-0.71900        0.0000         1.5750
-0.71700        0.0000         1.5770
-0.71500        0.0000         1.5789
-0.71300        0.0000         1.5809
-0.71100        0.0000         1.5828
-0.70900        0.0000         1.5847
-0.70700        0.0000         1.5867
-0.70500        0.0000         1.5886
-0.70300        0.0000         1.5905
-0.70100        0.0000         1.5924
-0.69900        0.0000         1.5944
-0.69700        0.0000         1.5963
-0.69500        0.0000         1.5982
-0.69300        0.0000         1.6001
-0.69100        0.0000         1.6021
-0.68900        0.0000         1.6040
-0.68700        0.0000         1.6059
-0.68500        0.0000         1.6078
-0.68300        0.0000         1.6097
-0.68100        0.0000         1.6116
-0.67900        0.0000         1.6135
-0.67700        0.0000         1.6154
-0.67500        0.0000         1.6173
-0.67300        0.0000         1.6192
-0.67100        0.0000         1.6211
-0.66900        0.0000         1.6230
-0.66700        0.0000         1.6249
-0.66500        0.0000         1.6268
-0.66300        0.0000         1.6287
-0.66100        0.0000         1.6306
-0.65900        0.0000         1.6325
-0.65700        0.0000         1.6344
-0.65500        0.0000         1.6363
-0.65300        0.0000         1.6382
-0.65100        0.0000         1.6400
-0.64900        0.0000         1.6419
-0.64700        0.0000         1.6438
-0.64500        0.0000         1.6457
-0.64300        0.0000         1.6475
-0.64100        0.0000         1.6494
-0.63900        0.0000         1.6513
-0.63700        0.0000         1.6531
-0.63500        0.0000         1.6550
-0.63300        0.0000         1.6568
-0.63100        0.0000         1.6587
-0.62900        0.0000         1.6605
-0.62700        0.0000         1.6624
-0.62500        0.0000         1.6642
-0.62300        0.0000         1.6661
-0.62100        0.0000         1.6679
-0.61900        0.0000         1.6698
-0.61700        0.0000         1.6716
-0.61500        0.0000         1.6734
-0.61300        0.0000         1.6753
-0.61100        0.0000         1.6771
-0.60900        0.0000         1.6789
-0.60700        0.0000         1.6807
-0.60500        0.0000         1.6826
-0.60300        0.0000         1.6844
-0.60100        0.0000         1.6862
-0.59900        0.0000         1.6880
-0.59700        0.0000         1.6898
-0.59500        0.0000         1.6916
-0.59300        0.0000         1.6934
-0.59100        0.0000         1.6952
-0.58900        0.0000         1.6970
-0.58700        0.0000         1.6988
-0.58500        0.0000         1.7006
-0.58300        0.0000         1.7024
-0.58100        0.0000         1.7042
-0.57900        0.0000         1.7060
-0.57700        0.0000         1.7077
-0.57500        0.0000         1.7095
-0.57300        0.0000         1.7113
-0.57100        0.0000         1.7131
-0.56900        0.0000         1.7148
-0.56700        0.0000         1.7166
-0.56500        0.0000         1.7184
-0.56300        0.0000         1.7201
-0.56100        0.0000         1.7219
-0.55900        0.0000         1.7236
-0.55700        0.0000         1.7254
-0.55500        0.0000         1.7271
-0.55300        0.0000         1.7288
-0.55100        0.0000         1.7306
-0.54900        0.0000         1.7323
-0.54700        0.0000         1.7340
-0.54500        0.0000         1.7358
-0.54300        0.0000         1.7375
-0.54100        0.0000         1.7392
-0.53900        0.0000         1.7409
-0.53700        0.0000         1.7426
-0.53500        0.0000         1.7444
-0.53300        0.0000         1.7461
-0.53100        0.0000         1.7478
-0.52900        0.0000         1.7495
-0.52700        0.0000         1.7511
-0.52500        0.0000         1.7528
-0.52300        0.0000         1.7545
-0.52100        0.0000         1.7562
-0.51900        0.0000         1.7579
-0.51700        0.0000         1.7596
-0.51500        0.0000         1.7612
-0.51300        0.0000         1.7629
-0.51100        0.0000         1.7646
-0.50900        0.0000         1.7662
-0.50700        0.0000         1.7679
-0.50500        0.0000         1.7695
-0.50300        0.0000         1.7712
-0.50100        0.0000         1.7728
-0.49900        0.0000         1.7745
-0.49700        0.0000         1.7761
-0.49500        0.0000         1.7777
-0.49300        0.0000         1.7794
-0.49100        0.0000         1.7810
-0.48900        0.0000         1.7826
-0.48700        0.0000         1.7842
-0.48500        0.0000         1.7858
-0.48300        0.0000         1.7874
-0.48100        0.0000         1.7890
-0.47900        0.0000         1.7906
-0.47700        0.0000         1.7922
-0.47500        0.0000         1.7938
-0.47300        0.0000         1.7954
-0.47100        0.0000         1.7970
-0.46900        0.0000         1.7985
-0.46700        0.0000         1.8001
-0.46500        0.0000         1.8017
-0.46300        0.0000         1.8032
-0.46100        0.0000         1.8048
-0.45900        0.0000         1.8064
-0.45700        0.0000         1.8079
-0.45500        0.0000         1.8094
-0.45300        0.0000         1.8110
-0.45100        0.0000         1.8125
-0.44900        0.0000         1.8141
-0.44700        0.0000         1.8156
-0.44500        0.0000         1.8171
-0.44300        0.0000         1.8186
-0.44100        0.0000         1.8201
-0.43900        0.0000         1.8216
-0.43700        0.0000         1.8231
-0.43500        0.0000         1.8246
-0.43300        0.0000         1.8261
-0.43100        0.0000         1.8276
-0.42900        0.0000         1.8291
-0.42700        0.0000         1.8306
-0.42500        0.0000         1.8320
-0.42300        0.0000         1.8335
-0.42100        0.0000         1.8350
-0.41900        0.0000         1.8364
-0.41700        0.0000         1.8379
-0.41500        0.0000         1.8393
-0.41300        0.0000         1.8408
-0.41100        0.0000         1.8422
-0.40900        0.0000         1.8436
-0.40700        0.0000         1.8451
-0.40500        0.0000         1.8465
-0.40300        0.0000         1.8479
-0.40100        0.0000         1.8493
-0.39900        0.0000         1.8507
-0.39700        0.0000         1.8521
-0.39500        0.0000         1.8535
-0.39300        0.0000         1.8549
-0.39100        0.0000         1.8563
-0.38900        0.0000         1.8577
-0.38700        0.0000         1.8590
-0.38500        0.0000         1.8604
-0.38300        0.0000         1.8618
-0.38100        0.0000         1.8631
-0.37900        0.0000         1.8645
-0.37700        0.0000         1.8658
-0.37500        0.0000         1.8672
-0.37300        0.0000         1.8685
-0.37100        0.0000         1.8698
-0.36900        0.0000         1.8712
-0.36700        0.0000         1.8725
-0.36500        0.0000         1.8738
-0.36300        0.0000         1.8751
-0.36100        0.0000         1.8764
-0.35900        0.0000         1.8777
-0.35700        0.0000         1.8790
-0.35500        0.0000         1.8803
-0.35300        0.0000         1.8815
-0.35100        0.0000         1.8828
-0.34900        0.0000         1.8841
-0.34700        0.0000         1.8853
-0.34500        0.0000         1.8866
-0.34300        0.0000         1.8879
-0.34100        0.0000         1.8891
-0.33900        0.0000         1.8903
-0.33700        0.0000         1.8916
-0.33500        0.0000         1.8928
-0.33300        0.0000         1.8940
-0.33100        0.0000         1.8952
-0.32900        0.0000         1.8964
-0.32700        0.0000         1.8976
-0.32500        0.0000         1.8988
-0.32300        0.0000         1.9000
-0.32100        0.0000         1.9012
-0.31900        0.0000         1.9024
-0.31700        0.0000         1.9036
-0.31500        0.0000         1.9047
-0.31300        0.0000         1.9059
-0.31100        0.0000         1.9070
-0.30900        0.0000         1.9082
-0.30700        0.0000         1.9093
-0.30500        0.0000         1.9104
-0.30300        0.0000         1.9116
-0.30100        0.0000         1.9127
-0.29900        0.0000         1.9138
-0.29700        0.0000         1.9149
-0.29500        0.0000         1.9160
-0.29300        0.0000         1.9171
-0.29100        0.0000         1.9182
-0.28900        0.0000         1.9193
-0.28700        0.0000         1.9204
-0.28500        0.0000         1.9214
-0.28300        0.0000         1.9225
-0.28100        0.0000         1.9236
-0.27900        0.0000         1.9246
-0.27700        0.0000         1.9256
-0.27500        0.0000         1.9267
-0.27300        0.0000         1.9277
-0.27100        0.0000         1.9287
-0.26900        0.0000         1.9298
-0.26700        0.0000         1.9308
-0.26500        0.0000         1.9318
-0.26300        0.0000         1.9328
-0.26100        0.0000         1.9338
-0.25900        0.0000         1.9347
-0.25700        0.0000         1.9357
-0.25500        0.0000         1.9367
-0.25300        0.0000         1.9377
-0.25100        0.0000         1.9386
-0.24900        0.0000         1.9396
-0.24700        0.0000         1.9405
-0.24500        0.0000         1.9414
-0.24300        0.0000         1.9424
-0.24100        0.0000         1.9433
-0.23900        0.0000         1.9442
-0.23700        0.0000         1.9451
-0.23500        0.0000         1.9460
-0.23300        0.0000         1.9469
-0.23100        0.0000         1.9478
-0.22900        0.0000         1.9487
-0.22700        0.0000         1.9496
-0.22500        0.0000         1.9504
-0.22300        0.0000         1.9513
-0.22100        0.0000         1.9521
-0.21900        0.0000         1.9530
-0.21700        0.0000         1.9538
-0.21500        0.0000         1.9546
-0.21300        0.0000         1.9555
-0.21100        0.0000         1.9563
-0.20900        0.0000         1.9571
-0.20700        0.0000         1.9579
-0.20500        0.0000         1.9587
-0.20300        0.0000         1.9595
-0.20100        0.0000         1.9603
-0.19900        0.0000         1.9610
-0.19700        0.0000         1.9618
-0.19500        0.0000         1.9626
-0.19300        0.0000         1.9633
-0.19100        0.0000         1.9641
-0.18900        0.0000         1.9648
-0.18700        0.0000         1.9655
-0.18500        0.0000         1.9663
-0.18300        0.0000         1.9670
-0.18100        0.0000         1.9677
-0.17900        0.0000         1.9684
-0.17700        0.0000         1.9691
-0.17500        0.0000         1.9698
-0.17300        0.0000         1.9704
-0.17100        0.0000         1.9711
-0.16900        0.0000         1.9718
-0.16700        0.0000         1.9724
-0.16500        0.0000         1.9731
-0.16300        0.0000         1.9737
-0.16100        0.0000         1.9744
-0.15900        0.0000         1.9750
-0.15700        0.0000         1.9756
-0.15500        0.0000         1.9762
-0.15300        0.0000         1.9768
-0.15100        0.0000         1.9774
-0.14900        0.0000         1.9780
-0.14700        0.0000         1.9786
-0.14500        0.0000         1.9792
-0.14300        0.0000         1.9797
-0.14100        0.0000         1.9803
-0.13900        0.0000         1.9808
-0.13700        0.0000         1.9814
-0.13500        0.0000         1.9819
-0.13300        0.0000         1.9824
-0.13100        0.0000         1.9830
-0.12900        0.0000         1.9835
-0.12700        0.0000         1.9840
-0.12500        0.0000         1.9845
-0.12300        0.0000         1.9850
-0.12100        0.0000         1.9854
-0.11900        0.0000         1.9859
-0.11700        0.0000         1.9864
-0.11500        0.0000         1.9868
-0.11300        0.0000         1.9873
-0.11100        0.0000         1.9877
-0.10900        0.0000         1.9882
-0.10700        0.0000         1.9886
-0.10500        0.0000         1.9890
-0.10300        0.0000         1.9894
-0.10100        0.0000         1.9898
-0.099000       0.0000         1.9902
-0.097000       0.0000         1.9906
-0.095000       0.0000         1.9910
-0.093000       0.0000         1.9914
-0.091000       0.0000         1.9917
-0.089000       0.0000         1.9921
-0.087000       0.0000         1.9925
-0.085000       0.0000         1.9928
-0.083000       0.0000         1.9931
-0.081000       0.0000         1.9935
-0.079000       0.0000         1.9938
-0.077000       0.0000         1.9941
-0.075000       0.0000         1.9944
-0.073000       0.0000         1.9947
-0.071000       0.0000         1.9950
-0.069000       0.0000         1.9952
-0.067000       0.0000         1.9955
-0.065000       0.0000         1.9958
-0.063000       0.0000         1.9960
-0.061000       0.0000         1.9963
-0.059000       0.0000         1.9965
-0.057000       0.0000         1.9968
-0.055000       0.0000         1.9970
-0.053000       0.0000         1.9972
-0.051000       0.0000         1.9974
-0.049000       0.0000         1.9976
-0.047000       0.0000         1.9978
-0.045000       0.0000         1.9980
-0.043000       0.0000         1.9982
-0.041000       0.0000         1.9983
-0.039000       0.0000         1.9985
-0.037000       0.0000         1.9986
-0.035000       0.0000         1.9988
-0.033000       0.0000         1.9989
-0.031000       0.0000         1.9990
-0.029000       0.0000         1.9992
-0.027000       0.0000         1.9993
-0.025000       0.0000         1.9994
-0.023000       0.0000         1.9995
-0.021000       0.0000         1.9996
-0.019000       0.0000         1.9996
-0.017000       0.0000         1.9997
-0.015000       0.0000         1.9998
-0.013000       0.0000         1.9998
-0.011000       0.0000         1.9999
-0.0090000      0.0000         1.9999
-0.0070000      0.0000         2.0000
-0.0050000      0.0000         2.0000
-0.0030000      0.0000         2.0000
-0.0010000      0.0000         2.0000
0.0010000       0.0000         2.0000
0.0030000       0.0000         2.0000
0.0050000       0.0000         2.0000
0.0070000       0.0000         2.0000
0.0090000       0.0000         1.9999
0.011000        0.0000         1.9999
0.013000        0.0000         1.9998
0.015000        0.0000         1.9998
0.017000        0.0000         1.9997
0.019000        0.0000         1.9996
0.021000        0.0000         1.9996
0.023000        0.0000         1.9995
0.025000        0.0000         1.9994
0.027000        0.0000         1.9993
0.029000        0.0000         1.9992
0.031000        0.0000         1.9990
0.033000        0.0000         1.9989
0.035000        0.0000         1.9988
0.037000        0.0000         1.9986
0.039000        0.0000         1.9985
0.041000        0.0000         1.9983
0.043000        0.0000         1.9982
0.045000        0.0000         1.9980
0.047000        0.0000         1.9978
0.049000        0.0000         1.9976
0.051000        0.0000         1.9974
0.053000        0.0000         1.9972
0.055000        0.0000         1.9970
0.057000        0.0000         1.9968
0.059000        0.0000         1.9965
0.061000        0.0000         1.9963
0.063000        0.0000         1.9960
0.065000        0.0000         1.9958
0.067000        0.0000         1.9955
0.069000        0.0000         1.9952
0.071000        0.0000         1.9950
0.073000        0.0000         1.9947
0.075000        0.0000         1.9944
0.077000        0.0000         1.9941
0.079000        0.0000         1.9938
0.081000        0.0000         1.9935
0.083000        0.0000         1.9931
0.085000        0.0000         1.9928
0.087000        0.0000         1.9925
0.089000        0.0000         1.9921
0.091000        0.0000         1.9917
0.093000        0.0000         1.9914
0.095000        0.0000         1.9910
0.097000        0.0000         1.9906
0.099000        0.0000         1.9902
0.10100         0.0000         1.9898
0.10300         0.0000         1.9894
0.10500         0.0000         1.9890
0.10700         0.0000         1.9886
0.10900         0.0000         1.9882
0.11100         0.0000         1.9877
0.11300         0.0000         1.9873
0.11500         0.0000         1.9868
0.11700         0.0000         1.9864
0.11900         0.0000         1.9859
0.12100         0.0000         1.9854
0.12300         0.0000         1.9850
0.12500         0.0000         1.9845
0.12700         0.0000         1.9840
0.12900         0.0000         1.9835
0.13100         0.0000         1.9830
0.13300         0.0000         1.9824
0.13500         0.0000         1.9819
0.13700         0.0000         1.9814
0.13900         0.0000         1.9808
0.14100         0.0000         1.9803
0.14300         0.0000         1.9797
0.14500         0.0000         1.9792
0.14700         0.0000         1.9786
0.14900         0.0000         1.9780
0.15100         0.0000         1.9774
0.15300         0.0000         1.9768
0.15500         0.0000         1.9762
0.15700         0.0000         1.9756
0.15900         0.0000         1.9750
0.16100         0.0000         1.9744
0.16300         0.0000         1.9737
0.16500         0.0000         1.9731
0.16700         0.0000         1.9724
0.16900         0.0000         1.9718
0.17100         0.0000         1.9711
0.17300         0.0000         1.9704
0.17500         0.0000         1.9698
0.17700         0.0000         1.9691
0.17900         0.0000         1.9684
0.18100         0.0000         1.9677
0.18300         0.0000         1.9670
0.18500         0.0000         1.9663
0.18700         0.0000         1.9655
0.18900         0.0000         1.9648
0.19100         0.0000         1.9641
0.19300         0.0000         1.9633
0.19500         0.0000         1.9626
0.19700         0.0000         1.9618
0.19900         0.0000         1.9610
0.20100         0.0000         1.9603
0.20300         0.0000         1.9595
0.20500         0.0000         1.9587
0.20700         0.0000         1.9579
0.20900         0.0000         1.9571
0.21100         0.0000         1.9563
0.21300         0.0000         1.9555
0.21500         0.0000         1.9546
0.21700         0.0000         1.9538
0.21900         0.0000         1.9530
0.22100         0.0000         1.9521
0.22300         0.0000         1.9513
0.22500         0.0000         1.9504
0.22700         0.0000         1.9496
0.22900         0.0000         1.9487
0.23100         0.0000         1.9478
0.23300         0.0000         1.9469
0.23500         0.0000         1.9460
0.23700         0.0000         1.9451
0.23900         0.0000         1.9442
0.24100         0.0000         1.9433
0.24300         0.0000         1.9424
0.24500         0.0000         1.9414
0.24700         0.0000         1.9405
0.24900         0.0000         1.9396
0.25100         0.0000         1.9386
0.25300         0.0000         1.9377
0.25500         0.0000         1.9367
0.25700         0.0000         1.9357
0.25900         0.0000         1.9347
0.26100         0.0000         1.9338
0.26300         0.0000         1.9328
0.26500         0.0000         1.9318
0.26700         0.0000         1.9308
0.26900         0.0000         1.9298
0.27100         0.0000         1.9287
0.27300         0.0000         1.9277
0.27500         0.0000         1.9267
0.27700         0.0000         1.9256
0.27900         0.0000         1.9246
0.28100         0.0000         1.9236
0.28300         0.0000         1.9225
0.28500         0.0000         1.9214
0.28700         0.0000         1.9204
0.28900         0.0000         1.9193
0.29100         0.0000         1.9182
0.29300         0.0000         1.9171
0.29500         0.0000         1.9160
0.29700         0.0000         1.9149
0.29900         0.0000         1.9138
0.30100         0.0000         1.9127
0.30300         0.0000         1.9116
0.30500         0.0000         1.9104
0.30700         0.0000         1.9093
0.30900         0.0000         1.9082
0.31100         0.0000         1.9070
0.31300         0.0000         1.9059
0.31500         0.0000         1.9047
0.31700         0.0000         1.9036
0.31900         0.0000         1.9024
0.32100         0.0000         1.9012
0.32300         0.0000         1.9000
0.32500         0.0000         1.8988
0.32700         0.0000         1.8976
0.32900         0.0000         1.8964
0.33100         0.0000         1.8952
0.33300         0.0000         1.8940
0.33500         0.0000         1.8928
0.33700         0.0000         1.8916
0.33900         0.0000         1.8903
0.34100         0.0000         1.8891
0.34300         0.0000         1.8879
0.34500         0.0000         1.8866
0.34700         0.0000         1.8853
0.34900         0.0000         1.8841
0.35100         0.0000         1.8828
0.35300         0.0000         1.8815
0.35500         0.0000         1.8803
0.35700         0.0000         1.8790
0.35900         0.0000         1.8777
0.36100         0.0000         1.8764
0.36300         0.0000         1.8751
0.36500         0.0000         1.8738
0.36700         0.0000         1.8725
0.36900         0.0000         1.8712
0.37100         0.0000         1.8698
0.37300         0.0000         1.8685
0.37500         0.0000         1.8672
0.37700         0.0000         1.8658
0.37900         0.0000         1.8645
0.38100         0.0000         1.8631
0.38300         0.0000         1.8618
0.38500         0.0000         1.8604
0.38700         0.0000         1.8590
0.38900         0.0000         1.8577
0.39100         0.0000         1.8563
0.39300         0.0000         1.8549
0.39500         0.0000         1.8535
0.39700         0.0000         1.8521
0.39900         0.0000         1.8507
0.40100         0.0000         1.8493
0.40300         0.0000         1.8479
0.40500         0.0000         1.8465
0.40700         0.0000         1.8451
0.40900         0.0000         1.8436
0.41100         0.0000         1.8422
0.41300         0.0000         1.8408
0.41500         0.0000         1.8393
0.41700         0.0000         1.8379
0.41900         0.0000         1.8364
0.42100         0.0000         1.8350
0.42300         0.0000         1.8335
0.42500         0.0000         1.8320
0.42700         0.0000         1.8306
0.42900         0.0000         1.8291
0.43100         0.0000         1.8276
0.43300         0.0000         1.8261
0.43500         0.0000         1.8246
0.43700         0.0000         1.8231
0.43900         0.0000         1.8216
0.44100         0.0000         1.8201
0.44300         0.0000         1.8186
0.44500         0.0000         1.8171
0.44700         0.0000         1.8156
0.44900         0.0000         1.8141
0.45100         0.0000         1.8125
0.45300         0.0000         1.8110
0.45500         0.0000         1.8094
0.45700         0.0000         1.8079
0.45900         0.0000         1.8064
0.46100         0.0000         1.8048
0.46300         0.0000         1.8032
0.46500         0.0000         1.8017
0.46700         0.0000         1.8001
0.46900         0.0000         1.7985
0.47100         0.0000         1.7970
0.47300         0.0000         1.7954
0.47500         0.0000         1.7938
0.47700         0.0000         1.7922
0.47900         0.0000         1.7906
0.48100         0.0000         1.7890
0.48300         0.0000         1.7874
0.48500         0.0000         1.7858
0.48700         0.0000         1.7842
0.48900         0.0000         1.7826
0.49100         0.0000         1.7810
0.49300         0.0000         1.7794
0.49500         0.0000         1.7777
0.49700         0.0000         1.7761
0.49900         0.0000         1.7745
0.50100         0.0000         1.7728
0.50300         0.0000         1.7712
0.50500         0.0000         1.7695
0.50700         0.0000         1.7679
0.50900         0.0000         1.7662
0.51100         0.0000         1.7646
0.51300         0.0000         1.7629
0.51500         0.0000         1.7612
0.51700         0.0000         1.7596
0.51900         0.0000         1.7579
0.52100         0.0000         1.7562
0.52300         0.0000         1.7545
0.52500         0.0000         1.7528
0.52700         0.0000         1.7511
0.52900         0.0000         1.7495
0.53100         0.0000         1.7478
0.53300         0.0000         1.7461
0.53500         0.0000         1.7444
0.53700         0.0000         1.7426
0.53900         0.0000         1.7409
0.54100         0.0000         1.7392
0.54300         0.0000         1.7375
0.54500         0.0000         1.7358
0.54700         0.0000         1.7340
0.54900         0.0000         1.7323
0.55100         0.0000         1.7306
0.55300         0.0000         1.7288
0.55500         0.0000         1.7271
0.55700         0.0000         1.7254
0.55900         0.0000         1.7236
0.56100         0.0000         1.7219
0.56300         0.0000         1.7201
0.56500         0.0000         1.7184
0.56700         0.0000         1.7166
0.56900         0.0000         1.7148
0.57100         0.0000         1.7131
0.57300         0.0000         1.7113
0.57500         0.0000         1.7095
0.57700         0.0000         1.7077
0.57900         0.0000         1.7060
0.58100         0.0000         1.7042
0.58300         0.0000         1.7024
0.58500         0.0000         1.7006
0.58700         0.0000         1.6988
0.58900         0.0000         1.6970
0.59100         0.0000         1.6952
0.59300         0.0000         1.6934
0.59500         0.0000         1.6916
0.59700         0.0000         1.6898
0.59900         0.0000         1.6880
0.60100         0.0000         1.6862
0.60300         0.0000         1.6844
0.60500         0.0000         1.6826
0.60700         0.0000         1.6807
0.60900         0.0000         1.6789
0.61100         0.0000         1.6771
0.61300         0.0000         1.6753
0.61500         0.0000         1.6734
0.61700         0.0000         1.6716
0.61900         0.0000         1.6698
0.62100         0.0000         1.6679
0.62300         0.0000         1.6661
0.62500         0.0000         1.6642
0.62700         0.0000         1.6624
0.62900         0.0000         1.6605
0.63100         0.0000         1.6587
0.63300         0.0000         1.6568
0.63500         0.0000         1.6550
0.63700         0.0000         1.6531
0.63900         0.0000         1.6513
0.64100         0.0000         1.6494
0.64300         0.0000         1.6475
0.64500         0.0000         1.6457
0.64700         0.0000         1.6438
0.64900         0.0000         1.6419
0.65100         0.0000         1.6400
0.65300         0.0000         1.6382
0.65500         0.0000         1.6363
0.65700         0.0000         1.6344
0.65900         0.0000         1.6325
0.66100         0.0000         1.6306
0.66300         0.0000         1.6287
0.66500         0.0000         1.6268
0.66700         0.0000         1.6249
0.66900         0.0000         1.6230
0.67100         0.0000         1.6211
0.67300         0.0000         1.6192
0.67500         0.0000         1.6173
0.67700         0.0000         1.6154
0.67900         0.0000         1.6135
0.68100         0.0000         1.6116
0.68300         0.0000         1.6097
0.68500         0.0000         1.6078
0.68700         0.0000         1.6059
0.68900         0.0000         1.6040
0.69100         0.0000         1.6021
0.69300         0.0000         1.6001
0.69500         0.0000         1.5982
0.69700         0.0000         1.5963
0.69900         0.0000         1.5944
0.70100         0.0000         1.5924
0.70300         0.0000         1.5905
0.70500         0.0000         1.5886
0.70700         0.0000         1.5867
0.70900         0.0000         1.5847
0.71100         0.0000         1.5828
0.71300         0.0000         1.5809
0.71500         0.0000         1.5789
0.71700         0.0000         1.5770
0.71900         0.0000         1.5750
0.72100         0.0000         1.5731
0.72300         0.0000         1.5712
0.72500         0.0000         1.5692
0.72700         0.0000         1.5673
0.72900         0.0000         1.5653
0.73100         0.0000         1.5634
0.73300         0.0000         1.5614
0.73500         0.0000         1.5595
0.73700         0.0000         1.5575
0.73900         0.0000         1.5556
0.74100         0.0000         1.5536
0.74300         0.0000         1.5516
0.74500         0.0000         1.5497
0.74700         0.0000         1.5477
0.74900         0.0000         1.5458
0.75100         0.0000         1.5438
0.75300         0.0000         1.5418
0.75500         0.0000         1.5399
0.75700         0.0000         1.5379
0.75900         0.0000         1.5359
0.76100         0.0000         1.5340
0.76300         0.0000         1.5320
0.76500         0.0000         1.5300
0.76700         0.0000         1.5281
0.76900         0.0000         1.5261
0.77100         0.0000         1.5241
0.77300         0.0000         1.5221
0.77500         0.0000         1.5202
0.77700         0.0000         1.5182
0.77900         0.0000         1.5162
0.78100         0.0000         1.5142
0.78300         0.0000         1.5123
0.78500         0.0000         1.5103
0.78700         0.0000         1.5083
0.78900         0.0000         1.5063
0.79100         0.0000         1.5043
0.79300         0.0000         1.5023
0.79500         0.0000         1.5004
0.79700         0.0000         1.4984
0.79900         0.0000         1.4964
0.80100         0.0000         1.4944
0.80300         0.0000         1.4924
0.80500         0.0000         1.4904
0.80700         0.0000         1.4884
0.80900         0.0000         1.4865
0.81100         0.0000         1.4845
0.81300         0.0000         1.4825
0.81500         0.0000         1.4805
0.81700         0.0000         1.4785
0.81900         0.0000         1.4765
0.82100         0.0000         1.4745
0.82300         0.0000         1.4725
0.82500         0.0000         1.4705
0.82700         0.0000         1.4685
0.82900         0.0000         1.4665
0.83100         0.0000         1.4645
0.83300         0.0000         1.4625
0.83500         0.0000         1.4606
0.83700         0.0000         1.4586
0.83900         0.0000         1.4566
0.84100         0.0000         1.4546
0.84300         0.0000         1.4526
0.84500         0.0000         1.4506
0.84700         0.0000         1.4486
0.84900         0.0000         1.4466
0.85100         0.0000         1.4446
0.85300         0.0000         1.4426
0.85500         0.0000         1.4406
0.85700         0.0000         1.4386
0.85900         0.0000         1.4366
0.86100         0.0000         1.4346
0.86300         0.0000         1.4326
0.86500         0.0000         1.4306
0.86700         0.0000         1.4286
0.86900         0.0000         1.4266
0.87100         0.0000         1.4246
0.87300         0.0000         1.4226
0.87500         0.0000         1.4206
0.87700         0.0000         1.4186
0.87900         0.0000         1.4166
0.88100         0.0000         1.4146
0.88300         0.0000         1.4126
0.88500         0.0000         1.4106
0.88700         0.0000         1.4086
0.88900         0.0000         1.4066
0.89100         0.0000         1.4046
0.89300         0.0000         1.4026
0.89500         0.0000         1.4006
0.89700         0.0000         1.3986
0.89900         0.0000         1.3966
0.90100         0.0000         1.3946
0.90300         0.0000         1.3926
0.90500         0.0000         1.3906
0.90700         0.0000         1.3886
0.90900         0.0000         1.3866
0.91100         0.0000         1.3846
0.91300         0.0000         1.3826
0.91500         0.0000         1.3806
0.91700         0.0000         1.3786
0.91900         0.0000         1.3766
0.92100         0.0000         1.3746
0.92300         0.0000         1.3726
0.92500         0.0000         1.3706
0.92700         0.0000         1.3686
0.92900         0.0000         1.3666
0.93100         0.0000         1.3646
0.93300         0.0000         1.3626
0.93500         0.0000         1.3606
0.93700         0.0000         1.3586
0.93900         0.0000         1.3566
0.94100         0.0000         1.3547
0.94300         0.0000         1.3527
0.94500         0.0000         1.3507
0.94700         0.0000         1.3487
0.94900         0.0000         1.3467
0.95100         0.0000         1.3447
0.95300         0.0000         1.3427
0.95500         0.0000         1.3407
0.95700         0.0000         1.3387
0.95900         0.0000         1.3367
0.96100         0.0000         1.3347
0.96300         0.0000         1.3328
0.96500         0.0000         1.3308
0.96700         0.0000         1.3288
0.96900         0.0000         1.3268
0.97100         0.0000         1.3248
0.97300         0.0000         1.3228
0.97500         0.0000         1.3208
0.97700         0.0000         1.3189
0.97900         0.0000         1.3169
0.98100         0.0000         1.3149
0.98300         0.0000         1.3129
0.98500         0.0000         1.3109
0.98700         0.0000         1.3090
0.98900         0.0000         1.3070
0.99100         0.0000         1.3050
0.99300         0.0000         1.3030
0.99500         0.0000         1.3010
0.99700         0.0000         1.2991
0.99900         0.0000         1.2971
1.0010          0.0000         1.2951
1.0030          0.0000         1.2931
1.0050          0.0000         1.2912
1.0070          0.0000         1.2892
1.0090          0.0000         1.2872
1.0110          0.0000         1.2853
1.0130          0.0000         1.2833
1.0150          0.0000         1.2813
1.0170          0.0000         1.2794
1.0190          0.0000         1.2774
1.0210          0.0000         1.2754
1.0230          0.0000         1.2735
1.0250          0.0000         1.2715
1.0270          0.0000         1.2695
1.0290          0.0000         1.2676
1.0310          0.0000         1.2656
1.0330          0.0000         1.2637
1.0350          0.0000         1.2617
1.0370          0.0000         1.2597
1.0390          0.0000         1.2578
1.0410          0.0000         1.2558
1.0430          0.0000         1.2539
1.0450          0.0000         1.2519
1.0470          0.0000         1.2500
1.0490          0.0000         1.2480
1.0510          0.0000         1.2461
1.0530          0.0000         1.2441
1.0550          0.0000         1.2422
1.0570          0.0000         1.2402
1.0590          0.0000         1.2383
1.0610          0.0000         1.2363
1.0630          0.0000         1.2344
1.0650          0.0000         1.2325
1.0670          0.0000         1.2305
1.0690          0.0000         1.2286
1.0710          0.0000         1.2266
1.0730          0.0000         1.2247
1.0750          0.0000         1.2228
1.0770          0.0000         1.2208
1.0790          0.0000         1.2189
1.0810          0.0000         1.2170
1.0830          0.0000         1.2150
1.0850          0.0000         1.2131
1.0870          0.0000         1.2112
1.0890          0.0000         1.2092
1.0910          0.0000         1.2073
1.0930          0.0000         1.2054
1.0950          0.0000         1.2035
1.0970          0.0000         1.2015
1.0990          0.0000         1.1996
1.1010          0.0000         1.1977
1.1030          0.0000         1.1958
1.1050          0.0000         1.1939
1.1070          0.0000         1.1920
1.1090          0.0000         1.1900
1.1110          0.0000         1.1881
1.1130          0.0000         1.1862
1.1150          0.0000         1.1843
1.1170          0.0000         1.1824
1.1190          0.0000         1.1805
1.1210          0.0000         1.1786
1.1230          0.0000         1.1767
1.1250          0.0000         1.1748
1.1270          0.0000         1.1729
1.1290          0.0000         1.1710
1.1310          0.0000         1.1691
1.1330          0.0000         1.1672
1.1350          0.0000         1.1653
1.1370          0.0000         1.1634
1.1390          0.0000         1.1615
1.1410          0.0000         1.1596
1.1430          0.0000         1.1577
1.1450          0.0000         1.1558
1.1470          0.0000         1.1540
1.1490          0.0000         1.1521
1.1510          0.0000         1.1502
1.1530          0.0000         1.1483
1.1550          0.0000         1.1464
1.1570          0.0000         1.1446
1.1590          0.0000         1.1427
1.1610          0.0000         1.1408
1.1630          0.0000         1.1389
1.1650          0.0000         1.1371
1.1670          0.0000         1.1352
1.1690          0.0000         1.1333
1.1710          0.0000         1.1315
1.1730          0.0000         1.1296
1.1750          0.0000         1.1277
1.1770          0.0000         1.1259
1.1790          0.0000         1.1240
1.1810          0.0000         1.1221
1.1830          0.0000         1.1203
1.1850          0.0000         1.1184
1.1870          0.0000         1.1166
1.1890          0.0000         1.1147
1.1910          0.0000         1.1129
1.1930          0.0000         1.1110
1.1950          0.0000         1.1092
1.1970          0.0000         1.1073
1.1990          0.0000         1.1055
1.2010          0.0000         1.1037
1.2030          0.0000         1.1018
1.2050          0.0000         1.1000
1.2070          0.0000         1.0981
1.2090          0.0000         1.0963
1.2110          0.0000         1.0945
1.2130          0.0000         1.0926
1.2150          0.0000         1.0908
1.2170          0.0000         1.0890
1.2190          0.0000         1.0872
1.2210          0.0000         1.0853
1.2230          0.0000         1.0835
1.2250          0.0000         1.0817
1.2270          0.0000         1.0799
1.2290          0.0000         1.0781
1.2310          0.0000         1.0762
1.2330          0.0000         1.0744
1.2350          0.0000         1.0726
1.2370          0.0000         1.0708
1.2390          0.0000         1.0690
1.2410          0.0000         1.0672
1.2430          0.0000         1.0654
1.2450          0.0000         1.0636
1.2470          0.0000         1.0618
1.2490          0.0000         1.0600
1.2510          0.0000         1.0582
1.2530          0.0000         1.0564
1.2550          0.0000         1.0546
1.2570          0.0000         1.0528
1.2590          0.0000         1.0510
1.2610          0.0000         1.0492
1.2630          0.0000         1.0474
1.2650          0.0000         1.0457
1.2670          0.0000         1.0439
1.2690          0.0000         1.0421
1.2710          0.0000         1.0403
1.2730          0.0000         1.0385
1.2750          0.0000         1.0368
1.2770          0.0000         1.0350
1.2790          0.0000         1.0332
1.2810          0.0000         1.0315
1.2830          0.0000         1.0297
1.2850          0.0000         1.0279
1.2870          0.0000         1.0262
1.2890          0.0000         1.0244
1.2910          0.0000         1.0226
1.2930          0.0000         1.0209
1.2950          0.0000         1.0191
1.2970          0.0000         1.0174
1.2990          0.0000         1.0156
1.3010          0.0000         1.0139
1.3030          0.0000         1.0121
1.3050          0.0000         1.0104
1.3070          0.0000         1.0086
1.3090          0.0000         1.0069
1.3110          0.0000         1.0052
1.3130          0.0000         1.0034
1.3150          0.0000         1.0017
1.3170          0.0000         0.99996
1.3190          0.0000         0.99823
1.3210          0.0000         0.99650
1.3230          0.0000         0.99478
1.3250          0.0000         0.99305
1.3270          0.0000         0.99133
1.3290          0.0000         0.98961
1.3310          0.0000         0.98789
1.3330          0.0000         0.98617
1.3350          0.0000         0.98446
1.3370          0.0000         0.98274
1.3390          0.0000         0.98103
1.3410          0.0000         0.97932
1.3430          0.0000         0.97762
1.3450          0.0000         0.97591
1.3470          0.0000         0.97421
1.3490          0.0000         0.97251
1.3510          0.0000         0.97081
1.3530          0.0000         0.96911
1.3550          0.0000         0.96742
1.3570          0.0000         0.96573
1.3590          0.0000         0.96404
1.3610          0.0000         0.96235
1.3630          0.0000         0.96066
1.3650          0.0000         0.95898
1.3670          0.0000         0.95730
1.3690          0.0000         0.95562
1.3710          0.0000         0.95394
1.3730          0.0000         0.95226
1.3750          0.0000         0.95059
1.3770          0.0000         0.94892
1.3790          0.0000         0.94725
1.3810          0.0000         0.94558
1.3830          0.0000         0.94392
1.3850          0.0000         0.94225
1.3870          0.0000         0.94059
1.3890          0.0000         0.93893
1.3910          0.0000         0.93727
1.3930          0.0000         0.93562
1.3950          0.0000         0.93397
1.3970          0.0000         0.93232
1.3990          0.0000         0.93067
1.4010          0.0000         0.92902
1.4030          0.0000         0.92738
1.4050          0.0000         0.92573
1.4070          0.0000         0.92409
1.4090          0.0000         0.92246
1.4110          0.0000         0.92082
1.4130          0.0000         0.91919
1.4150          0.0000         0.91755
1.4170          0.0000         0.91593
1.4190          0.0000         0.91430
1.4210          0.0000         0.91267
1.4230          0.0000         0.91105
1.4250          0.0000         0.90943
1.4270          0.0000         0.90781
1.4290          0.0000         0.90619
1.4310          0.0000         0.90458
1.4330          0.0000         0.90297
1.4350          0.0000         0.90136
1.4370          0.0000         0.89975
1.4390          0.0000         0.89814
1.4410          0.0000         0.89654
1.4430          0.0000         0.89494
1.4450          0.0000         0.89334
1.4470          0.0000         0.89174
1.4490          0.0000         0.89014
1.4510          0.0000         0.88855
1.4530          0.0000         0.88696
1.4550          0.0000         0.88537
1.4570          0.0000         0.88378
1.4590          0.0000         0.88220
1.4610          0.0000         0.88062
1.4630          0.0000         0.87904
1.4650          0.0000         0.87746
1.4670          0.0000         0.87588
1.4690          0.0000         0.87431
1.4710          0.0000         0.87274
1.4730          0.0000         0.87117
1.4750          0.0000         0.86960
1.4770          0.0000         0.86804
1.4790          0.0000         0.86647
1.4810          0.0000         0.86491
1.4830          0.0000         0.86335
1.4850          0.0000         0.86180
1.4870          0.0000         0.86024
1.4890          0.0000         0.85869
1.4910          0.0000         0.85714
1.4930          0.0000         0.85559
1.4950          0.0000         0.85405
1.4970          0.0000         0.85250
1.4990          0.0000         0.85096
1.5010          0.0000         0.84942
1.5030          0.0000         0.84789
1.5050          0.0000         0.84635
1.5070          0.0000         0.84482
1.5090          0.0000         0.84329
1.5110          0.0000         0.84176
1.5130          0.0000         0.84023
1.5150          0.0000         0.83871
1.5170          0.0000         0.83719
1.5190          0.0000         0.83567
1.5210          0.0000         0.83415
1.5230          0.0000         0.83264
1.5250          0.0000         0.83112
1.5270          0.0000         0.82961
1.5290          0.0000         0.82810
1.5310          0.0000         0.82660
1.5330          0.0000         0.82509
1.5350          0.0000         0.82359
1.5370          0.0000         0.82209
1.5390          0.0000         0.82059
1.5410          0.0000         0.81910
1.5430          0.0000         0.81760
1.5450          0.0000         0.81611
1.5470          0.0000         0.81462
1.5490          0.0000         0.81314
1.5510          0.0000         0.81165
1.5530          0.0000         0.81017
1.5550          0.0000         0.80869
1.5570          0.0000         0.80721
1.5590          0.0000         0.80574
1.5610          0.0000         0.80426
1.5630          0.0000         0.80279
1.5650          0.0000         0.80132
1.5670          0.0000         0.79985
1.5690          0.0000         0.79839
1.5710          0.0000         0.79692
1.5730          0.0000         0.79546
1.5750          0.0000         0.79401
1.5770          0.0000         0.79255
1.5790          0.0000         0.79109
1.5810          0.0000         0.78964
1.5830          0.0000         0.78819
1.5850          0.0000         0.78675
1.5870          0.0000         0.78530
1.5890          0.0000         0.78386
1.5910          0.0000         0.78241
1.5930          0.0000         0.78098
1.5950          0.0000         0.77954
1.5970          0.0000         0.77810
1.5990          0.0000         0.77667
1.6010          0.0000         0.77524
1.6030          0.0000         0.77381
1.6050          0.0000         0.77239
1.6070          0.0000         0.77096
1.6090          0.0000         0.76954
1.6110          0.0000         0.76812
1.6130          0.0000         0.76670
1.6150          0.0000         0.76529
1.6170          0.0000         0.76388
1.6190          0.0000         0.76247
1.6210          0.0000         0.76106
1.6230          0.0000         0.75965
1.6250          0.0000         0.75825
1.6270          0.0000         0.75684
1.6290          0.0000         0.75544
1.6310          0.0000         0.75405
1.6330          0.0000         0.75265
1.6350          0.0000         0.75126
1.6370          0.0000         0.74987
1.6390          0.0000         0.74848
1.6410          0.0000         0.74709
1.6430          0.0000         0.74570
1.6450          0.0000         0.74432
1.6470          0.0000         0.74294
1.6490          0.0000         0.74156
1.6510          0.0000         0.74019
1.6530          0.0000         0.73881
1.6550          0.0000         0.73744
1.6570          0.0000         0.73607
1.6590          0.0000         0.73470
1.6610          0.0000         0.73334
1.6630          0.0000         0.73197
1.6650          0.0000         0.73061
1.6670          0.0000         0.72925
1.6690          0.0000         0.72790
1.6710          0.0000         0.72654
1.6730          0.0000         0.72519
1.6750          0.0000         0.72384
1.6770          0.0000         0.72249
1.6790          0.0000         0.72114
1.6810          0.0000         0.71980
1.6830          0.0000         0.71846
1.6850          0.0000         0.71712
1.6870          0.0000         0.71578
1.6890          0.0000         0.71444
1.6910          0.0000         0.71311
1.6930          0.0000         0.71178
1.6950          0.0000         0.71045
1.6970          0.0000         0.70912
1.6990          0.0000         0.70780
1.7010          0.0000         0.70647
1.7030          0.0000         0.70515
1.7050          0.0000         0.70383
1.7070          0.0000         0.70252
1.7090          0.0000         0.70120
1.7110          0.0000         0.69989
1.7130          0.0000         0.69858
1.7150          0.0000         0.69727
1.7170          0.0000         0.69597
1.7190          0.0000         0.69466
1.7210          0.0000         0.69336
1.7230          0.0000         0.69206
1.7250          0.0000         0.69076
1.7270          0.0000         0.68947
1.7290          0.0000         0.68817
1.7310          0.0000         0.68688
1.7330          0.0000         0.68559
1.7350          0.0000         0.68431
1.7370          0.0000         0.68302
1.7390          0.0000         0.68174
1.7410          0.0000         0.68046
1.7430          0.0000         0.67918
1.7450          0.0000         0.67790
1.7470          0.0000         0.67663
1.7490          0.0000         0.67536
1.7510          0.0000         0.67409
1.7530          0.0000         0.67282
1.7550          0.0000         0.67155
1.7570          0.0000         0.67029
1.7590          0.0000         0.66903
1.7610          0.0000         0.66777
1.7630          0.0000         0.66651
1.7650          0.0000         0.66525
1.7670          0.0000         0.66400
1.7690          0.0000         0.66275
1.7710          0.0000         0.66150
1.7730          0.0000         0.66025
1.7750          0.0000         0.65900
1.7770          0.0000         0.65776
1.7790          0.0000         0.65652
1.7810          0.0000         0.65528
1.7830          0.0000         0.65404
1.7850          0.0000         0.65281
1.7870          0.0000         0.65157
1.7890          0.0000         0.65034
1.7910          0.0000         0.64911
1.7930          0.0000         0.64789
1.7950          0.0000         0.64666
1.7970          0.0000         0.64544
1.7990          0.0000         0.64422
1.8010          0.0000         0.64300
1.8030          0.0000         0.64178
1.8050          0.0000         0.64057
1.8070          0.0000         0.63936
1.8090          0.0000         0.63815
1.8110          0.0000         0.63694
1.8130          0.0000         0.63573
1.8150          0.0000         0.63453
1.8170          0.0000         0.63332
1.8190          0.0000         0.63212
1.8210          0.0000         0.63093
1.8230          0.0000         0.62973
1.8250          0.0000         0.62853
1.8270          0.0000         0.62734
1.8290          0.0000         0.62615
1.8310          0.0000         0.62496
1.8330          0.0000         0.62378
1.8350          0.0000         0.62259
1.8370          0.0000         0.62141
1.8390          0.0000         0.62023
1.8410          0.0000         0.61905
1.8430          0.0000         0.61788
1.8450          0.0000         0.61670
1.8470          0.0000         0.61553
1.8490          0.0000         0.61436
1.8510          0.0000         0.61319
1.8530          0.0000         0.61202
1.8550          0.0000         0.61086
1.8570          0.0000         0.60970
1.8590          0.0000         0.60854
1.8610          0.0000         0.60738
1.8630          0.0000         0.60622
1.8650          0.0000         0.60507
1.8670          0.0000         0.60392
1.8690          0.0000         0.60276
1.8710          0.0000         0.60162
1.8730          0.0000         0.60047
1.8750          0.0000         0.59933
1.8770          0.0000         0.59818
1.8790          0.0000         0.59704
1.8810          0.0000         0.59590
1.8830          0.0000         0.59477
1.8850          0.0000         0.59363
1.8870          0.0000         0.59250
1.8890          0.0000         0.59137
1.8910          0.0000         0.59024
1.8930          0.0000         0.58911
1.8950          0.0000         0.58799
1.8970          0.0000         0.58686
1.8990          0.0000         0.58574
1.9010          0.0000         0.58462
1.9030          0.0000         0.58351
1.9050          0.0000         0.58239
1.9070          0.0000         0.58128
1.9090          0.0000         0.58017
1.9110          0.0000         0.57906
1.9130          0.0000         0.57795
1.9150          0.0000         0.57684
1.9170          0.0000         0.57574
1.9190          0.0000         0.57464
1.9210          0.0000         0.57354
1.9230          0.0000         0.57244
1.9250          0.0000         0.57134
1.9270          0.0000         0.57025
1.9290          0.0000         0.56916
1.9310          0.0000         0.56807
1.9330          0.0000         0.56698
1.9350          0.0000         0.56589
1.9370          0.0000         0.56481
1.9390          0.0000         0.56373
1.9410          0.0000         0.56265
1.9430          0.0000         0.56157
1.9450          0.0000         0.56049
1.9470          0.0000         0.55941
1.9490          0.0000         0.55834
1.9510          0.0000         0.55727
1.9530          0.0000         0.55620
1.9550          0.0000         0.55513
1.9570          0.0000         0.55407
1.9590          0.0000         0.55300
1.9610          0.0000         0.55194
1.9630          0.0000         0.55088
1.9650          0.0000         0.54982
1.9670          0.0000         0.54877
1.9690          0.0000         0.54771
1.9710          0.0000         0.54666
1.9730          0.0000         0.54561
1.9750          0.0000         0.54456
1.9770          0.0000         0.54351
1.9790          0.0000         0.54247
1.9810          0.0000         0.54142
1.9830          0.0000         0.54038
1.9850          0.0000         0.53934
1.9870          0.0000         0.53831
1.9890          0.0000         0.53727
1.9910          0.0000         0.53624
1.9930          0.0000         0.53520
1.9950          0.0000         0.53417
1.9970          0.0000         0.53314
1.9990          0.0000         0.53212
2.0010          0.0000         0.53109
2.0030          0.0000         0.53007
2.0050          0.0000         0.52905
2.0070          0.0000         0.52803
2.0090          0.0000         0.52701
2.0110          0.0000         0.52599
2.0130          0.0000         0.52498
2.0150          0.0000         0.52397
2.0170          0.0000         0.52296
2.0190          0.0000         0.52195
2.0210          0.0000         0.52094
2.0230          0.0000         0.51994
2.0250          0.0000         0.51893
2.0270          0.0000         0.51793
2.0290          0.0000         0.51693
2.0310          0.0000         0.51594
2.0330          0.0000         0.51494
2.0350          0.0000         0.51395
2.0370          0.0000         0.51295
2.0390          0.0000         0.51196
2.0410          0.0000         0.51097
2.0430          0.0000         0.50999
2.0450          0.0000         0.50900
2.0470          0.0000         0.50802
2.0490          0.0000         0.50704
2.0510          0.0000         0.50606
2.0530          0.0000         0.50508
2.0550          0.0000         0.50410
2.0570          0.0000         0.50313
2.0590          0.0000         0.50215
2.0610          0.0000         0.50118
2.0630          0.0000         0.50021
2.0650          0.0000         0.49924
2.0670          0.0000         0.49828
2.0690          0.0000         0.49731
2.0710          0.0000         0.49635
2.0730          0.0000         0.49539
2.0750          0.0000         0.49443
2.0770          0.0000         0.49347
2.0790          0.0000         0.49252
2.0810          0.0000         0.49156
2.0830          0.0000         0.49061
2.0850          0.0000         0.48966
2.0870          0.0000         0.48871
2.0890          0.0000         0.48777
2.0910          0.0000         0.48682
2.0930          0.0000         0.48588
2.0950          0.0000         0.48494
2.0970          0.0000         0.48400
2.0990          0.0000         0.48306
2.1010          0.0000         0.48212
2.1030          0.0000         0.48119
2.1050          0.0000         0.48025
2.1070          0.0000         0.47932
2.1090          0.0000         0.47839
2.1110          0.0000         0.47746
2.1130          0.0000         0.47654
2.1150          0.0000         0.47561
2.1170          0.0000         0.47469
2.1190          0.0000         0.47377
2.1210          0.0000         0.47285
2.1230          0.0000         0.47193
2.1250          0.0000         0.47101
2.1270          0.0000         0.47010
2.1290          0.0000         0.46919
2.1310          0.0000         0.46827
2.1330          0.0000         0.46736
2.1350          0.0000         0.46646
2.1370          0.0000         0.46555
2.1390          0.0000         0.46465
2.1410          0.0000         0.46374
2.1430          0.0000         0.46284
2.1450          0.0000         0.46194
2.1470          0.0000         0.46104
2.1490          0.0000         0.46015
2.1510          0.0000         0.45925
2.1530          0.0000         0.45836
2.1550          0.0000         0.45747
2.1570          0.0000         0.45658
2.1590          0.0000         0.45569
2.1610          0.0000         0.45480
2.1630          0.0000         0.45392
2.1650          0.0000         0.45303
2.1670          0.0000         0.45215
2.1690          0.0000         0.45127
2.1710          0.0000         0.45039
2.1730          0.0000         0.44952
2.1750          0.0000         0.44864
2.1770          0.0000         0.44777
2.1790          0.0000         0.44690
2.1810          0.0000         0.44603
2.1830          0.0000         0.44516
2.1850          0.0000         0.44429
2.1870          0.0000         0.44342
2.1890          0.0000         0.44256
2.1910          0.0000         0.44170
2.1930          0.0000         0.44084
2.1950          0.0000         0.43998
2.1970          0.0000         0.43912
2.1990          0.0000         0.43826
2.2010          0.0000         0.43741
2.2030          0.0000         0.43656
2.2050          0.0000         0.43571
2.2070          0.0000         0.43486
2.2090          0.0000         0.43401
2.2110          0.0000         0.43316
2.2130          0.0000         0.43232
2.2150          0.0000         0.43147
2.2170          0.0000         0.43063
2.2190          0.0000         0.42979
2.2210          0.0000         0.42895
2.2230          0.0000         0.42812
2.2250          0.0000         0.42728
2.2270          0.0000         0.42645
2.2290          0.0000         0.42561
2.2310          0.0000         0.42478
2.2330          0.0000         0.42395
2.2350          0.0000         0.42312
2.2370          0.0000         0.42230
2.2390          0.0000         0.42147
2.2410          0.0000         0.42065
2.2430          0.0000         0.41983
2.2450          0.0000         0.41901
2.2470          0.0000         0.41819
2.2490          0.0000         0.41737
2.2510          0.0000         0.41656
2.2530          0.0000         0.41574
2.2550          0.0000         0.41493
2.2570          0.0000         0.41412
2.2590          0.0000         0.41331
2.2610          0.0000         0.41250
2.2630          0.0000         0.41170
2.2650          0.0000         0.41089
2.2670          0.0000         0.41009
2.2690          0.0000         0.40928
2.2710          0.0000         0.40848
2.2730          0.0000         0.40769
2.2750          0.0000         0.40689
2.2770          0.0000         0.40609
2.2790          0.0000         0.40530
2.2810          0.0000         0.40450
2.2830          0.0000         0.40371
2.2850          0.0000         0.40292
2.2870          0.0000         0.40213
2.2890          0.0000         0.40135
2.2910          0.0000         0.40056
2.2930          0.0000         0.39978
2.2950          0.0000         0.39899
2.2970          0.0000         0.39821
2.2990          0.0000         0.39743
2.3010          0.0000         0.39666
2.3030          0.0000         0.39588
2.3050          0.0000         0.39510
2.3070          0.0000         0.39433
2.3090          0.0000         0.39356
2.3110          0.0000         0.39279
2.3130          0.0000         0.39202
2.3150          0.0000         0.39125
2.3170          0.0000         0.39048
2.3190          0.0000         0.38972
2.3210          0.0000         0.38895
2.3230          0.0000         0.38819
2.3250          0.0000         0.38743
2.3270          0.0000         0.38667
2.3290          0.0000         0.38591
2.3310          0.0000         0.38516
2.3330          0.0000         0.38440
2.3350          0.0000         0.38365
2.3370          0.0000         0.38289
2.3390          0.0000         0.38214
2.3410          0.0000         0.38139
2.3430          0.0000         0.38065
2.3450          0.0000         0.37990
2.3470          0.0000         0.37915
2.3490          0.0000         0.37841
2.3510          0.0000         0.37767
2.3530          0.0000         0.37693
2.3550          0.0000         0.37619
2.3570          0.0000         0.37545
2.3590          0.0000         0.37471
2.3610          0.0000         0.37398
2.3630          0.0000         0.37324
2.3650          0.0000         0.37251
2.3670          0.0000         0.37178
2.3690          0.0000         0.37105
2.3710          0.0000         0.37032
2.3730          0.0000         0.36959
2.3750          0.0000         0.36887
2.3770          0.0000         0.36814
2.3790          0.0000         0.36742
2.3810          0.0000         0.36670
2.3830          0.0000         0.36598
2.3850          0.0000         0.36526
2.3870          0.0000         0.36454
2.3890          0.0000         0.36382
2.3910          0.0000         0.36311
2.3930          0.0000         0.36240
2.3950          0.0000         0.36168
2.3970          0.0000         0.36097
2.3990          0.0000         0.36026
2.4010          0.0000         0.35956
2.4030          0.0000         0.35885
2.4050          0.0000         0.35814
2.4070          0.0000         0.35744
2.4090          0.0000         0.35674
2.4110          0.0000         0.35604
2.4130          0.0000         0.35534
2.4150          0.0000         0.35464
2.4170          0.0000         0.35394
2.4190          0.0000         0.35324
2.4210          0.0000         0.35255
2.4230          0.0000         0.35186
2.4250          0.0000         0.35116
2.4270          0.0000         0.35047
2.4290          0.0000         0.34978
2.4310          0.0000         0.34910
2.4330          0.0000         0.34841
2.4350          0.0000         0.34772
2.4370          0.0000         0.34704
2.4390          0.0000         0.34636
2.4410          0.0000         0.34567
2.4430          0.0000         0.34499
2.4450          0.0000         0.34431
2.4470          0.0000         0.34364
2.4490          0.0000         0.34296
2.4510          0.0000         0.34229
2.4530          0.0000         0.34161
2.4550          0.0000         0.34094
2.4570          0.0000         0.34027
2.4590          0.0000         0.33960
2.4610          0.0000         0.33893
2.4630          0.0000         0.33826
2.4650          0.0000         0.33760
2.4670          0.0000         0.33693
2.4690          0.0000         0.33627
2.4710          0.0000         0.33560
2.4730          0.0000         0.33494
2.4750          0.0000         0.33428
2.4770          0.0000         0.33363
2.4790          0.0000         0.33297
2.4810          0.0000         0.33231
2.4830          0.0000         0.33166
2.4850          0.0000         0.33100
2.4870          0.0000         0.33035
2.4890          0.0000         0.32970
2.4910          0.0000         0.32905
2.4930          0.0000         0.32840
2.4950          0.0000         0.32776
2.4970          0.0000         0.32711
2.4990          0.0000         0.32646
2.5010          0.0000         0.32582
2.5030          0.0000         0.32518
2.5050          0.0000         0.32454
2.5070          0.0000         0.32390
2.5090          0.0000         0.32326
2.5110          0.0000         0.32262
2.5130          0.0000         0.32199
2.5150          0.0000         0.32135
2.5170          0.0000         0.32072
2.5190          0.0000         0.32008
2.5210          0.0000         0.31945
2.5230          0.0000         0.31882
2.5250          0.0000         0.31819
2.5270          0.0000         0.31757
2.5290          0.0000         0.31694
2.5310          0.0000         0.31631
2.5330          0.0000         0.31569
2.5350          0.0000         0.31507
2.5370          0.0000         0.31445
2.5390          0.0000         0.31383
2.5410          0.0000         0.31321
2.5430          0.0000         0.31259
2.5450          0.0000         0.31197
2.5470          0.0000         0.31136
2.5490          0.0000         0.31074
2.5510          0.0000         0.31013
2.5530          0.0000         0.30952
2.5550          0.0000         0.30890
2.5570          0.0000         0.30829
2.5590          0.0000         0.30769
2.5610          0.0000         0.30708
2.5630          0.0000         0.30647
2.5650          0.0000         0.30587
2.5670          0.0000         0.30526
2.5690          0.0000         0.30466
2.5710          0.0000         0.30406
2.5730          0.0000         0.30346
2.5750          0.0000         0.30286
2.5770          0.0000         0.30226
2.5790          0.0000         0.30166
2.5810          0.0000         0.30107
2.5830          0.0000         0.30047
2.5850          0.0000         0.29988
2.5870          0.0000         0.29929
2.5890          0.0000         0.29870
2.5910          0.0000         0.29811
2.5930          0.0000         0.29752
2.5950          0.0000         0.29693
2.5970          0.0000         0.29634
2.5990          0.0000         0.29576
2.6010          0.0000         0.29517
2.6030          0.0000         0.29459
2.6050          0.0000         0.29401
2.6070          0.0000         0.29343
2.6090          0.0000         0.29285
2.6110          0.0000         0.29227
2.6130          0.0000         0.29169
2.6150          0.0000         0.29111
2.6170          0.0000         0.29054
2.6190          0.0000         0.28996
2.6210          0.0000         0.28939
2.6230          0.0000         0.28882
2.6250          0.0000         0.28825
2.6270          0.0000         0.28768
2.6290          0.0000         0.28711
2.6310          0.0000         0.28654
2.6330          0.0000         0.28597
2.6350          0.0000         0.28541
2.6370          0.0000         0.28484
2.6390          0.0000         0.28428
2.6410          0.0000         0.28372
2.6430          0.0000         0.28316
2.6450          0.0000         0.28260
2.6470          0.0000         0.28204
2.6490          0.0000         0.28148
2.6510          0.0000         0.28092
2.6530          0.0000         0.28037
2.6550          0.0000         0.27981
2.6570          0.0000         0.27926
2.6590          0.0000         0.27871
2.6610          0.0000         0.27816
2.6630          0.0000         0.27760
2.6650          0.0000         0.27706
2.6670          0.0000         0.27651
2.6690          0.0000         0.27596
2.6710          0.0000         0.27541
2.6730          0.0000         0.27487
2.6750          0.0000         0.27432
2.6770          0.0000         0.27378
2.6790          0.0000         0.27324
2.6810          0.0000         0.27270
2.6830          0.0000         0.27216
2.6850          0.0000         0.27162
2.6870          0.0000         0.27108
2.6890          0.0000         0.27055
2.6910          0.0000         0.27001
2.6930          0.0000         0.26948
2.6950          0.0000         0.26894
2.6970          0.0000         0.26841
2.6990          0.0000         0.26788
2.7010          0.0000         0.26735
2.7030          0.0000         0.26682
2.7050          0.0000         0.26629
2.7070          0.0000         0.26576
2.7090          0.0000         0.26524
2.7110          0.0000         0.26471
2.7130          0.0000         0.26419
2.7150          0.0000         0.26366
2.7170          0.0000         0.26314
2.7190          0.0000         0.26262
2.7210          0.0000         0.26210
2.7230          0.0000         0.26158
2.7250          0.0000         0.26106
2.7270          0.0000         0.26055
2.7290          0.0000         0.26003
2.7310          0.0000         0.25951
2.7330          0.0000         0.25900
2.7350          0.0000         0.25849
2.7370          0.0000         0.25798
2.7390          0.0000         0.25746
2.7410          0.0000         0.25695
2.7430          0.0000         0.25644
2.7450          0.0000         0.25594
2.7470          0.0000         0.25543
2.7490          0.0000         0.25492
2.7510          0.0000         0.25442
2.7530          0.0000         0.25391
2.7550          0.0000         0.25341
2.7570          0.0000         0.25291
2.7590          0.0000         0.25241
2.7610          0.0000         0.25191
2.7630          0.0000         0.25141
2.7650          0.0000         0.25091
2.7670          0.0000         0.25041
2.7690          0.0000         0.24992
2.7710          0.0000         0.24942
2.7730          0.0000         0.24893
2.7750          0.0000         0.24843
2.7770          0.0000         0.24794
2.7790          0.0000         0.24745
2.7810          0.0000         0.24696
2.7830          0.0000         0.24647
2.7850          0.0000         0.24598
2.7870          0.0000         0.24549
2.7890          0.0000         0.24500
2.7910          0.0000         0.24452
2.7930          0.0000         0.24403
2.7950          0.0000         0.24355
2.7970          0.0000         0.24307
2.7990          0.0000         0.24258
2.8010          0.0000         0.24210
2.8030          0.0000         0.24162
2.8050          0.0000         0.24114
2.8070          0.0000         0.24067
2.8090          0.0000         0.24019
2.8110          0.0000         0.23971
2.8130          0.0000         0.23924
2.8150          0.0000         0.23876
2.8170          0.0000         0.23829
2.8190          0.0000         0.23782
2.8210          0.0000         0.23734
2.8230          0.0000         0.23687
2.8250          0.0000         0.23640
2.8270          0.0000         0.23593
2.8290          0.0000         0.23547
2.8310          0.0000         0.23500
2.8330          0.0000         0.23453
2.8350          0.0000         0.23407
2.8370          0.0000         0.23360
2.8390          0.0000         0.23314
2.8410          0.0000         0.23268
2.8430          0.0000         0.23221
2.8450          0.0000         0.23175
2.8470          0.0000         0.23129
2.8490          0.0000         0.23083
2.8510          0.0000         0.23038
2.8530          0.0000         0.22992
2.8550          0.0000         0.22946
2.8570          0.0000         0.22901
2.8590          0.0000         0.22855
2.8610          0.0000         0.22810
2.8630          0.0000         0.22765
2.8650          0.0000         0.22719
2.8670          0.0000         0.22674
2.8690          0.0000         0.22629
2.8710          0.0000         0.22584
2.8730          0.0000         0.22540
2.8750          0.0000         0.22495
2.8770          0.0000         0.22450
2.8790          0.0000         0.22406
2.8810          0.0000         0.22361
2.8830          0.0000         0.22317
2.8850          0.0000         0.22272
2.8870          0.0000         0.22228
2.8890          0.0000         0.22184
2.8910          0.0000         0.22140
2.8930          0.0000         0.22096
2.8950          0.0000         0.22052
2.8970          0.0000         0.22008
2.8990          0.0000         0.21965
2.9010          0.0000         0.21921
2.9030          0.0000         0.21878
2.9050          0.0000         0.21834
2.9070          0.0000         0.21791
2.9090          0.0000         0.21747
2.9110          0.0000         0.21704
2.9130          0.0000         0.21661
2.9150          0.0000         0.21618
2.9170          0.0000         0.21575
2.9190          0.0000         0.21532
2.9210          0.0000         0.21490
2.9230          0.0000         0.21447
2.9250          0.0000         0.21404
2.9270          0.0000         0.21362
2.9290          0.0000         0.21319
2.9310          0.0000         0.21277
2.9330          0.0000         0.21235
2.9350          0.0000         0.21192
2.9370          0.0000         0.21150
2.9390          0.0000         0.21108
2.9410          0.0000         0.21066
2.9430          0.0000         0.21025
2.9450          0.0000         0.20983
2.9470          0.0000         0.20941
2.9490          0.0000         0.20899
2.9510          0.0000         0.20858
2.9530          0.0000         0.20816
2.9550          0.0000         0.20775
2.9570          0.0000         0.20734
2.9590          0.0000         0.20693
2.9610          0.0000         0.20652
2.9630          0.0000         0.20610
2.9650          0.0000         0.20570
2.9670          0.0000         0.20529
2.9690          0.0000         0.20488
2.9710          0.0000         0.20447
2.9730          0.0000         0.20406
2.9750          0.0000         0.20366
2.9770          0.0000         0.20325
2.9790          0.0000         0.20285
2.9810          0.0000         0.20245
2.9830          0.0000         0.20204
2.9850          0.0000         0.20164
2.9870          0.0000         0.20124
2.9890          0.0000         0.20084
2.9910          0.0000         0.20044
2.9930          0.0000         0.20004
2.9950          0.0000         0.19965
2.9970          0.0000         0.19925
2.9990          0.0000         0.19885
3.0010          0.0000         0.19846
3.0030          0.0000         0.19806
3.0050          0.0000         0.19767
3.0070          0.0000         0.19728
3.0090          0.0000         0.19688
3.0110          0.0000         0.19649
3.0130          0.0000         0.19610
3.0150          0.0000         0.19571
3.0170          0.0000         0.19532
3.0190          0.0000         0.19493
3.0210          0.0000         0.19455
3.0230          0.0000         0.19416
3.0250          0.0000         0.19377
3.0270          0.0000         0.19339
3.0290          0.0000         0.19300
3.0310          0.0000         0.19262
3.0330          0.0000         0.19224
3.0350          0.0000         0.19186
3.0370          0.0000         0.19147
3.0390          0.0000         0.19109
3.0410          0.0000         0.19071
3.0430          0.0000         0.19033
3.0450          0.0000         0.18995
3.0470          0.0000         0.18958
3.0490          0.0000         0.18920
3.0510          0.0000         0.18882
3.0530          0.0000         0.18845
3.0550          0.0000         0.18807
3.0570          0.0000         0.18770
3.0590          0.0000         0.18733
3.0610          0.0000         0.18695
3.0630          0.0000         0.18658
3.0650          0.0000         0.18621
3.0670          0.0000         0.18584
3.0690          0.0000         0.18547
3.0710          0.0000         0.18510
3.0730          0.0000         0.18473
3.0750          0.0000         0.18437
3.0770          0.0000         0.18400
3.0790          0.0000         0.18363
3.0810          0.0000         0.18327
3.0830          0.0000         0.18290
3.0850          0.0000         0.18254
3.0870          0.0000         0.18218
3.0890          0.0000         0.18181
3.0910          0.0000         0.18145
3.0930          0.0000         0.18109
3.0950          0.0000         0.18073
3.0970          0.0000         0.18037
3.0990          0.0000         0.18001
3.1010          0.0000         0.17965
3.1030          0.0000         0.17930
3.1050          0.0000         0.17894
3.1070          0.0000         0.17858
3.1090          0.0000         0.17823
3.1110          0.0000         0.17787
3.1130          0.0000         0.17752
3.1150          0.0000         0.17717
3.1170          0.0000         0.17681
3.1190          0.0000         0.17646
3.1210          0.0000         0.17611
3.1230          0.0000         0.17576
3.1250          0.0000         0.17541
3.1270          0.0000         0.17506
3.1290          0.0000         0.17471
3.1310          0.0000         0.17436
3.1330          0.0000         0.17402
3.1350          0.0000         0.17367
3.1370          0.0000         0.17332
3.1390          0.0000         0.17298
3.1410          0.0000         0.17264
3.1430          0.0000         0.17229
3.1450          0.0000         0.17195
3.1470          0.0000         0.17161
3.1490          0.0000         0.17126
3.1510          0.0000         0.17092
3.1530          0.0000         0.17058
3.1550          0.0000         0.17024
3.1570          0.0000         0.16991
3.1590          0.0000         0.16957
3.1610          0.0000         0.16923
3.1630          0.0000         0.16889
3.1650          0.0000         0.16856
3.1670          0.0000         0.16822
3.1690          0.0000         0.16789
3.1710          0.0000         0.16755
3.1730          0.0000         0.16722
3.1750          0.0000         0.16688
3.1770          0.0000         0.16655
3.1790          0.0000         0.16622
3.1810          0.0000         0.16589
3.1830          0.0000         0.16556
3.1850          0.0000         0.16523
3.1870          0.0000         0.16490
3.1890          0.0000         0.16457
3.1910          0.0000         0.16425
3.1930          0.0000         0.16392
3.1950          0.0000         0.16359
3.1970          0.0000         0.16327
3.1990          0.0000         0.16294
3.2010          0.0000         0.16262
3.2030          0.0000         0.16229
3.2050          0.0000         0.16197
3.2070          0.0000         0.16165
3.2090          0.0000         0.16132
3.2110          0.0000         0.16100
3.2130          0.0000         0.16068
3.2150          0.0000         0.16036
3.2170          0.0000         0.16004
3.2190          0.0000         0.15972
3.2210          0.0000         0.15941
3.2230          0.0000         0.15909
3.2250          0.0000         0.15877
3.2270          0.0000         0.15846
3.2290          0.0000         0.15814
3.2310          0.0000         0.15783
3.2330          0.0000         0.15751
3.2350          0.0000         0.15720
3.2370          0.0000         0.15688
3.2390          0.0000         0.15657
3.2410          0.0000         0.15626
3.2430          0.0000         0.15595
3.2450          0.0000         0.15564
3.2470          0.0000         0.15533
3.2490          0.0000         0.15502
3.2510          0.0000         0.15471
3.2530          0.0000         0.15440
3.2550          0.0000         0.15409
3.2570          0.0000         0.15379
3.2590          0.0000         0.15348
3.2610          0.0000         0.15317
3.2630          0.0000         0.15287
3.2650          0.0000         0.15257
3.2670          0.0000         0.15226
3.2690          0.0000         0.15196
3.2710          0.0000         0.15166
3.2730          0.0000         0.15135
3.2750          0.0000         0.15105
3.2770          0.0000         0.15075
3.2790          0.0000         0.15045
3.2810          0.0000         0.15015
3.2830          0.0000         0.14985
3.2850          0.0000         0.14955
3.2870          0.0000         0.14925
3.2890          0.0000         0.14896
3.2910          0.0000         0.14866
3.2930          0.0000         0.14836
3.2950          0.0000         0.14807
3.2970          0.0000         0.14777
3.2990          0.0000         0.14748
3.3010          0.0000         0.14719
3.3030          0.0000         0.14689
3.3050          0.0000         0.14660
3.3070          0.0000         0.14631
3.3090          0.0000         0.14602
3.3110          0.0000         0.14572
3.3130          0.0000         0.14543
3.3150          0.0000         0.14514
3.3170          0.0000         0.14486
3.3190          0.0000         0.14457
3.3210          0.0000         0.14428
3.3230          0.0000         0.14399
3.3250          0.0000         0.14370
3.3270          0.0000         0.14342
3.3290          0.0000         0.14313
3.3310          0.0000         0.14285
3.3330          0.0000         0.14256
3.3350          0.0000         0.14228
3.3370          0.0000         0.14199
3.3390          0.0000         0.14171
3.3410          0.0000         0.14143
3.3430          0.0000         0.14115
3.3450          0.0000         0.14087
3.3470          0.0000         0.14058
3.3490          0.0000         0.14030
3.3510          0.0000         0.14003
3.3530          0.0000         0.13975
3.3550          0.0000         0.13947
3.3570          0.0000         0.13919
3.3590          0.0000         0.13891
3.3610          0.0000         0.13864
3.3630          0.0000         0.13836
3.3650          0.0000         0.13808
3.3670          0.0000         0.13781
3.3690          0.0000         0.13753
3.3710          0.0000         0.13726
3.3730          0.0000         0.13699
3.3750          0.0000         0.13671
3.3770          0.0000         0.13644
3.3790          0.0000         0.13617
3.3810          0.0000         0.13590
3.3830          0.0000         0.13563
3.3850          0.0000         0.13536
3.3870          0.0000         0.13509
3.3890          0.0000         0.13482
3.3910          0.0000         0.13455
3.3930          0.0000         0.13428
3.3950          0.0000         0.13401
3.3970          0.0000         0.13374
3.3990          0.0000         0.13348
3.4010          0.0000         0.13321
3.4030          0.0000         0.13295
3.4050          0.0000         0.13268
3.4070          0.0000         0.13242
3.4090          0.0000         0.13215
3.4110          0.0000         0.13189
3.4130          0.0000         0.13163
3.4150          0.0000         0.13136
3.4170          0.0000         0.13110
3.4190          0.0000         0.13084
3.4210          0.0000         0.13058
3.4230          0.0000         0.13032
3.4250          0.0000         0.13006
3.4270          0.0000         0.12980
3.4290          0.0000         0.12954
3.4310          0.0000         0.12928
3.4330          0.0000         0.12903
3.4350          0.0000         0.12877
3.4370          0.0000         0.12851
3.4390          0.0000         0.12825
3.4410          0.0000         0.12800
3.4430          0.0000         0.12774
3.4450          0.0000         0.12749
3.4470          0.0000         0.12724
3.4490          0.0000         0.12698
3.4510          0.0000         0.12673
3.4530          0.0000         0.12648
3.4550          0.0000         0.12622
3.4570          0.0000         0.12597
3.4590          0.0000         0.12572
3.4610          0.0000         0.12547
3.4630          0.0000         0.12522
3.4650          0.0000         0.12497
3.4670          0.0000         0.12472
3.4690          0.0000         0.12447
3.4710          0.0000         0.12422
3.4730          0.0000         0.12398
3.4750          0.0000         0.12373
3.4770          0.0000         0.12348
3.4790          0.0000         0.12324
3.4810          0.0000         0.12299
3.4830          0.0000         0.12274
3.4850          0.0000         0.12250
3.4870          0.0000         0.12226
3.4890          0.0000         0.12201
3.4910          0.0000         0.12177
3.4930          0.0000         0.12153
3.4950          0.0000         0.12128
3.4970          0.0000         0.12104
3.4990          0.0000         0.12080
3.5010          0.0000         0.12056
3.5030          0.0000         0.12032
3.5050          0.0000         0.12008
3.5070          0.0000         0.11984
3.5090          0.0000         0.11960
3.5110          0.0000         0.11936
3.5130          0.0000         0.11912
3.5150          0.0000         0.11889
3.5170          0.0000         0.11865
3.5190          0.0000         0.11841
3.5210          0.0000         0.11818
3.5230          0.0000         0.11794
3.5250          0.0000         0.11771
3.5270          0.0000         0.11747
3.5290          0.0000         0.11724
3.5310          0.0000         0.11700
3.5330          0.0000         0.11677
3.5350          0.0000         0.11654
3.5370          0.0000         0.11630
3.5390          0.0000         0.11607
3.5410          0.0000         0.11584
3.5430          0.0000         0.11561
3.5450          0.0000         0.11538
3.5470          0.0000         0.11515
3.5490          0.0000         0.11492
3.5510          0.0000         0.11469
3.5530          0.0000         0.11446
3.5550          0.0000         0.11423
3.5570          0.0000         0.11400
3.5590          0.0000         0.11378
3.5610          0.0000         0.11355
3.5630          0.0000         0.11332
3.5650          0.0000         0.11310
3.5670          0.0000         0.11287
3.5690          0.0000         0.11265
3.5710          0.0000         0.11242
3.5730          0.0000         0.11220
3.5750          0.0000         0.11197
3.5770          0.0000         0.11175
3.5790          0.0000         0.11153
3.5810          0.0000         0.11131
3.5830          0.0000         0.11108
3.5850          0.0000         0.11086
3.5870          0.0000         0.11064
3.5890          0.0000         0.11042
3.5910          0.0000         0.11020
3.5930          0.0000         0.10998
3.5950          0.0000         0.10976
3.5970          0.0000         0.10954
3.5990          0.0000         0.10932
3.6010          0.0000         0.10910
3.6030          0.0000         0.10889
3.6050          0.0000         0.10867
3.6070          0.0000         0.10845
3.6090          0.0000         0.10824
3.6110          0.0000         0.10802
3.6130          0.0000         0.10780
3.6150          0.0000         0.10759
3.6170          0.0000         0.10738
3.6190          0.0000         0.10716
3.6210          0.0000         0.10695
3.6230          0.0000         0.10673
3.6250          0.0000         0.10652
3.6270          0.0000         0.10631
3.6290          0.0000         0.10610
3.6310          0.0000         0.10588
3.6330          0.0000         0.10567
3.6350          0.0000         0.10546
3.6370          0.0000         0.10525
3.6390          0.0000         0.10504
3.6410          0.0000         0.10483
3.6430          0.0000         0.10462
3.6450          0.0000         0.10441
3.6470          0.0000         0.10421
3.6490          0.0000         0.10400
3.6510          0.0000         0.10379
3.6530          0.0000         0.10358
3.6550          0.0000         0.10338
3.6570          0.0000         0.10317
3.6590          0.0000         0.10296
3.6610          0.0000         0.10276
3.6630          0.0000         0.10255
3.6650          0.0000         0.10235
3.6670          0.0000         0.10215
3.6690          0.0000         0.10194
3.6710          0.0000         0.10174
3.6730          0.0000         0.10154
3.6750          0.0000         0.10133
3.6770          0.0000         0.10113
3.6790          0.0000         0.10093
3.6810          0.0000         0.10073
3.6830          0.0000         0.10053
3.6850          0.0000         0.10033
3.6870          0.0000         0.10013
3.6890          0.0000         0.099926
3.6910          0.0000         0.099726
3.6930          0.0000         0.099527
3.6950          0.0000         0.099328
3.6970          0.0000         0.099130
3.6990          0.0000         0.098932
3.7010          0.0000         0.098735
3.7030          0.0000         0.098538
3.7050          0.0000         0.098341
3.7070          0.0000         0.098145
3.7090          0.0000         0.097949
3.7110          0.0000         0.097754
3.7130          0.0000         0.097559
3.7150          0.0000         0.097364
3.7170          0.0000         0.097170
3.7190          0.0000         0.096976
3.7210          0.0000         0.096782
3.7230          0.0000         0.096589
3.7250          0.0000         0.096396
3.7270          0.0000         0.096204
3.7290          0.0000         0.096012
3.7310          0.0000         0.095820
3.7330          0.0000         0.095629
3.7350          0.0000         0.095438
3.7370          0.0000         0.095248
3.7390          0.0000         0.095058
3.7410          0.0000         0.094868
3.7430          0.0000         0.094679
3.7450          0.0000         0.094490
3.7470          0.0000         0.094301
3.7490          0.0000         0.094113
3.7510          0.0000         0.093925
3.7530          0.0000         0.093738
3.7550          0.0000         0.093551
3.7570          0.0000         0.093364
3.7590          0.0000         0.093178
3.7610          0.0000         0.092992
3.7630          0.0000         0.092806
3.7650          0.0000         0.092621
3.7670          0.0000         0.092436
3.7690          0.0000         0.092251
3.7710          0.0000         0.092067
3.7730          0.0000         0.091884
3.7750          0.0000         0.091700
3.7770          0.0000         0.091517
3.7790          0.0000         0.091334
3.7810          0.0000         0.091152
3.7830          0.0000         0.090970
3.7850          0.0000         0.090789
3.7870          0.0000         0.090607
3.7890          0.0000         0.090427
3.7910          0.0000         0.090246
3.7930          0.0000         0.090066
3.7950          0.0000         0.089886
3.7970          0.0000         0.089707
3.7990          0.0000         0.089528
3.8010          0.0000         0.089349
3.8030          0.0000         0.089171
3.8050          0.0000         0.088993
3.8070          0.0000         0.088815
3.8090          0.0000         0.088638
3.8110          0.0000         0.088461
3.8130          0.0000         0.088284
3.8150          0.0000         0.088108
3.8170          0.0000         0.087932
3.8190          0.0000         0.087757
3.8210          0.0000         0.087582
3.8230          0.0000         0.087407
3.8250          0.0000         0.087232
3.8270          0.0000         0.087058
3.8290          0.0000         0.086884
3.8310          0.0000         0.086711
3.8330          0.0000         0.086538
3.8350          0.0000         0.086365
3.8370          0.0000         0.086193
3.8390          0.0000         0.086021
3.8410          0.0000         0.085849
3.8430          0.0000         0.085678
3.8450          0.0000         0.085506
3.8470          0.0000         0.085336
3.8490          0.0000         0.085165
3.8510          0.0000         0.084995
3.8530          0.0000         0.084826
3.8550          0.0000         0.084656
3.8570          0.0000         0.084487
3.8590          0.0000         0.084319
3.8610          0.0000         0.084150
3.8630          0.0000         0.083983
3.8650          0.0000         0.083815
3.8670          0.0000         0.083648
3.8690          0.0000         0.083481
3.8710          0.0000         0.083314
3.8730          0.0000         0.083148
3.8750          0.0000         0.082982
3.8770          0.0000         0.082816
3.8790          0.0000         0.082651
3.8810          0.0000         0.082486
3.8830          0.0000         0.082321
3.8850          0.0000         0.082157
3.8870          0.0000         0.081993
3.8890          0.0000         0.081829
3.8910          0.0000         0.081666
3.8930          0.0000         0.081503
3.8950          0.0000         0.081340
3.8970          0.0000         0.081177
3.8990          0.0000         0.081015
3.9010          0.0000         0.080854
3.9030          0.0000         0.080692
3.9050          0.0000         0.080531
3.9070          0.0000         0.080370
3.9090          0.0000         0.080210
3.9110          0.0000         0.080050
3.9130          0.0000         0.079890
3.9150          0.0000         0.079730
3.9170          0.0000         0.079571
3.9190          0.0000         0.079412
3.9210          0.0000         0.079254
3.9230          0.0000         0.079096
3.9250          0.0000         0.078938
3.9270          0.0000         0.078780
3.9290          0.0000         0.078623
3.9310          0.0000         0.078466
3.9330          0.0000         0.078309
3.9350          0.0000         0.078153
3.9370          0.0000         0.077997
3.9390          0.0000         0.077841
3.9410          0.0000         0.077686
3.9430          0.0000         0.077531
3.9450          0.0000         0.077376
3.9470          0.0000         0.077221
3.9490          0.0000         0.077067
3.9510          0.0000         0.076913
3.9530          0.0000         0.076760
3.9550          0.0000         0.076607
3.9570          0.0000         0.076454
3.9590          0.0000         0.076301
3.9610          0.0000         0.076149
3.9630          0.0000         0.075997
3.9650          0.0000         0.075845
3.9670          0.0000         0.075693
3.9690          0.0000         0.075542
3.9710          0.0000         0.075391
3.9730          0.0000         0.075241
3.9750          0.0000         0.075091
3.9770          0.0000         0.074941
3.9790          0.0000         0.074791
3.9810          0.0000         0.074642
3.9830          0.0000         0.074493
3.9850          0.0000         0.074344
3.9870          0.0000         0.074196
3.9890          0.0000         0.074047
3.9910          0.0000         0.073900
3.9930          0.0000         0.073752
3.9950          0.0000         0.073605
3.9970          0.0000         0.073458
3.9990          0.0000         0.073311
4.0010          0.0000         0.073165
4.0030          0.0000         0.073019
4.0050          0.0000         0.072873
4.0070          0.0000         0.072727
4.0090          0.0000         0.072582
4.0110          0.0000         0.072437
4.0130          0.0000         0.072293
4.0150          0.0000         0.072148
4.0170          0.0000         0.072004
4.0190          0.0000         0.071860
4.0210          0.0000         0.071717
4.0230          0.0000         0.071574
4.0250          0.0000         0.071431
4.0270          0.0000         0.071288
4.0290          0.0000         0.071146
4.0310          0.0000         0.071004
4.0330          0.0000         0.070862
4.0350          0.0000         0.070721
4.0370          0.0000         0.070579
4.0390          0.0000         0.070438
4.0410          0.0000         0.070298
4.0430          0.0000         0.070157
4.0450          0.0000         0.070017
4.0470          0.0000         0.069878
4.0490          0.0000         0.069738
4.0510          0.0000         0.069599
4.0530          0.0000         0.069460
4.0550          0.0000         0.069321
4.0570          0.0000         0.069183
4.0590          0.0000         0.069045
4.0610          0.0000         0.068907
4.0630          0.0000         0.068769
4.0650          0.0000         0.068632
4.0670          0.0000         0.068495
4.0690          0.0000         0.068358
4.0710          0.0000         0.068221
4.0730          0.0000         0.068085
4.0750          0.0000         0.067949
4.0770          0.0000         0.067814
4.0790          0.0000         0.067678
4.0810          0.0000         0.067543
4.0830          0.0000         0.067408
4.0850          0.0000         0.067274
4.0870          0.0000         0.067139
4.0890          0.0000         0.067005
4.0910          0.0000         0.066871
4.0930          0.0000         0.066738
4.0950          0.0000         0.066605
4.0970          0.0000         0.066472
4.0990          0.0000         0.066339
4.1010          0.0000         0.066206
4.1030          0.0000         0.066074
4.1050          0.0000         0.065942
4.1070          0.0000         0.065810
4.1090          0.0000         0.065679
4.1110          0.0000         0.065548
4.1130          0.0000         0.065417
4.1150          0.0000         0.065286
4.1170          0.0000         0.065156
4.1190          0.0000         0.065026
4.1210          0.0000         0.064896
4.1230          0.0000         0.064766
4.1250          0.0000         0.064637
4.1270          0.0000         0.064508
4.1290          0.0000         0.064379
4.1310          0.0000         0.064251
4.1330          0.0000         0.064122
4.1350          0.0000         0.063994
4.1370          0.0000         0.063866
4.1390          0.0000         0.063739
4.1410          0.0000         0.063612
4.1430          0.0000         0.063485
4.1450          0.0000         0.063358
4.1470          0.0000         0.063231
4.1490          0.0000         0.063105
4.1510          0.0000         0.062979
4.1530          0.0000         0.062853
4.1550          0.0000         0.062728
4.1570          0.0000         0.062602
4.1590          0.0000         0.062477
4.1610          0.0000         0.062353
4.1630          0.0000         0.062228
4.1650          0.0000         0.062104
4.1670          0.0000         0.061980
4.1690          0.0000         0.061856
4.1710          0.0000         0.061733
4.1730          0.0000         0.061609
4.1750          0.0000         0.061486
4.1770          0.0000         0.061363
4.1790          0.0000         0.061241
4.1810          0.0000         0.061119
4.1830          0.0000         0.060997
4.1850          0.0000         0.060875
4.1870          0.0000         0.060753
4.1890          0.0000         0.060632
4.1910          0.0000         0.060511
4.1930          0.0000         0.060390
4.1950          0.0000         0.060269
4.1970          0.0000         0.060149
4.1990          0.0000         0.060029
4.2010          0.0000         0.059909
4.2030          0.0000         0.059789
4.2050          0.0000         0.059670
4.2070          0.0000         0.059551
4.2090          0.0000         0.059432
4.2110          0.0000         0.059313
4.2130          0.0000         0.059195
4.2150          0.0000         0.059076
4.2170          0.0000         0.058958
4.2190          0.0000         0.058841
4.2210          0.0000         0.058723
4.2230          0.0000         0.058606
4.2250          0.0000         0.058489
4.2270          0.0000         0.058372
4.2290          0.0000         0.058255
4.2310          0.0000         0.058139
4.2330          0.0000         0.058023
4.2350          0.0000         0.057907
4.2370          0.0000         0.057791
4.2390          0.0000         0.057676
4.2410          0.0000         0.057561
4.2430          0.0000         0.057446
4.2450          0.0000         0.057331
4.2470          0.0000         0.057217
4.2490          0.0000         0.057102
4.2510          0.0000         0.056988
4.2530          0.0000         0.056875
4.2550          0.0000         0.056761
4.2570          0.0000         0.056648
4.2590          0.0000         0.056534
4.2610          0.0000         0.056422
4.2630          0.0000         0.056309
4.2650          0.0000         0.056196
4.2670          0.0000         0.056084
4.2690          0.0000         0.055972
4.2710          0.0000         0.055860
4.2730          0.0000         0.055749
4.2750          0.0000         0.055637
4.2770          0.0000         0.055526
4.2790          0.0000         0.055415
4.2810          0.0000         0.055305
4.2830          0.0000         0.055194
4.2850          0.0000         0.055084
4.2870          0.0000         0.054974
4.2890          0.0000         0.054864
4.2910          0.0000         0.054755
4.2930          0.0000         0.054645
4.2950          0.0000         0.054536
4.2970          0.0000         0.054427
4.2990          0.0000         0.054319
4.3010          0.0000         0.054210
4.3030          0.0000         0.054102
4.3050          0.0000         0.053994
4.3070          0.0000         0.053886
4.3090          0.0000         0.053778
4.3110          0.0000         0.053671
4.3130          0.0000         0.053564
4.3150          0.0000         0.053457
4.3170          0.0000         0.053350
4.3190          0.0000         0.053243
4.3210          0.0000         0.053137
4.3230          0.0000         0.053031
4.3250          0.0000         0.052925
4.3270          0.0000         0.052819
4.3290          0.0000         0.052714
4.3310          0.0000         0.052608
4.3330          0.0000         0.052503
4.3350          0.0000         0.052399
4.3370          0.0000         0.052294
4.3390          0.0000         0.052189
4.3410          0.0000         0.052085
4.3430          0.0000         0.051981
4.3450          0.0000         0.051877
4.3470          0.0000         0.051774
4.3490          0.0000         0.051670
4.3510          0.0000         0.051567
4.3530          0.0000         0.051464
4.3550          0.0000         0.051361
4.3570          0.0000         0.051259
4.3590          0.0000         0.051156
4.3610          0.0000         0.051054
4.3630          0.0000         0.050952
4.3650          0.0000         0.050850
4.3670          0.0000         0.050749
4.3690          0.0000         0.050647
4.3710          0.0000         0.050546
4.3730          0.0000         0.050445
4.3750          0.0000         0.050345
4.3770          0.0000         0.050244
4.3790          0.0000         0.050144
4.3810          0.0000         0.050044
4.3830          0.0000         0.049944
4.3850          0.0000         0.049844
4.3870          0.0000         0.049744
4.3890          0.0000         0.049645
4.3910          0.0000         0.049546
4.3930          0.0000         0.049447
4.3950          0.0000         0.049348
4.3970          0.0000         0.049249
4.3990          0.0000         0.049151
4.4010          0.0000         0.049053
4.4030          0.0000         0.048955
4.4050          0.0000         0.048857
4.4070          0.0000         0.048760
4.4090          0.0000         0.048662
4.4110          0.0000         0.048565
4.4130          0.0000         0.048468
4.4150          0.0000         0.048371
4.4170          0.0000         0.048275
4.4190          0.0000         0.048178
4.4210          0.0000         0.048082
4.4230          0.0000         0.047986
4.4250          0.0000         0.047890
4.4270          0.0000         0.047794
4.4290          0.0000         0.047699
4.4310          0.0000         0.047604
4.4330          0.0000         0.047508
4.4350          0.0000         0.047414
4.4370          0.0000         0.047319
4.4390          0.0000         0.047224
4.4410          0.0000         0.047130
4.4430          0.0000         0.047036
4.4450          0.0000         0.046942
4.4470          0.0000         0.046848
4.4490          0.0000         0.046755
4.4510          0.0000         0.046661
4.4530          0.0000         0.046568
4.4550          0.0000         0.046475
4.4570          0.0000         0.046382
4.4590          0.0000         0.046290
4.4610          0.0000         0.046197
4.4630          0.0000         0.046105
4.4650          0.0000         0.046013
4.4670          0.0000         0.045921
4.4690          0.0000         0.045829
4.4710          0.0000         0.045738
4.4730          0.0000         0.045646
4.4750          0.0000         0.045555
4.4770          0.0000         0.045464
4.4790          0.0000         0.045373
4.4810          0.0000         0.045283
4.4830          0.0000         0.045192
4.4850          0.0000         0.045102
4.4870          0.0000         0.045012
4.4890          0.0000         0.044922
4.4910          0.0000         0.044832
4.4930          0.0000         0.044743
4.4950          0.0000         0.044653
4.4970          0.0000         0.044564
4.4990          0.0000         0.044475
4.5010          0.0000         0.044386
4.5030          0.0000         0.044297
4.5050          0.0000         0.044209
4.5070          0.0000         0.044121
4.5090          0.0000         0.044033
4.5110          0.0000         0.043945
4.5130          0.0000         0.043857
4.5150          0.0000         0.043769
4.5170          0.0000         0.043682
4.5190          0.0000         0.043594
4.5210          0.0000         0.043507
4.5230          0.0000         0.043421
4.5250          0.0000         0.043334
4.5270          0.0000         0.043247
4.5290          0.0000         0.043161
4.5310          0.0000         0.043075
4.5330          0.0000         0.042989
4.5350          0.0000         0.042903
4.5370          0.0000         0.042817
4.5390          0.0000         0.042731
4.5410          0.0000         0.042646
4.5430          0.0000         0.042561
4.5450          0.0000         0.042476
4.5470          0.0000         0.042391
4.5490          0.0000         0.042306
4.5510          0.0000         0.042222
4.5530          0.0000         0.042138
4.5550          0.0000         0.042053
4.5570          0.0000         0.041969
4.5590          0.0000         0.041886
4.5610          0.0000         0.041802
4.5630          0.0000         0.041718
4.5650          0.0000         0.041635
4.5670          0.0000         0.041552
4.5690          0.0000         0.041469
4.5710          0.0000         0.041386
4.5730          0.0000         0.041303
4.5750          0.0000         0.041221
4.5770          0.0000         0.041138
4.5790          0.0000         0.041056
4.5810          0.0000         0.040974
4.5830          0.0000         0.040892
4.5850          0.0000         0.040811
4.5870          0.0000         0.040729
4.5890          0.0000         0.040648
4.5910          0.0000         0.040567
4.5930          0.0000         0.040486
4.5950          0.0000         0.040405
4.5970          0.0000         0.040324
4.5990          0.0000         0.040243
4.6010          0.0000         0.040163
4.6030          0.0000         0.040083
4.6050          0.0000         0.040003
4.6070          0.0000         0.039923
4.6090          0.0000         0.039843
4.6110          0.0000         0.039764
4.6130          0.0000         0.039684
4.6150          0.0000         0.039605
4.6170          0.0000         0.039526
4.6190          0.0000         0.039447
4.6210          0.0000         0.039368
4.6230          0.0000         0.039289
4.6250          0.0000         0.039211
4.6270          0.0000         0.039133
4.6290          0.0000         0.039054
4.6310          0.0000         0.038976
4.6330          0.0000         0.038898
4.6350          0.0000         0.038821
4.6370          0.0000         0.038743
4.6390          0.0000         0.038666
4.6410          0.0000         0.038589
4.6430          0.0000         0.038512
4.6450          0.0000         0.038435
4.6470          0.0000         0.038358
4.6490          0.0000         0.038281
4.6510          0.0000         0.038205
4.6530          0.0000         0.038128
4.6550          0.0000         0.038052
4.6570          0.0000         0.037976
4.6590          0.0000         0.037900
4.6610          0.0000         0.037825
4.6630          0.0000         0.037749
4.6650          0.0000         0.037674
4.6670          0.0000         0.037598
4.6690          0.0000         0.037523
4.6710          0.0000         0.037448
4.6730          0.0000         0.037374
4.6750          0.0000         0.037299
4.6770          0.0000         0.037224
4.6790          0.0000         0.037150
4.6810          0.0000         0.037076
4.6830          0.0000         0.037002
4.6850          0.0000         0.036928
4.6870          0.0000         0.036854
4.6890          0.0000         0.036780
4.6910          0.0000         0.036707
4.6930          0.0000         0.036634
4.6950          0.0000         0.036560
4.6970          0.0000         0.036487
4.6990          0.0000         0.036414
4.7010          0.0000         0.036342
4.7030          0.0000         0.036269
4.7050          0.0000         0.036197
4.7070          0.0000         0.036124
4.7090          0.0000         0.036052
4.7110          0.0000         0.035980
4.7130          0.0000         0.035908
4.7150          0.0000         0.035837
4.7170          0.0000         0.035765
4.7190          0.0000         0.035694
4.7210          0.0000         0.035622
4.7230          0.0000         0.035551
4.7250          0.0000         0.035480
4.7270          0.0000         0.035409
4.7290          0.0000         0.035338
4.7310          0.0000         0.035268
4.7330          0.0000         0.035197
4.7350          0.0000         0.035127
4.7370          0.0000         0.035057
4.7390          0.0000         0.034987
4.7410          0.0000         0.034917
4.7430          0.0000         0.034847
4.7450          0.0000         0.034778
4.7470          0.0000         0.034708
4.7490          0.0000         0.034639
4.7510          0.0000         0.034570
4.7530          0.0000         0.034501
4.7550          0.0000         0.034432
4.7570          0.0000         0.034363
4.7590          0.0000         0.034294
4.7610          0.0000         0.034226
4.7630          0.0000         0.034157
4.7650          0.0000         0.034089
4.7670          0.0000         0.034021
4.7690          0.0000         0.033953
4.7710          0.0000         0.033885
4.7730          0.0000         0.033817
4.7750          0.0000         0.033750
4.7770          0.0000         0.033683
4.7790          0.0000         0.033615
4.7810          0.0000         0.033548
4.7830          0.0000         0.033481
4.7850          0.0000         0.033414
4.7870          0.0000         0.033347
4.7890          0.0000         0.033281
4.7910          0.0000         0.033214
4.7930          0.0000         0.033148
4.7950          0.0000         0.033082
4.7970          0.0000         0.033016
4.7990          0.0000         0.032950
4.8010          0.0000         0.032884
4.8030          0.0000         0.032818
4.8050          0.0000         0.032753
4.8070          0.0000         0.032687
4.8090          0.0000         0.032622
4.8110          0.0000         0.032557
4.8130          0.0000         0.032492
4.8150          0.0000         0.032427
4.8170          0.0000         0.032362
4.8190          0.0000         0.032297
4.8210          0.0000         0.032233
4.8230          0.0000         0.032168
4.8250          0.0000         0.032104
4.8270          0.0000         0.032040
4.8290          0.0000         0.031976
4.8310          0.0000         0.031912
4.8330          0.0000         0.031848
4.8350          0.0000         0.031785
4.8370          0.0000         0.031721
4.8390          0.0000         0.031658
4.8410          0.0000         0.031595
4.8430          0.0000         0.031532
4.8450          0.0000         0.031469
4.8470          0.0000         0.031406
4.8490          0.0000         0.031343
4.8510          0.0000         0.031280
4.8530          0.0000         0.031218
4.8550          0.0000         0.031155
4.8570          0.0000         0.031093
4.8590          0.0000         0.031031
4.8610          0.0000         0.030969
4.8630          0.0000         0.030907
4.8650          0.0000         0.030845
4.8670          0.0000         0.030784
4.8690          0.0000         0.030722
4.8710          0.0000         0.030661
4.8730          0.0000         0.030600
4.8750          0.0000         0.030539
4.8770          0.0000         0.030478
4.8790          0.0000         0.030417
4.8810          0.0000         0.030356
4.8830          0.0000         0.030295
4.8850          0.0000         0.030235
4.8870          0.0000         0.030174
4.8890          0.0000         0.030114
4.8910          0.0000         0.030054
4.8930          0.0000         0.029994
4.8950          0.0000         0.029934
4.8970          0.0000         0.029874
4.8990          0.0000         0.029814
4.9010          0.0000         0.029755
4.9030          0.0000         0.029695
4.9050          0.0000         0.029636
4.9070          0.0000         0.029577
4.9090          0.0000         0.029518
4.9110          0.0000         0.029459
4.9130          0.0000         0.029400
4.9150          0.0000         0.029341
4.9170          0.0000         0.029283
4.9190          0.0000         0.029224
4.9210          0.0000         0.029166
4.9230          0.0000         0.029108
4.9250          0.0000         0.029049
4.9270          0.0000         0.028991
4.9290          0.0000         0.028933
4.9310          0.0000         0.028876
4.9330          0.0000         0.028818
4.9350          0.0000         0.028760
4.9370          0.0000         0.028703
4.9390          0.0000         0.028646
4.9410          0.0000         0.028588
4.9430          0.0000         0.028531
4.9450          0.0000         0.028474
4.9470          0.0000         0.028417
4.9490          0.0000         0.028361
4.9510          0.0000         0.028304
4.9530          0.0000         0.028247
4.9550          0.0000         0.028191
4.9570          0.0000         0.028135
4.9590          0.0000         0.028078
4.9610          0.0000         0.028022
4.9630          0.0000         0.027966
4.9650          0.0000         0.027910
4.9670          0.0000         0.027855
4.9690          0.0000         0.027799
4.9710          0.0000         0.027743
4.9730          0.0000         0.027688
4.9750          0.0000         0.027633
4.9770          0.0000         0.027578
4.9790          0.0000         0.027522
4.9810          0.0000         0.027467
4.9830          0.0000         0.027413
4.9850          0.0000         0.027358
4.9870          0.0000         0.027303
4.9890          0.0000         0.027249
4.9910          0.0000         0.027194
4.9930          0.0000         0.027140
4.9950          0.0000         0.027086
4.9970          0.0000         0.027028
4.9990          0.0000         0.026978
