0.0000          0.0000         0.0000         0.85341
0.010000        0.0000         0.0000         0.86140
0.020000        0.0000         0.0000         0.88134
0.030000        0.0000         0.0000         0.90299
0.040000        0.0000         0.0000         0.92130
0.050000        0.0000         0.0000         0.93558
0.060000        0.0000         0.0000         0.94695
0.070000        0.0000         0.0000         0.95624
0.080000        0.0000         0.0000         0.96399
0.090000        0.0000         0.0000         0.97043
0.10000         0.0000         0.0000         0.97572
0.11000         0.0000         0.0000         0.98008
0.12000         0.0000         0.0000         0.98367
0.13000         0.0000         0.0000         0.98660
0.14000         0.0000         0.0000         0.98902
0.15000         0.0000         0.0000         0.99100
0.16000         0.0000         0.0000         0.99262
0.17000         0.0000         0.0000         0.99396
0.18000         0.0000         0.0000         0.99505
0.19000         0.0000         0.0000         0.99595
0.20000         0.0000         0.0000         0.99668
0.21000         0.0000         0.0000         0.99728
0.22000         0.0000         0.0000         0.99777
0.23000         0.0000         0.0000         0.99818
0.24000         0.0000         0.0000         0.99851
0.25000         0.0000         0.0000         0.99878
0.26000         0.0000         0.0000         0.99900
0.27000         0.0000         0.0000         0.99914
0.28000         0.0000         0.0000         0.99920
0.29000         0.0000         0.0000         0.99914
0.30000         0.0000         0.0000         0.99900
0.31000         0.0000         0.0000         0.99878
0.32000         0.0000         0.0000         0.99851
0.33000         0.0000         0.0000         0.99818
0.34000         0.0000         0.0000         0.99777
0.35000         0.0000         0.0000         0.99728
0.36000         0.0000         0.0000         0.99668
0.37000         0.0000         0.0000         0.99595
0.38000         0.0000         0.0000         0.99505
0.39000         0.0000         0.0000         0.99396
0.40000         0.0000         0.0000         0.99262
0.41000         0.0000         0.0000         0.99100
0.42000         0.0000         0.0000         0.98902
0.43000         0.0000         0.0000         0.98660
0.44000         0.0000         0.0000         0.98366
0.45000         0.0000         0.0000         0.98008
0.46000         0.0000         0.0000         0.97573
0.47000         0.0000         0.0000         0.97044
0.48000         0.0000         0.0000         0.96400
0.49000         0.0000         0.0000         0.95622
0.50000         0.0000         0.0000         0.94679
0.51000         0.0000         0.0000         0.93536
0.52000         0.0000         0.0000         0.92166
0.53000         0.0000         0.0000         0.90511
0.54000         0.0000         0.0000         0.88530
0.55000         0.0000         0.0000         0.86173
0.56000         0.0000         0.0000         0.83363
0.57000         0.0000         0.0000         0.80050
0.58000         0.0000         0.0000         0.76164
0.59000         0.0000         0.0000         0.71636
0.60000         0.0000         0.0000         0.66413
0.61000         0.0000         0.0000         0.60450
0.62000         0.0000         0.0000         0.53724
0.63000         0.0000         0.0000         0.46228
0.64000         0.0000         0.0000         0.38017
0.65000         0.0000         0.0000         0.29147
0.66000         0.0000         0.0000         0.19751
0.67000         0.0000         0.0000         0.099782
0.68000         0.0000         0.0000         -7.2940E-5
0.69000         0.0000         0.0000         -0.099687
0.70000         0.0000         0.0000         -0.19751
0.71000         0.0000         0.0000         -0.29153
0.72000         0.0000         0.0000         -0.38013
0.73000         0.0000         0.0000         -0.46231
0.74000         0.0000         0.0000         -0.53721
0.75000         0.0000         0.0000         -0.60452
0.76000         0.0000         0.0000         -0.66411
0.77000         0.0000         0.0000         -0.71637
0.78000         0.0000         0.0000         -0.76163
0.79000         0.0000         0.0000         -0.80050
0.80000         0.0000         0.0000         -0.83365
0.81000         0.0000         0.0000         -0.86169
0.82000         0.0000         0.0000         -0.88534
0.83000         0.0000         0.0000         -0.90511
0.84000         0.0000         0.0000         -0.92163
0.85000         0.0000         0.0000         -0.93540
0.86000         0.0000         0.0000         -0.94677
0.87000         0.0000         0.0000         -0.95621
0.88000         0.0000         0.0000         -0.96401
0.89000         0.0000         0.0000         -0.97043
0.90000         0.0000         0.0000         -0.97573
0.91000         0.0000         0.0000         -0.98008
0.92000         0.0000         0.0000         -0.98366
0.93000         0.0000         0.0000         -0.98661
0.94000         0.0000         0.0000         -0.98901
0.95000         0.0000         0.0000         -0.99100
0.96000         0.0000         0.0000         -0.99263
0.97000         0.0000         0.0000         -0.99401
0.98000         0.0000         0.0000         -0.99514
0.99000         0.0000         0.0000         -0.99596
1.0000          0.0000         0.0000         -0.99626
0.0000          0.010000       0.0000         0.85268
0.010000        0.010000       0.0000         0.86076
0.020000        0.010000       0.0000         0.88086
0.030000        0.010000       0.0000         0.90254
0.040000        0.010000       0.0000         0.92100
0.050000        0.010000       0.0000         0.93530
0.060000        0.010000       0.0000         0.94672
0.070000        0.010000       0.0000         0.95605
0.080000        0.010000       0.0000         0.96381
0.090000        0.010000       0.0000         0.97027
0.10000         0.010000       0.0000         0.97559
0.11000         0.010000       0.0000         0.97996
0.12000         0.010000       0.0000         0.98356
0.13000         0.010000       0.0000         0.98651
0.14000         0.010000       0.0000         0.98894
0.15000         0.010000       0.0000         0.99093
0.16000         0.010000       0.0000         0.99256
0.17000         0.010000       0.0000         0.99391
0.18000         0.010000       0.0000         0.99500
0.19000         0.010000       0.0000         0.99590
0.20000         0.010000       0.0000         0.99664
0.21000         0.010000       0.0000         0.99724
0.22000         0.010000       0.0000         0.99774
0.23000         0.010000       0.0000         0.99814
0.24000         0.010000       0.0000         0.99847
0.25000         0.010000       0.0000         0.99874
0.26000         0.010000       0.0000         0.99895
0.27000         0.010000       0.0000         0.99909
0.28000         0.010000       0.0000         0.99914
0.29000         0.010000       0.0000         0.99909
0.30000         0.010000       0.0000         0.99895
0.31000         0.010000       0.0000         0.99874
0.32000         0.010000       0.0000         0.99847
0.33000         0.010000       0.0000         0.99814
0.34000         0.010000       0.0000         0.99774
0.35000         0.010000       0.0000         0.99724
0.36000         0.010000       0.0000         0.99664
0.37000         0.010000       0.0000         0.99590
0.38000         0.010000       0.0000         0.99500
0.39000         0.010000       0.0000         0.99390
0.40000         0.010000       0.0000         0.99256
0.41000         0.010000       0.0000         0.99093
0.42000         0.010000       0.0000         0.98894
0.43000         0.010000       0.0000         0.98651
0.44000         0.010000       0.0000         0.98357
0.45000         0.010000       0.0000         0.97997
0.46000         0.010000       0.0000         0.97559
0.47000         0.010000       0.0000         0.97029
0.48000         0.010000       0.0000         0.96382
0.49000         0.010000       0.0000         0.95600
0.50000         0.010000       0.0000         0.94656
0.51000         0.010000       0.0000         0.93510
0.52000         0.010000       0.0000         0.92133
0.53000         0.010000       0.0000         0.90475
0.54000         0.010000       0.0000         0.88491
0.55000         0.010000       0.0000         0.86124
0.56000         0.010000       0.0000         0.83307
0.57000         0.010000       0.0000         0.79991
0.58000         0.010000       0.0000         0.76093
0.59000         0.010000       0.0000         0.71554
0.60000         0.010000       0.0000         0.66329
0.61000         0.010000       0.0000         0.60354
0.62000         0.010000       0.0000         0.53616
0.63000         0.010000       0.0000         0.46117
0.64000         0.010000       0.0000         0.37900
0.65000         0.010000       0.0000         0.29022
0.66000         0.010000       0.0000         0.19625
0.67000         0.010000       0.0000         0.098510
0.68000         0.010000       0.0000         -0.0013128
0.69000         0.010000       0.0000         -0.10089
0.70000         0.010000       0.0000         -0.19868
0.71000         0.010000       0.0000         -0.29258
0.72000         0.010000       0.0000         -0.38107
0.73000         0.010000       0.0000         -0.46322
0.74000         0.010000       0.0000         -0.53799
0.75000         0.010000       0.0000         -0.60516
0.76000         0.010000       0.0000         -0.66471
0.77000         0.010000       0.0000         -0.71688
0.78000         0.010000       0.0000         -0.76202
0.79000         0.010000       0.0000         -0.80085
0.80000         0.010000       0.0000         -0.83396
0.81000         0.010000       0.0000         -0.86192
0.82000         0.010000       0.0000         -0.88554
0.83000         0.010000       0.0000         -0.90529
0.84000         0.010000       0.0000         -0.92176
0.85000         0.010000       0.0000         -0.93550
0.86000         0.010000       0.0000         -0.94686
0.87000         0.010000       0.0000         -0.95629
0.88000         0.010000       0.0000         -0.96407
0.89000         0.010000       0.0000         -0.97047
0.90000         0.010000       0.0000         -0.97577
0.91000         0.010000       0.0000         -0.98011
0.92000         0.010000       0.0000         -0.98369
0.93000         0.010000       0.0000         -0.98663
0.94000         0.010000       0.0000         -0.98903
0.95000         0.010000       0.0000         -0.99101
0.96000         0.010000       0.0000         -0.99264
0.97000         0.010000       0.0000         -0.99402
0.98000         0.010000       0.0000         -0.99514
0.99000         0.010000       0.0000         -0.99596
1.0000          0.010000       0.0000         -0.99626
0.0000          0.020000       0.0000         0.85103
0.010000        0.020000       0.0000         0.85926
0.020000        0.020000       0.0000         0.87959
0.030000        0.020000       0.0000         0.90136
0.040000        0.020000       0.0000         0.92005
0.050000        0.020000       0.0000         0.93449
0.060000        0.020000       0.0000         0.94601
0.070000        0.020000       0.0000         0.95542
0.080000        0.020000       0.0000         0.96328
0.090000        0.020000       0.0000         0.96981
0.10000         0.020000       0.0000         0.97518
0.11000         0.020000       0.0000         0.97961
0.12000         0.020000       0.0000         0.98326
0.13000         0.020000       0.0000         0.98624
0.14000         0.020000       0.0000         0.98871
0.15000         0.020000       0.0000         0.99072
0.16000         0.020000       0.0000         0.99238
0.17000         0.020000       0.0000         0.99374
0.18000         0.020000       0.0000         0.99485
0.19000         0.020000       0.0000         0.99576
0.20000         0.020000       0.0000         0.99651
0.21000         0.020000       0.0000         0.99712
0.22000         0.020000       0.0000         0.99762
0.23000         0.020000       0.0000         0.99803
0.24000         0.020000       0.0000         0.99836
0.25000         0.020000       0.0000         0.99862
0.26000         0.020000       0.0000         0.99882
0.27000         0.020000       0.0000         0.99895
0.28000         0.020000       0.0000         0.99900
0.29000         0.020000       0.0000         0.99895
0.30000         0.020000       0.0000         0.99882
0.31000         0.020000       0.0000         0.99862
0.32000         0.020000       0.0000         0.99836
0.33000         0.020000       0.0000         0.99803
0.34000         0.020000       0.0000         0.99762
0.35000         0.020000       0.0000         0.99712
0.36000         0.020000       0.0000         0.99651
0.37000         0.020000       0.0000         0.99576
0.38000         0.020000       0.0000         0.99485
0.39000         0.020000       0.0000         0.99374
0.40000         0.020000       0.0000         0.99238
0.41000         0.020000       0.0000         0.99072
0.42000         0.020000       0.0000         0.98871
0.43000         0.020000       0.0000         0.98624
0.44000         0.020000       0.0000         0.98325
0.45000         0.020000       0.0000         0.97962
0.46000         0.020000       0.0000         0.97519
0.47000         0.020000       0.0000         0.96982
0.48000         0.020000       0.0000         0.96328
0.49000         0.020000       0.0000         0.95540
0.50000         0.020000       0.0000         0.94584
0.51000         0.020000       0.0000         0.93427
0.52000         0.020000       0.0000         0.92039
0.53000         0.020000       0.0000         0.90366
0.54000         0.020000       0.0000         0.88363
0.55000         0.020000       0.0000         0.85982
0.56000         0.020000       0.0000         0.83144
0.57000         0.020000       0.0000         0.79801
0.58000         0.020000       0.0000         0.75883
0.59000         0.020000       0.0000         0.71321
0.60000         0.020000       0.0000         0.66063
0.61000         0.020000       0.0000         0.60064
0.62000         0.020000       0.0000         0.53304
0.63000         0.020000       0.0000         0.45778
0.64000         0.020000       0.0000         0.37541
0.65000         0.020000       0.0000         0.28652
0.66000         0.020000       0.0000         0.19245
0.67000         0.020000       0.0000         0.094702
0.68000         0.020000       0.0000         -0.0050738
0.69000         0.020000       0.0000         -0.10452
0.70000         0.020000       0.0000         -0.20208
0.71000         0.020000       0.0000         -0.29578
0.72000         0.020000       0.0000         -0.38401
0.73000         0.020000       0.0000         -0.46579
0.74000         0.020000       0.0000         -0.54030
0.75000         0.020000       0.0000         -0.60722
0.76000         0.020000       0.0000         -0.66643
0.77000         0.020000       0.0000         -0.71835
0.78000         0.020000       0.0000         -0.76330
0.79000         0.020000       0.0000         -0.80190
0.80000         0.020000       0.0000         -0.83482
0.81000         0.020000       0.0000         -0.86266
0.82000         0.020000       0.0000         -0.88614
0.83000         0.020000       0.0000         -0.90577
0.84000         0.020000       0.0000         -0.92216
0.85000         0.020000       0.0000         -0.93583
0.86000         0.020000       0.0000         -0.94712
0.87000         0.020000       0.0000         -0.95650
0.88000         0.020000       0.0000         -0.96425
0.89000         0.020000       0.0000         -0.97062
0.90000         0.020000       0.0000         -0.97589
0.91000         0.020000       0.0000         -0.98021
0.92000         0.020000       0.0000         -0.98376
0.93000         0.020000       0.0000         -0.98669
0.94000         0.020000       0.0000         -0.98908
0.95000         0.020000       0.0000         -0.99105
0.96000         0.020000       0.0000         -0.99268
0.97000         0.020000       0.0000         -0.99404
0.98000         0.020000       0.0000         -0.99517
0.99000         0.020000       0.0000         -0.99598
1.0000          0.020000       0.0000         -0.99628
0.0000          0.030000       0.0000         0.84834
0.010000        0.030000       0.0000         0.85688
0.020000        0.030000       0.0000         0.87729
0.030000        0.030000       0.0000         0.89949
0.040000        0.030000       0.0000         0.91845
0.050000        0.030000       0.0000         0.93310
0.060000        0.030000       0.0000         0.94481
0.070000        0.030000       0.0000         0.95439
0.080000        0.030000       0.0000         0.96237
0.090000        0.030000       0.0000         0.96902
0.10000         0.030000       0.0000         0.97450
0.11000         0.030000       0.0000         0.97902
0.12000         0.030000       0.0000         0.98274
0.13000         0.030000       0.0000         0.98579
0.14000         0.030000       0.0000         0.98831
0.15000         0.030000       0.0000         0.99037
0.16000         0.030000       0.0000         0.99206
0.17000         0.030000       0.0000         0.99346
0.18000         0.030000       0.0000         0.99459
0.19000         0.030000       0.0000         0.99553
0.20000         0.030000       0.0000         0.99630
0.21000         0.030000       0.0000         0.99692
0.22000         0.030000       0.0000         0.99743
0.23000         0.030000       0.0000         0.99785
0.24000         0.030000       0.0000         0.99818
0.25000         0.030000       0.0000         0.99843
0.26000         0.030000       0.0000         0.99862
0.27000         0.030000       0.0000         0.99874
0.28000         0.030000       0.0000         0.99878
0.29000         0.030000       0.0000         0.99874
0.30000         0.030000       0.0000         0.99862
0.31000         0.030000       0.0000         0.99844
0.32000         0.030000       0.0000         0.99818
0.33000         0.030000       0.0000         0.99785
0.34000         0.030000       0.0000         0.99744
0.35000         0.030000       0.0000         0.99692
0.36000         0.030000       0.0000         0.99630
0.37000         0.030000       0.0000         0.99553
0.38000         0.030000       0.0000         0.99460
0.39000         0.030000       0.0000         0.99345
0.40000         0.030000       0.0000         0.99206
0.41000         0.030000       0.0000         0.99037
0.42000         0.030000       0.0000         0.98830
0.43000         0.030000       0.0000         0.98578
0.44000         0.030000       0.0000         0.98274
0.45000         0.030000       0.0000         0.97902
0.46000         0.030000       0.0000         0.97450
0.47000         0.030000       0.0000         0.96904
0.48000         0.030000       0.0000         0.96238
0.49000         0.030000       0.0000         0.95434
0.50000         0.030000       0.0000         0.94464
0.51000         0.030000       0.0000         0.93289
0.52000         0.030000       0.0000         0.91878
0.53000         0.030000       0.0000         0.90182
0.54000         0.030000       0.0000         0.88154
0.55000         0.030000       0.0000         0.85738
0.56000         0.030000       0.0000         0.82866
0.57000         0.030000       0.0000         0.79490
0.58000         0.030000       0.0000         0.75528
0.59000         0.030000       0.0000         0.70921
0.60000         0.030000       0.0000         0.65625
0.61000         0.030000       0.0000         0.59580
0.62000         0.030000       0.0000         0.52774
0.63000         0.030000       0.0000         0.45215
0.64000         0.030000       0.0000         0.36946
0.65000         0.030000       0.0000         0.28031
0.66000         0.030000       0.0000         0.18612
0.67000         0.030000       0.0000         0.088351
0.68000         0.030000       0.0000         -0.011303
0.69000         0.030000       0.0000         -0.11053
0.70000         0.030000       0.0000         -0.20781
0.71000         0.030000       0.0000         -0.30105
0.72000         0.030000       0.0000         -0.38881
0.73000         0.030000       0.0000         -0.47016
0.74000         0.030000       0.0000         -0.54413
0.75000         0.030000       0.0000         -0.61052
0.76000         0.030000       0.0000         -0.66933
0.77000         0.030000       0.0000         -0.72082
0.78000         0.030000       0.0000         -0.76535
0.79000         0.030000       0.0000         -0.80364
0.80000         0.030000       0.0000         -0.83629
0.81000         0.030000       0.0000         -0.86384
0.82000         0.030000       0.0000         -0.88712
0.83000         0.030000       0.0000         -0.90659
0.84000         0.030000       0.0000         -0.92282
0.85000         0.030000       0.0000         -0.93637
0.86000         0.030000       0.0000         -0.94757
0.87000         0.030000       0.0000         -0.95686
0.88000         0.030000       0.0000         -0.96453
0.89000         0.030000       0.0000         -0.97085
0.90000         0.030000       0.0000         -0.97608
0.91000         0.030000       0.0000         -0.98036
0.92000         0.030000       0.0000         -0.98389
0.93000         0.030000       0.0000         -0.98679
0.94000         0.030000       0.0000         -0.98916
0.95000         0.030000       0.0000         -0.99112
0.96000         0.030000       0.0000         -0.99273
0.97000         0.030000       0.0000         -0.99409
0.98000         0.030000       0.0000         -0.99520
0.99000         0.030000       0.0000         -0.99601
1.0000          0.030000       0.0000         -0.99630
0.0000          0.040000       0.0000         0.84472
0.010000        0.040000       0.0000         0.85339
0.020000        0.040000       0.0000         0.87407
0.030000        0.040000       0.0000         0.89699
0.040000        0.040000       0.0000         0.91618
0.050000        0.040000       0.0000         0.93114
0.060000        0.040000       0.0000         0.94310
0.070000        0.040000       0.0000         0.95289
0.080000        0.040000       0.0000         0.96108
0.090000        0.040000       0.0000         0.96791
0.10000         0.040000       0.0000         0.97352
0.11000         0.040000       0.0000         0.97817
0.12000         0.040000       0.0000         0.98199
0.13000         0.040000       0.0000         0.98513
0.14000         0.040000       0.0000         0.98773
0.15000         0.040000       0.0000         0.98986
0.16000         0.040000       0.0000         0.99161
0.17000         0.040000       0.0000         0.99305
0.18000         0.040000       0.0000         0.99423
0.19000         0.040000       0.0000         0.99520
0.20000         0.040000       0.0000         0.99599
0.21000         0.040000       0.0000         0.99664
0.22000         0.040000       0.0000         0.99716
0.23000         0.040000       0.0000         0.99759
0.24000         0.040000       0.0000         0.99792
0.25000         0.040000       0.0000         0.99818
0.26000         0.040000       0.0000         0.99836
0.27000         0.040000       0.0000         0.99847
0.28000         0.040000       0.0000         0.99851
0.29000         0.040000       0.0000         0.99847
0.30000         0.040000       0.0000         0.99836
0.31000         0.040000       0.0000         0.99818
0.32000         0.040000       0.0000         0.99792
0.33000         0.040000       0.0000         0.99759
0.34000         0.040000       0.0000         0.99716
0.35000         0.040000       0.0000         0.99664
0.36000         0.040000       0.0000         0.99599
0.37000         0.040000       0.0000         0.99520
0.38000         0.040000       0.0000         0.99423
0.39000         0.040000       0.0000         0.99305
0.40000         0.040000       0.0000         0.99161
0.41000         0.040000       0.0000         0.98985
0.42000         0.040000       0.0000         0.98773
0.43000         0.040000       0.0000         0.98513
0.44000         0.040000       0.0000         0.98199
0.45000         0.040000       0.0000         0.97817
0.46000         0.040000       0.0000         0.97353
0.47000         0.040000       0.0000         0.96791
0.48000         0.040000       0.0000         0.96109
0.49000         0.040000       0.0000         0.95287
0.50000         0.040000       0.0000         0.94292
0.51000         0.040000       0.0000         0.93090
0.52000         0.040000       0.0000         0.91652
0.53000         0.040000       0.0000         0.89920
0.54000         0.040000       0.0000         0.87851
0.55000         0.040000       0.0000         0.85395
0.56000         0.040000       0.0000         0.82476
0.57000         0.040000       0.0000         0.79042
0.58000         0.040000       0.0000         0.75027
0.59000         0.040000       0.0000         0.70362
0.60000         0.040000       0.0000         0.64998
0.61000         0.040000       0.0000         0.58895
0.62000         0.040000       0.0000         0.52035
0.63000         0.040000       0.0000         0.44418
0.64000         0.040000       0.0000         0.36106
0.65000         0.040000       0.0000         0.27161
0.66000         0.040000       0.0000         0.17724
0.67000         0.040000       0.0000         0.079475
0.68000         0.040000       0.0000         -0.020037
0.69000         0.040000       0.0000         -0.11894
0.70000         0.040000       0.0000         -0.21571
0.71000         0.040000       0.0000         -0.30843
0.72000         0.040000       0.0000         -0.39555
0.73000         0.040000       0.0000         -0.47614
0.74000         0.040000       0.0000         -0.54945
0.75000         0.040000       0.0000         -0.61519
0.76000         0.040000       0.0000         -0.67330
0.77000         0.040000       0.0000         -0.72421
0.78000         0.040000       0.0000         -0.76825
0.79000         0.040000       0.0000         -0.80605
0.80000         0.040000       0.0000         -0.83827
0.81000         0.040000       0.0000         -0.86552
0.82000         0.040000       0.0000         -0.88850
0.83000         0.040000       0.0000         -0.90770
0.84000         0.040000       0.0000         -0.92375
0.85000         0.040000       0.0000         -0.93713
0.86000         0.040000       0.0000         -0.94818
0.87000         0.040000       0.0000         -0.95736
0.88000         0.040000       0.0000         -0.96494
0.89000         0.040000       0.0000         -0.97118
0.90000         0.040000       0.0000         -0.97634
0.91000         0.040000       0.0000         -0.98058
0.92000         0.040000       0.0000         -0.98406
0.93000         0.040000       0.0000         -0.98693
0.94000         0.040000       0.0000         -0.98928
0.95000         0.040000       0.0000         -0.99121
0.96000         0.040000       0.0000         -0.99280
0.97000         0.040000       0.0000         -0.99414
0.98000         0.040000       0.0000         -0.99525
0.99000         0.040000       0.0000         -0.99605
1.0000          0.040000       0.0000         -0.99634
0.0000          0.050000       0.0000         0.84013
0.010000        0.050000       0.0000         0.84887
0.020000        0.050000       0.0000         0.87000
0.030000        0.050000       0.0000         0.89338
0.040000        0.050000       0.0000         0.91315
0.050000        0.050000       0.0000         0.92856
0.060000        0.050000       0.0000         0.94083
0.070000        0.050000       0.0000         0.95094
0.080000        0.050000       0.0000         0.95936
0.090000        0.050000       0.0000         0.96641
0.10000         0.050000       0.0000         0.97223
0.11000         0.050000       0.0000         0.97703
0.12000         0.050000       0.0000         0.98100
0.13000         0.050000       0.0000         0.98426
0.14000         0.050000       0.0000         0.98696
0.15000         0.050000       0.0000         0.98917
0.16000         0.050000       0.0000         0.99100
0.17000         0.050000       0.0000         0.99251
0.18000         0.050000       0.0000         0.99373
0.19000         0.050000       0.0000         0.99475
0.20000         0.050000       0.0000         0.99558
0.21000         0.050000       0.0000         0.99625
0.22000         0.050000       0.0000         0.99680
0.23000         0.050000       0.0000         0.99724
0.24000         0.050000       0.0000         0.99759
0.25000         0.050000       0.0000         0.99785
0.26000         0.050000       0.0000         0.99803
0.27000         0.050000       0.0000         0.99814
0.28000         0.050000       0.0000         0.99818
0.29000         0.050000       0.0000         0.99814
0.30000         0.050000       0.0000         0.99803
0.31000         0.050000       0.0000         0.99785
0.32000         0.050000       0.0000         0.99759
0.33000         0.050000       0.0000         0.99724
0.34000         0.050000       0.0000         0.99680
0.35000         0.050000       0.0000         0.99625
0.36000         0.050000       0.0000         0.99558
0.37000         0.050000       0.0000         0.99475
0.38000         0.050000       0.0000         0.99374
0.39000         0.050000       0.0000         0.99250
0.40000         0.050000       0.0000         0.99100
0.41000         0.050000       0.0000         0.98918
0.42000         0.050000       0.0000         0.98696
0.43000         0.050000       0.0000         0.98426
0.44000         0.050000       0.0000         0.98100
0.45000         0.050000       0.0000         0.97703
0.46000         0.050000       0.0000         0.97222
0.47000         0.050000       0.0000         0.96643
0.48000         0.050000       0.0000         0.95938
0.49000         0.050000       0.0000         0.95089
0.50000         0.050000       0.0000         0.94066
0.51000         0.050000       0.0000         0.92831
0.52000         0.050000       0.0000         0.91350
0.53000         0.050000       0.0000         0.89575
0.54000         0.050000       0.0000         0.87459
0.55000         0.050000       0.0000         0.84942
0.56000         0.050000       0.0000         0.81960
0.57000         0.050000       0.0000         0.78463
0.58000         0.050000       0.0000         0.74371
0.59000         0.050000       0.0000         0.69627
0.60000         0.050000       0.0000         0.64190
0.61000         0.050000       0.0000         0.58007
0.62000         0.050000       0.0000         0.51069
0.63000         0.050000       0.0000         0.43390
0.64000         0.050000       0.0000         0.35023
0.65000         0.050000       0.0000         0.26038
0.66000         0.050000       0.0000         0.16583
0.67000         0.050000       0.0000         0.068059
0.68000         0.050000       0.0000         -0.031200
0.69000         0.050000       0.0000         -0.12968
0.70000         0.050000       0.0000         -0.22588
0.71000         0.050000       0.0000         -0.31780
0.72000         0.050000       0.0000         -0.40407
0.73000         0.050000       0.0000         -0.48383
0.74000         0.050000       0.0000         -0.55621
0.75000         0.050000       0.0000         -0.62104
0.76000         0.050000       0.0000         -0.67839
0.77000         0.050000       0.0000         -0.72854
0.78000         0.050000       0.0000         -0.77187
0.79000         0.050000       0.0000         -0.80911
0.80000         0.050000       0.0000         -0.84084
0.81000         0.050000       0.0000         -0.86761
0.82000         0.050000       0.0000         -0.89023
0.83000         0.050000       0.0000         -0.90914
0.84000         0.050000       0.0000         -0.92491
0.85000         0.050000       0.0000         -0.93807
0.86000         0.050000       0.0000         -0.94896
0.87000         0.050000       0.0000         -0.95799
0.88000         0.050000       0.0000         -0.96545
0.89000         0.050000       0.0000         -0.97160
0.90000         0.050000       0.0000         -0.97668
0.91000         0.050000       0.0000         -0.98085
0.92000         0.050000       0.0000         -0.98428
0.93000         0.050000       0.0000         -0.98711
0.94000         0.050000       0.0000         -0.98942
0.95000         0.050000       0.0000         -0.99133
0.96000         0.050000       0.0000         -0.99290
0.97000         0.050000       0.0000         -0.99422
0.98000         0.050000       0.0000         -0.99531
0.99000         0.050000       0.0000         -0.99609
1.0000          0.050000       0.0000         -0.99638
0.0000          0.060000       0.0000         0.83391
0.010000        0.060000       0.0000         0.84317
0.020000        0.060000       0.0000         0.86512
0.030000        0.060000       0.0000         0.88905
0.040000        0.060000       0.0000         0.90937
0.050000        0.060000       0.0000         0.92531
0.060000        0.060000       0.0000         0.93795
0.070000        0.060000       0.0000         0.94844
0.080000        0.060000       0.0000         0.95721
0.090000        0.060000       0.0000         0.96453
0.10000         0.060000       0.0000         0.97057
0.11000         0.060000       0.0000         0.97559
0.12000         0.060000       0.0000         0.97974
0.13000         0.060000       0.0000         0.98315
0.14000         0.060000       0.0000         0.98598
0.15000         0.060000       0.0000         0.98830
0.16000         0.060000       0.0000         0.99022
0.17000         0.060000       0.0000         0.99180
0.18000         0.060000       0.0000         0.99311
0.19000         0.060000       0.0000         0.99418
0.20000         0.060000       0.0000         0.99505
0.21000         0.060000       0.0000         0.99576
0.22000         0.060000       0.0000         0.99634
0.23000         0.060000       0.0000         0.99680
0.24000         0.060000       0.0000         0.99716
0.25000         0.060000       0.0000         0.99744
0.26000         0.060000       0.0000         0.99762
0.27000         0.060000       0.0000         0.99774
0.28000         0.060000       0.0000         0.99777
0.29000         0.060000       0.0000         0.99774
0.30000         0.060000       0.0000         0.99762
0.31000         0.060000       0.0000         0.99743
0.32000         0.060000       0.0000         0.99716
0.33000         0.060000       0.0000         0.99680
0.34000         0.060000       0.0000         0.99634
0.35000         0.060000       0.0000         0.99576
0.36000         0.060000       0.0000         0.99505
0.37000         0.060000       0.0000         0.99418
0.38000         0.060000       0.0000         0.99310
0.39000         0.060000       0.0000         0.99181
0.40000         0.060000       0.0000         0.99022
0.41000         0.060000       0.0000         0.98830
0.42000         0.060000       0.0000         0.98598
0.43000         0.060000       0.0000         0.98315
0.44000         0.060000       0.0000         0.97973
0.45000         0.060000       0.0000         0.97559
0.46000         0.060000       0.0000         0.97059
0.47000         0.060000       0.0000         0.96454
0.48000         0.060000       0.0000         0.95721
0.49000         0.060000       0.0000         0.94841
0.50000         0.060000       0.0000         0.93780
0.51000         0.060000       0.0000         0.92501
0.52000         0.060000       0.0000         0.90975
0.53000         0.060000       0.0000         0.89143
0.54000         0.060000       0.0000         0.86961
0.55000         0.060000       0.0000         0.84379
0.56000         0.060000       0.0000         0.81320
0.57000         0.060000       0.0000         0.77734
0.58000         0.060000       0.0000         0.73556
0.59000         0.060000       0.0000         0.68720
0.60000         0.060000       0.0000         0.63181
0.61000         0.060000       0.0000         0.56905
0.62000         0.060000       0.0000         0.49882
0.63000         0.060000       0.0000         0.42120
0.64000         0.060000       0.0000         0.33690
0.65000         0.060000       0.0000         0.24662
0.66000         0.060000       0.0000         0.15185
0.67000         0.060000       0.0000         0.054149
0.68000         0.060000       0.0000         -0.044828
0.69000         0.060000       0.0000         -0.14274
0.70000         0.060000       0.0000         -0.23814
0.71000         0.060000       0.0000         -0.32918
0.72000         0.060000       0.0000         -0.41443
0.73000         0.060000       0.0000         -0.49303
0.74000         0.060000       0.0000         -0.56435
0.75000         0.060000       0.0000         -0.62816
0.76000         0.060000       0.0000         -0.68446
0.77000         0.060000       0.0000         -0.73371
0.78000         0.060000       0.0000         -0.77628
0.79000         0.060000       0.0000         -0.81278
0.80000         0.060000       0.0000         -0.84387
0.81000         0.060000       0.0000         -0.87015
0.82000         0.060000       0.0000         -0.89232
0.83000         0.060000       0.0000         -0.91084
0.84000         0.060000       0.0000         -0.92631
0.85000         0.060000       0.0000         -0.93922
0.86000         0.060000       0.0000         -0.94988
0.87000         0.060000       0.0000         -0.95875
0.88000         0.060000       0.0000         -0.96607
0.89000         0.060000       0.0000         -0.97209
0.90000         0.060000       0.0000         -0.97708
0.91000         0.060000       0.0000         -0.98118
0.92000         0.060000       0.0000         -0.98455
0.93000         0.060000       0.0000         -0.98732
0.94000         0.060000       0.0000         -0.98959
0.95000         0.060000       0.0000         -0.99147
0.96000         0.060000       0.0000         -0.99301
0.97000         0.060000       0.0000         -0.99431
0.98000         0.060000       0.0000         -0.99538
0.99000         0.060000       0.0000         -0.99615
1.0000          0.060000       0.0000         -0.99644
0.0000          0.070000       0.0000         0.82696
0.010000        0.070000       0.0000         0.83640
0.020000        0.070000       0.0000         0.85873
0.030000        0.070000       0.0000         0.88366
0.040000        0.070000       0.0000         0.90477
0.050000        0.070000       0.0000         0.92126
0.060000        0.070000       0.0000         0.93448
0.070000        0.070000       0.0000         0.94540
0.080000        0.070000       0.0000         0.95454
0.090000        0.070000       0.0000         0.96220
0.10000         0.070000       0.0000         0.96855
0.11000         0.070000       0.0000         0.97381
0.12000         0.070000       0.0000         0.97817
0.13000         0.070000       0.0000         0.98177
0.14000         0.070000       0.0000         0.98476
0.15000         0.070000       0.0000         0.98721
0.16000         0.070000       0.0000         0.98925
0.17000         0.070000       0.0000         0.99093
0.18000         0.070000       0.0000         0.99231
0.19000         0.070000       0.0000         0.99345
0.20000         0.070000       0.0000         0.99439
0.21000         0.070000       0.0000         0.99515
0.22000         0.070000       0.0000         0.99576
0.23000         0.070000       0.0000         0.99626
0.24000         0.070000       0.0000         0.99664
0.25000         0.070000       0.0000         0.99692
0.26000         0.070000       0.0000         0.99712
0.27000         0.070000       0.0000         0.99724
0.28000         0.070000       0.0000         0.99728
0.29000         0.070000       0.0000         0.99724
0.30000         0.070000       0.0000         0.99712
0.31000         0.070000       0.0000         0.99693
0.32000         0.070000       0.0000         0.99664
0.33000         0.070000       0.0000         0.99625
0.34000         0.070000       0.0000         0.99577
0.35000         0.070000       0.0000         0.99515
0.36000         0.070000       0.0000         0.99439
0.37000         0.070000       0.0000         0.99346
0.38000         0.070000       0.0000         0.99232
0.39000         0.070000       0.0000         0.99093
0.40000         0.070000       0.0000         0.98925
0.41000         0.070000       0.0000         0.98722
0.42000         0.070000       0.0000         0.98475
0.43000         0.070000       0.0000         0.98176
0.44000         0.070000       0.0000         0.97817
0.45000         0.070000       0.0000         0.97381
0.46000         0.070000       0.0000         0.96854
0.47000         0.070000       0.0000         0.96222
0.48000         0.070000       0.0000         0.95455
0.49000         0.070000       0.0000         0.94534
0.50000         0.070000       0.0000         0.93430
0.51000         0.070000       0.0000         0.92100
0.52000         0.070000       0.0000         0.90512
0.53000         0.070000       0.0000         0.88615
0.54000         0.070000       0.0000         0.86360
0.55000         0.070000       0.0000         0.83690
0.56000         0.070000       0.0000         0.80539
0.57000         0.070000       0.0000         0.76857
0.58000         0.070000       0.0000         0.72568
0.59000         0.070000       0.0000         0.67619
0.60000         0.070000       0.0000         0.61973
0.61000         0.070000       0.0000         0.55585
0.62000         0.070000       0.0000         0.48456
0.63000         0.070000       0.0000         0.40607
0.64000         0.070000       0.0000         0.32106
0.65000         0.070000       0.0000         0.23029
0.66000         0.070000       0.0000         0.13533
0.67000         0.070000       0.0000         0.037717
0.68000         0.070000       0.0000         -0.060812
0.69000         0.070000       0.0000         -0.15805
0.70000         0.070000       0.0000         -0.25255
0.71000         0.070000       0.0000         -0.34243
0.72000         0.070000       0.0000         -0.42643
0.73000         0.070000       0.0000         -0.50381
0.74000         0.070000       0.0000         -0.57381
0.75000         0.070000       0.0000         -0.63635
0.76000         0.070000       0.0000         -0.69155
0.77000         0.070000       0.0000         -0.73974
0.78000         0.070000       0.0000         -0.78132
0.79000         0.070000       0.0000         -0.81702
0.80000         0.070000       0.0000         -0.84742
0.81000         0.070000       0.0000         -0.87306
0.82000         0.070000       0.0000         -0.89472
0.83000         0.070000       0.0000         -0.91283
0.84000         0.070000       0.0000         -0.92793
0.85000         0.070000       0.0000         -0.94053
0.86000         0.070000       0.0000         -0.95096
0.87000         0.070000       0.0000         -0.95962
0.88000         0.070000       0.0000         -0.96677
0.89000         0.070000       0.0000         -0.97267
0.90000         0.070000       0.0000         -0.97755
0.91000         0.070000       0.0000         -0.98155
0.92000         0.070000       0.0000         -0.98485
0.93000         0.070000       0.0000         -0.98757
0.94000         0.070000       0.0000         -0.98979
0.95000         0.070000       0.0000         -0.99163
0.96000         0.070000       0.0000         -0.99314
0.97000         0.070000       0.0000         -0.99442
0.98000         0.070000       0.0000         -0.99546
0.99000         0.070000       0.0000         -0.99622
1.0000          0.070000       0.0000         -0.99650
0.0000          0.080000       0.0000         0.81850
0.010000        0.080000       0.0000         0.82809
0.020000        0.080000       0.0000         0.85137
0.030000        0.080000       0.0000         0.87732
0.040000        0.080000       0.0000         0.89922
0.050000        0.080000       0.0000         0.91644
0.060000        0.080000       0.0000         0.93027
0.070000        0.080000       0.0000         0.94169
0.080000        0.080000       0.0000         0.95132
0.090000        0.080000       0.0000         0.95939
0.10000         0.080000       0.0000         0.96607
0.11000         0.080000       0.0000         0.97164
0.12000         0.080000       0.0000         0.97626
0.13000         0.080000       0.0000         0.98008
0.14000         0.080000       0.0000         0.98326
0.15000         0.080000       0.0000         0.98588
0.16000         0.080000       0.0000         0.98805
0.17000         0.080000       0.0000         0.98986
0.18000         0.080000       0.0000         0.99134
0.19000         0.080000       0.0000         0.99256
0.20000         0.080000       0.0000         0.99357
0.21000         0.080000       0.0000         0.99439
0.22000         0.080000       0.0000         0.99505
0.23000         0.080000       0.0000         0.99558
0.24000         0.080000       0.0000         0.99599
0.25000         0.080000       0.0000         0.99630
0.26000         0.080000       0.0000         0.99651
0.27000         0.080000       0.0000         0.99664
0.28000         0.080000       0.0000         0.99668
0.29000         0.080000       0.0000         0.99664
0.30000         0.080000       0.0000         0.99651
0.31000         0.080000       0.0000         0.99630
0.32000         0.080000       0.0000         0.99599
0.33000         0.080000       0.0000         0.99558
0.34000         0.080000       0.0000         0.99505
0.35000         0.080000       0.0000         0.99439
0.36000         0.080000       0.0000         0.99357
0.37000         0.080000       0.0000         0.99256
0.38000         0.080000       0.0000         0.99134
0.39000         0.080000       0.0000         0.98986
0.40000         0.080000       0.0000         0.98806
0.41000         0.080000       0.0000         0.98588
0.42000         0.080000       0.0000         0.98326
0.43000         0.080000       0.0000         0.98008
0.44000         0.080000       0.0000         0.97625
0.45000         0.080000       0.0000         0.97164
0.46000         0.080000       0.0000         0.96608
0.47000         0.080000       0.0000         0.95939
0.48000         0.080000       0.0000         0.95132
0.49000         0.080000       0.0000         0.94167
0.50000         0.080000       0.0000         0.93007
0.51000         0.080000       0.0000         0.91615
0.52000         0.080000       0.0000         0.89960
0.53000         0.080000       0.0000         0.87982
0.54000         0.080000       0.0000         0.85636
0.55000         0.080000       0.0000         0.82872
0.56000         0.080000       0.0000         0.79613
0.57000         0.080000       0.0000         0.75810
0.58000         0.080000       0.0000         0.71401
0.59000         0.080000       0.0000         0.66326
0.60000         0.080000       0.0000         0.60545
0.61000         0.080000       0.0000         0.54035
0.62000         0.080000       0.0000         0.46793
0.63000         0.080000       0.0000         0.38841
0.64000         0.080000       0.0000         0.30264
0.65000         0.080000       0.0000         0.21138
0.66000         0.080000       0.0000         0.11626
0.67000         0.080000       0.0000         0.018855
0.68000         0.080000       0.0000         -0.079185
0.69000         0.080000       0.0000         -0.17556
0.70000         0.080000       0.0000         -0.26891
0.71000         0.080000       0.0000         -0.35753
0.72000         0.080000       0.0000         -0.44011
0.73000         0.080000       0.0000         -0.51594
0.74000         0.080000       0.0000         -0.58450
0.75000         0.080000       0.0000         -0.64566
0.76000         0.080000       0.0000         -0.69949
0.77000         0.080000       0.0000         -0.74650
0.78000         0.080000       0.0000         -0.78705
0.79000         0.080000       0.0000         -0.82180
0.80000         0.080000       0.0000         -0.85138
0.81000         0.080000       0.0000         -0.87636
0.82000         0.080000       0.0000         -0.89743
0.83000         0.080000       0.0000         -0.91504
0.84000         0.080000       0.0000         -0.92975
0.85000         0.080000       0.0000         -0.94203
0.86000         0.080000       0.0000         -0.95217
0.87000         0.080000       0.0000         -0.96061
0.88000         0.080000       0.0000         -0.96758
0.89000         0.080000       0.0000         -0.97332
0.90000         0.080000       0.0000         -0.97808
0.91000         0.080000       0.0000         -0.98198
0.92000         0.080000       0.0000         -0.98520
0.93000         0.080000       0.0000         -0.98785
0.94000         0.080000       0.0000         -0.99002
0.95000         0.080000       0.0000         -0.99181
0.96000         0.080000       0.0000         -0.99329
0.97000         0.080000       0.0000         -0.99453
0.98000         0.080000       0.0000         -0.99556
0.99000         0.080000       0.0000         -0.99630
1.0000          0.080000       0.0000         -0.99658
0.0000          0.090000       0.0000         0.80828
0.010000        0.090000       0.0000         0.81842
0.020000        0.090000       0.0000         0.84280
0.030000        0.090000       0.0000         0.86968
0.040000        0.090000       0.0000         0.89265
0.050000        0.090000       0.0000         0.91073
0.060000        0.090000       0.0000         0.92521
0.070000        0.090000       0.0000         0.93731
0.080000        0.090000       0.0000         0.94745
0.090000        0.090000       0.0000         0.95600
0.10000         0.090000       0.0000         0.96311
0.11000         0.090000       0.0000         0.96903
0.12000         0.090000       0.0000         0.97395
0.13000         0.090000       0.0000         0.97804
0.14000         0.090000       0.0000         0.98145
0.15000         0.090000       0.0000         0.98426
0.16000         0.090000       0.0000         0.98660
0.17000         0.090000       0.0000         0.98855
0.18000         0.090000       0.0000         0.99015
0.19000         0.090000       0.0000         0.99147
0.20000         0.090000       0.0000         0.99257
0.21000         0.090000       0.0000         0.99345
0.22000         0.090000       0.0000         0.99418
0.23000         0.090000       0.0000         0.99475
0.24000         0.090000       0.0000         0.99520
0.25000         0.090000       0.0000         0.99553
0.26000         0.090000       0.0000         0.99576
0.27000         0.090000       0.0000         0.99590
0.28000         0.090000       0.0000         0.99595
0.29000         0.090000       0.0000         0.99590
0.30000         0.090000       0.0000         0.99576
0.31000         0.090000       0.0000         0.99553
0.32000         0.090000       0.0000         0.99520
0.33000         0.090000       0.0000         0.99475
0.34000         0.090000       0.0000         0.99418
0.35000         0.090000       0.0000         0.99345
0.36000         0.090000       0.0000         0.99256
0.37000         0.090000       0.0000         0.99148
0.38000         0.090000       0.0000         0.99015
0.39000         0.090000       0.0000         0.98854
0.40000         0.090000       0.0000         0.98660
0.41000         0.090000       0.0000         0.98427
0.42000         0.090000       0.0000         0.98144
0.43000         0.090000       0.0000         0.97803
0.44000         0.090000       0.0000         0.97396
0.45000         0.090000       0.0000         0.96903
0.46000         0.090000       0.0000         0.96310
0.47000         0.090000       0.0000         0.95602
0.48000         0.090000       0.0000         0.94748
0.49000         0.090000       0.0000         0.93725
0.50000         0.090000       0.0000         0.92505
0.51000         0.090000       0.0000         0.91042
0.52000         0.090000       0.0000         0.89302
0.53000         0.090000       0.0000         0.87234
0.54000         0.090000       0.0000         0.84789
0.55000         0.090000       0.0000         0.81906
0.56000         0.090000       0.0000         0.78523
0.57000         0.090000       0.0000         0.74592
0.58000         0.090000       0.0000         0.70039
0.59000         0.090000       0.0000         0.64818
0.60000         0.090000       0.0000         0.58897
0.61000         0.090000       0.0000         0.52246
0.62000         0.090000       0.0000         0.44875
0.63000         0.090000       0.0000         0.36819
0.64000         0.090000       0.0000         0.28162
0.65000         0.090000       0.0000         0.18989
0.66000         0.090000       0.0000         0.094664
0.67000         0.090000       0.0000         -0.0024779
0.68000         0.090000       0.0000         -0.099789
0.69000         0.090000       0.0000         -0.19516
0.70000         0.090000       0.0000         -0.28725
0.71000         0.090000       0.0000         -0.37431
0.72000         0.090000       0.0000         -0.45525
0.73000         0.090000       0.0000         -0.52946
0.74000         0.090000       0.0000         -0.59633
0.75000         0.090000       0.0000         -0.65588
0.76000         0.090000       0.0000         -0.70830
0.77000         0.090000       0.0000         -0.75398
0.78000         0.090000       0.0000         -0.79332
0.79000         0.090000       0.0000         -0.82706
0.80000         0.090000       0.0000         -0.85577
0.81000         0.090000       0.0000         -0.87998
0.82000         0.090000       0.0000         -0.90041
0.83000         0.090000       0.0000         -0.91750
0.84000         0.090000       0.0000         -0.93176
0.85000         0.090000       0.0000         -0.94366
0.86000         0.090000       0.0000         -0.95351
0.87000         0.090000       0.0000         -0.96169
0.88000         0.090000       0.0000         -0.96846
0.89000         0.090000       0.0000         -0.97404
0.90000         0.090000       0.0000         -0.97866
0.91000         0.090000       0.0000         -0.98245
0.92000         0.090000       0.0000         -0.98558
0.93000         0.090000       0.0000         -0.98816
0.94000         0.090000       0.0000         -0.99027
0.95000         0.090000       0.0000         -0.99201
0.96000         0.090000       0.0000         -0.99346
0.97000         0.090000       0.0000         -0.99467
0.98000         0.090000       0.0000         -0.99566
0.99000         0.090000       0.0000         -0.99639
1.0000          0.090000       0.0000         -0.99665
0.0000          0.10000        0.0000         0.79657
0.010000        0.10000        0.0000         0.80730
0.020000        0.10000        0.0000         0.83256
0.030000        0.10000        0.0000         0.86077
0.040000        0.10000        0.0000         0.88494
0.050000        0.10000        0.0000         0.90396
0.060000        0.10000        0.0000         0.91931
0.070000        0.10000        0.0000         0.93209
0.080000        0.10000        0.0000         0.94291
0.090000        0.10000        0.0000         0.95198
0.10000         0.10000        0.0000         0.95958
0.11000         0.10000        0.0000         0.96591
0.12000         0.10000        0.0000         0.97120
0.13000         0.10000        0.0000         0.97559
0.14000         0.10000        0.0000         0.97926
0.15000         0.10000        0.0000         0.98231
0.16000         0.10000        0.0000         0.98485
0.17000         0.10000        0.0000         0.98696
0.18000         0.10000        0.0000         0.98870
0.19000         0.10000        0.0000         0.99015
0.20000         0.10000        0.0000         0.99134
0.21000         0.10000        0.0000         0.99232
0.22000         0.10000        0.0000         0.99311
0.23000         0.10000        0.0000         0.99374
0.24000         0.10000        0.0000         0.99423
0.25000         0.10000        0.0000         0.99460
0.26000         0.10000        0.0000         0.99485
0.27000         0.10000        0.0000         0.99500
0.28000         0.10000        0.0000         0.99505
0.29000         0.10000        0.0000         0.99500
0.30000         0.10000        0.0000         0.99485
0.31000         0.10000        0.0000         0.99460
0.32000         0.10000        0.0000         0.99423
0.33000         0.10000        0.0000         0.99374
0.34000         0.10000        0.0000         0.99311
0.35000         0.10000        0.0000         0.99231
0.36000         0.10000        0.0000         0.99134
0.37000         0.10000        0.0000         0.99015
0.38000         0.10000        0.0000         0.98870
0.39000         0.10000        0.0000         0.98696
0.40000         0.10000        0.0000         0.98485
0.41000         0.10000        0.0000         0.98231
0.42000         0.10000        0.0000         0.97927
0.43000         0.10000        0.0000         0.97559
0.44000         0.10000        0.0000         0.97119
0.45000         0.10000        0.0000         0.96591
0.46000         0.10000        0.0000         0.95958
0.47000         0.10000        0.0000         0.95199
0.48000         0.10000        0.0000         0.94290
0.49000         0.10000        0.0000         0.93207
0.50000         0.10000        0.0000         0.91910
0.51000         0.10000        0.0000         0.90364
0.52000         0.10000        0.0000         0.88535
0.53000         0.10000        0.0000         0.86359
0.54000         0.10000        0.0000         0.83793
0.55000         0.10000        0.0000         0.80787
0.56000         0.10000        0.0000         0.77263
0.57000         0.10000        0.0000         0.73176
0.58000         0.10000        0.0000         0.68470
0.59000         0.10000        0.0000         0.63090
0.60000         0.10000        0.0000         0.57005
0.61000         0.10000        0.0000         0.50206
0.62000         0.10000        0.0000         0.42702
0.63000         0.10000        0.0000         0.34533
0.64000         0.10000        0.0000         0.25796
0.65000         0.10000        0.0000         0.16578
0.66000         0.10000        0.0000         0.070558
0.67000         0.10000        0.0000         -0.026127
0.68000         0.10000        0.0000         -0.12265
0.69000         0.10000        0.0000         -0.21681
0.70000         0.10000        0.0000         -0.30733
0.71000         0.10000        0.0000         -0.39272
0.72000         0.10000        0.0000         -0.47185
0.73000         0.10000        0.0000         -0.54412
0.74000         0.10000        0.0000         -0.60920
0.75000         0.10000        0.0000         -0.66705
0.76000         0.10000        0.0000         -0.71782
0.77000         0.10000        0.0000         -0.76206
0.78000         0.10000        0.0000         -0.80015
0.79000         0.10000        0.0000         -0.83276
0.80000         0.10000        0.0000         -0.86049
0.81000         0.10000        0.0000         -0.88390
0.82000         0.10000        0.0000         -0.90364
0.83000         0.10000        0.0000         -0.92014
0.84000         0.10000        0.0000         -0.93393
0.85000         0.10000        0.0000         -0.94543
0.86000         0.10000        0.0000         -0.95495
0.87000         0.10000        0.0000         -0.96287
0.88000         0.10000        0.0000         -0.96942
0.89000         0.10000        0.0000         -0.97481
0.90000         0.10000        0.0000         -0.97929
0.91000         0.10000        0.0000         -0.98296
0.92000         0.10000        0.0000         -0.98600
0.93000         0.10000        0.0000         -0.98849
0.94000         0.10000        0.0000         -0.99054
0.95000         0.10000        0.0000         -0.99223
0.96000         0.10000        0.0000         -0.99363
0.97000         0.10000        0.0000         -0.99481
0.98000         0.10000        0.0000         -0.99578
0.99000         0.10000        0.0000         -0.99648
1.0000          0.10000        0.0000         -0.99674
0.0000          0.11000        0.0000         0.78306
0.010000        0.11000        0.0000         0.79411
0.020000        0.11000        0.0000         0.82083
0.030000        0.11000        0.0000         0.85068
0.040000        0.11000        0.0000         0.87596
0.050000        0.11000        0.0000         0.89606
0.060000        0.11000        0.0000         0.91236
0.070000        0.11000        0.0000         0.92597
0.080000        0.11000        0.0000         0.93752
0.090000        0.11000        0.0000         0.94722
0.10000         0.11000        0.0000         0.95540
0.11000         0.11000        0.0000         0.96220
0.12000         0.11000        0.0000         0.96790
0.13000         0.11000        0.0000         0.97267
0.14000         0.11000        0.0000         0.97665
0.15000         0.11000        0.0000         0.97996
0.16000         0.11000        0.0000         0.98273
0.17000         0.11000        0.0000         0.98504
0.18000         0.11000        0.0000         0.98695
0.19000         0.11000        0.0000         0.98854
0.20000         0.11000        0.0000         0.98986
0.21000         0.11000        0.0000         0.99093
0.22000         0.11000        0.0000         0.99180
0.23000         0.11000        0.0000         0.99250
0.24000         0.11000        0.0000         0.99305
0.25000         0.11000        0.0000         0.99345
0.26000         0.11000        0.0000         0.99374
0.27000         0.11000        0.0000         0.99390
0.28000         0.11000        0.0000         0.99396
0.29000         0.11000        0.0000         0.99390
0.30000         0.11000        0.0000         0.99374
0.31000         0.11000        0.0000         0.99346
0.32000         0.11000        0.0000         0.99305
0.33000         0.11000        0.0000         0.99250
0.34000         0.11000        0.0000         0.99181
0.35000         0.11000        0.0000         0.99093
0.36000         0.11000        0.0000         0.98985
0.37000         0.11000        0.0000         0.98855
0.38000         0.11000        0.0000         0.98696
0.39000         0.11000        0.0000         0.98504
0.40000         0.11000        0.0000         0.98273
0.41000         0.11000        0.0000         0.97997
0.42000         0.11000        0.0000         0.97665
0.43000         0.11000        0.0000         0.97266
0.44000         0.11000        0.0000         0.96791
0.45000         0.11000        0.0000         0.96221
0.46000         0.11000        0.0000         0.95538
0.47000         0.11000        0.0000         0.94726
0.48000         0.11000        0.0000         0.93752
0.49000         0.11000        0.0000         0.92593
0.50000         0.11000        0.0000         0.91216
0.51000         0.11000        0.0000         0.89576
0.52000         0.11000        0.0000         0.87635
0.53000         0.11000        0.0000         0.85342
0.54000         0.11000        0.0000         0.82647
0.55000         0.11000        0.0000         0.79489
0.56000         0.11000        0.0000         0.75808
0.57000         0.11000        0.0000         0.71559
0.58000         0.11000        0.0000         0.66675
0.59000         0.11000        0.0000         0.61118
0.60000         0.11000        0.0000         0.54866
0.61000         0.11000        0.0000         0.47905
0.62000         0.11000        0.0000         0.40258
0.63000         0.11000        0.0000         0.31976
0.64000         0.11000        0.0000         0.23162
0.65000         0.11000        0.0000         0.13913
0.66000         0.11000        0.0000         0.043997
0.67000         0.11000        0.0000         -0.052136
0.68000         0.11000        0.0000         -0.14756
0.69000         0.11000        0.0000         -0.24032
0.70000         0.11000        0.0000         -0.32918
0.71000         0.11000        0.0000         -0.41258
0.72000         0.11000        0.0000         -0.48967
0.73000         0.11000        0.0000         -0.55994
0.74000         0.11000        0.0000         -0.62301
0.75000         0.11000        0.0000         -0.67894
0.76000         0.11000        0.0000         -0.72803
0.77000         0.11000        0.0000         -0.77071
0.78000         0.11000        0.0000         -0.80741
0.79000         0.11000        0.0000         -0.83883
0.80000         0.11000        0.0000         -0.86555
0.81000         0.11000        0.0000         -0.88807
0.82000         0.11000        0.0000         -0.90708
0.83000         0.11000        0.0000         -0.92297
0.84000         0.11000        0.0000         -0.93624
0.85000         0.11000        0.0000         -0.94732
0.86000         0.11000        0.0000         -0.95650
0.87000         0.11000        0.0000         -0.96413
0.88000         0.11000        0.0000         -0.97044
0.89000         0.11000        0.0000         -0.97564
0.90000         0.11000        0.0000         -0.97996
0.91000         0.11000        0.0000         -0.98351
0.92000         0.11000        0.0000         -0.98644
0.93000         0.11000        0.0000         -0.98885
0.94000         0.11000        0.0000         -0.99083
0.95000         0.11000        0.0000         -0.99247
0.96000         0.11000        0.0000         -0.99382
0.97000         0.11000        0.0000         -0.99496
0.98000         0.11000        0.0000         -0.99590
0.99000         0.11000        0.0000         -0.99658
1.0000          0.11000        0.0000         -0.99683
0.0000          0.12000        0.0000         0.76773
0.010000        0.12000        0.0000         0.77925
0.020000        0.12000        0.0000         0.80735
0.030000        0.12000        0.0000         0.83862
0.040000        0.12000        0.0000         0.86550
0.050000        0.12000        0.0000         0.88692
0.060000        0.12000        0.0000         0.90423
0.070000        0.12000        0.0000         0.91883
0.080000        0.12000        0.0000         0.93118
0.090000        0.12000        0.0000         0.94166
0.10000         0.12000        0.0000         0.95043
0.11000         0.12000        0.0000         0.95783
0.12000         0.12000        0.0000         0.96401
0.13000         0.12000        0.0000         0.96918
0.14000         0.12000        0.0000         0.97353
0.15000         0.12000        0.0000         0.97716
0.16000         0.12000        0.0000         0.98020
0.17000         0.12000        0.0000         0.98273
0.18000         0.12000        0.0000         0.98485
0.19000         0.12000        0.0000         0.98661
0.20000         0.12000        0.0000         0.98806
0.21000         0.12000        0.0000         0.98925
0.22000         0.12000        0.0000         0.99022
0.23000         0.12000        0.0000         0.99100
0.24000         0.12000        0.0000         0.99161
0.25000         0.12000        0.0000         0.99206
0.26000         0.12000        0.0000         0.99238
0.27000         0.12000        0.0000         0.99256
0.28000         0.12000        0.0000         0.99263
0.29000         0.12000        0.0000         0.99256
0.30000         0.12000        0.0000         0.99238
0.31000         0.12000        0.0000         0.99206
0.32000         0.12000        0.0000         0.99161
0.33000         0.12000        0.0000         0.99100
0.34000         0.12000        0.0000         0.99022
0.35000         0.12000        0.0000         0.98925
0.36000         0.12000        0.0000         0.98806
0.37000         0.12000        0.0000         0.98660
0.38000         0.12000        0.0000         0.98484
0.39000         0.12000        0.0000         0.98274
0.40000         0.12000        0.0000         0.98020
0.41000         0.12000        0.0000         0.97715
0.42000         0.12000        0.0000         0.97354
0.43000         0.12000        0.0000         0.96919
0.44000         0.12000        0.0000         0.96400
0.45000         0.12000        0.0000         0.95782
0.46000         0.12000        0.0000         0.95045
0.47000         0.12000        0.0000         0.94166
0.48000         0.12000        0.0000         0.93119
0.49000         0.12000        0.0000         0.91879
0.50000         0.12000        0.0000         0.90403
0.51000         0.12000        0.0000         0.88654
0.52000         0.12000        0.0000         0.86597
0.53000         0.12000        0.0000         0.84167
0.54000         0.12000        0.0000         0.81318
0.55000         0.12000        0.0000         0.78004
0.56000         0.12000        0.0000         0.74149
0.57000         0.12000        0.0000         0.69711
0.58000         0.12000        0.0000         0.64641
0.59000         0.12000        0.0000         0.58896
0.60000         0.12000        0.0000         0.52457
0.61000         0.12000        0.0000         0.45330
0.62000         0.12000        0.0000         0.37539
0.63000         0.12000        0.0000         0.29146
0.64000         0.12000        0.0000         0.20263
0.65000         0.12000        0.0000         0.10986
0.66000         0.12000        0.0000         0.015037
0.67000         0.12000        0.0000         -0.080274
0.68000         0.12000        0.0000         -0.17452
0.69000         0.12000        0.0000         -0.26563
0.70000         0.12000        0.0000         -0.35248
0.71000         0.12000        0.0000         -0.43381
0.72000         0.12000        0.0000         -0.50868
0.73000         0.12000        0.0000         -0.57667
0.74000         0.12000        0.0000         -0.63761
0.75000         0.12000        0.0000         -0.69157
0.76000         0.12000        0.0000         -0.73878
0.77000         0.12000        0.0000         -0.77981
0.78000         0.12000        0.0000         -0.81508
0.79000         0.12000        0.0000         -0.84523
0.80000         0.12000        0.0000         -0.87085
0.81000         0.12000        0.0000         -0.89247
0.82000         0.12000        0.0000         -0.91070
0.83000         0.12000        0.0000         -0.92594
0.84000         0.12000        0.0000         -0.93868
0.85000         0.12000        0.0000         -0.94931
0.86000         0.12000        0.0000         -0.95812
0.87000         0.12000        0.0000         -0.96545
0.88000         0.12000        0.0000         -0.97151
0.89000         0.12000        0.0000         -0.97652
0.90000         0.12000        0.0000         -0.98067
0.91000         0.12000        0.0000         -0.98409
0.92000         0.12000        0.0000         -0.98691
0.93000         0.12000        0.0000         -0.98923
0.94000         0.12000        0.0000         -0.99114
0.95000         0.12000        0.0000         -0.99272
0.96000         0.12000        0.0000         -0.99403
0.97000         0.12000        0.0000         -0.99513
0.98000         0.12000        0.0000         -0.99603
0.99000         0.12000        0.0000         -0.99669
1.0000          0.12000        0.0000         -0.99694
0.0000          0.13000        0.0000         0.74980
0.010000        0.13000        0.0000         0.76237
0.020000        0.13000        0.0000         0.79186
0.030000        0.13000        0.0000         0.82493
0.040000        0.13000        0.0000         0.85351
0.050000        0.13000        0.0000         0.87626
0.060000        0.13000        0.0000         0.89484
0.070000        0.13000        0.0000         0.91047
0.080000        0.13000        0.0000         0.92380
0.090000        0.13000        0.0000         0.93510
0.10000         0.13000        0.0000         0.94463
0.11000         0.13000        0.0000         0.95265
0.12000         0.13000        0.0000         0.95938
0.13000         0.13000        0.0000         0.96505
0.14000         0.13000        0.0000         0.96983
0.15000         0.13000        0.0000         0.97381
0.16000         0.13000        0.0000         0.97716
0.17000         0.13000        0.0000         0.97997
0.18000         0.13000        0.0000         0.98231
0.19000         0.13000        0.0000         0.98426
0.20000         0.13000        0.0000         0.98588
0.21000         0.13000        0.0000         0.98721
0.22000         0.13000        0.0000         0.98830
0.23000         0.13000        0.0000         0.98918
0.24000         0.13000        0.0000         0.98985
0.25000         0.13000        0.0000         0.99037
0.26000         0.13000        0.0000         0.99072
0.27000         0.13000        0.0000         0.99093
0.28000         0.13000        0.0000         0.99100
0.29000         0.13000        0.0000         0.99093
0.30000         0.13000        0.0000         0.99072
0.31000         0.13000        0.0000         0.99037
0.32000         0.13000        0.0000         0.98986
0.33000         0.13000        0.0000         0.98917
0.34000         0.13000        0.0000         0.98830
0.35000         0.13000        0.0000         0.98722
0.36000         0.13000        0.0000         0.98588
0.37000         0.13000        0.0000         0.98426
0.38000         0.13000        0.0000         0.98231
0.39000         0.13000        0.0000         0.97996
0.40000         0.13000        0.0000         0.97716
0.41000         0.13000        0.0000         0.97381
0.42000         0.13000        0.0000         0.96982
0.43000         0.13000        0.0000         0.96504
0.44000         0.13000        0.0000         0.95940
0.45000         0.13000        0.0000         0.95264
0.46000         0.13000        0.0000         0.94461
0.47000         0.13000        0.0000         0.93513
0.48000         0.13000        0.0000         0.92381
0.49000         0.13000        0.0000         0.91041
0.50000         0.13000        0.0000         0.89461
0.51000         0.13000        0.0000         0.87591
0.52000         0.13000        0.0000         0.85392
0.53000         0.13000        0.0000         0.82813
0.54000         0.13000        0.0000         0.79803
0.55000         0.13000        0.0000         0.76303
0.56000         0.13000        0.0000         0.72257
0.57000         0.13000        0.0000         0.67624
0.58000         0.13000        0.0000         0.62346
0.59000         0.13000        0.0000         0.56399
0.60000         0.13000        0.0000         0.49771
0.61000         0.13000        0.0000         0.42471
0.62000         0.13000        0.0000         0.34537
0.63000         0.13000        0.0000         0.26037
0.64000         0.13000        0.0000         0.17094
0.65000         0.13000        0.0000         0.078155
0.66000         0.13000        0.0000         -0.016231
0.67000         0.13000        0.0000         -0.11058
0.68000         0.13000        0.0000         -0.20326
0.69000         0.13000        0.0000         -0.29251
0.70000         0.13000        0.0000         -0.37725
0.71000         0.13000        0.0000         -0.45617
0.72000         0.13000        0.0000         -0.52863
0.73000         0.13000        0.0000         -0.59428
0.74000         0.13000        0.0000         -0.65291
0.75000         0.13000        0.0000         -0.70471
0.76000         0.13000        0.0000         -0.75001
0.77000         0.13000        0.0000         -0.78932
0.78000         0.13000        0.0000         -0.82304
0.79000         0.13000        0.0000         -0.85189
0.80000         0.13000        0.0000         -0.87639
0.81000         0.13000        0.0000         -0.89704
0.82000         0.13000        0.0000         -0.91447
0.83000         0.13000        0.0000         -0.92904
0.84000         0.13000        0.0000         -0.94121
0.85000         0.13000        0.0000         -0.95139
0.86000         0.13000        0.0000         -0.95981
0.87000         0.13000        0.0000         -0.96683
0.88000         0.13000        0.0000         -0.97263
0.89000         0.13000        0.0000         -0.97743
0.90000         0.13000        0.0000         -0.98142
0.91000         0.13000        0.0000         -0.98469
0.92000         0.13000        0.0000         -0.98740
0.93000         0.13000        0.0000         -0.98963
0.94000         0.13000        0.0000         -0.99146
0.95000         0.13000        0.0000         -0.99298
0.96000         0.13000        0.0000         -0.99424
0.97000         0.13000        0.0000         -0.99530
0.98000         0.13000        0.0000         -0.99617
0.99000         0.13000        0.0000         -0.99680
1.0000          0.13000        0.0000         -0.99704
0.0000          0.14000        0.0000         0.72975
0.010000        0.14000        0.0000         0.74282
0.020000        0.14000        0.0000         0.77416
0.030000        0.14000        0.0000         0.80940
0.040000        0.14000        0.0000         0.83965
0.050000        0.14000        0.0000         0.86394
0.060000        0.14000        0.0000         0.88390
0.070000        0.14000        0.0000         0.90073
0.080000        0.14000        0.0000         0.91516
0.090000        0.14000        0.0000         0.92740
0.10000         0.14000        0.0000         0.93779
0.11000         0.14000        0.0000         0.94653
0.12000         0.14000        0.0000         0.95394
0.13000         0.14000        0.0000         0.96014
0.14000         0.14000        0.0000         0.96540
0.15000         0.14000        0.0000         0.96981
0.16000         0.14000        0.0000         0.97353
0.17000         0.14000        0.0000         0.97664
0.18000         0.14000        0.0000         0.97926
0.19000         0.14000        0.0000         0.98144
0.20000         0.14000        0.0000         0.98325
0.21000         0.14000        0.0000         0.98475
0.22000         0.14000        0.0000         0.98598
0.23000         0.14000        0.0000         0.98695
0.24000         0.14000        0.0000         0.98772
0.25000         0.14000        0.0000         0.98830
0.26000         0.14000        0.0000         0.98870
0.27000         0.14000        0.0000         0.98894
0.28000         0.14000        0.0000         0.98902
0.29000         0.14000        0.0000         0.98894
0.30000         0.14000        0.0000         0.98870
0.31000         0.14000        0.0000         0.98830
0.32000         0.14000        0.0000         0.98772
0.33000         0.14000        0.0000         0.98696
0.34000         0.14000        0.0000         0.98597
0.35000         0.14000        0.0000         0.98475
0.36000         0.14000        0.0000         0.98326
0.37000         0.14000        0.0000         0.98144
0.38000         0.14000        0.0000         0.97925
0.39000         0.14000        0.0000         0.97665
0.40000         0.14000        0.0000         0.97353
0.41000         0.14000        0.0000         0.96981
0.42000         0.14000        0.0000         0.96541
0.43000         0.14000        0.0000         0.96015
0.44000         0.14000        0.0000         0.95392
0.45000         0.14000        0.0000         0.94655
0.46000         0.14000        0.0000         0.93779
0.47000         0.14000        0.0000         0.92743
0.48000         0.14000        0.0000         0.91516
0.49000         0.14000        0.0000         0.90072
0.50000         0.14000        0.0000         0.88366
0.51000         0.14000        0.0000         0.86357
0.52000         0.14000        0.0000         0.84011
0.53000         0.14000        0.0000         0.81262
0.54000         0.14000        0.0000         0.78064
0.55000         0.14000        0.0000         0.74373
0.56000         0.14000        0.0000         0.70119
0.57000         0.14000        0.0000         0.65266
0.58000         0.14000        0.0000         0.59775
0.59000         0.14000        0.0000         0.53618
0.60000         0.14000        0.0000         0.46790
0.61000         0.14000        0.0000         0.39319
0.62000         0.14000        0.0000         0.31244
0.63000         0.14000        0.0000         0.22651
0.64000         0.14000        0.0000         0.13667
0.65000         0.14000        0.0000         0.043942
0.66000         0.14000        0.0000         -0.049691
0.67000         0.14000        0.0000         -0.14274
0.68000         0.14000        0.0000         -0.23376
0.69000         0.14000        0.0000         -0.32087
0.70000         0.14000        0.0000         -0.40315
0.71000         0.14000        0.0000         -0.47958
0.72000         0.14000        0.0000         -0.54946
0.73000         0.14000        0.0000         -0.61251
0.74000         0.14000        0.0000         -0.66876
0.75000         0.14000        0.0000         -0.71835
0.76000         0.14000        0.0000         -0.76160
0.77000         0.14000        0.0000         -0.79911
0.78000         0.14000        0.0000         -0.83128
0.79000         0.14000        0.0000         -0.85875
0.80000         0.14000        0.0000         -0.88209
0.81000         0.14000        0.0000         -0.90176
0.82000         0.14000        0.0000         -0.91835
0.83000         0.14000        0.0000         -0.93223
0.84000         0.14000        0.0000         -0.94383
0.85000         0.14000        0.0000         -0.95353
0.86000         0.14000        0.0000         -0.96156
0.87000         0.14000        0.0000         -0.96825
0.88000         0.14000        0.0000         -0.97380
0.89000         0.14000        0.0000         -0.97838
0.90000         0.14000        0.0000         -0.98218
0.91000         0.14000        0.0000         -0.98531
0.92000         0.14000        0.0000         -0.98790
0.93000         0.14000        0.0000         -0.99004
0.94000         0.14000        0.0000         -0.99180
0.95000         0.14000        0.0000         -0.99325
0.96000         0.14000        0.0000         -0.99446
0.97000         0.14000        0.0000         -0.99547
0.98000         0.14000        0.0000         -0.99631
0.99000         0.14000        0.0000         -0.99692
1.0000          0.14000        0.0000         -0.99715
0.0000          0.15000        0.0000         0.70741
0.010000        0.15000        0.0000         0.72087
0.020000        0.15000        0.0000         0.75410
0.030000        0.15000        0.0000         0.79137
0.040000        0.15000        0.0000         0.82369
0.050000        0.15000        0.0000         0.84982
0.060000        0.15000        0.0000         0.87124
0.070000        0.15000        0.0000         0.88949
0.080000        0.15000        0.0000         0.90509
0.090000        0.15000        0.0000         0.91845
0.10000         0.15000        0.0000         0.92976
0.11000         0.15000        0.0000         0.93937
0.12000         0.15000        0.0000         0.94747
0.13000         0.15000        0.0000         0.95436
0.14000         0.15000        0.0000         0.96015
0.15000         0.15000        0.0000         0.96506
0.16000         0.15000        0.0000         0.96918
0.17000         0.15000        0.0000         0.97268
0.18000         0.15000        0.0000         0.97559
0.19000         0.15000        0.0000         0.97804
0.20000         0.15000        0.0000         0.98009
0.21000         0.15000        0.0000         0.98177
0.22000         0.15000        0.0000         0.98315
0.23000         0.15000        0.0000         0.98426
0.24000         0.15000        0.0000         0.98513
0.25000         0.15000        0.0000         0.98579
0.26000         0.15000        0.0000         0.98625
0.27000         0.15000        0.0000         0.98651
0.28000         0.15000        0.0000         0.98660
0.29000         0.15000        0.0000         0.98652
0.30000         0.15000        0.0000         0.98625
0.31000         0.15000        0.0000         0.98579
0.32000         0.15000        0.0000         0.98513
0.33000         0.15000        0.0000         0.98426
0.34000         0.15000        0.0000         0.98315
0.35000         0.15000        0.0000         0.98177
0.36000         0.15000        0.0000         0.98008
0.37000         0.15000        0.0000         0.97804
0.38000         0.15000        0.0000         0.97559
0.39000         0.15000        0.0000         0.97267
0.40000         0.15000        0.0000         0.96918
0.41000         0.15000        0.0000         0.96506
0.42000         0.15000        0.0000         0.96015
0.43000         0.15000        0.0000         0.95434
0.44000         0.15000        0.0000         0.94749
0.45000         0.15000        0.0000         0.93936
0.46000         0.15000        0.0000         0.92975
0.47000         0.15000        0.0000         0.91848
0.48000         0.15000        0.0000         0.90511
0.49000         0.15000        0.0000         0.88941
0.50000         0.15000        0.0000         0.87102
0.51000         0.15000        0.0000         0.84941
0.52000         0.15000        0.0000         0.82420
0.53000         0.15000        0.0000         0.79488
0.54000         0.15000        0.0000         0.76093
0.55000         0.15000        0.0000         0.72182
0.56000         0.15000        0.0000         0.67705
0.57000         0.15000        0.0000         0.62627
0.58000         0.15000        0.0000         0.56906
0.59000         0.15000        0.0000         0.50531
0.60000         0.15000        0.0000         0.43504
0.61000         0.15000        0.0000         0.35864
0.62000         0.15000        0.0000         0.27663
0.63000         0.15000        0.0000         0.18986
0.64000         0.15000        0.0000         0.099774
0.65000         0.15000        0.0000         0.0075097
0.66000         0.15000        0.0000         -0.085202
0.67000         0.15000        0.0000         -0.17677
0.68000         0.15000        0.0000         -0.26568
0.69000         0.15000        0.0000         -0.35044
0.70000         0.15000        0.0000         -0.43016
0.71000         0.15000        0.0000         -0.50378
0.72000         0.15000        0.0000         -0.57090
0.73000         0.15000        0.0000         -0.63133
0.74000         0.15000        0.0000         -0.68504
0.75000         0.15000        0.0000         -0.73230
0.76000         0.15000        0.0000         -0.77348
0.77000         0.15000        0.0000         -0.80914
0.78000         0.15000        0.0000         -0.83968
0.79000         0.15000        0.0000         -0.86576
0.80000         0.15000        0.0000         -0.88791
0.81000         0.15000        0.0000         -0.90657
0.82000         0.15000        0.0000         -0.92232
0.83000         0.15000        0.0000         -0.93549
0.84000         0.15000        0.0000         -0.94650
0.85000         0.15000        0.0000         -0.95571
0.86000         0.15000        0.0000         -0.96335
0.87000         0.15000        0.0000         -0.96971
0.88000         0.15000        0.0000         -0.97498
0.89000         0.15000        0.0000         -0.97934
0.90000         0.15000        0.0000         -0.98297
0.91000         0.15000        0.0000         -0.98595
0.92000         0.15000        0.0000         -0.98842
0.93000         0.15000        0.0000         -0.99046
0.94000         0.15000        0.0000         -0.99214
0.95000         0.15000        0.0000         -0.99353
0.96000         0.15000        0.0000         -0.99468
0.97000         0.15000        0.0000         -0.99566
0.98000         0.15000        0.0000         -0.99646
0.99000         0.15000        0.0000         -0.99704
1.0000          0.15000        0.0000         -0.99726
0.0000          0.16000        0.0000         0.68129
0.010000        0.16000        0.0000         0.69624
0.020000        0.16000        0.0000         0.73144
0.030000        0.16000        0.0000         0.77101
0.040000        0.16000        0.0000         0.80558
0.050000        0.16000        0.0000         0.83351
0.060000        0.16000        0.0000         0.85666
0.070000        0.16000        0.0000         0.87640
0.080000        0.16000        0.0000         0.89340
0.090000        0.16000        0.0000         0.90796
0.10000         0.16000        0.0000         0.92037
0.11000         0.16000        0.0000         0.93093
0.12000         0.16000        0.0000         0.93988
0.13000         0.16000        0.0000         0.94749
0.14000         0.16000        0.0000         0.95392
0.15000         0.16000        0.0000         0.95939
0.16000         0.16000        0.0000         0.96400
0.17000         0.16000        0.0000         0.96790
0.18000         0.16000        0.0000         0.97119
0.19000         0.16000        0.0000         0.97396
0.20000         0.16000        0.0000         0.97625
0.21000         0.16000        0.0000         0.97816
0.22000         0.16000        0.0000         0.97974
0.23000         0.16000        0.0000         0.98099
0.24000         0.16000        0.0000         0.98199
0.25000         0.16000        0.0000         0.98274
0.26000         0.16000        0.0000         0.98325
0.27000         0.16000        0.0000         0.98356
0.28000         0.16000        0.0000         0.98366
0.29000         0.16000        0.0000         0.98356
0.30000         0.16000        0.0000         0.98325
0.31000         0.16000        0.0000         0.98273
0.32000         0.16000        0.0000         0.98199
0.33000         0.16000        0.0000         0.98100
0.34000         0.16000        0.0000         0.97973
0.35000         0.16000        0.0000         0.97816
0.36000         0.16000        0.0000         0.97626
0.37000         0.16000        0.0000         0.97395
0.38000         0.16000        0.0000         0.97119
0.39000         0.16000        0.0000         0.96791
0.40000         0.16000        0.0000         0.96400
0.41000         0.16000        0.0000         0.95938
0.42000         0.16000        0.0000         0.95394
0.43000         0.16000        0.0000         0.94748
0.44000         0.16000        0.0000         0.93987
0.45000         0.16000        0.0000         0.93092
0.46000         0.16000        0.0000         0.92038
0.47000         0.16000        0.0000         0.90797
0.48000         0.16000        0.0000         0.89340
0.49000         0.16000        0.0000         0.87637
0.50000         0.16000        0.0000         0.85639
0.51000         0.16000        0.0000         0.83307
0.52000         0.16000        0.0000         0.80605
0.53000         0.16000        0.0000         0.77466
0.54000         0.16000        0.0000         0.73850
0.55000         0.16000        0.0000         0.69714
0.56000         0.16000        0.0000         0.64999
0.57000         0.16000        0.0000         0.59677
0.58000         0.16000        0.0000         0.53722
0.59000         0.16000        0.0000         0.47126
0.60000         0.16000        0.0000         0.39905
0.61000         0.16000        0.0000         0.32105
0.62000         0.16000        0.0000         0.23785
0.63000         0.16000        0.0000         0.15055
0.64000         0.16000        0.0000         0.060502
0.65000         0.16000        0.0000         -0.031203
0.66000         0.16000        0.0000         -0.12258
0.67000         0.16000        0.0000         -0.21227
0.68000         0.16000        0.0000         -0.29897
0.69000         0.16000        0.0000         -0.38110
0.70000         0.16000        0.0000         -0.45791
0.71000         0.16000        0.0000         -0.52866
0.72000         0.16000        0.0000         -0.59289
0.73000         0.16000        0.0000         -0.65049
0.74000         0.16000        0.0000         -0.70161
0.75000         0.16000        0.0000         -0.74649
0.76000         0.16000        0.0000         -0.78553
0.77000         0.16000        0.0000         -0.81929
0.78000         0.16000        0.0000         -0.84819
0.79000         0.16000        0.0000         -0.87286
0.80000         0.16000        0.0000         -0.89380
0.81000         0.16000        0.0000         -0.91144
0.82000         0.16000        0.0000         -0.92633
0.83000         0.16000        0.0000         -0.93879
0.84000         0.16000        0.0000         -0.94921
0.85000         0.16000        0.0000         -0.95793
0.86000         0.16000        0.0000         -0.96516
0.87000         0.16000        0.0000         -0.97119
0.88000         0.16000        0.0000         -0.97619
0.89000         0.16000        0.0000         -0.98033
0.90000         0.16000        0.0000         -0.98377
0.91000         0.16000        0.0000         -0.98660
0.92000         0.16000        0.0000         -0.98895
0.93000         0.16000        0.0000         -0.99089
0.94000         0.16000        0.0000         -0.99249
0.95000         0.16000        0.0000         -0.99382
0.96000         0.16000        0.0000         -0.99491
0.97000         0.16000        0.0000         -0.99584
0.98000         0.16000        0.0000         -0.99661
0.99000         0.16000        0.0000         -0.99717
1.0000          0.16000        0.0000         -0.99737
0.0000          0.17000        0.0000         0.65275
0.010000        0.17000        0.0000         0.66837
0.020000        0.17000        0.0000         0.70558
0.030000        0.17000        0.0000         0.74786
0.040000        0.17000        0.0000         0.78475
0.050000        0.17000        0.0000         0.81479
0.060000        0.17000        0.0000         0.83985
0.070000        0.17000        0.0000         0.86126
0.080000        0.17000        0.0000         0.87981
0.090000        0.17000        0.0000         0.89572
0.10000         0.17000        0.0000         0.90938
0.11000         0.17000        0.0000         0.92099
0.12000         0.17000        0.0000         0.93093
0.13000         0.17000        0.0000         0.93935
0.14000         0.17000        0.0000         0.94655
0.15000         0.17000        0.0000         0.95263
0.16000         0.17000        0.0000         0.95782
0.17000         0.17000        0.0000         0.96221
0.18000         0.17000        0.0000         0.96591
0.19000         0.17000        0.0000         0.96903
0.20000         0.17000        0.0000         0.97164
0.21000         0.17000        0.0000         0.97381
0.22000         0.17000        0.0000         0.97559
0.23000         0.17000        0.0000         0.97703
0.24000         0.17000        0.0000         0.97816
0.25000         0.17000        0.0000         0.97902
0.26000         0.17000        0.0000         0.97961
0.27000         0.17000        0.0000         0.97997
0.28000         0.17000        0.0000         0.98008
0.29000         0.17000        0.0000         0.97997
0.30000         0.17000        0.0000         0.97961
0.31000         0.17000        0.0000         0.97902
0.32000         0.17000        0.0000         0.97817
0.33000         0.17000        0.0000         0.97703
0.34000         0.17000        0.0000         0.97560
0.35000         0.17000        0.0000         0.97381
0.36000         0.17000        0.0000         0.97164
0.37000         0.17000        0.0000         0.96903
0.38000         0.17000        0.0000         0.96591
0.39000         0.17000        0.0000         0.96220
0.40000         0.17000        0.0000         0.95782
0.41000         0.17000        0.0000         0.95265
0.42000         0.17000        0.0000         0.94654
0.43000         0.17000        0.0000         0.93935
0.44000         0.17000        0.0000         0.93094
0.45000         0.17000        0.0000         0.92101
0.46000         0.17000        0.0000         0.90936
0.47000         0.17000        0.0000         0.89578
0.48000         0.17000        0.0000         0.87982
0.49000         0.17000        0.0000         0.86121
0.50000         0.17000        0.0000         0.83958
0.51000         0.17000        0.0000         0.81439
0.52000         0.17000        0.0000         0.78526
0.53000         0.17000        0.0000         0.75169
0.54000         0.17000        0.0000         0.71322
0.55000         0.17000        0.0000         0.66935
0.56000         0.17000        0.0000         0.61970
0.57000         0.17000        0.0000         0.56400
0.58000         0.17000        0.0000         0.50206
0.59000         0.17000        0.0000         0.43393
0.60000         0.17000        0.0000         0.35979
0.61000         0.17000        0.0000         0.28035
0.62000         0.17000        0.0000         0.19628
0.63000         0.17000        0.0000         0.10858
0.64000         0.17000        0.0000         0.018831
0.65000         0.17000        0.0000         -0.071781
0.66000         0.17000        0.0000         -0.16163
0.67000         0.17000        0.0000         -0.24923
0.68000         0.17000        0.0000         -0.33326
0.69000         0.17000        0.0000         -0.41254
0.70000         0.17000        0.0000         -0.48635
0.71000         0.17000        0.0000         -0.55396
0.72000         0.17000        0.0000         -0.61516
0.73000         0.17000        0.0000         -0.66991
0.74000         0.17000        0.0000         -0.71835
0.75000         0.17000        0.0000         -0.76079
0.76000         0.17000        0.0000         -0.79765
0.77000         0.17000        0.0000         -0.82951
0.78000         0.17000        0.0000         -0.85675
0.79000         0.17000        0.0000         -0.87999
0.80000         0.17000        0.0000         -0.89972
0.81000         0.17000        0.0000         -0.91634
0.82000         0.17000        0.0000         -0.93037
0.83000         0.17000        0.0000         -0.94211
0.84000         0.17000        0.0000         -0.95193
0.85000         0.17000        0.0000         -0.96016
0.86000         0.17000        0.0000         -0.96698
0.87000         0.17000        0.0000         -0.97268
0.88000         0.17000        0.0000         -0.97740
0.89000         0.17000        0.0000         -0.98132
0.90000         0.17000        0.0000         -0.98458
0.91000         0.17000        0.0000         -0.98726
0.92000         0.17000        0.0000         -0.98949
0.93000         0.17000        0.0000         -0.99133
0.94000         0.17000        0.0000         -0.99285
0.95000         0.17000        0.0000         -0.99410
0.96000         0.17000        0.0000         -0.99515
0.97000         0.17000        0.0000         -0.99603
0.98000         0.17000        0.0000         -0.99676
0.99000         0.17000        0.0000         -0.99729
1.0000          0.17000        0.0000         -0.99749
0.0000          0.18000        0.0000         0.62106
0.010000        0.18000        0.0000         0.63705
0.020000        0.18000        0.0000         0.67674
0.030000        0.18000        0.0000         0.72164
0.040000        0.18000        0.0000         0.76105
0.050000        0.18000        0.0000         0.79347
0.060000        0.18000        0.0000         0.82051
0.070000        0.18000        0.0000         0.84384
0.080000        0.18000        0.0000         0.86404
0.090000        0.18000        0.0000         0.88154
0.10000         0.18000        0.0000         0.89652
0.11000         0.18000        0.0000         0.90940
0.12000         0.18000        0.0000         0.92038
0.13000         0.18000        0.0000         0.92978
0.14000         0.18000        0.0000         0.93779
0.15000         0.18000        0.0000         0.94464
0.16000         0.18000        0.0000         0.95045
0.17000         0.18000        0.0000         0.95539
0.18000         0.18000        0.0000         0.95957
0.19000         0.18000        0.0000         0.96312
0.20000         0.18000        0.0000         0.96608
0.21000         0.18000        0.0000         0.96855
0.22000         0.18000        0.0000         0.97059
0.23000         0.18000        0.0000         0.97223
0.24000         0.18000        0.0000         0.97353
0.25000         0.18000        0.0000         0.97451
0.26000         0.18000        0.0000         0.97519
0.27000         0.18000        0.0000         0.97559
0.28000         0.18000        0.0000         0.97573
0.29000         0.18000        0.0000         0.97559
0.30000         0.18000        0.0000         0.97519
0.31000         0.18000        0.0000         0.97451
0.32000         0.18000        0.0000         0.97353
0.33000         0.18000        0.0000         0.97223
0.34000         0.18000        0.0000         0.97058
0.35000         0.18000        0.0000         0.96855
0.36000         0.18000        0.0000         0.96609
0.37000         0.18000        0.0000         0.96311
0.38000         0.18000        0.0000         0.95957
0.39000         0.18000        0.0000         0.95540
0.40000         0.18000        0.0000         0.95045
0.41000         0.18000        0.0000         0.94462
0.42000         0.18000        0.0000         0.93780
0.43000         0.18000        0.0000         0.92977
0.44000         0.18000        0.0000         0.92037
0.45000         0.18000        0.0000         0.90938
0.46000         0.18000        0.0000         0.89654
0.47000         0.18000        0.0000         0.88154
0.48000         0.18000        0.0000         0.86405
0.49000         0.18000        0.0000         0.84378
0.50000         0.18000        0.0000         0.82021
0.51000         0.18000        0.0000         0.79295
0.52000         0.18000        0.0000         0.76165
0.53000         0.18000        0.0000         0.72567
0.54000         0.18000        0.0000         0.68467
0.55000         0.18000        0.0000         0.63825
0.56000         0.18000        0.0000         0.58600
0.57000         0.18000        0.0000         0.52776
0.58000         0.18000        0.0000         0.46343
0.59000         0.18000        0.0000         0.39317
0.60000         0.18000        0.0000         0.31735
0.61000         0.18000        0.0000         0.23664
0.62000         0.18000        0.0000         0.15183
0.63000         0.18000        0.0000         0.064201
0.64000         0.18000        0.0000         -0.024860
0.65000         0.18000        0.0000         -0.11426
0.66000         0.18000        0.0000         -0.20209
0.67000         0.18000        0.0000         -0.28718
0.68000         0.18000        0.0000         -0.36844
0.69000         0.18000        0.0000         -0.44460
0.70000         0.18000        0.0000         -0.51513
0.71000         0.18000        0.0000         -0.57955
0.72000         0.18000        0.0000         -0.63762
0.73000         0.18000        0.0000         -0.68938
0.74000         0.18000        0.0000         -0.73511
0.75000         0.18000        0.0000         -0.77509
0.76000         0.18000        0.0000         -0.80977
0.77000         0.18000        0.0000         -0.83970
0.78000         0.18000        0.0000         -0.86529
0.79000         0.18000        0.0000         -0.88711
0.80000         0.18000        0.0000         -0.90562
0.81000         0.18000        0.0000         -0.92122
0.82000         0.18000        0.0000         -0.93439
0.83000         0.18000        0.0000         -0.94542
0.84000         0.18000        0.0000         -0.95465
0.85000         0.18000        0.0000         -0.96238
0.86000         0.18000        0.0000         -0.96881
0.87000         0.18000        0.0000         -0.97417
0.88000         0.18000        0.0000         -0.97862
0.89000         0.18000        0.0000         -0.98231
0.90000         0.18000        0.0000         -0.98539
0.91000         0.18000        0.0000         -0.98792
0.92000         0.18000        0.0000         -0.99002
0.93000         0.18000        0.0000         -0.99177
0.94000         0.18000        0.0000         -0.99320
0.95000         0.18000        0.0000         -0.99439
0.96000         0.18000        0.0000         -0.99538
0.97000         0.18000        0.0000         -0.99622
0.98000         0.18000        0.0000         -0.99691
0.99000         0.18000        0.0000         -0.99742
1.0000          0.18000        0.0000         -0.99760
0.0000          0.19000        0.0000         0.58459
0.010000        0.19000        0.0000         0.60231
0.020000        0.19000        0.0000         0.64454
0.030000        0.19000        0.0000         0.69214
0.040000        0.19000        0.0000         0.73430
0.050000        0.19000        0.0000         0.76903
0.060000        0.19000        0.0000         0.79831
0.070000        0.19000        0.0000         0.82369
0.080000        0.19000        0.0000         0.84580
0.090000        0.19000        0.0000         0.86499
0.10000         0.19000        0.0000         0.88152
0.11000         0.19000        0.0000         0.89576
0.12000         0.19000        0.0000         0.90797
0.13000         0.19000        0.0000         0.91846
0.14000         0.19000        0.0000         0.92742
0.15000         0.19000        0.0000         0.93511
0.16000         0.19000        0.0000         0.94165
0.17000         0.19000        0.0000         0.94726
0.18000         0.19000        0.0000         0.95199
0.19000         0.19000        0.0000         0.95601
0.20000         0.19000        0.0000         0.95939
0.21000         0.19000        0.0000         0.96221
0.22000         0.19000        0.0000         0.96453
0.23000         0.19000        0.0000         0.96642
0.24000         0.19000        0.0000         0.96791
0.25000         0.19000        0.0000         0.96903
0.26000         0.19000        0.0000         0.96982
0.27000         0.19000        0.0000         0.97028
0.28000         0.19000        0.0000         0.97043
0.29000         0.19000        0.0000         0.97028
0.30000         0.19000        0.0000         0.96981
0.31000         0.19000        0.0000         0.96903
0.32000         0.19000        0.0000         0.96791
0.33000         0.19000        0.0000         0.96641
0.34000         0.19000        0.0000         0.96454
0.35000         0.19000        0.0000         0.96221
0.36000         0.19000        0.0000         0.95938
0.37000         0.19000        0.0000         0.95601
0.38000         0.19000        0.0000         0.95200
0.39000         0.19000        0.0000         0.94724
0.40000         0.19000        0.0000         0.94166
0.41000         0.19000        0.0000         0.93512
0.42000         0.19000        0.0000         0.92743
0.43000         0.19000        0.0000         0.91844
0.44000         0.19000        0.0000         0.90799
0.45000         0.19000        0.0000         0.89576
0.46000         0.19000        0.0000         0.88151
0.47000         0.19000        0.0000         0.86503
0.48000         0.19000        0.0000         0.84583
0.49000         0.19000        0.0000         0.82362
0.50000         0.19000        0.0000         0.79804
0.51000         0.19000        0.0000         0.76855
0.52000         0.19000        0.0000         0.73479
0.53000         0.19000        0.0000         0.69630
0.54000         0.19000        0.0000         0.65267
0.55000         0.19000        0.0000         0.60354
0.56000         0.19000        0.0000         0.54865
0.57000         0.19000        0.0000         0.48785
0.58000         0.19000        0.0000         0.42123
0.59000         0.19000        0.0000         0.34902
0.60000         0.19000        0.0000         0.27158
0.61000         0.19000        0.0000         0.18993
0.62000         0.19000        0.0000         0.10487
0.63000         0.19000        0.0000         0.017486
0.64000         0.19000        0.0000         -0.070545
0.65000         0.19000        0.0000         -0.15810
0.66000         0.19000        0.0000         -0.24370
0.67000         0.19000        0.0000         -0.32607
0.68000         0.19000        0.0000         -0.40412
0.69000         0.19000        0.0000         -0.47698
0.70000         0.19000        0.0000         -0.54414
0.71000         0.19000        0.0000         -0.60517
0.72000         0.19000        0.0000         -0.66004
0.73000         0.19000        0.0000         -0.70881
0.74000         0.19000        0.0000         -0.75179
0.75000         0.19000        0.0000         -0.78930
0.76000         0.19000        0.0000         -0.82179
0.77000         0.19000        0.0000         -0.84981
0.78000         0.19000        0.0000         -0.87375
0.79000         0.19000        0.0000         -0.89415
0.80000         0.19000        0.0000         -0.91146
0.81000         0.19000        0.0000         -0.92606
0.82000         0.19000        0.0000         -0.93838
0.83000         0.19000        0.0000         -0.94870
0.84000         0.19000        0.0000         -0.95735
0.85000         0.19000        0.0000         -0.96460
0.86000         0.19000        0.0000         -0.97062
0.87000         0.19000        0.0000         -0.97565
0.88000         0.19000        0.0000         -0.97983
0.89000         0.19000        0.0000         -0.98330
0.90000         0.19000        0.0000         -0.98619
0.91000         0.19000        0.0000         -0.98858
0.92000         0.19000        0.0000         -0.99056
0.93000         0.19000        0.0000         -0.99220
0.94000         0.19000        0.0000         -0.99356
0.95000         0.19000        0.0000         -0.99468
0.96000         0.19000        0.0000         -0.99562
0.97000         0.19000        0.0000         -0.99641
0.98000         0.19000        0.0000         -0.99707
0.99000         0.19000        0.0000         -0.99754
1.0000          0.19000        0.0000         -0.99772
0.0000          0.20000        0.0000         0.54536
0.010000        0.20000        0.0000         0.56393
0.020000        0.20000        0.0000         0.60806
0.030000        0.20000        0.0000         0.65879
0.040000        0.20000        0.0000         0.70384
0.050000        0.20000        0.0000         0.74124
0.060000        0.20000        0.0000         0.77298
0.070000        0.20000        0.0000         0.80055
0.080000        0.20000        0.0000         0.82475
0.090000        0.20000        0.0000         0.84579
0.10000         0.20000        0.0000         0.86408
0.11000         0.20000        0.0000         0.87981
0.12000         0.20000        0.0000         0.89343
0.13000         0.20000        0.0000         0.90510
0.14000         0.20000        0.0000         0.91518
0.15000         0.20000        0.0000         0.92380
0.16000         0.20000        0.0000         0.93121
0.17000         0.20000        0.0000         0.93751
0.18000         0.20000        0.0000         0.94291
0.19000         0.20000        0.0000         0.94748
0.20000         0.20000        0.0000         0.95133
0.21000         0.20000        0.0000         0.95455
0.22000         0.20000        0.0000         0.95723
0.23000         0.20000        0.0000         0.95938
0.24000         0.20000        0.0000         0.96110
0.25000         0.20000        0.0000         0.96239
0.26000         0.20000        0.0000         0.96329
0.27000         0.20000        0.0000         0.96383
0.28000         0.20000        0.0000         0.96401
0.29000         0.20000        0.0000         0.96383
0.30000         0.20000        0.0000         0.96329
0.31000         0.20000        0.0000         0.96239
0.32000         0.20000        0.0000         0.96109
0.33000         0.20000        0.0000         0.95939
0.34000         0.20000        0.0000         0.95722
0.35000         0.20000        0.0000         0.95455
0.36000         0.20000        0.0000         0.95134
0.37000         0.20000        0.0000         0.94748
0.38000         0.20000        0.0000         0.94290
0.39000         0.20000        0.0000         0.93754
0.40000         0.20000        0.0000         0.93120
0.41000         0.20000        0.0000         0.92380
0.42000         0.20000        0.0000         0.91519
0.43000         0.20000        0.0000         0.90512
0.44000         0.20000        0.0000         0.89340
0.45000         0.20000        0.0000         0.87983
0.46000         0.20000        0.0000         0.86408
0.47000         0.20000        0.0000         0.84583
0.48000         0.20000        0.0000         0.82475
0.49000         0.20000        0.0000         0.80052
0.50000         0.20000        0.0000         0.77264
0.51000         0.20000        0.0000         0.74073
0.52000         0.20000        0.0000         0.70445
0.53000         0.20000        0.0000         0.66326
0.54000         0.20000        0.0000         0.61688
0.55000         0.20000        0.0000         0.56501
0.56000         0.20000        0.0000         0.50746
0.57000         0.20000        0.0000         0.44422
0.58000         0.20000        0.0000         0.37537
0.59000         0.20000        0.0000         0.30136
0.60000         0.20000        0.0000         0.22277
0.61000         0.20000        0.0000         0.14045
0.62000         0.20000        0.0000         0.055332
0.63000         0.20000        0.0000         -0.031163
0.64000         0.20000        0.0000         -0.11772
0.65000         0.20000        0.0000         -0.20328
0.66000         0.20000        0.0000         -0.28616
0.67000         0.20000        0.0000         -0.36540
0.68000         0.20000        0.0000         -0.44015
0.69000         0.20000        0.0000         -0.50948
0.70000         0.20000        0.0000         -0.57308
0.71000         0.20000        0.0000         -0.63069
0.72000         0.20000        0.0000         -0.68229
0.73000         0.20000        0.0000         -0.72803
0.74000         0.20000        0.0000         -0.76826
0.75000         0.20000        0.0000         -0.80330
0.76000         0.20000        0.0000         -0.83363
0.77000         0.20000        0.0000         -0.85976
0.78000         0.20000        0.0000         -0.88207
0.79000         0.20000        0.0000         -0.90108
0.80000         0.20000        0.0000         -0.91722
0.81000         0.20000        0.0000         -0.93082
0.82000         0.20000        0.0000         -0.94231
0.83000         0.20000        0.0000         -0.95194
0.84000         0.20000        0.0000         -0.96001
0.85000         0.20000        0.0000         -0.96678
0.86000         0.20000        0.0000         -0.97241
0.87000         0.20000        0.0000         -0.97711
0.88000         0.20000        0.0000         -0.98103
0.89000         0.20000        0.0000         -0.98428
0.90000         0.20000        0.0000         -0.98699
0.91000         0.20000        0.0000         -0.98923
0.92000         0.20000        0.0000         -0.99109
0.93000         0.20000        0.0000         -0.99264
0.94000         0.20000        0.0000         -0.99391
0.95000         0.20000        0.0000         -0.99497
0.96000         0.20000        0.0000         -0.99585
0.97000         0.20000        0.0000         -0.99660
0.98000         0.20000        0.0000         -0.99722
0.99000         0.20000        0.0000         -0.99767
1.0000          0.20000        0.0000         -0.99784
0.0000          0.21000        0.0000         0.50205
0.010000        0.21000        0.0000         0.52100
0.020000        0.21000        0.0000         0.56799
0.030000        0.21000        0.0000         0.62171
0.040000        0.21000        0.0000         0.66960
0.050000        0.21000        0.0000         0.70979
0.060000        0.21000        0.0000         0.74405
0.070000        0.21000        0.0000         0.77408
0.080000        0.21000        0.0000         0.80048
0.090000        0.21000        0.0000         0.82364
0.10000         0.21000        0.0000         0.84376
0.11000         0.21000        0.0000         0.86125
0.12000         0.21000        0.0000         0.87636
0.13000         0.21000        0.0000         0.88944
0.14000         0.21000        0.0000         0.90071
0.15000         0.21000        0.0000         0.91044
0.16000         0.21000        0.0000         0.91879
0.17000         0.21000        0.0000         0.92595
0.18000         0.21000        0.0000         0.93207
0.19000         0.21000        0.0000         0.93727
0.20000         0.21000        0.0000         0.94167
0.21000         0.21000        0.0000         0.94536
0.22000         0.21000        0.0000         0.94840
0.23000         0.21000        0.0000         0.95090
0.24000         0.21000        0.0000         0.95286
0.25000         0.21000        0.0000         0.95435
0.26000         0.21000        0.0000         0.95539
0.27000         0.21000        0.0000         0.95601
0.28000         0.21000        0.0000         0.95621
0.29000         0.21000        0.0000         0.95601
0.30000         0.21000        0.0000         0.95539
0.31000         0.21000        0.0000         0.95435
0.32000         0.21000        0.0000         0.95286
0.33000         0.21000        0.0000         0.95089
0.34000         0.21000        0.0000         0.94841
0.35000         0.21000        0.0000         0.94535
0.36000         0.21000        0.0000         0.94166
0.37000         0.21000        0.0000         0.93727
0.38000         0.21000        0.0000         0.93206
0.39000         0.21000        0.0000         0.92593
0.40000         0.21000        0.0000         0.91877
0.41000         0.21000        0.0000         0.91044
0.42000         0.21000        0.0000         0.90070
0.43000         0.21000        0.0000         0.88941
0.44000         0.21000        0.0000         0.87637
0.45000         0.21000        0.0000         0.86122
0.46000         0.21000        0.0000         0.84374
0.47000         0.21000        0.0000         0.82366
0.48000         0.21000        0.0000         0.80050
0.49000         0.21000        0.0000         0.77397
0.50000         0.21000        0.0000         0.74372
0.51000         0.21000        0.0000         0.70924
0.52000         0.21000        0.0000         0.67021
0.53000         0.21000        0.0000         0.62626
0.54000         0.21000        0.0000         0.57707
0.55000         0.21000        0.0000         0.52246
0.56000         0.21000        0.0000         0.46232
0.57000         0.21000        0.0000         0.39667
0.58000         0.21000        0.0000         0.32591
0.59000         0.21000        0.0000         0.25046
0.60000         0.21000        0.0000         0.17083
0.61000         0.21000        0.0000         0.088326
0.62000         0.21000        0.0000         0.0038105
0.63000         0.21000        0.0000         -0.081610
0.64000         0.21000        0.0000         -0.16629
0.65000         0.21000        0.0000         -0.24921
0.66000         0.21000        0.0000         -0.32916
0.67000         0.21000        0.0000         -0.40506
0.68000         0.21000        0.0000         -0.47615
0.69000         0.21000        0.0000         -0.54182
0.70000         0.21000        0.0000         -0.60180
0.71000         0.21000        0.0000         -0.65589
0.72000         0.21000        0.0000         -0.70421
0.73000         0.21000        0.0000         -0.74692
0.74000         0.21000        0.0000         -0.78441
0.75000         0.21000        0.0000         -0.81704
0.76000         0.21000        0.0000         -0.84522
0.77000         0.21000        0.0000         -0.86949
0.78000         0.21000        0.0000         -0.89021
0.79000         0.21000        0.0000         -0.90786
0.80000         0.21000        0.0000         -0.92284
0.81000         0.21000        0.0000         -0.93548
0.82000         0.21000        0.0000         -0.94616
0.83000         0.21000        0.0000         -0.95511
0.84000         0.21000        0.0000         -0.96262
0.85000         0.21000        0.0000         -0.96892
0.86000         0.21000        0.0000         -0.97416
0.87000         0.21000        0.0000         -0.97855
0.88000         0.21000        0.0000         -0.98221
0.89000         0.21000        0.0000         -0.98524
0.90000         0.21000        0.0000         -0.98778
0.91000         0.21000        0.0000         -0.98987
0.92000         0.21000        0.0000         -0.99162
0.93000         0.21000        0.0000         -0.99307
0.94000         0.21000        0.0000         -0.99426
0.95000         0.21000        0.0000         -0.99526
0.96000         0.21000        0.0000         -0.99608
0.97000         0.21000        0.0000         -0.99679
0.98000         0.21000        0.0000         -0.99737
0.99000         0.21000        0.0000         -0.99780
1.0000          0.21000        0.0000         -0.99795
0.0000          0.22000        0.0000         0.45398
0.010000        0.22000        0.0000         0.47428
0.020000        0.22000        0.0000         0.52371
0.030000        0.22000        0.0000         0.58023
0.040000        0.22000        0.0000         0.63121
0.050000        0.22000        0.0000         0.67420
0.060000        0.22000        0.0000         0.71116
0.070000        0.22000        0.0000         0.74376
0.080000        0.22000        0.0000         0.77259
0.090000        0.22000        0.0000         0.79799
0.10000         0.22000        0.0000         0.82018
0.11000         0.22000        0.0000         0.83955
0.12000         0.22000        0.0000         0.85636
0.13000         0.22000        0.0000         0.87099
0.14000         0.22000        0.0000         0.88363
0.15000         0.22000        0.0000         0.89459
0.16000         0.22000        0.0000         0.90400
0.17000         0.22000        0.0000         0.91214
0.18000         0.22000        0.0000         0.91908
0.19000         0.22000        0.0000         0.92503
0.20000         0.22000        0.0000         0.93004
0.21000         0.22000        0.0000         0.93428
0.22000         0.22000        0.0000         0.93778
0.23000         0.22000        0.0000         0.94064
0.24000         0.22000        0.0000         0.94291
0.25000         0.22000        0.0000         0.94463
0.26000         0.22000        0.0000         0.94583
0.27000         0.22000        0.0000         0.94654
0.28000         0.22000        0.0000         0.94678
0.29000         0.22000        0.0000         0.94654
0.30000         0.22000        0.0000         0.94583
0.31000         0.22000        0.0000         0.94463
0.32000         0.22000        0.0000         0.94291
0.33000         0.22000        0.0000         0.94065
0.34000         0.22000        0.0000         0.93779
0.35000         0.22000        0.0000         0.93428
0.36000         0.22000        0.0000         0.93007
0.37000         0.22000        0.0000         0.92503
0.38000         0.22000        0.0000         0.91909
0.39000         0.22000        0.0000         0.91216
0.40000         0.22000        0.0000         0.90403
0.41000         0.22000        0.0000         0.89458
0.42000         0.22000        0.0000         0.88367
0.43000         0.22000        0.0000         0.87100
0.44000         0.22000        0.0000         0.85637
0.45000         0.22000        0.0000         0.83956
0.46000         0.22000        0.0000         0.82022
0.47000         0.22000        0.0000         0.79802
0.48000         0.22000        0.0000         0.77262
0.49000         0.22000        0.0000         0.74372
0.50000         0.22000        0.0000         0.71084
0.51000         0.22000        0.0000         0.67363
0.52000         0.22000        0.0000         0.63182
0.53000         0.22000        0.0000         0.58502
0.54000         0.22000        0.0000         0.53303
0.55000         0.22000        0.0000         0.47570
0.56000         0.22000        0.0000         0.41309
0.57000         0.22000        0.0000         0.34539
0.58000         0.22000        0.0000         0.27286
0.59000         0.22000        0.0000         0.19623
0.60000         0.22000        0.0000         0.11627
0.61000         0.22000        0.0000         0.033949
0.62000         0.22000        0.0000         -0.049730
0.63000         0.22000        0.0000         -0.13332
0.64000         0.22000        0.0000         -0.21565
0.65000         0.22000        0.0000         -0.29579
0.66000         0.22000        0.0000         -0.37234
0.67000         0.22000        0.0000         -0.44458
0.68000         0.22000        0.0000         -0.51194
0.69000         0.22000        0.0000         -0.57381
0.70000         0.22000        0.0000         -0.63005
0.71000         0.22000        0.0000         -0.68062
0.72000         0.22000        0.0000         -0.72565
0.73000         0.22000        0.0000         -0.76537
0.74000         0.22000        0.0000         -0.80016
0.75000         0.22000        0.0000         -0.83039
0.76000         0.22000        0.0000         -0.85650
0.77000         0.22000        0.0000         -0.87896
0.78000         0.22000        0.0000         -0.89812
0.79000         0.22000        0.0000         -0.91445
0.80000         0.22000        0.0000         -0.92832
0.81000         0.22000        0.0000         -0.94001
0.82000         0.22000        0.0000         -0.94990
0.83000         0.22000        0.0000         -0.95820
0.84000         0.22000        0.0000         -0.96516
0.85000         0.22000        0.0000         -0.97100
0.86000         0.22000        0.0000         -0.97588
0.87000         0.22000        0.0000         -0.97996
0.88000         0.22000        0.0000         -0.98336
0.89000         0.22000        0.0000         -0.98619
0.90000         0.22000        0.0000         -0.98855
0.91000         0.22000        0.0000         -0.99050
0.92000         0.22000        0.0000         -0.99213
0.93000         0.22000        0.0000         -0.99349
0.94000         0.22000        0.0000         -0.99460
0.95000         0.22000        0.0000         -0.99554
0.96000         0.22000        0.0000         -0.99631
0.97000         0.22000        0.0000         -0.99697
0.98000         0.22000        0.0000         -0.99752
0.99000         0.22000        0.0000         -0.99792
1.0000          0.22000        0.0000         -0.99807
0.0000          0.23000        0.0000         0.40205
0.010000        0.23000        0.0000         0.42347
0.020000        0.23000        0.0000         0.47471
0.030000        0.23000        0.0000         0.53431
0.040000        0.23000        0.0000         0.58830
0.050000        0.23000        0.0000         0.63423
0.060000        0.23000        0.0000         0.67404
0.070000        0.23000        0.0000         0.70930
0.080000        0.23000        0.0000         0.74074
0.090000        0.23000        0.0000         0.76851
0.10000         0.23000        0.0000         0.79300
0.11000         0.23000        0.0000         0.81438
0.12000         0.23000        0.0000         0.83312
0.13000         0.23000        0.0000         0.84940
0.14000         0.23000        0.0000         0.86362
0.15000         0.23000        0.0000         0.87590
0.16000         0.23000        0.0000         0.88658
0.17000         0.23000        0.0000         0.89575
0.18000         0.23000        0.0000         0.90368
0.19000         0.23000        0.0000         0.91042
0.20000         0.23000        0.0000         0.91618
0.21000         0.23000        0.0000         0.92099
0.22000         0.23000        0.0000         0.92504
0.23000         0.23000        0.0000         0.92832
0.24000         0.23000        0.0000         0.93091
0.25000         0.23000        0.0000         0.93290
0.26000         0.23000        0.0000         0.93428
0.27000         0.23000        0.0000         0.93511
0.28000         0.23000        0.0000         0.93538
0.29000         0.23000        0.0000         0.93511
0.30000         0.23000        0.0000         0.93428
0.31000         0.23000        0.0000         0.93290
0.32000         0.23000        0.0000         0.93092
0.33000         0.23000        0.0000         0.92831
0.34000         0.23000        0.0000         0.92504
0.35000         0.23000        0.0000         0.92101
0.36000         0.23000        0.0000         0.91616
0.37000         0.23000        0.0000         0.91043
0.38000         0.23000        0.0000         0.90367
0.39000         0.23000        0.0000         0.89575
0.40000         0.23000        0.0000         0.88656
0.41000         0.23000        0.0000         0.87592
0.42000         0.23000        0.0000         0.86360
0.43000         0.23000        0.0000         0.84939
0.44000         0.23000        0.0000         0.83312
0.45000         0.23000        0.0000         0.81439
0.46000         0.23000        0.0000         0.79296
0.47000         0.23000        0.0000         0.76857
0.48000         0.23000        0.0000         0.74075
0.49000         0.23000        0.0000         0.70923
0.50000         0.23000        0.0000         0.67366
0.51000         0.23000        0.0000         0.63365
0.52000         0.23000        0.0000         0.58896
0.53000         0.23000        0.0000         0.53931
0.54000         0.23000        0.0000         0.48455
0.55000         0.23000        0.0000         0.42471
0.56000         0.23000        0.0000         0.35986
0.57000         0.23000        0.0000         0.29021
0.58000         0.23000        0.0000         0.21646
0.59000         0.23000        0.0000         0.13922
0.60000         0.23000        0.0000         0.059086
0.61000         0.23000        0.0000         -0.022442
0.62000         0.23000        0.0000         -0.10451
0.63000         0.23000        0.0000         -0.18608
0.64000         0.23000        0.0000         -0.26565
0.65000         0.23000        0.0000         -0.34240
0.66000         0.23000        0.0000         -0.41538
0.67000         0.23000        0.0000         -0.48381
0.68000         0.23000        0.0000         -0.54718
0.69000         0.23000        0.0000         -0.60517
0.70000         0.23000        0.0000         -0.65767
0.71000         0.23000        0.0000         -0.70471
0.72000         0.23000        0.0000         -0.74650
0.73000         0.23000        0.0000         -0.78325
0.74000         0.23000        0.0000         -0.81541
0.75000         0.23000        0.0000         -0.84333
0.76000         0.23000        0.0000         -0.86739
0.77000         0.23000        0.0000         -0.88810
0.78000         0.23000        0.0000         -0.90577
0.79000         0.23000        0.0000         -0.92082
0.80000         0.23000        0.0000         -0.93360
0.81000         0.23000        0.0000         -0.94440
0.82000         0.23000        0.0000         -0.95352
0.83000         0.23000        0.0000         -0.96118
0.84000         0.23000        0.0000         -0.96762
0.85000         0.23000        0.0000         -0.97303
0.86000         0.23000        0.0000         -0.97754
0.87000         0.23000        0.0000         -0.98132
0.88000         0.23000        0.0000         -0.98448
0.89000         0.23000        0.0000         -0.98710
0.90000         0.23000        0.0000         -0.98930
0.91000         0.23000        0.0000         -0.99112
0.92000         0.23000        0.0000         -0.99264
0.93000         0.23000        0.0000         -0.99390
0.94000         0.23000        0.0000         -0.99494
0.95000         0.23000        0.0000         -0.99581
0.96000         0.23000        0.0000         -0.99654
0.97000         0.23000        0.0000         -0.99715
0.98000         0.23000        0.0000         -0.99767
0.99000         0.23000        0.0000         -0.99804
1.0000          0.23000        0.0000         -0.99818
0.0000          0.24000        0.0000         0.34588
0.010000        0.24000        0.0000         0.36771
0.020000        0.24000        0.0000         0.42163
0.030000        0.24000        0.0000         0.48408
0.040000        0.24000        0.0000         0.54076
0.050000        0.24000        0.0000         0.58955
0.060000        0.24000        0.0000         0.63220
0.070000        0.24000        0.0000         0.67028
0.080000        0.24000        0.0000         0.70440
0.090000        0.24000        0.0000         0.73478
0.10000         0.24000        0.0000         0.76162
0.11000         0.24000        0.0000         0.78528
0.12000         0.24000        0.0000         0.80603
0.13000         0.24000        0.0000         0.82422
0.14000         0.24000        0.0000         0.84009
0.15000         0.24000        0.0000         0.85393
0.16000         0.24000        0.0000         0.86595
0.17000         0.24000        0.0000         0.87636
0.18000         0.24000        0.0000         0.88533
0.19000         0.24000        0.0000         0.89303
0.20000         0.24000        0.0000         0.89959
0.21000         0.24000        0.0000         0.90513
0.22000         0.24000        0.0000         0.90974
0.23000         0.24000        0.0000         0.91350
0.24000         0.24000        0.0000         0.91650
0.25000         0.24000        0.0000         0.91879
0.26000         0.24000        0.0000         0.92038
0.27000         0.24000        0.0000         0.92132
0.28000         0.24000        0.0000         0.92164
0.29000         0.24000        0.0000         0.92132
0.30000         0.24000        0.0000         0.92038
0.31000         0.24000        0.0000         0.91877
0.32000         0.24000        0.0000         0.91650
0.33000         0.24000        0.0000         0.91351
0.34000         0.24000        0.0000         0.90973
0.35000         0.24000        0.0000         0.90511
0.36000         0.24000        0.0000         0.89959
0.37000         0.24000        0.0000         0.89302
0.38000         0.24000        0.0000         0.88531
0.39000         0.24000        0.0000         0.87637
0.40000         0.24000        0.0000         0.86594
0.41000         0.24000        0.0000         0.85391
0.42000         0.24000        0.0000         0.84010
0.43000         0.24000        0.0000         0.82421
0.44000         0.24000        0.0000         0.80601
0.45000         0.24000        0.0000         0.78527
0.46000         0.24000        0.0000         0.76163
0.47000         0.24000        0.0000         0.73479
0.48000         0.24000        0.0000         0.70442
0.49000         0.24000        0.0000         0.67021
0.50000         0.24000        0.0000         0.63182
0.51000         0.24000        0.0000         0.58895
0.52000         0.24000        0.0000         0.54138
0.53000         0.24000        0.0000         0.48897
0.54000         0.24000        0.0000         0.43164
0.55000         0.24000        0.0000         0.36938
0.56000         0.24000        0.0000         0.30260
0.57000         0.24000        0.0000         0.23162
0.58000         0.24000        0.0000         0.15691
0.59000         0.24000        0.0000         0.079410
0.60000         0.24000        0.0000         1.6105E-5
0.61000         0.24000        0.0000         -0.080288
0.62000         0.24000        0.0000         -0.16049
0.63000         0.24000        0.0000         -0.23927
0.64000         0.24000        0.0000         -0.31565
0.65000         0.24000        0.0000         -0.38889
0.66000         0.24000        0.0000         -0.45793
0.67000         0.24000        0.0000         -0.52231
0.68000         0.24000        0.0000         -0.58168
0.69000         0.24000        0.0000         -0.63574
0.70000         0.24000        0.0000         -0.68449
0.71000         0.24000        0.0000         -0.72803
0.72000         0.24000        0.0000         -0.76661
0.73000         0.24000        0.0000         -0.80050
0.74000         0.24000        0.0000         -0.83010
0.75000         0.24000        0.0000         -0.85574
0.76000         0.24000        0.0000         -0.87787
0.77000         0.24000        0.0000         -0.89690
0.78000         0.24000        0.0000         -0.91311
0.79000         0.24000        0.0000         -0.92695
0.80000         0.24000        0.0000         -0.93870
0.81000         0.24000        0.0000         -0.94861
0.82000         0.24000        0.0000         -0.95701
0.83000         0.24000        0.0000         -0.96407
0.84000         0.24000        0.0000         -0.96999
0.85000         0.24000        0.0000         -0.97498
0.86000         0.24000        0.0000         -0.97915
0.87000         0.24000        0.0000         -0.98264
0.88000         0.24000        0.0000         -0.98556
0.89000         0.24000        0.0000         -0.98799
0.90000         0.24000        0.0000         -0.99003
0.91000         0.24000        0.0000         -0.99172
0.92000         0.24000        0.0000         -0.99313
0.93000         0.24000        0.0000         -0.99430
0.94000         0.24000        0.0000         -0.99527
0.95000         0.24000        0.0000         -0.99608
0.96000         0.24000        0.0000         -0.99676
0.97000         0.24000        0.0000         -0.99733
0.98000         0.24000        0.0000         -0.99781
0.99000         0.24000        0.0000         -0.99816
1.0000          0.24000        0.0000         -0.99829
0.0000          0.25000        0.0000         0.28594
0.010000        0.25000        0.0000         0.30847
0.020000        0.25000        0.0000         0.36405
0.030000        0.25000        0.0000         0.42866
0.040000        0.25000        0.0000         0.48831
0.050000        0.25000        0.0000         0.53991
0.060000        0.25000        0.0000         0.58540
0.070000        0.25000        0.0000         0.62633
0.080000        0.25000        0.0000         0.66321
0.090000        0.25000        0.0000         0.69627
0.10000         0.25000        0.0000         0.72564
0.11000         0.25000        0.0000         0.75170
0.12000         0.25000        0.0000         0.77464
0.13000         0.25000        0.0000         0.79488
0.14000         0.25000        0.0000         0.81259
0.15000         0.25000        0.0000         0.82814
0.16000         0.25000        0.0000         0.84164
0.17000         0.25000        0.0000         0.85342
0.18000         0.25000        0.0000         0.86357
0.19000         0.25000        0.0000         0.87235
0.20000         0.25000        0.0000         0.87980
0.21000         0.25000        0.0000         0.88615
0.22000         0.25000        0.0000         0.89141
0.23000         0.25000        0.0000         0.89576
0.24000         0.25000        0.0000         0.89918
0.25000         0.25000        0.0000         0.90181
0.26000         0.25000        0.0000         0.90366
0.27000         0.25000        0.0000         0.90476
0.28000         0.25000        0.0000         0.90512
0.29000         0.25000        0.0000         0.90475
0.30000         0.25000        0.0000         0.90366
0.31000         0.25000        0.0000         0.90183
0.32000         0.25000        0.0000         0.89920
0.33000         0.25000        0.0000         0.89575
0.34000         0.25000        0.0000         0.89144
0.35000         0.25000        0.0000         0.88615
0.36000         0.25000        0.0000         0.87982
0.37000         0.25000        0.0000         0.87236
0.38000         0.25000        0.0000         0.86360
0.39000         0.25000        0.0000         0.85342
0.40000         0.25000        0.0000         0.84166
0.41000         0.25000        0.0000         0.82815
0.42000         0.25000        0.0000         0.81262
0.43000         0.25000        0.0000         0.79486
0.44000         0.25000        0.0000         0.77468
0.45000         0.25000        0.0000         0.75170
0.46000         0.25000        0.0000         0.72566
0.47000         0.25000        0.0000         0.69631
0.48000         0.25000        0.0000         0.66326
0.49000         0.25000        0.0000         0.62626
0.50000         0.25000        0.0000         0.58502
0.51000         0.25000        0.0000         0.53929
0.52000         0.25000        0.0000         0.48898
0.53000         0.25000        0.0000         0.43392
0.54000         0.25000        0.0000         0.37416
0.55000         0.25000        0.0000         0.31000
0.56000         0.25000        0.0000         0.24168
0.57000         0.25000        0.0000         0.16957
0.58000         0.25000        0.0000         0.094661
0.59000         0.25000        0.0000         0.017631
0.60000         0.25000        0.0000         -0.060837
0.61000         0.25000        0.0000         -0.13924
0.62000         0.25000        0.0000         -0.21679
0.63000         0.25000        0.0000         -0.29260
0.64000         0.25000        0.0000         -0.36543
0.65000         0.25000        0.0000         -0.43468
0.66000         0.25000        0.0000         -0.49968
0.67000         0.25000        0.0000         -0.55992
0.68000         0.25000        0.0000         -0.61517
0.69000         0.25000        0.0000         -0.66530
0.70000         0.25000        0.0000         -0.71033
0.71000         0.25000        0.0000         -0.75046
0.72000         0.25000        0.0000         -0.78594
0.73000         0.25000        0.0000         -0.81701
0.74000         0.25000        0.0000         -0.84414
0.75000         0.25000        0.0000         -0.86765
0.76000         0.25000        0.0000         -0.88788
0.77000         0.25000        0.0000         -0.90529
0.78000         0.25000        0.0000         -0.92015
0.79000         0.25000        0.0000         -0.93280
0.80000         0.25000        0.0000         -0.94356
0.81000         0.25000        0.0000         -0.95265
0.82000         0.25000        0.0000         -0.96035
0.83000         0.25000        0.0000         -0.96682
0.84000         0.25000        0.0000         -0.97228
0.85000         0.25000        0.0000         -0.97686
0.86000         0.25000        0.0000         -0.98069
0.87000         0.25000        0.0000         -0.98392
0.88000         0.25000        0.0000         -0.98661
0.89000         0.25000        0.0000         -0.98885
0.90000         0.25000        0.0000         -0.99073
0.91000         0.25000        0.0000         -0.99229
0.92000         0.25000        0.0000         -0.99360
0.93000         0.25000        0.0000         -0.99468
0.94000         0.25000        0.0000         -0.99559
0.95000         0.25000        0.0000         -0.99634
0.96000         0.25000        0.0000         -0.99697
0.97000         0.25000        0.0000         -0.99750
0.98000         0.25000        0.0000         -0.99795
0.99000         0.25000        0.0000         -0.99828
1.0000          0.25000        0.0000         -0.99840
0.0000          0.26000        0.0000         0.22181
0.010000        0.26000        0.0000         0.24525
0.020000        0.26000        0.0000         0.30207
0.030000        0.26000        0.0000         0.36893
0.040000        0.26000        0.0000         0.43092
0.050000        0.26000        0.0000         0.48520
0.060000        0.26000        0.0000         0.53341
0.070000        0.26000        0.0000         0.57716
0.080000        0.26000        0.0000         0.61686
0.090000        0.26000        0.0000         0.65264
0.10000         0.26000        0.0000         0.68470
0.11000         0.26000        0.0000         0.71321
0.12000         0.26000        0.0000         0.73856
0.13000         0.26000        0.0000         0.76093
0.14000         0.26000        0.0000         0.78070
0.15000         0.26000        0.0000         0.79802
0.16000         0.26000        0.0000         0.81324
0.17000         0.26000        0.0000         0.82646
0.18000         0.26000        0.0000         0.83799
0.19000         0.26000        0.0000         0.84789
0.20000         0.26000        0.0000         0.85641
0.21000         0.26000        0.0000         0.86360
0.22000         0.26000        0.0000         0.86966
0.23000         0.26000        0.0000         0.87458
0.24000         0.26000        0.0000         0.87856
0.25000         0.26000        0.0000         0.88154
0.26000         0.26000        0.0000         0.88367
0.27000         0.26000        0.0000         0.88490
0.28000         0.26000        0.0000         0.88533
0.29000         0.26000        0.0000         0.88491
0.30000         0.26000        0.0000         0.88365
0.31000         0.26000        0.0000         0.88153
0.32000         0.26000        0.0000         0.87853
0.33000         0.26000        0.0000         0.87459
0.34000         0.26000        0.0000         0.86963
0.35000         0.26000        0.0000         0.86359
0.36000         0.26000        0.0000         0.85640
0.37000         0.26000        0.0000         0.84788
0.38000         0.26000        0.0000         0.83794
0.39000         0.26000        0.0000         0.82648
0.40000         0.26000        0.0000         0.81321
0.41000         0.26000        0.0000         0.79800
0.42000         0.26000        0.0000         0.78069
0.43000         0.26000        0.0000         0.76092
0.44000         0.26000        0.0000         0.73852
0.45000         0.26000        0.0000         0.71321
0.46000         0.26000        0.0000         0.68468
0.47000         0.26000        0.0000         0.65268
0.48000         0.26000        0.0000         0.61688
0.49000         0.26000        0.0000         0.57707
0.50000         0.26000        0.0000         0.53304
0.51000         0.26000        0.0000         0.48458
0.52000         0.26000        0.0000         0.43158
0.53000         0.26000        0.0000         0.37420
0.54000         0.26000        0.0000         0.31249
0.55000         0.26000        0.0000         0.24659
0.56000         0.26000        0.0000         0.17723
0.57000         0.26000        0.0000         0.10488
0.58000         0.26000        0.0000         0.030097
0.59000         0.26000        0.0000         -0.046016
0.60000         0.26000        0.0000         -0.12256
0.61000         0.26000        0.0000         -0.19862
0.62000         0.26000        0.0000         -0.27329
0.63000         0.26000        0.0000         -0.34546
0.64000         0.26000        0.0000         -0.41440
0.65000         0.26000        0.0000         -0.47958
0.66000         0.26000        0.0000         -0.54030
0.67000         0.26000        0.0000         -0.59633
0.68000         0.26000        0.0000         -0.64746
0.69000         0.26000        0.0000         -0.69369
0.70000         0.26000        0.0000         -0.73511
0.71000         0.26000        0.0000         -0.77188
0.72000         0.26000        0.0000         -0.80434
0.73000         0.26000        0.0000         -0.83276
0.74000         0.26000        0.0000         -0.85752
0.75000         0.26000        0.0000         -0.87894
0.76000         0.26000        0.0000         -0.89741
0.77000         0.26000        0.0000         -0.91329
0.78000         0.26000        0.0000         -0.92681
0.79000         0.26000        0.0000         -0.93837
0.80000         0.26000        0.0000         -0.94820
0.81000         0.26000        0.0000         -0.95649
0.82000         0.26000        0.0000         -0.96354
0.83000         0.26000        0.0000         -0.96946
0.84000         0.26000        0.0000         -0.97445
0.85000         0.26000        0.0000         -0.97866
0.86000         0.26000        0.0000         -0.98218
0.87000         0.26000        0.0000         -0.98513
0.88000         0.26000        0.0000         -0.98761
0.89000         0.26000        0.0000         -0.98967
0.90000         0.26000        0.0000         -0.99141
0.91000         0.26000        0.0000         -0.99285
0.92000         0.26000        0.0000         -0.99405
0.93000         0.26000        0.0000         -0.99506
0.94000         0.26000        0.0000         -0.99589
0.95000         0.26000        0.0000         -0.99659
0.96000         0.26000        0.0000         -0.99717
0.97000         0.26000        0.0000         -0.99767
0.98000         0.26000        0.0000         -0.99809
0.99000         0.26000        0.0000         -0.99839
1.0000          0.26000        0.0000         -0.99850
0.0000          0.27000        0.0000         0.15452
0.010000        0.27000        0.0000         0.17807
0.020000        0.27000        0.0000         0.23629
0.030000        0.27000        0.0000         0.30495
0.040000        0.27000        0.0000         0.36877
0.050000        0.27000        0.0000         0.42533
0.060000        0.27000        0.0000         0.47610
0.070000        0.27000        0.0000         0.52253
0.080000        0.27000        0.0000         0.56498
0.090000        0.27000        0.0000         0.60351
0.10000         0.27000        0.0000         0.63823
0.11000         0.27000        0.0000         0.66934
0.12000         0.27000        0.0000         0.69712
0.13000         0.27000        0.0000         0.72180
0.14000         0.27000        0.0000         0.74370
0.15000         0.27000        0.0000         0.76300
0.16000         0.27000        0.0000         0.78000
0.17000         0.27000        0.0000         0.79486
0.18000         0.27000        0.0000         0.80783
0.19000         0.27000        0.0000         0.81904
0.20000         0.27000        0.0000         0.82869
0.21000         0.27000        0.0000         0.83687
0.22000         0.27000        0.0000         0.84376
0.23000         0.27000        0.0000         0.84940
0.24000         0.27000        0.0000         0.85392
0.25000         0.27000        0.0000         0.85735
0.26000         0.27000        0.0000         0.85978
0.27000         0.27000        0.0000         0.86121
0.28000         0.27000        0.0000         0.86170
0.29000         0.27000        0.0000         0.86122
0.30000         0.27000        0.0000         0.85978
0.31000         0.27000        0.0000         0.85737
0.32000         0.27000        0.0000         0.85392
0.33000         0.27000        0.0000         0.84940
0.34000         0.27000        0.0000         0.84377
0.35000         0.27000        0.0000         0.83689
0.36000         0.27000        0.0000         0.82868
0.37000         0.27000        0.0000         0.81906
0.38000         0.27000        0.0000         0.80784
0.39000         0.27000        0.0000         0.79488
0.40000         0.27000        0.0000         0.78000
0.41000         0.27000        0.0000         0.76303
0.42000         0.27000        0.0000         0.74370
0.43000         0.27000        0.0000         0.72180
0.44000         0.27000        0.0000         0.69713
0.45000         0.27000        0.0000         0.66935
0.46000         0.27000        0.0000         0.63823
0.47000         0.27000        0.0000         0.60354
0.48000         0.27000        0.0000         0.56501
0.49000         0.27000        0.0000         0.52247
0.50000         0.27000        0.0000         0.47570
0.51000         0.27000        0.0000         0.42467
0.52000         0.27000        0.0000         0.36945
0.53000         0.27000        0.0000         0.31000
0.54000         0.27000        0.0000         0.24660
0.55000         0.27000        0.0000         0.17980
0.56000         0.27000        0.0000         0.10997
0.57000         0.27000        0.0000         0.037615
0.58000         0.27000        0.0000         -0.036101
0.59000         0.27000        0.0000         -0.11051
0.60000         0.27000        0.0000         -0.18494
0.61000         0.27000        0.0000         -0.25801
0.62000         0.27000        0.0000         -0.32911
0.63000         0.27000        0.0000         -0.39750
0.64000         0.27000        0.0000         -0.46230
0.65000         0.27000        0.0000         -0.52312
0.66000         0.27000        0.0000         -0.57955
0.67000         0.27000        0.0000         -0.63132
0.68000         0.27000        0.0000         -0.67840
0.69000         0.27000        0.0000         -0.72081
0.70000         0.27000        0.0000         -0.75866
0.71000         0.27000        0.0000         -0.79224
0.72000         0.27000        0.0000         -0.82183
0.73000         0.27000        0.0000         -0.84765
0.74000         0.27000        0.0000         -0.87017
0.75000         0.27000        0.0000         -0.88965
0.76000         0.27000        0.0000         -0.90641
0.77000         0.27000        0.0000         -0.92083
0.78000         0.27000        0.0000         -0.93315
0.79000         0.27000        0.0000         -0.94365
0.80000         0.27000        0.0000         -0.95258
0.81000         0.27000        0.0000         -0.96015
0.82000         0.27000        0.0000         -0.96656
0.83000         0.27000        0.0000         -0.97196
0.84000         0.27000        0.0000         -0.97652
0.85000         0.27000        0.0000         -0.98037
0.86000         0.27000        0.0000         -0.98358
0.87000         0.27000        0.0000         -0.98629
0.88000         0.27000        0.0000         -0.98856
0.89000         0.27000        0.0000         -0.99046
0.90000         0.27000        0.0000         -0.99205
0.91000         0.27000        0.0000         -0.99338
0.92000         0.27000        0.0000         -0.99449
0.93000         0.27000        0.0000         -0.99542
0.94000         0.27000        0.0000         -0.99619
0.95000         0.27000        0.0000         -0.99683
0.96000         0.27000        0.0000         -0.99737
0.97000         0.27000        0.0000         -0.99783
0.98000         0.27000        0.0000         -0.99822
0.99000         0.27000        0.0000         -0.99850
1.0000          0.27000        0.0000         -0.99860
0.0000          0.28000        0.0000         0.084802
0.010000        0.28000        0.0000         0.10846
0.020000        0.28000        0.0000         0.16696
0.030000        0.28000        0.0000         0.23630
0.040000        0.28000        0.0000         0.30197
0.050000        0.28000        0.0000         0.36041
0.060000        0.28000        0.0000         0.41352
0.070000        0.28000        0.0000         0.46237
0.080000        0.28000        0.0000         0.50744
0.090000        0.28000        0.0000         0.54862
0.10000         0.28000        0.0000         0.58599
0.11000         0.28000        0.0000         0.61972
0.12000         0.28000        0.0000         0.64998
0.13000         0.28000        0.0000         0.67708
0.14000         0.28000        0.0000         0.70118
0.15000         0.28000        0.0000         0.72260
0.16000         0.28000        0.0000         0.74147
0.17000         0.28000        0.0000         0.75812
0.18000         0.28000        0.0000         0.77262
0.19000         0.28000        0.0000         0.78527
0.20000         0.28000        0.0000         0.79612
0.21000         0.28000        0.0000         0.80542
0.22000         0.28000        0.0000         0.81319
0.23000         0.28000        0.0000         0.81964
0.24000         0.28000        0.0000         0.82475
0.25000         0.28000        0.0000         0.82870
0.26000         0.28000        0.0000         0.83143
0.27000         0.28000        0.0000         0.83311
0.28000         0.28000        0.0000         0.83364
0.29000         0.28000        0.0000         0.83310
0.30000         0.28000        0.0000         0.83146
0.31000         0.28000        0.0000         0.82869
0.32000         0.28000        0.0000         0.82477
0.33000         0.28000        0.0000         0.81964
0.34000         0.28000        0.0000         0.81321
0.35000         0.28000        0.0000         0.80541
0.36000         0.28000        0.0000         0.79615
0.37000         0.28000        0.0000         0.78526
0.38000         0.28000        0.0000         0.77263
0.39000         0.28000        0.0000         0.75812
0.40000         0.28000        0.0000         0.74149
0.41000         0.28000        0.0000         0.72258
0.42000         0.28000        0.0000         0.70121
0.43000         0.28000        0.0000         0.67707
0.44000         0.28000        0.0000         0.64999
0.45000         0.28000        0.0000         0.61972
0.46000         0.28000        0.0000         0.58599
0.47000         0.28000        0.0000         0.54867
0.48000         0.28000        0.0000         0.50747
0.49000         0.28000        0.0000         0.46228
0.50000         0.28000        0.0000         0.41311
0.51000         0.28000        0.0000         0.35987
0.52000         0.28000        0.0000         0.30255
0.53000         0.28000        0.0000         0.24163
0.54000         0.28000        0.0000         0.17731
0.55000         0.28000        0.0000         0.10984
0.56000         0.28000        0.0000         0.040195
0.57000         0.28000        0.0000         -0.031083
0.58000         0.28000        0.0000         -0.10340
0.59000         0.28000        0.0000         -0.17563
0.60000         0.28000        0.0000         -0.24700
0.61000         0.28000        0.0000         -0.31672
0.62000         0.28000        0.0000         -0.38405
0.63000         0.28000        0.0000         -0.44819
0.64000         0.28000        0.0000         -0.50866
0.65000         0.28000        0.0000         -0.56509
0.66000         0.28000        0.0000         -0.61714
0.67000         0.28000        0.0000         -0.66472
0.68000         0.28000        0.0000         -0.70778
0.69000         0.28000        0.0000         -0.74648
0.70000         0.28000        0.0000         -0.78097
0.71000         0.28000        0.0000         -0.81145
0.72000         0.28000        0.0000         -0.83827
0.73000         0.28000        0.0000         -0.86171
0.74000         0.28000        0.0000         -0.88208
0.75000         0.28000        0.0000         -0.89970
0.76000         0.28000        0.0000         -0.91490
0.77000         0.28000        0.0000         -0.92796
0.78000         0.28000        0.0000         -0.93909
0.79000         0.28000        0.0000         -0.94862
0.80000         0.28000        0.0000         -0.95673
0.81000         0.28000        0.0000         -0.96358
0.82000         0.28000        0.0000         -0.96941
0.83000         0.28000        0.0000         -0.97434
0.84000         0.28000        0.0000         -0.97848
0.85000         0.28000        0.0000         -0.98198
0.86000         0.28000        0.0000         -0.98492
0.87000         0.28000        0.0000         -0.98740
0.88000         0.28000        0.0000         -0.98947
0.89000         0.28000        0.0000         -0.99121
0.90000         0.28000        0.0000         -0.99267
0.91000         0.28000        0.0000         -0.99389
0.92000         0.28000        0.0000         -0.99491
0.93000         0.28000        0.0000         -0.99576
0.94000         0.28000        0.0000         -0.99647
0.95000         0.28000        0.0000         -0.99706
0.96000         0.28000        0.0000         -0.99756
0.97000         0.28000        0.0000         -0.99799
0.98000         0.28000        0.0000         -0.99834
0.99000         0.28000        0.0000         -0.99860
1.0000          0.28000        0.0000         -0.99870
0.0000          0.29000        0.0000         0.012343
0.010000        0.29000        0.0000         0.036198
0.020000        0.29000        0.0000         0.094775
0.030000        0.29000        0.0000         0.16451
0.040000        0.29000        0.0000         0.23091
0.050000        0.29000        0.0000         0.29087
0.060000        0.29000        0.0000         0.34570
0.070000        0.29000        0.0000         0.39678
0.080000        0.29000        0.0000         0.44416
0.090000        0.29000        0.0000         0.48784
0.10000         0.29000        0.0000         0.52775
0.11000         0.29000        0.0000         0.56400
0.12000         0.29000        0.0000         0.59678
0.13000         0.29000        0.0000         0.62626
0.14000         0.29000        0.0000         0.65268
0.15000         0.29000        0.0000         0.67622
0.16000         0.29000        0.0000         0.69714
0.17000         0.29000        0.0000         0.71558
0.18000         0.29000        0.0000         0.73180
0.19000         0.29000        0.0000         0.74591
0.20000         0.29000        0.0000         0.75814
0.21000         0.29000        0.0000         0.76856
0.22000         0.29000        0.0000         0.77738
0.23000         0.29000        0.0000         0.78462
0.24000         0.29000        0.0000         0.79046
0.25000         0.29000        0.0000         0.79489
0.26000         0.29000        0.0000         0.79805
0.27000         0.29000        0.0000         0.79990
0.28000         0.29000        0.0000         0.80051
0.29000         0.29000        0.0000         0.79989
0.30000         0.29000        0.0000         0.79802
0.31000         0.29000        0.0000         0.79489
0.32000         0.29000        0.0000         0.79043
0.33000         0.29000        0.0000         0.78460
0.34000         0.29000        0.0000         0.77736
0.35000         0.29000        0.0000         0.76855
0.36000         0.29000        0.0000         0.75810
0.37000         0.29000        0.0000         0.74591
0.38000         0.29000        0.0000         0.73178
0.39000         0.29000        0.0000         0.71557
0.40000         0.29000        0.0000         0.69712
0.41000         0.29000        0.0000         0.67622
0.42000         0.29000        0.0000         0.65268
0.43000         0.29000        0.0000         0.62625
0.44000         0.29000        0.0000         0.59676
0.45000         0.29000        0.0000         0.56401
0.46000         0.29000        0.0000         0.52777
0.47000         0.29000        0.0000         0.48785
0.48000         0.29000        0.0000         0.44419
0.49000         0.29000        0.0000         0.39674
0.50000         0.29000        0.0000         0.34534
0.51000         0.29000        0.0000         0.29022
0.52000         0.29000        0.0000         0.23163
0.53000         0.29000        0.0000         0.16965
0.54000         0.29000        0.0000         0.10476
0.55000         0.29000        0.0000         0.037713
0.56000         0.29000        0.0000         -0.031079
0.57000         0.29000        0.0000         -0.10102
0.58000         0.29000        0.0000         -0.17096
0.59000         0.29000        0.0000         -0.24030
0.60000         0.29000        0.0000         -0.30844
0.61000         0.29000        0.0000         -0.37429
0.62000         0.29000        0.0000         -0.43739
0.63000         0.29000        0.0000         -0.49721
0.64000         0.29000        0.0000         -0.55321
0.65000         0.29000        0.0000         -0.60518
0.66000         0.29000        0.0000         -0.65291
0.67000         0.29000        0.0000         -0.69634
0.68000         0.29000        0.0000         -0.73557
0.69000         0.29000        0.0000         -0.77070
0.70000         0.29000        0.0000         -0.80189
0.71000         0.29000        0.0000         -0.82949
0.72000         0.29000        0.0000         -0.85373
0.73000         0.29000        0.0000         -0.87483
0.74000         0.29000        0.0000         -0.89323
0.75000         0.29000        0.0000         -0.90915
0.76000         0.29000        0.0000         -0.92282
0.77000         0.29000        0.0000         -0.93461
0.78000         0.29000        0.0000         -0.94469
0.79000         0.29000        0.0000         -0.95328
0.80000         0.29000        0.0000         -0.96061
0.81000         0.29000        0.0000         -0.96683
0.82000         0.29000        0.0000         -0.97211
0.83000         0.29000        0.0000         -0.97656
0.84000         0.29000        0.0000         -0.98033
0.85000         0.29000        0.0000         -0.98352
0.86000         0.29000        0.0000         -0.98619
0.87000         0.29000        0.0000         -0.98844
0.88000         0.29000        0.0000         -0.99034
0.89000         0.29000        0.0000         -0.99192
0.90000         0.29000        0.0000         -0.99326
0.91000         0.29000        0.0000         -0.99437
0.92000         0.29000        0.0000         -0.99530
0.93000         0.29000        0.0000         -0.99609
0.94000         0.29000        0.0000         -0.99674
0.95000         0.29000        0.0000         -0.99728
0.96000         0.29000        0.0000         -0.99774
0.97000         0.29000        0.0000         -0.99813
0.98000         0.29000        0.0000         -0.99846
0.99000         0.29000        0.0000         -0.99870
1.0000          0.29000        0.0000         -0.99879
0.0000          0.30000        0.0000         -0.060671
0.010000        0.30000        0.0000         -0.037580
0.020000        0.30000        0.0000         0.020252
0.030000        0.30000        0.0000         0.089799
0.040000        0.30000        0.0000         0.15627
0.050000        0.30000        0.0000         0.21712
0.060000        0.30000        0.0000         0.27326
0.070000        0.30000        0.0000         0.32602
0.080000        0.30000        0.0000         0.37535
0.090000        0.30000        0.0000         0.42123
0.10000         0.30000        0.0000         0.46343
0.11000         0.30000        0.0000         0.50207
0.12000         0.30000        0.0000         0.53722
0.13000         0.30000        0.0000         0.56905
0.14000         0.30000        0.0000         0.59774
0.15000         0.30000        0.0000         0.62344
0.16000         0.30000        0.0000         0.64640
0.17000         0.30000        0.0000         0.66672
0.18000         0.30000        0.0000         0.68468
0.19000         0.30000        0.0000         0.70035
0.20000         0.30000        0.0000         0.71399
0.21000         0.30000        0.0000         0.72565
0.22000         0.30000        0.0000         0.73553
0.23000         0.30000        0.0000         0.74367
0.24000         0.30000        0.0000         0.75025
0.25000         0.30000        0.0000         0.75524
0.26000         0.30000        0.0000         0.75881
0.27000         0.30000        0.0000         0.76090
0.28000         0.30000        0.0000         0.76162
0.29000         0.30000        0.0000         0.76091
0.30000         0.30000        0.0000         0.75881
0.31000         0.30000        0.0000         0.75526
0.32000         0.30000        0.0000         0.75026
0.33000         0.30000        0.0000         0.74371
0.34000         0.30000        0.0000         0.73554
0.35000         0.30000        0.0000         0.72567
0.36000         0.30000        0.0000         0.71400
0.37000         0.30000        0.0000         0.70038
0.38000         0.30000        0.0000         0.68468
0.39000         0.30000        0.0000         0.66675
0.40000         0.30000        0.0000         0.64640
0.41000         0.30000        0.0000         0.62346
0.42000         0.30000        0.0000         0.59774
0.43000         0.30000        0.0000         0.56904
0.44000         0.30000        0.0000         0.53723
0.45000         0.30000        0.0000         0.50206
0.46000         0.30000        0.0000         0.46340
0.47000         0.30000        0.0000         0.42126
0.48000         0.30000        0.0000         0.37541
0.49000         0.30000        0.0000         0.32585
0.50000         0.30000        0.0000         0.27290
0.51000         0.30000        0.0000         0.21652
0.52000         0.30000        0.0000         0.15686
0.53000         0.30000        0.0000         0.094662
0.54000         0.30000        0.0000         0.030208
0.55000         0.30000        0.0000         -0.036168
0.56000         0.30000        0.0000         -0.10338
0.57000         0.30000        0.0000         -0.17091
0.58000         0.30000        0.0000         -0.23817
0.59000         0.30000        0.0000         -0.30421
0.60000         0.30000        0.0000         -0.36839
0.61000         0.30000        0.0000         -0.43012
0.62000         0.30000        0.0000         -0.48886
0.63000         0.30000        0.0000         -0.54414
0.64000         0.30000        0.0000         -0.59564
0.65000         0.30000        0.0000         -0.64318
0.66000         0.30000        0.0000         -0.68668
0.67000         0.30000        0.0000         -0.72614
0.68000         0.30000        0.0000         -0.76161
0.69000         0.30000        0.0000         -0.79334
0.70000         0.30000        0.0000         -0.82151
0.71000         0.30000        0.0000         -0.84631
0.72000         0.30000        0.0000         -0.86810
0.73000         0.30000        0.0000         -0.88712
0.74000         0.30000        0.0000         -0.90363
0.75000         0.30000        0.0000         -0.91791
0.76000         0.30000        0.0000         -0.93024
0.77000         0.30000        0.0000         -0.94084
0.78000         0.30000        0.0000         -0.94988
0.79000         0.30000        0.0000         -0.95764
0.80000         0.30000        0.0000         -0.96425
0.81000         0.30000        0.0000         -0.96985
0.82000         0.30000        0.0000         -0.97462
0.83000         0.30000        0.0000         -0.97866
0.84000         0.30000        0.0000         -0.98206
0.85000         0.30000        0.0000         -0.98495
0.86000         0.30000        0.0000         -0.98738
0.87000         0.30000        0.0000         -0.98943
0.88000         0.30000        0.0000         -0.99115
0.89000         0.30000        0.0000         -0.99259
0.90000         0.30000        0.0000         -0.99381
0.91000         0.30000        0.0000         -0.99483
0.92000         0.30000        0.0000         -0.99568
0.93000         0.30000        0.0000         -0.99640
0.94000         0.30000        0.0000         -0.99699
0.95000         0.30000        0.0000         -0.99749
0.96000         0.30000        0.0000         -0.99791
0.97000         0.30000        0.0000         -0.99828
0.98000         0.30000        0.0000         -0.99858
0.99000         0.30000        0.0000         -0.99880
1.0000          0.30000        0.0000         -0.99888
0.0000          0.31000        0.0000         -0.13470
0.010000        0.31000        0.0000         -0.11185
0.020000        0.31000        0.0000         -0.055527
0.030000        0.31000        0.0000         0.012634
0.040000        0.31000        0.0000         0.078848
0.050000        0.31000        0.0000         0.13964
0.060000        0.31000        0.0000         0.19665
0.070000        0.31000        0.0000         0.25042
0.080000        0.31000        0.0000         0.30136
0.090000        0.31000        0.0000         0.34893
0.10000         0.31000        0.0000         0.39317
0.11000         0.31000        0.0000         0.43390
0.12000         0.31000        0.0000         0.47126
0.13000         0.31000        0.0000         0.50530
0.14000         0.31000        0.0000         0.53617
0.15000         0.31000        0.0000         0.56401
0.16000         0.31000        0.0000         0.58895
0.17000         0.31000        0.0000         0.61121
0.18000         0.31000        0.0000         0.63088
0.19000         0.31000        0.0000         0.64822
0.20000         0.31000        0.0000         0.66325
0.21000         0.31000        0.0000         0.67624
0.22000         0.31000        0.0000         0.68719
0.23000         0.31000        0.0000         0.69632
0.24000         0.31000        0.0000         0.70361
0.25000         0.31000        0.0000         0.70926
0.26000         0.31000        0.0000         0.71320
0.27000         0.31000        0.0000         0.71560
0.28000         0.31000        0.0000         0.71635
0.29000         0.31000        0.0000         0.71560
0.30000         0.31000        0.0000         0.71320
0.31000         0.31000        0.0000         0.70925
0.32000         0.31000        0.0000         0.70362
0.33000         0.31000        0.0000         0.69630
0.34000         0.31000        0.0000         0.68720
0.35000         0.31000        0.0000         0.67622
0.36000         0.31000        0.0000         0.66326
0.37000         0.31000        0.0000         0.64820
0.38000         0.31000        0.0000         0.63089
0.39000         0.31000        0.0000         0.61121
0.40000         0.31000        0.0000         0.58896
0.41000         0.31000        0.0000         0.56399
0.42000         0.31000        0.0000         0.53619
0.43000         0.31000        0.0000         0.50532
0.44000         0.31000        0.0000         0.47123
0.45000         0.31000        0.0000         0.43392
0.46000         0.31000        0.0000         0.39320
0.47000         0.31000        0.0000         0.34894
0.48000         0.31000        0.0000         0.30135
0.49000         0.31000        0.0000         0.25047
0.50000         0.31000        0.0000         0.19621
0.51000         0.31000        0.0000         0.13910
0.52000         0.31000        0.0000         0.079491
0.53000         0.31000        0.0000         0.017563
0.54000         0.31000        0.0000         -0.046047
0.55000         0.31000        0.0000         -0.11057
0.56000         0.31000        0.0000         -0.17555
0.57000         0.31000        0.0000         -0.24042
0.58000         0.31000        0.0000         -0.30420
0.59000         0.31000        0.0000         -0.36638
0.60000         0.31000        0.0000         -0.42650
0.61000         0.31000        0.0000         -0.48380
0.62000         0.31000        0.0000         -0.53799
0.63000         0.31000        0.0000         -0.58871
0.64000         0.31000        0.0000         -0.63572
0.65000         0.31000        0.0000         -0.67897
0.66000         0.31000        0.0000         -0.71834
0.67000         0.31000        0.0000         -0.75394
0.68000         0.31000        0.0000         -0.78593
0.69000         0.31000        0.0000         -0.81444
0.70000         0.31000        0.0000         -0.83967
0.71000         0.31000        0.0000         -0.86194
0.72000         0.31000        0.0000         -0.88148
0.73000         0.31000        0.0000         -0.89846
0.74000         0.31000        0.0000         -0.91327
0.75000         0.31000        0.0000         -0.92608
0.76000         0.31000        0.0000         -0.93710
0.77000         0.31000        0.0000         -0.94660
0.78000         0.31000        0.0000         -0.95474
0.79000         0.31000        0.0000         -0.96169
0.80000         0.31000        0.0000         -0.96762
0.81000         0.31000        0.0000         -0.97268
0.82000         0.31000        0.0000         -0.97697
0.83000         0.31000        0.0000         -0.98060
0.84000         0.31000        0.0000         -0.98369
0.85000         0.31000        0.0000         -0.98630
0.86000         0.31000        0.0000         -0.98849
0.87000         0.31000        0.0000         -0.99035
0.88000         0.31000        0.0000         -0.99191
0.89000         0.31000        0.0000         -0.99322
0.90000         0.31000        0.0000         -0.99433
0.91000         0.31000        0.0000         -0.99526
0.92000         0.31000        0.0000         -0.99604
0.93000         0.31000        0.0000         -0.99669
0.94000         0.31000        0.0000         -0.99723
0.95000         0.31000        0.0000         -0.99769
0.96000         0.31000        0.0000         -0.99808
0.97000         0.31000        0.0000         -0.99841
0.98000         0.31000        0.0000         -0.99869
0.99000         0.31000        0.0000         -0.99889
1.0000          0.31000        0.0000         -0.99897
0.0000          0.32000        0.0000         -0.20853
0.010000        0.32000        0.0000         -0.18621
0.020000        0.32000        0.0000         -0.13139
0.030000        0.32000        0.0000         -0.065246
0.040000        0.32000        0.0000         -5.0421E-4
0.050000        0.32000        0.0000         0.059709
0.060000        0.32000        0.0000         0.11659
0.070000        0.32000        0.0000         0.17096
0.080000        0.32000        0.0000         0.22274
0.090000        0.32000        0.0000         0.27161
0.10000         0.32000        0.0000         0.31735
0.11000         0.32000        0.0000         0.35983
0.12000         0.32000        0.0000         0.39906
0.13000         0.32000        0.0000         0.43506
0.14000         0.32000        0.0000         0.46792
0.15000         0.32000        0.0000         0.49771
0.16000         0.32000        0.0000         0.52459
0.17000         0.32000        0.0000         0.54865
0.18000         0.32000        0.0000         0.57007
0.19000         0.32000        0.0000         0.58896
0.20000         0.32000        0.0000         0.60547
0.21000         0.32000        0.0000         0.61971
0.22000         0.32000        0.0000         0.63182
0.23000         0.32000        0.0000         0.64188
0.24000         0.32000        0.0000         0.65000
0.25000         0.32000        0.0000         0.65622
0.26000         0.32000        0.0000         0.66064
0.27000         0.32000        0.0000         0.66326
0.28000         0.32000        0.0000         0.66414
0.29000         0.32000        0.0000         0.66326
0.30000         0.32000        0.0000         0.66064
0.31000         0.32000        0.0000         0.65622
0.32000         0.32000        0.0000         0.65000
0.33000         0.32000        0.0000         0.64188
0.34000         0.32000        0.0000         0.63182
0.35000         0.32000        0.0000         0.61971
0.36000         0.32000        0.0000         0.60546
0.37000         0.32000        0.0000         0.58896
0.38000         0.32000        0.0000         0.57007
0.39000         0.32000        0.0000         0.54864
0.40000         0.32000        0.0000         0.52457
0.41000         0.32000        0.0000         0.49773
0.42000         0.32000        0.0000         0.46790
0.43000         0.32000        0.0000         0.43504
0.44000         0.32000        0.0000         0.39909
0.45000         0.32000        0.0000         0.35983
0.46000         0.32000        0.0000         0.31730
0.47000         0.32000        0.0000         0.27168
0.48000         0.32000        0.0000         0.22280
0.49000         0.32000        0.0000         0.17083
0.50000         0.32000        0.0000         0.11628
0.51000         0.32000        0.0000         0.059235
0.52000         0.32000        0.0000         -7.8387E-5
0.53000         0.32000        0.0000         -0.060763
0.54000         0.32000        0.0000         -0.12250
0.55000         0.32000        0.0000         -0.18493
0.56000         0.32000        0.0000         -0.24703
0.57000         0.32000        0.0000         -0.30836
0.58000         0.32000        0.0000         -0.36842
0.59000         0.32000        0.0000         -0.42647
0.60000         0.32000        0.0000         -0.48211
0.61000         0.32000        0.0000         -0.53489
0.62000         0.32000        0.0000         -0.58449
0.63000         0.32000        0.0000         -0.63070
0.64000         0.32000        0.0000         -0.67334
0.65000         0.32000        0.0000         -0.71234
0.66000         0.32000        0.0000         -0.74782
0.67000         0.32000        0.0000         -0.77982
0.68000         0.32000        0.0000         -0.80842
0.69000         0.32000        0.0000         -0.83393
0.70000         0.32000        0.0000         -0.85653
0.71000         0.32000        0.0000         -0.87636
0.72000         0.32000        0.0000         -0.89378
0.73000         0.32000        0.0000         -0.90898
0.74000         0.32000        0.0000         -0.92218
0.75000         0.32000        0.0000         -0.93359
0.76000         0.32000        0.0000         -0.94346
0.77000         0.32000        0.0000         -0.95195
0.78000         0.32000        0.0000         -0.95921
0.79000         0.32000        0.0000         -0.96545
0.80000         0.32000        0.0000         -0.97077
0.81000         0.32000        0.0000         -0.97529
0.82000         0.32000        0.0000         -0.97915
0.83000         0.32000        0.0000         -0.98243
0.84000         0.32000        0.0000         -0.98520
0.85000         0.32000        0.0000         -0.98755
0.86000         0.32000        0.0000         -0.98954
0.87000         0.32000        0.0000         -0.99121
0.88000         0.32000        0.0000         -0.99263
0.89000         0.32000        0.0000         -0.99382
0.90000         0.32000        0.0000         -0.99482
0.91000         0.32000        0.0000         -0.99566
0.92000         0.32000        0.0000         -0.99637
0.93000         0.32000        0.0000         -0.99697
0.94000         0.32000        0.0000         -0.99746
0.95000         0.32000        0.0000         -0.99788
0.96000         0.32000        0.0000         -0.99823
0.97000         0.32000        0.0000         -0.99854
0.98000         0.32000        0.0000         -0.99879
0.99000         0.32000        0.0000         -0.99898
1.0000          0.32000        0.0000         -0.99905
0.0000          0.33000        0.0000         -0.27963
0.010000        0.33000        0.0000         -0.25928
0.020000        0.33000        0.0000         -0.20714
0.030000        0.33000        0.0000         -0.14349
0.040000        0.33000        0.0000         -0.080943
0.050000        0.33000        0.0000         -0.021855
0.060000        0.33000        0.0000         0.034216
0.070000        0.33000        0.0000         0.088442
0.080000        0.33000        0.0000         0.14037
0.090000        0.33000        0.0000         0.18995
0.10000         0.33000        0.0000         0.23660
0.11000         0.33000        0.0000         0.28038
0.12000         0.33000        0.0000         0.32102
0.13000         0.33000        0.0000         0.35865
0.14000         0.33000        0.0000         0.39318
0.15000         0.33000        0.0000         0.42471
0.16000         0.33000        0.0000         0.45330
0.17000         0.33000        0.0000         0.47904
0.18000         0.33000        0.0000         0.50207
0.19000         0.33000        0.0000         0.52245
0.20000         0.33000        0.0000         0.54036
0.21000         0.33000        0.0000         0.55584
0.22000         0.33000        0.0000         0.56907
0.23000         0.33000        0.0000         0.58005
0.24000         0.33000        0.0000         0.58897
0.25000         0.33000        0.0000         0.59578
0.26000         0.33000        0.0000         0.60066
0.27000         0.33000        0.0000         0.60352
0.28000         0.33000        0.0000         0.60451
0.29000         0.33000        0.0000         0.60353
0.30000         0.33000        0.0000         0.60066
0.31000         0.33000        0.0000         0.59578
0.32000         0.33000        0.0000         0.58896
0.33000         0.33000        0.0000         0.58006
0.34000         0.33000        0.0000         0.56906
0.35000         0.33000        0.0000         0.55584
0.36000         0.33000        0.0000         0.54036
0.37000         0.33000        0.0000         0.52246
0.38000         0.33000        0.0000         0.50204
0.39000         0.33000        0.0000         0.47906
0.40000         0.33000        0.0000         0.45330
0.41000         0.33000        0.0000         0.42466
0.42000         0.33000        0.0000         0.39319
0.43000         0.33000        0.0000         0.35866
0.44000         0.33000        0.0000         0.32097
0.45000         0.33000        0.0000         0.28035
0.46000         0.33000        0.0000         0.23667
0.47000         0.33000        0.0000         0.18986
0.48000         0.33000        0.0000         0.14039
0.49000         0.33000        0.0000         0.088388
0.50000         0.33000        0.0000         0.033866
0.51000         0.33000        0.0000         -0.022494
0.52000         0.33000        0.0000         -0.080276
0.53000         0.33000        0.0000         -0.13923
0.54000         0.33000        0.0000         -0.19870
0.55000         0.33000        0.0000         -0.25800
0.56000         0.33000        0.0000         -0.31670
0.57000         0.33000        0.0000         -0.37432
0.58000         0.33000        0.0000         -0.43014
0.59000         0.33000        0.0000         -0.48378
0.60000         0.33000        0.0000         -0.53490
0.61000         0.33000        0.0000         -0.58308
0.62000         0.33000        0.0000         -0.62815
0.63000         0.33000        0.0000         -0.66990
0.64000         0.33000        0.0000         -0.70829
0.65000         0.33000        0.0000         -0.74337
0.66000         0.33000        0.0000         -0.77509
0.67000         0.33000        0.0000         -0.80363
0.68000         0.33000        0.0000         -0.82920
0.69000         0.33000        0.0000         -0.85191
0.70000         0.33000        0.0000         -0.87195
0.71000         0.33000        0.0000         -0.88964
0.72000         0.33000        0.0000         -0.90514
0.73000         0.33000        0.0000         -0.91860
0.74000         0.33000        0.0000         -0.93036
0.75000         0.33000        0.0000         -0.94054
0.76000         0.33000        0.0000         -0.94929
0.77000         0.33000        0.0000         -0.95686
0.78000         0.33000        0.0000         -0.96336
0.79000         0.33000        0.0000         -0.96891
0.80000         0.33000        0.0000         -0.97367
0.81000         0.33000        0.0000         -0.97772
0.82000         0.33000        0.0000         -0.98118
0.83000         0.33000        0.0000         -0.98411
0.84000         0.33000        0.0000         -0.98660
0.85000         0.33000        0.0000         -0.98872
0.86000         0.33000        0.0000         -0.99050
0.87000         0.33000        0.0000         -0.99202
0.88000         0.33000        0.0000         -0.99330
0.89000         0.33000        0.0000         -0.99437
0.90000         0.33000        0.0000         -0.99528
0.91000         0.33000        0.0000         -0.99604
0.92000         0.33000        0.0000         -0.99668
0.93000         0.33000        0.0000         -0.99722
0.94000         0.33000        0.0000         -0.99768
0.95000         0.33000        0.0000         -0.99806
0.96000         0.33000        0.0000         -0.99838
0.97000         0.33000        0.0000         -0.99866
0.98000         0.33000        0.0000         -0.99889
0.99000         0.33000        0.0000         -0.99906
1.0000          0.33000        0.0000         -0.99912
0.0000          0.34000        0.0000         -0.35002
0.010000        0.34000        0.0000         -0.33017
0.020000        0.34000        0.0000         -0.28122
0.030000        0.34000        0.0000         -0.22089
0.040000        0.34000        0.0000         -0.16096
0.050000        0.34000        0.0000         -0.10418
0.060000        0.34000        0.0000         -0.049384
0.070000        0.34000        0.0000         0.0037321
0.080000        0.34000        0.0000         0.055332
0.090000        0.34000        0.0000         0.10473
0.10000         0.34000        0.0000         0.15183
0.11000         0.34000        0.0000         0.19619
0.12000         0.34000        0.0000         0.23784
0.13000         0.34000        0.0000         0.27656
0.14000         0.34000        0.0000         0.31242
0.15000         0.34000        0.0000         0.34532
0.16000         0.34000        0.0000         0.37536
0.17000         0.34000        0.0000         0.40255
0.18000         0.34000        0.0000         0.42698
0.19000         0.34000        0.0000         0.44874
0.20000         0.34000        0.0000         0.46789
0.21000         0.34000        0.0000         0.48456
0.22000         0.34000        0.0000         0.49878
0.23000         0.34000        0.0000         0.51070
0.24000         0.34000        0.0000         0.52031
0.25000         0.34000        0.0000         0.52776
0.26000         0.34000        0.0000         0.53300
0.27000         0.34000        0.0000         0.53618
0.28000         0.34000        0.0000         0.53720
0.29000         0.34000        0.0000         0.53617
0.30000         0.34000        0.0000         0.53300
0.31000         0.34000        0.0000         0.52775
0.32000         0.34000        0.0000         0.52031
0.33000         0.34000        0.0000         0.51069
0.34000         0.34000        0.0000         0.49881
0.35000         0.34000        0.0000         0.48457
0.36000         0.34000        0.0000         0.46790
0.37000         0.34000        0.0000         0.44877
0.38000         0.34000        0.0000         0.42703
0.39000         0.34000        0.0000         0.40256
0.40000         0.34000        0.0000         0.37538
0.41000         0.34000        0.0000         0.34540
0.42000         0.34000        0.0000         0.31242
0.43000         0.34000        0.0000         0.27658
0.44000         0.34000        0.0000         0.23792
0.45000         0.34000        0.0000         0.19625
0.46000         0.34000        0.0000         0.15179
0.47000         0.34000        0.0000         0.10487
0.48000         0.34000        0.0000         0.055410
0.49000         0.34000        0.0000         0.0036815
0.50000         0.34000        0.0000         -0.049671
0.51000         0.34000        0.0000         -0.10450
0.52000         0.34000        0.0000         -0.16052
0.53000         0.34000        0.0000         -0.21685
0.54000         0.34000        0.0000         -0.27320
0.55000         0.34000        0.0000         -0.32919
0.56000         0.34000        0.0000         -0.38403
0.57000         0.34000        0.0000         -0.43739
0.58000         0.34000        0.0000         -0.48887
0.59000         0.34000        0.0000         -0.53798
0.60000         0.34000        0.0000         -0.58451
0.61000         0.34000        0.0000         -0.62815
0.62000         0.34000        0.0000         -0.66874
0.63000         0.34000        0.0000         -0.70627
0.64000         0.34000        0.0000         -0.74065
0.65000         0.34000        0.0000         -0.77187
0.66000         0.34000        0.0000         -0.80015
0.67000         0.34000        0.0000         -0.82556
0.68000         0.34000        0.0000         -0.84818
0.69000         0.34000        0.0000         -0.86833
0.70000         0.34000        0.0000         -0.88614
0.71000         0.34000        0.0000         -0.90176
0.72000         0.34000        0.0000         -0.91548
0.73000         0.34000        0.0000         -0.92745
0.74000         0.34000        0.0000         -0.93786
0.75000         0.34000        0.0000         -0.94686
0.76000         0.34000        0.0000         -0.95466
0.77000         0.34000        0.0000         -0.96139
0.78000         0.34000        0.0000         -0.96714
0.79000         0.34000        0.0000         -0.97210
0.80000         0.34000        0.0000         -0.97634
0.81000         0.34000        0.0000         -0.97995
0.82000         0.34000        0.0000         -0.98304
0.83000         0.34000        0.0000         -0.98567
0.84000         0.34000        0.0000         -0.98790
0.85000         0.34000        0.0000         -0.98980
0.86000         0.34000        0.0000         -0.99141
0.87000         0.34000        0.0000         -0.99277
0.88000         0.34000        0.0000         -0.99391
0.89000         0.34000        0.0000         -0.99489
0.90000         0.34000        0.0000         -0.99571
0.91000         0.34000        0.0000         -0.99640
0.92000         0.34000        0.0000         -0.99698
0.93000         0.34000        0.0000         -0.99747
0.94000         0.34000        0.0000         -0.99788
0.95000         0.34000        0.0000         -0.99822
0.96000         0.34000        0.0000         -0.99852
0.97000         0.34000        0.0000         -0.99877
0.98000         0.34000        0.0000         -0.99898
0.99000         0.34000        0.0000         -0.99914
1.0000          0.34000        0.0000         -0.99919
0.0000          0.35000        0.0000         -0.41699
0.010000        0.35000        0.0000         -0.39833
0.020000        0.35000        0.0000         -0.35261
0.030000        0.35000        0.0000         -0.29624
0.040000        0.35000        0.0000         -0.23964
0.050000        0.35000        0.0000         -0.18558
0.060000        0.35000        0.0000         -0.13297
0.070000        0.35000        0.0000         -0.081480
0.080000        0.35000        0.0000         -0.031106
0.090000        0.35000        0.0000         0.017553
0.10000         0.35000        0.0000         0.064283
0.11000         0.35000        0.0000         0.10866
0.12000         0.35000        0.0000         0.15064
0.13000         0.35000        0.0000         0.18995
0.14000         0.35000        0.0000         0.22659
0.15000         0.35000        0.0000         0.26044
0.16000         0.35000        0.0000         0.29153
0.17000         0.35000        0.0000         0.31983
0.18000         0.35000        0.0000         0.34539
0.19000         0.35000        0.0000         0.36825
0.20000         0.35000        0.0000         0.38847
0.21000         0.35000        0.0000         0.40612
0.22000         0.35000        0.0000         0.42125
0.23000         0.35000        0.0000         0.43394
0.24000         0.35000        0.0000         0.44422
0.25000         0.35000        0.0000         0.45218
0.26000         0.35000        0.0000         0.45782
0.27000         0.35000        0.0000         0.46121
0.28000         0.35000        0.0000         0.46232
0.29000         0.35000        0.0000         0.46121
0.30000         0.35000        0.0000         0.45782
0.31000         0.35000        0.0000         0.45218
0.32000         0.35000        0.0000         0.44422
0.33000         0.35000        0.0000         0.43393
0.34000         0.35000        0.0000         0.42124
0.35000         0.35000        0.0000         0.40609
0.36000         0.35000        0.0000         0.38847
0.37000         0.35000        0.0000         0.36821
0.38000         0.35000        0.0000         0.34533
0.39000         0.35000        0.0000         0.31983
0.40000         0.35000        0.0000         0.29151
0.41000         0.35000        0.0000         0.26036
0.42000         0.35000        0.0000         0.22658
0.43000         0.35000        0.0000         0.18996
0.44000         0.35000        0.0000         0.15052
0.45000         0.35000        0.0000         0.10864
0.46000         0.35000        0.0000         0.064296
0.47000         0.35000        0.0000         0.017488
0.48000         0.35000        0.0000         -0.031166
0.49000         0.35000        0.0000         -0.081478
0.50000         0.35000        0.0000         -0.13334
0.51000         0.35000        0.0000         -0.18605
0.52000         0.35000        0.0000         -0.23922
0.53000         0.35000        0.0000         -0.29255
0.54000         0.35000        0.0000         -0.34547
0.55000         0.35000        0.0000         -0.39747
0.56000         0.35000        0.0000         -0.44817
0.57000         0.35000        0.0000         -0.49720
0.58000         0.35000        0.0000         -0.54414
0.59000         0.35000        0.0000         -0.58871
0.60000         0.35000        0.0000         -0.63068
0.61000         0.35000        0.0000         -0.66990
0.62000         0.35000        0.0000         -0.70629
0.63000         0.35000        0.0000         -0.73970
0.64000         0.35000        0.0000         -0.77026
0.65000         0.35000        0.0000         -0.79805
0.66000         0.35000        0.0000         -0.82306
0.67000         0.35000        0.0000         -0.84549
0.68000         0.35000        0.0000         -0.86554
0.69000         0.35000        0.0000         -0.88332
0.70000         0.35000        0.0000         -0.89899
0.71000         0.35000        0.0000         -0.91282
0.72000         0.35000        0.0000         -0.92494
0.73000         0.35000        0.0000         -0.93547
0.74000         0.35000        0.0000         -0.94468
0.75000         0.35000        0.0000         -0.95267
0.76000         0.35000        0.0000         -0.95955
0.77000         0.35000        0.0000         -0.96550
0.78000         0.35000        0.0000         -0.97063
0.79000         0.35000        0.0000         -0.97502
0.80000         0.35000        0.0000         -0.97879
0.81000         0.35000        0.0000         -0.98201
0.82000         0.35000        0.0000         -0.98476
0.83000         0.35000        0.0000         -0.98710
0.84000         0.35000        0.0000         -0.98910
0.85000         0.35000        0.0000         -0.99080
0.86000         0.35000        0.0000         -0.99224
0.87000         0.35000        0.0000         -0.99346
0.88000         0.35000        0.0000         -0.99449
0.89000         0.35000        0.0000         -0.99536
0.90000         0.35000        0.0000         -0.99610
0.91000         0.35000        0.0000         -0.99673
0.92000         0.35000        0.0000         -0.99725
0.93000         0.35000        0.0000         -0.99769
0.94000         0.35000        0.0000         -0.99807
0.95000         0.35000        0.0000         -0.99838
0.96000         0.35000        0.0000         -0.99864
0.97000         0.35000        0.0000         -0.99887
0.98000         0.35000        0.0000         -0.99907
0.99000         0.35000        0.0000         -0.99921
1.0000          0.35000        0.0000         -0.99926
0.0000          0.36000        0.0000         -0.47952
0.010000        0.36000        0.0000         -0.46335
0.020000        0.36000        0.0000         -0.42100
0.030000        0.36000        0.0000         -0.36880
0.040000        0.36000        0.0000         -0.31621
0.050000        0.36000        0.0000         -0.26521
0.060000        0.36000        0.0000         -0.21550
0.070000        0.36000        0.0000         -0.16621
0.080000        0.36000        0.0000         -0.11786
0.090000        0.36000        0.0000         -0.070544
0.10000         0.36000        0.0000         -0.024984
0.11000         0.36000        0.0000         0.018837
0.12000         0.36000        0.0000         0.060394
0.13000         0.36000        0.0000         0.099765
0.14000         0.36000        0.0000         0.13657
0.15000         0.36000        0.0000         0.17091
0.16000         0.36000        0.0000         0.20255
0.17000         0.36000        0.0000         0.23158
0.18000         0.36000        0.0000         0.25790
0.19000         0.36000        0.0000         0.28158
0.20000         0.36000        0.0000         0.30260
0.21000         0.36000        0.0000         0.32102
0.22000         0.36000        0.0000         0.33687
0.23000         0.36000        0.0000         0.35018
0.24000         0.36000        0.0000         0.36104
0.25000         0.36000        0.0000         0.36941
0.26000         0.36000        0.0000         0.37540
0.27000         0.36000        0.0000         0.37895
0.28000         0.36000        0.0000         0.38016
0.29000         0.36000        0.0000         0.37894
0.30000         0.36000        0.0000         0.37539
0.31000         0.36000        0.0000         0.36940
0.32000         0.36000        0.0000         0.36104
0.33000         0.36000        0.0000         0.35018
0.34000         0.36000        0.0000         0.33687
0.35000         0.36000        0.0000         0.32102
0.36000         0.36000        0.0000         0.30258
0.37000         0.36000        0.0000         0.28160
0.38000         0.36000        0.0000         0.25795
0.39000         0.36000        0.0000         0.23154
0.40000         0.36000        0.0000         0.20256
0.41000         0.36000        0.0000         0.17096
0.42000         0.36000        0.0000         0.13657
0.43000         0.36000        0.0000         0.099703
0.44000         0.36000        0.0000         0.060489
0.45000         0.36000        0.0000         0.018807
0.46000         0.36000        0.0000         -0.024996
0.47000         0.36000        0.0000         -0.070524
0.48000         0.36000        0.0000         -0.11775
0.49000         0.36000        0.0000         -0.16635
0.50000         0.36000        0.0000         -0.21571
0.51000         0.36000        0.0000         -0.26561
0.52000         0.36000        0.0000         -0.31575
0.53000         0.36000        0.0000         -0.36544
0.54000         0.36000        0.0000         -0.41441
0.55000         0.36000        0.0000         -0.46233
0.56000         0.36000        0.0000         -0.50867
0.57000         0.36000        0.0000         -0.55322
0.58000         0.36000        0.0000         -0.59565
0.59000         0.36000        0.0000         -0.63571
0.60000         0.36000        0.0000         -0.67335
0.61000         0.36000        0.0000         -0.70832
0.62000         0.36000        0.0000         -0.74060
0.63000         0.36000        0.0000         -0.77029
0.64000         0.36000        0.0000         -0.79734
0.65000         0.36000        0.0000         -0.82178
0.66000         0.36000        0.0000         -0.84387
0.67000         0.36000        0.0000         -0.86366
0.68000         0.36000        0.0000         -0.88123
0.69000         0.36000        0.0000         -0.89688
0.70000         0.36000        0.0000         -0.91071
0.71000         0.36000        0.0000         -0.92283
0.72000         0.36000        0.0000         -0.93348
0.73000         0.36000        0.0000         -0.94280
0.74000         0.36000        0.0000         -0.95089
0.75000         0.36000        0.0000         -0.95791
0.76000         0.36000        0.0000         -0.96401
0.77000         0.36000        0.0000         -0.96927
0.78000         0.36000        0.0000         -0.97379
0.79000         0.36000        0.0000         -0.97769
0.80000         0.36000        0.0000         -0.98103
0.81000         0.36000        0.0000         -0.98389
0.82000         0.36000        0.0000         -0.98634
0.83000         0.36000        0.0000         -0.98843
0.84000         0.36000        0.0000         -0.99020
0.85000         0.36000        0.0000         -0.99172
0.86000         0.36000        0.0000         -0.99300
0.87000         0.36000        0.0000         -0.99410
0.88000         0.36000        0.0000         -0.99502
0.89000         0.36000        0.0000         -0.99581
0.90000         0.36000        0.0000         -0.99647
0.91000         0.36000        0.0000         -0.99703
0.92000         0.36000        0.0000         -0.99750
0.93000         0.36000        0.0000         -0.99790
0.94000         0.36000        0.0000         -0.99824
0.95000         0.36000        0.0000         -0.99852
0.96000         0.36000        0.0000         -0.99876
0.97000         0.36000        0.0000         -0.99897
0.98000         0.36000        0.0000         -0.99915
0.99000         0.36000        0.0000         -0.99928
1.0000          0.36000        0.0000         -0.99932
0.0000          0.37000        0.0000         -0.53932
0.010000        0.37000        0.0000         -0.52395
0.020000        0.37000        0.0000         -0.48554
0.030000        0.37000        0.0000         -0.43764
0.040000        0.37000        0.0000         -0.38924
0.050000        0.37000        0.0000         -0.34209
0.060000        0.37000        0.0000         -0.29553
0.070000        0.37000        0.0000         -0.24922
0.080000        0.37000        0.0000         -0.20326
0.090000        0.37000        0.0000         -0.15817
0.10000         0.37000        0.0000         -0.11422
0.11000         0.37000        0.0000         -0.071834
0.12000         0.37000        0.0000         -0.031169
0.13000         0.37000        0.0000         0.0074630
0.14000         0.37000        0.0000         0.043965
0.15000         0.37000        0.0000         0.078118
0.16000         0.37000        0.0000         0.10987
0.17000         0.37000        0.0000         0.13910
0.18000         0.37000        0.0000         0.16579
0.19000         0.37000        0.0000         0.18988
0.20000         0.37000        0.0000         0.21138
0.21000         0.37000        0.0000         0.23029
0.22000         0.37000        0.0000         0.24661
0.23000         0.37000        0.0000         0.26038
0.24000         0.37000        0.0000         0.27159
0.25000         0.37000        0.0000         0.28031
0.26000         0.37000        0.0000         0.28650
0.27000         0.37000        0.0000         0.29022
0.28000         0.37000        0.0000         0.29145
0.29000         0.37000        0.0000         0.29022
0.30000         0.37000        0.0000         0.28650
0.31000         0.37000        0.0000         0.28030
0.32000         0.37000        0.0000         0.27160
0.33000         0.37000        0.0000         0.26038
0.34000         0.37000        0.0000         0.24662
0.35000         0.37000        0.0000         0.23029
0.36000         0.37000        0.0000         0.21140
0.37000         0.37000        0.0000         0.18990
0.38000         0.37000        0.0000         0.16579
0.39000         0.37000        0.0000         0.13919
0.40000         0.37000        0.0000         0.10993
0.41000         0.37000        0.0000         0.078110
0.42000         0.37000        0.0000         0.044028
0.43000         0.37000        0.0000         0.0075623
0.44000         0.37000        0.0000         -0.031207
0.45000         0.37000        0.0000         -0.071788
0.46000         0.37000        0.0000         -0.11413
0.47000         0.37000        0.0000         -0.15816
0.48000         0.37000        0.0000         -0.20324
0.49000         0.37000        0.0000         -0.24917
0.50000         0.37000        0.0000         -0.29577
0.51000         0.37000        0.0000         -0.34243
0.52000         0.37000        0.0000         -0.38884
0.53000         0.37000        0.0000         -0.43469
0.54000         0.37000        0.0000         -0.47956
0.55000         0.37000        0.0000         -0.52314
0.56000         0.37000        0.0000         -0.56508
0.57000         0.37000        0.0000         -0.60516
0.58000         0.37000        0.0000         -0.64320
0.59000         0.37000        0.0000         -0.67897
0.60000         0.37000        0.0000         -0.71234
0.61000         0.37000        0.0000         -0.74334
0.62000         0.37000        0.0000         -0.77192
0.63000         0.37000        0.0000         -0.79801
0.64000         0.37000        0.0000         -0.82179
0.65000         0.37000        0.0000         -0.84334
0.66000         0.37000        0.0000         -0.86267
0.67000         0.37000        0.0000         -0.87998
0.68000         0.37000        0.0000         -0.89545
0.69000         0.37000        0.0000         -0.90915
0.70000         0.37000        0.0000         -0.92122
0.71000         0.37000        0.0000         -0.93188
0.72000         0.37000        0.0000         -0.94124
0.73000         0.37000        0.0000         -0.94938
0.74000         0.37000        0.0000         -0.95650
0.75000         0.37000        0.0000         -0.96269
0.76000         0.37000        0.0000         -0.96804
0.77000         0.37000        0.0000         -0.97268
0.78000         0.37000        0.0000         -0.97668
0.79000         0.37000        0.0000         -0.98011
0.80000         0.37000        0.0000         -0.98307
0.81000         0.37000        0.0000         -0.98561
0.82000         0.37000        0.0000         -0.98778
0.83000         0.37000        0.0000         -0.98963
0.84000         0.37000        0.0000         -0.99121
0.85000         0.37000        0.0000         -0.99256
0.86000         0.37000        0.0000         -0.99371
0.87000         0.37000        0.0000         -0.99468
0.88000         0.37000        0.0000         -0.99551
0.89000         0.37000        0.0000         -0.99621
0.90000         0.37000        0.0000         -0.99681
0.91000         0.37000        0.0000         -0.99731
0.92000         0.37000        0.0000         -0.99774
0.93000         0.37000        0.0000         -0.99810
0.94000         0.37000        0.0000         -0.99840
0.95000         0.37000        0.0000         -0.99866
0.96000         0.37000        0.0000         -0.99888
0.97000         0.37000        0.0000         -0.99906
0.98000         0.37000        0.0000         -0.99922
0.99000         0.37000        0.0000         -0.99934
1.0000          0.37000        0.0000         -0.99938
0.0000          0.38000        0.0000         -0.59422
0.010000        0.38000        0.0000         -0.58001
0.020000        0.38000        0.0000         -0.54565
0.030000        0.38000        0.0000         -0.50241
0.040000        0.38000        0.0000         -0.45823
0.050000        0.38000        0.0000         -0.41505
0.060000        0.38000        0.0000         -0.37208
0.070000        0.38000        0.0000         -0.32910
0.080000        0.38000        0.0000         -0.28612
0.090000        0.38000        0.0000         -0.24370
0.10000         0.38000        0.0000         -0.20202
0.11000         0.38000        0.0000         -0.16160
0.12000         0.38000        0.0000         -0.12250
0.13000         0.38000        0.0000         -0.085172
0.14000         0.38000        0.0000         -0.049616
0.15000         0.38000        0.0000         -0.016195
0.16000         0.38000        0.0000         0.015108
0.17000         0.38000        0.0000         0.044037
0.18000         0.38000        0.0000         0.070625
0.19000         0.38000        0.0000         0.094708
0.20000         0.38000        0.0000         0.11632
0.21000         0.38000        0.0000         0.13538
0.22000         0.38000        0.0000         0.15191
0.23000         0.38000        0.0000         0.16588
0.24000         0.38000        0.0000         0.17730
0.25000         0.38000        0.0000         0.18617
0.26000         0.38000        0.0000         0.19250
0.27000         0.38000        0.0000         0.19630
0.28000         0.38000        0.0000         0.19756
0.29000         0.38000        0.0000         0.19630
0.30000         0.38000        0.0000         0.19250
0.31000         0.38000        0.0000         0.18617
0.32000         0.38000        0.0000         0.17729
0.33000         0.38000        0.0000         0.16587
0.34000         0.38000        0.0000         0.15190
0.35000         0.38000        0.0000         0.13538
0.36000         0.38000        0.0000         0.11630
0.37000         0.38000        0.0000         0.094689
0.38000         0.38000        0.0000         0.070603
0.39000         0.38000        0.0000         0.043952
0.40000         0.38000        0.0000         0.015025
0.41000         0.38000        0.0000         -0.016167
0.42000         0.38000        0.0000         -0.049721
0.43000         0.38000        0.0000         -0.085230
0.44000         0.38000        0.0000         -0.12253
0.45000         0.38000        0.0000         -0.16162
0.46000         0.38000        0.0000         -0.20213
0.47000         0.38000        0.0000         -0.24368
0.48000         0.38000        0.0000         -0.28613
0.49000         0.38000        0.0000         -0.32918
0.50000         0.38000        0.0000         -0.37233
0.51000         0.38000        0.0000         -0.41534
0.52000         0.38000        0.0000         -0.45794
0.53000         0.38000        0.0000         -0.49967
0.54000         0.38000        0.0000         -0.54030
0.55000         0.38000        0.0000         -0.57954
0.56000         0.38000        0.0000         -0.61713
0.57000         0.38000        0.0000         -0.65293
0.58000         0.38000        0.0000         -0.68668
0.59000         0.38000        0.0000         -0.71831
0.60000         0.38000        0.0000         -0.74784
0.61000         0.38000        0.0000         -0.77510
0.62000         0.38000        0.0000         -0.80012
0.63000         0.38000        0.0000         -0.82307
0.64000         0.38000        0.0000         -0.84389
0.65000         0.38000        0.0000         -0.86264
0.66000         0.38000        0.0000         -0.87958
0.67000         0.38000        0.0000         -0.89473
0.68000         0.38000        0.0000         -0.90817
0.69000         0.38000        0.0000         -0.92014
0.70000         0.38000        0.0000         -0.93073
0.71000         0.38000        0.0000         -0.94001
0.72000         0.38000        0.0000         -0.94818
0.73000         0.38000        0.0000         -0.95534
0.74000         0.38000        0.0000         -0.96157
0.75000         0.38000        0.0000         -0.96698
0.76000         0.38000        0.0000         -0.97169
0.77000         0.38000        0.0000         -0.97577
0.78000         0.38000        0.0000         -0.97928
0.79000         0.38000        0.0000         -0.98232
0.80000         0.38000        0.0000         -0.98493
0.81000         0.38000        0.0000         -0.98716
0.82000         0.38000        0.0000         -0.98909
0.83000         0.38000        0.0000         -0.99073
0.84000         0.38000        0.0000         -0.99213
0.85000         0.38000        0.0000         -0.99333
0.86000         0.38000        0.0000         -0.99435
0.87000         0.38000        0.0000         -0.99522
0.88000         0.38000        0.0000         -0.99596
0.89000         0.38000        0.0000         -0.99659
0.90000         0.38000        0.0000         -0.99712
0.91000         0.38000        0.0000         -0.99757
0.92000         0.38000        0.0000         -0.99796
0.93000         0.38000        0.0000         -0.99828
0.94000         0.38000        0.0000         -0.99855
0.95000         0.38000        0.0000         -0.99878
0.96000         0.38000        0.0000         -0.99898
0.97000         0.38000        0.0000         -0.99915
0.98000         0.38000        0.0000         -0.99929
0.99000         0.38000        0.0000         -0.99940
1.0000          0.38000        0.0000         -0.99944
0.0000          0.39000        0.0000         -0.64386
0.010000        0.39000        0.0000         -0.63208
0.020000        0.39000        0.0000         -0.60095
0.030000        0.39000        0.0000         -0.56234
0.040000        0.39000        0.0000         -0.52267
0.050000        0.39000        0.0000         -0.48351
0.060000        0.39000        0.0000         -0.44446
0.070000        0.39000        0.0000         -0.40502
0.080000        0.39000        0.0000         -0.36550
0.090000        0.39000        0.0000         -0.32607
0.10000         0.39000        0.0000         -0.28728
0.11000         0.39000        0.0000         -0.24923
0.12000         0.39000        0.0000         -0.21238
0.13000         0.39000        0.0000         -0.17678
0.14000         0.39000        0.0000         -0.14286
0.15000         0.39000        0.0000         -0.11061
0.16000         0.39000        0.0000         -0.080395
0.17000         0.39000        0.0000         -0.052181
0.18000         0.39000        0.0000         -0.026243
0.19000         0.39000        0.0000         -0.0025369
0.20000         0.39000        0.0000         0.018745
0.21000         0.39000        0.0000         0.037647
0.22000         0.39000        0.0000         0.054047
0.23000         0.39000        0.0000         0.067981
0.24000         0.39000        0.0000         0.079379
0.25000         0.39000        0.0000         0.088267
0.26000         0.39000        0.0000         0.094610
0.27000         0.39000        0.0000         0.098423
0.28000         0.39000        0.0000         0.099690
0.29000         0.39000        0.0000         0.098423
0.30000         0.39000        0.0000         0.094609
0.31000         0.39000        0.0000         0.088267
0.32000         0.39000        0.0000         0.079375
0.33000         0.39000        0.0000         0.067980
0.34000         0.39000        0.0000         0.054036
0.35000         0.39000        0.0000         0.037645
0.36000         0.39000        0.0000         0.018718
0.37000         0.39000        0.0000         -0.0025373
0.38000         0.39000        0.0000         -0.026216
0.39000         0.39000        0.0000         -0.052105
0.40000         0.39000        0.0000         -0.080305
0.41000         0.39000        0.0000         -0.11063
0.42000         0.39000        0.0000         -0.14277
0.43000         0.39000        0.0000         -0.17673
0.44000         0.39000        0.0000         -0.21237
0.45000         0.39000        0.0000         -0.24923
0.46000         0.39000        0.0000         -0.28718
0.47000         0.39000        0.0000         -0.32609
0.48000         0.39000        0.0000         -0.36545
0.49000         0.39000        0.0000         -0.40504
0.50000         0.39000        0.0000         -0.44463
0.51000         0.39000        0.0000         -0.48380
0.52000         0.39000        0.0000         -0.52234
0.53000         0.39000        0.0000         -0.55993
0.54000         0.39000        0.0000         -0.59631
0.55000         0.39000        0.0000         -0.63134
0.56000         0.39000        0.0000         -0.66472
0.57000         0.39000        0.0000         -0.69633
0.58000         0.39000        0.0000         -0.72613
0.59000         0.39000        0.0000         -0.75398
0.60000         0.39000        0.0000         -0.77977
0.61000         0.39000        0.0000         -0.80364
0.62000         0.39000        0.0000         -0.82557
0.63000         0.39000        0.0000         -0.84549
0.64000         0.39000        0.0000         -0.86361
0.65000         0.39000        0.0000         -0.88002
0.66000         0.39000        0.0000         -0.89471
0.67000         0.39000        0.0000         -0.90785
0.68000         0.39000        0.0000         -0.91960
0.69000         0.39000        0.0000         -0.93001
0.70000         0.39000        0.0000         -0.93919
0.71000         0.39000        0.0000         -0.94731
0.72000         0.39000        0.0000         -0.95445
0.73000         0.39000        0.0000         -0.96066
0.74000         0.39000        0.0000         -0.96612
0.75000         0.39000        0.0000         -0.97087
0.76000         0.39000        0.0000         -0.97497
0.77000         0.39000        0.0000         -0.97855
0.78000         0.39000        0.0000         -0.98164
0.79000         0.39000        0.0000         -0.98431
0.80000         0.39000        0.0000         -0.98660
0.81000         0.39000        0.0000         -0.98858
0.82000         0.39000        0.0000         -0.99028
0.83000         0.39000        0.0000         -0.99173
0.84000         0.39000        0.0000         -0.99297
0.85000         0.39000        0.0000         -0.99404
0.86000         0.39000        0.0000         -0.99494
0.87000         0.39000        0.0000         -0.99572
0.88000         0.39000        0.0000         -0.99638
0.89000         0.39000        0.0000         -0.99693
0.90000         0.39000        0.0000         -0.99741
0.91000         0.39000        0.0000         -0.99782
0.92000         0.39000        0.0000         -0.99816
0.93000         0.39000        0.0000         -0.99845
0.94000         0.39000        0.0000         -0.99869
0.95000         0.39000        0.0000         -0.99890
0.96000         0.39000        0.0000         -0.99907
0.97000         0.39000        0.0000         -0.99923
0.98000         0.39000        0.0000         -0.99936
0.99000         0.39000        0.0000         -0.99945
1.0000          0.39000        0.0000         -0.99949
0.0000          0.40000        0.0000         -0.68970
0.010000        0.40000        0.0000         -0.67904
0.020000        0.40000        0.0000         -0.65157
0.030000        0.40000        0.0000         -0.61719
0.040000        0.40000        0.0000         -0.58194
0.050000        0.40000        0.0000         -0.54693
0.060000        0.40000        0.0000         -0.51176
0.070000        0.40000        0.0000         -0.47611
0.080000        0.40000        0.0000         -0.44013
0.090000        0.40000        0.0000         -0.40411
0.10000         0.40000        0.0000         -0.36839
0.11000         0.40000        0.0000         -0.33323
0.12000         0.40000        0.0000         -0.29891
0.13000         0.40000        0.0000         -0.26564
0.14000         0.40000        0.0000         -0.23367
0.15000         0.40000        0.0000         -0.20320
0.16000         0.40000        0.0000         -0.17443
0.17000         0.40000        0.0000         -0.14749
0.18000         0.40000        0.0000         -0.12256
0.19000         0.40000        0.0000         -0.099714
0.20000         0.40000        0.0000         -0.079085
0.21000         0.40000        0.0000         -0.060730
0.22000         0.40000        0.0000         -0.044727
0.23000         0.40000        0.0000         -0.031112
0.24000         0.40000        0.0000         -0.019935
0.25000         0.40000        0.0000         -0.011211
0.26000         0.40000        0.0000         -0.0049722
0.27000         0.40000        0.0000         -0.0012199
0.28000         0.40000        0.0000         2.8611E-5
0.29000         0.40000        0.0000         -0.0012207
0.30000         0.40000        0.0000         -0.0049721
0.31000         0.40000        0.0000         -0.011214
0.32000         0.40000        0.0000         -0.019932
0.33000         0.40000        0.0000         -0.031116
0.34000         0.40000        0.0000         -0.044717
0.35000         0.40000        0.0000         -0.060732
0.36000         0.40000        0.0000         -0.079067
0.37000         0.40000        0.0000         -0.099715
0.38000         0.40000        0.0000         -0.12256
0.39000         0.40000        0.0000         -0.14754
0.40000         0.40000        0.0000         -0.17444
0.41000         0.40000        0.0000         -0.20319
0.42000         0.40000        0.0000         -0.23373
0.43000         0.40000        0.0000         -0.26567
0.44000         0.40000        0.0000         -0.29889
0.45000         0.40000        0.0000         -0.33326
0.46000         0.40000        0.0000         -0.36842
0.47000         0.40000        0.0000         -0.40411
0.48000         0.40000        0.0000         -0.44010
0.49000         0.40000        0.0000         -0.47615
0.50000         0.40000        0.0000         -0.51193
0.51000         0.40000        0.0000         -0.54717
0.52000         0.40000        0.0000         -0.58166
0.53000         0.40000        0.0000         -0.61517
0.54000         0.40000        0.0000         -0.64749
0.55000         0.40000        0.0000         -0.67838
0.56000         0.40000        0.0000         -0.70778
0.57000         0.40000        0.0000         -0.73560
0.58000         0.40000        0.0000         -0.76162
0.59000         0.40000        0.0000         -0.78589
0.60000         0.40000        0.0000         -0.80847
0.61000         0.40000        0.0000         -0.82920
0.62000         0.40000        0.0000         -0.84817
0.63000         0.40000        0.0000         -0.86554
0.64000         0.40000        0.0000         -0.88127
0.65000         0.40000        0.0000         -0.89541
0.66000         0.40000        0.0000         -0.90819
0.67000         0.40000        0.0000         -0.91962
0.68000         0.40000        0.0000         -0.92975
0.69000         0.40000        0.0000         -0.93879
0.70000         0.40000        0.0000         -0.94679
0.71000         0.40000        0.0000         -0.95382
0.72000         0.40000        0.0000         -0.96001
0.73000         0.40000        0.0000         -0.96545
0.74000         0.40000        0.0000         -0.97020
0.75000         0.40000        0.0000         -0.97433
0.76000         0.40000        0.0000         -0.97793
0.77000         0.40000        0.0000         -0.98106
0.78000         0.40000        0.0000         -0.98376
0.79000         0.40000        0.0000         -0.98610
0.80000         0.40000        0.0000         -0.98813
0.81000         0.40000        0.0000         -0.98986
0.82000         0.40000        0.0000         -0.99135
0.83000         0.40000        0.0000         -0.99264
0.84000         0.40000        0.0000         -0.99373
0.85000         0.40000        0.0000         -0.99468
0.86000         0.40000        0.0000         -0.99548
0.87000         0.40000        0.0000         -0.99617
0.88000         0.40000        0.0000         -0.99675
0.89000         0.40000        0.0000         -0.99725
0.90000         0.40000        0.0000         -0.99768
0.91000         0.40000        0.0000         -0.99803
0.92000         0.40000        0.0000         -0.99834
0.93000         0.40000        0.0000         -0.99860
0.94000         0.40000        0.0000         -0.99882
0.95000         0.40000        0.0000         -0.99900
0.96000         0.40000        0.0000         -0.99916
0.97000         0.40000        0.0000         -0.99930
0.98000         0.40000        0.0000         -0.99942
0.99000         0.40000        0.0000         -0.99950
1.0000          0.40000        0.0000         -0.99954
0.0000          0.41000        0.0000         -0.73095
0.010000        0.41000        0.0000         -0.72104
0.020000        0.41000        0.0000         -0.69738
0.030000        0.41000        0.0000         -0.66716
0.040000        0.41000        0.0000         -0.63597
0.050000        0.41000        0.0000         -0.60497
0.060000        0.41000        0.0000         -0.57366
0.070000        0.41000        0.0000         -0.54182
0.080000        0.41000        0.0000         -0.50948
0.090000        0.41000        0.0000         -0.47702
0.10000         0.41000        0.0000         -0.44459
0.11000         0.41000        0.0000         -0.41258
0.12000         0.41000        0.0000         -0.38109
0.13000         0.41000        0.0000         -0.35050
0.14000         0.41000        0.0000         -0.32086
0.15000         0.41000        0.0000         -0.29257
0.16000         0.41000        0.0000         -0.26562
0.17000         0.41000        0.0000         -0.24038
0.18000         0.41000        0.0000         -0.21681
0.19000         0.41000        0.0000         -0.19522
0.20000         0.41000        0.0000         -0.17557
0.21000         0.41000        0.0000         -0.15810
0.22000         0.41000        0.0000         -0.14276
0.23000         0.41000        0.0000         -0.12973
0.24000         0.41000        0.0000         -0.11896
0.25000         0.41000        0.0000         -0.11058
0.26000         0.41000        0.0000         -0.10454
0.27000         0.41000        0.0000         -0.10094
0.28000         0.41000        0.0000         -0.099713
0.29000         0.41000        0.0000         -0.10094
0.30000         0.41000        0.0000         -0.10454
0.31000         0.41000        0.0000         -0.11058
0.32000         0.41000        0.0000         -0.11896
0.33000         0.41000        0.0000         -0.12973
0.34000         0.41000        0.0000         -0.14277
0.35000         0.41000        0.0000         -0.15811
0.36000         0.41000        0.0000         -0.17559
0.37000         0.41000        0.0000         -0.19522
0.38000         0.41000        0.0000         -0.21682
0.39000         0.41000        0.0000         -0.24037
0.40000         0.41000        0.0000         -0.26564
0.41000         0.41000        0.0000         -0.29258
0.42000         0.41000        0.0000         -0.32088
0.43000         0.41000        0.0000         -0.35047
0.44000         0.41000        0.0000         -0.38114
0.45000         0.41000        0.0000         -0.41257
0.46000         0.41000        0.0000         -0.44459
0.47000         0.41000        0.0000         -0.47701
0.48000         0.41000        0.0000         -0.50949
0.49000         0.41000        0.0000         -0.54184
0.50000         0.41000        0.0000         -0.57381
0.51000         0.41000        0.0000         -0.60516
0.52000         0.41000        0.0000         -0.63576
0.53000         0.41000        0.0000         -0.66530
0.54000         0.41000        0.0000         -0.69366
0.55000         0.41000        0.0000         -0.72082
0.56000         0.41000        0.0000         -0.74650
0.57000         0.41000        0.0000         -0.77065
0.58000         0.41000        0.0000         -0.79335
0.59000         0.41000        0.0000         -0.81446
0.60000         0.41000        0.0000         -0.83391
0.61000         0.41000        0.0000         -0.85188
0.62000         0.41000        0.0000         -0.86836
0.63000         0.41000        0.0000         -0.88329
0.64000         0.41000        0.0000         -0.89687
0.65000         0.41000        0.0000         -0.90915
0.66000         0.41000        0.0000         -0.92014
0.67000         0.41000        0.0000         -0.92999
0.68000         0.41000        0.0000         -0.93880
0.69000         0.41000        0.0000         -0.94661
0.70000         0.41000        0.0000         -0.95350
0.71000         0.41000        0.0000         -0.95962
0.72000         0.41000        0.0000         -0.96500
0.73000         0.41000        0.0000         -0.96970
0.74000         0.41000        0.0000         -0.97383
0.75000         0.41000        0.0000         -0.97744
0.76000         0.41000        0.0000         -0.98057
0.77000         0.41000        0.0000         -0.98330
0.78000         0.41000        0.0000         -0.98567
0.79000         0.41000        0.0000         -0.98772
0.80000         0.41000        0.0000         -0.98949
0.81000         0.41000        0.0000         -0.99101
0.82000         0.41000        0.0000         -0.99233
0.83000         0.41000        0.0000         -0.99346
0.84000         0.41000        0.0000         -0.99443
0.85000         0.41000        0.0000         -0.99526
0.86000         0.41000        0.0000         -0.99597
0.87000         0.41000        0.0000         -0.99658
0.88000         0.41000        0.0000         -0.99710
0.89000         0.41000        0.0000         -0.99754
0.90000         0.41000        0.0000         -0.99792
0.91000         0.41000        0.0000         -0.99824
0.92000         0.41000        0.0000         -0.99851
0.93000         0.41000        0.0000         -0.99874
0.94000         0.41000        0.0000         -0.99894
0.95000         0.41000        0.0000         -0.99910
0.96000         0.41000        0.0000         -0.99924
0.97000         0.41000        0.0000         -0.99937
0.98000         0.41000        0.0000         -0.99947
0.99000         0.41000        0.0000         -0.99955
1.0000          0.41000        0.0000         -0.99958
0.0000          0.42000        0.0000         -0.76719
0.010000        0.42000        0.0000         -0.75915
0.020000        0.42000        0.0000         -0.73813
0.030000        0.42000        0.0000         -0.71193
0.040000        0.42000        0.0000         -0.68469
0.050000        0.42000        0.0000         -0.65748
0.060000        0.42000        0.0000         -0.62994
0.070000        0.42000        0.0000         -0.60177
0.080000        0.42000        0.0000         -0.57310
0.090000        0.42000        0.0000         -0.54414
0.10000         0.42000        0.0000         -0.51516
0.11000         0.42000        0.0000         -0.48634
0.12000         0.42000        0.0000         -0.45795
0.13000         0.42000        0.0000         -0.43014
0.14000         0.42000        0.0000         -0.40321
0.15000         0.42000        0.0000         -0.37724
0.16000         0.42000        0.0000         -0.35254
0.17000         0.42000        0.0000         -0.32917
0.18000         0.42000        0.0000         -0.30740
0.19000         0.42000        0.0000         -0.28725
0.20000         0.42000        0.0000         -0.26898
0.21000         0.42000        0.0000         -0.25256
0.22000         0.42000        0.0000         -0.23821
0.23000         0.42000        0.0000         -0.22590
0.24000         0.42000        0.0000         -0.21578
0.25000         0.42000        0.0000         -0.20782
0.26000         0.42000        0.0000         -0.20215
0.27000         0.42000        0.0000         -0.19870
0.28000         0.42000        0.0000         -0.19758
0.29000         0.42000        0.0000         -0.19870
0.30000         0.42000        0.0000         -0.20215
0.31000         0.42000        0.0000         -0.20782
0.32000         0.42000        0.0000         -0.21578
0.33000         0.42000        0.0000         -0.22589
0.34000         0.42000        0.0000         -0.23821
0.35000         0.42000        0.0000         -0.25256
0.36000         0.42000        0.0000         -0.26898
0.37000         0.42000        0.0000         -0.28725
0.38000         0.42000        0.0000         -0.30741
0.39000         0.42000        0.0000         -0.32916
0.40000         0.42000        0.0000         -0.35254
0.41000         0.42000        0.0000         -0.37723
0.42000         0.42000        0.0000         -0.40320
0.43000         0.42000        0.0000         -0.43013
0.44000         0.42000        0.0000         -0.45792
0.45000         0.42000        0.0000         -0.48634
0.46000         0.42000        0.0000         -0.51514
0.47000         0.42000        0.0000         -0.54415
0.48000         0.42000        0.0000         -0.57308
0.49000         0.42000        0.0000         -0.60178
0.50000         0.42000        0.0000         -0.63007
0.51000         0.42000        0.0000         -0.65769
0.52000         0.42000        0.0000         -0.68447
0.53000         0.42000        0.0000         -0.71034
0.54000         0.42000        0.0000         -0.73513
0.55000         0.42000        0.0000         -0.75865
0.56000         0.42000        0.0000         -0.78094
0.57000         0.42000        0.0000         -0.80194
0.58000         0.42000        0.0000         -0.82148
0.59000         0.42000        0.0000         -0.83966
0.60000         0.42000        0.0000         -0.85653
0.61000         0.42000        0.0000         -0.87198
0.62000         0.42000        0.0000         -0.88610
0.63000         0.42000        0.0000         -0.89902
0.64000         0.42000        0.0000         -0.91071
0.65000         0.42000        0.0000         -0.92121
0.66000         0.42000        0.0000         -0.93071
0.67000         0.42000        0.0000         -0.93922
0.68000         0.42000        0.0000         -0.94677
0.69000         0.42000        0.0000         -0.95351
0.70000         0.42000        0.0000         -0.95950
0.71000         0.42000        0.0000         -0.96476
0.72000         0.42000        0.0000         -0.96941
0.73000         0.42000        0.0000         -0.97350
0.74000         0.42000        0.0000         -0.97708
0.75000         0.42000        0.0000         -0.98020
0.76000         0.42000        0.0000         -0.98294
0.77000         0.42000        0.0000         -0.98532
0.78000         0.42000        0.0000         -0.98737
0.79000         0.42000        0.0000         -0.98917
0.80000         0.42000        0.0000         -0.99072
0.81000         0.42000        0.0000         -0.99205
0.82000         0.42000        0.0000         -0.99321
0.83000         0.42000        0.0000         -0.99420
0.84000         0.42000        0.0000         -0.99505
0.85000         0.42000        0.0000         -0.99578
0.86000         0.42000        0.0000         -0.99641
0.87000         0.42000        0.0000         -0.99695
0.88000         0.42000        0.0000         -0.99741
0.89000         0.42000        0.0000         -0.99780
0.90000         0.42000        0.0000         -0.99814
0.91000         0.42000        0.0000         -0.99842
0.92000         0.42000        0.0000         -0.99866
0.93000         0.42000        0.0000         -0.99887
0.94000         0.42000        0.0000         -0.99904
0.95000         0.42000        0.0000         -0.99919
0.96000         0.42000        0.0000         -0.99932
0.97000         0.42000        0.0000         -0.99943
0.98000         0.42000        0.0000         -0.99952
0.99000         0.42000        0.0000         -0.99959
1.0000          0.42000        0.0000         -0.99962
0.0000          0.43000        0.0000         -0.79951
0.010000        0.43000        0.0000         -0.79271
0.020000        0.43000        0.0000         -0.77455
0.030000        0.43000        0.0000         -0.75183
0.040000        0.43000        0.0000         -0.72823
0.050000        0.43000        0.0000         -0.70457
0.060000        0.43000        0.0000         -0.68052
0.070000        0.43000        0.0000         -0.65588
0.080000        0.43000        0.0000         -0.63070
0.090000        0.43000        0.0000         -0.60518
0.10000         0.43000        0.0000         -0.57954
0.11000         0.43000        0.0000         -0.55395
0.12000         0.43000        0.0000         -0.52865
0.13000         0.43000        0.0000         -0.50376
0.14000         0.43000        0.0000         -0.47955
0.15000         0.43000        0.0000         -0.45613
0.16000         0.43000        0.0000         -0.43377
0.17000         0.43000        0.0000         -0.41253
0.18000         0.43000        0.0000         -0.39268
0.19000         0.43000        0.0000         -0.37425
0.20000         0.43000        0.0000         -0.35747
0.21000         0.43000        0.0000         -0.34236
0.22000         0.43000        0.0000         -0.32912
0.23000         0.43000        0.0000         -0.31773
0.24000         0.43000        0.0000         -0.30836
0.25000         0.43000        0.0000         -0.30098
0.26000         0.43000        0.0000         -0.29570
0.27000         0.43000        0.0000         -0.29250
0.28000         0.43000        0.0000         -0.29145
0.29000         0.43000        0.0000         -0.29250
0.30000         0.43000        0.0000         -0.29570
0.31000         0.43000        0.0000         -0.30098
0.32000         0.43000        0.0000         -0.30836
0.33000         0.43000        0.0000         -0.31773
0.34000         0.43000        0.0000         -0.32912
0.35000         0.43000        0.0000         -0.34237
0.36000         0.43000        0.0000         -0.35747
0.37000         0.43000        0.0000         -0.37426
0.38000         0.43000        0.0000         -0.39267
0.39000         0.43000        0.0000         -0.41255
0.40000         0.43000        0.0000         -0.43376
0.41000         0.43000        0.0000         -0.45615
0.42000         0.43000        0.0000         -0.47956
0.43000         0.43000        0.0000         -0.50377
0.44000         0.43000        0.0000         -0.52865
0.45000         0.43000        0.0000         -0.55396
0.46000         0.43000        0.0000         -0.57954
0.47000         0.43000        0.0000         -0.60517
0.48000         0.43000        0.0000         -0.63068
0.49000         0.43000        0.0000         -0.65592
0.50000         0.43000        0.0000         -0.68062
0.51000         0.43000        0.0000         -0.70469
0.52000         0.43000        0.0000         -0.72807
0.53000         0.43000        0.0000         -0.75047
0.54000         0.43000        0.0000         -0.77186
0.55000         0.43000        0.0000         -0.79227
0.56000         0.43000        0.0000         -0.81148
0.57000         0.43000        0.0000         -0.82946
0.58000         0.43000        0.0000         -0.84633
0.59000         0.43000        0.0000         -0.86197
0.60000         0.43000        0.0000         -0.87635
0.61000         0.43000        0.0000         -0.88963
0.62000         0.43000        0.0000         -0.90180
0.63000         0.43000        0.0000         -0.91281
0.64000         0.43000        0.0000         -0.92283
0.65000         0.43000        0.0000         -0.93190
0.66000         0.43000        0.0000         -0.94002
0.67000         0.43000        0.0000         -0.94730
0.68000         0.43000        0.0000         -0.95383
0.69000         0.43000        0.0000         -0.95963
0.70000         0.43000        0.0000         -0.96475
0.71000         0.43000        0.0000         -0.96931
0.72000         0.43000        0.0000         -0.97334
0.73000         0.43000        0.0000         -0.97685
0.74000         0.43000        0.0000         -0.97996
0.75000         0.43000        0.0000         -0.98268
0.76000         0.43000        0.0000         -0.98504
0.77000         0.43000        0.0000         -0.98710
0.78000         0.43000        0.0000         -0.98891
0.79000         0.43000        0.0000         -0.99046
0.80000         0.43000        0.0000         -0.99181
0.81000         0.43000        0.0000         -0.99298
0.82000         0.43000        0.0000         -0.99399
0.83000         0.43000        0.0000         -0.99486
0.84000         0.43000        0.0000         -0.99561
0.85000         0.43000        0.0000         -0.99626
0.86000         0.43000        0.0000         -0.99681
0.87000         0.43000        0.0000         -0.99728
0.88000         0.43000        0.0000         -0.99769
0.89000         0.43000        0.0000         -0.99804
0.90000         0.43000        0.0000         -0.99833
0.91000         0.43000        0.0000         -0.99859
0.92000         0.43000        0.0000         -0.99880
0.93000         0.43000        0.0000         -0.99899
0.94000         0.43000        0.0000         -0.99914
0.95000         0.43000        0.0000         -0.99927
0.96000         0.43000        0.0000         -0.99939
0.97000         0.43000        0.0000         -0.99949
0.98000         0.43000        0.0000         -0.99957
0.99000         0.43000        0.0000         -0.99963
1.0000          0.43000        0.0000         -0.99966
0.0000          0.44000        0.0000         -0.82834
0.010000        0.44000        0.0000         -0.82195
0.020000        0.44000        0.0000         -0.80670
0.030000        0.44000        0.0000         -0.78709
0.040000        0.44000        0.0000         -0.76676
0.050000        0.44000        0.0000         -0.74634
0.060000        0.44000        0.0000         -0.72555
0.070000        0.44000        0.0000         -0.70418
0.080000        0.44000        0.0000         -0.68229
0.090000        0.44000        0.0000         -0.66004
0.10000         0.44000        0.0000         -0.63760
0.11000         0.44000        0.0000         -0.61518
0.12000         0.44000        0.0000         -0.59287
0.13000         0.44000        0.0000         -0.57093
0.14000         0.44000        0.0000         -0.54944
0.15000         0.44000        0.0000         -0.52867
0.16000         0.44000        0.0000         -0.50866
0.17000         0.44000        0.0000         -0.48972
0.18000         0.44000        0.0000         -0.47184
0.19000         0.44000        0.0000         -0.45531
0.20000         0.44000        0.0000         -0.44011
0.21000         0.44000        0.0000         -0.42650
0.22000         0.44000        0.0000         -0.41443
0.23000         0.44000        0.0000         -0.40415
0.24000         0.44000        0.0000         -0.39556
0.25000         0.44000        0.0000         -0.38889
0.26000         0.44000        0.0000         -0.38402
0.27000         0.44000        0.0000         -0.38115
0.28000         0.44000        0.0000         -0.38014
0.29000         0.44000        0.0000         -0.38115
0.30000         0.44000        0.0000         -0.38402
0.31000         0.44000        0.0000         -0.38889
0.32000         0.44000        0.0000         -0.39556
0.33000         0.44000        0.0000         -0.40415
0.34000         0.44000        0.0000         -0.41443
0.35000         0.44000        0.0000         -0.42650
0.36000         0.44000        0.0000         -0.44011
0.37000         0.44000        0.0000         -0.45531
0.38000         0.44000        0.0000         -0.47184
0.39000         0.44000        0.0000         -0.48972
0.40000         0.44000        0.0000         -0.50867
0.41000         0.44000        0.0000         -0.52866
0.42000         0.44000        0.0000         -0.54945
0.43000         0.44000        0.0000         -0.57091
0.44000         0.44000        0.0000         -0.59289
0.45000         0.44000        0.0000         -0.61517
0.46000         0.44000        0.0000         -0.63759
0.47000         0.44000        0.0000         -0.66006
0.48000         0.44000        0.0000         -0.68229
0.49000         0.44000        0.0000         -0.70417
0.50000         0.44000        0.0000         -0.72566
0.51000         0.44000        0.0000         -0.74651
0.52000         0.44000        0.0000         -0.76658
0.53000         0.44000        0.0000         -0.78592
0.54000         0.44000        0.0000         -0.80437
0.55000         0.44000        0.0000         -0.82179
0.56000         0.44000        0.0000         -0.83825
0.57000         0.44000        0.0000         -0.85374
0.58000         0.44000        0.0000         -0.86809
0.59000         0.44000        0.0000         -0.88143
0.60000         0.44000        0.0000         -0.89381
0.61000         0.44000        0.0000         -0.90513
0.62000         0.44000        0.0000         -0.91546
0.63000         0.44000        0.0000         -0.92493
0.64000         0.44000        0.0000         -0.93350
0.65000         0.44000        0.0000         -0.94121
0.66000         0.44000        0.0000         -0.94819
0.67000         0.44000        0.0000         -0.95445
0.68000         0.44000        0.0000         -0.96001
0.69000         0.44000        0.0000         -0.96499
0.70000         0.44000        0.0000         -0.96942
0.71000         0.44000        0.0000         -0.97332
0.72000         0.44000        0.0000         -0.97678
0.73000         0.44000        0.0000         -0.97983
0.74000         0.44000        0.0000         -0.98251
0.75000         0.44000        0.0000         -0.98485
0.76000         0.44000        0.0000         -0.98691
0.77000         0.44000        0.0000         -0.98870
0.78000         0.44000        0.0000         -0.99026
0.79000         0.44000        0.0000         -0.99162
0.80000         0.44000        0.0000         -0.99280
0.81000         0.44000        0.0000         -0.99382
0.82000         0.44000        0.0000         -0.99470
0.83000         0.44000        0.0000         -0.99546
0.84000         0.44000        0.0000         -0.99612
0.85000         0.44000        0.0000         -0.99668
0.86000         0.44000        0.0000         -0.99717
0.87000         0.44000        0.0000         -0.99759
0.88000         0.44000        0.0000         -0.99795
0.89000         0.44000        0.0000         -0.99825
0.90000         0.44000        0.0000         -0.99852
0.91000         0.44000        0.0000         -0.99874
0.92000         0.44000        0.0000         -0.99893
0.93000         0.44000        0.0000         -0.99909
0.94000         0.44000        0.0000         -0.99923
0.95000         0.44000        0.0000         -0.99935
0.96000         0.44000        0.0000         -0.99945
0.97000         0.44000        0.0000         -0.99954
0.98000         0.44000        0.0000         -0.99961
0.99000         0.44000        0.0000         -0.99967
1.0000          0.44000        0.0000         -0.99969
0.0000          0.45000        0.0000         -0.85317
0.010000        0.45000        0.0000         -0.84793
0.020000        0.45000        0.0000         -0.83466
0.030000        0.45000        0.0000         -0.81801
0.040000        0.45000        0.0000         -0.80062
0.050000        0.45000        0.0000         -0.78314
0.060000        0.45000        0.0000         -0.76530
0.070000        0.45000        0.0000         -0.74691
0.080000        0.45000        0.0000         -0.72804
0.090000        0.45000        0.0000         -0.70882
0.10000         0.45000        0.0000         -0.68940
0.11000         0.45000        0.0000         -0.66990
0.12000         0.45000        0.0000         -0.65050
0.13000         0.45000        0.0000         -0.63132
0.14000         0.45000        0.0000         -0.61253
0.15000         0.45000        0.0000         -0.59426
0.16000         0.45000        0.0000         -0.57669
0.17000         0.45000        0.0000         -0.55992
0.18000         0.45000        0.0000         -0.54414
0.19000         0.45000        0.0000         -0.52943
0.20000         0.45000        0.0000         -0.51596
0.21000         0.45000        0.0000         -0.50378
0.22000         0.45000        0.0000         -0.49305
0.23000         0.45000        0.0000         -0.48380
0.24000         0.45000        0.0000         -0.47616
0.25000         0.45000        0.0000         -0.47013
0.26000         0.45000        0.0000         -0.46581
0.27000         0.45000        0.0000         -0.46318
0.28000         0.45000        0.0000         -0.46232
0.29000         0.45000        0.0000         -0.46318
0.30000         0.45000        0.0000         -0.46581
0.31000         0.45000        0.0000         -0.47013
0.32000         0.45000        0.0000         -0.47616
0.33000         0.45000        0.0000         -0.48380
0.34000         0.45000        0.0000         -0.49305
0.35000         0.45000        0.0000         -0.50378
0.36000         0.45000        0.0000         -0.51596
0.37000         0.45000        0.0000         -0.52943
0.38000         0.45000        0.0000         -0.54414
0.39000         0.45000        0.0000         -0.55992
0.40000         0.45000        0.0000         -0.57669
0.41000         0.45000        0.0000         -0.59426
0.42000         0.45000        0.0000         -0.61254
0.43000         0.45000        0.0000         -0.63132
0.44000         0.45000        0.0000         -0.65051
0.45000         0.45000        0.0000         -0.66991
0.46000         0.45000        0.0000         -0.68940
0.47000         0.45000        0.0000         -0.70880
0.48000         0.45000        0.0000         -0.72803
0.49000         0.45000        0.0000         -0.74696
0.50000         0.45000        0.0000         -0.76536
0.51000         0.45000        0.0000         -0.78323
0.52000         0.45000        0.0000         -0.80054
0.53000         0.45000        0.0000         -0.81703
0.54000         0.45000        0.0000         -0.83273
0.55000         0.45000        0.0000         -0.84769
0.56000         0.45000        0.0000         -0.86172
0.57000         0.45000        0.0000         -0.87483
0.58000         0.45000        0.0000         -0.88712
0.59000         0.45000        0.0000         -0.89850
0.60000         0.45000        0.0000         -0.90896
0.61000         0.45000        0.0000         -0.91862
0.62000         0.45000        0.0000         -0.92747
0.63000         0.45000        0.0000         -0.93548
0.64000         0.45000        0.0000         -0.94278
0.65000         0.45000        0.0000         -0.94940
0.66000         0.45000        0.0000         -0.95533
0.67000         0.45000        0.0000         -0.96066
0.68000         0.45000        0.0000         -0.96545
0.69000         0.45000        0.0000         -0.96971
0.70000         0.45000        0.0000         -0.97349
0.71000         0.45000        0.0000         -0.97686
0.72000         0.45000        0.0000         -0.97984
0.73000         0.45000        0.0000         -0.98245
0.74000         0.45000        0.0000         -0.98476
0.75000         0.45000        0.0000         -0.98679
0.76000         0.45000        0.0000         -0.98856
0.77000         0.45000        0.0000         -0.99011
0.78000         0.45000        0.0000         -0.99147
0.79000         0.45000        0.0000         -0.99265
0.80000         0.45000        0.0000         -0.99367
0.81000         0.45000        0.0000         -0.99456
0.82000         0.45000        0.0000         -0.99533
0.83000         0.45000        0.0000         -0.99600
0.84000         0.45000        0.0000         -0.99657
0.85000         0.45000        0.0000         -0.99707
0.86000         0.45000        0.0000         -0.99749
0.87000         0.45000        0.0000         -0.99786
0.88000         0.45000        0.0000         -0.99818
0.89000         0.45000        0.0000         -0.99845
0.90000         0.45000        0.0000         -0.99868
0.91000         0.45000        0.0000         -0.99888
0.92000         0.45000        0.0000         -0.99904
0.93000         0.45000        0.0000         -0.99919
0.94000         0.45000        0.0000         -0.99931
0.95000         0.45000        0.0000         -0.99942
0.96000         0.45000        0.0000         -0.99951
0.97000         0.45000        0.0000         -0.99959
0.98000         0.45000        0.0000         -0.99965
0.99000         0.45000        0.0000         -0.99970
1.0000          0.45000        0.0000         -0.99972
0.0000          0.46000        0.0000         -0.87461
0.010000        0.46000        0.0000         -0.87048
0.020000        0.46000        0.0000         -0.85914
0.030000        0.46000        0.0000         -0.84501
0.040000        0.46000        0.0000         -0.83022
0.050000        0.46000        0.0000         -0.81532
0.060000        0.46000        0.0000         -0.80009
0.070000        0.46000        0.0000         -0.78441
0.080000        0.46000        0.0000         -0.76826
0.090000        0.46000        0.0000         -0.75179
0.10000         0.46000        0.0000         -0.73512
0.11000         0.46000        0.0000         -0.71834
0.12000         0.46000        0.0000         -0.70162
0.13000         0.46000        0.0000         -0.68504
0.14000         0.46000        0.0000         -0.66878
0.15000         0.46000        0.0000         -0.65290
0.16000         0.46000        0.0000         -0.63763
0.17000         0.46000        0.0000         -0.62299
0.18000         0.46000        0.0000         -0.60922
0.19000         0.46000        0.0000         -0.59632
0.20000         0.46000        0.0000         -0.58451
0.21000         0.46000        0.0000         -0.57379
0.22000         0.46000        0.0000         -0.56437
0.23000         0.46000        0.0000         -0.55619
0.24000         0.46000        0.0000         -0.54946
0.25000         0.46000        0.0000         -0.54411
0.26000         0.46000        0.0000         -0.54032
0.27000         0.46000        0.0000         -0.53797
0.28000         0.46000        0.0000         -0.53723
0.29000         0.46000        0.0000         -0.53797
0.30000         0.46000        0.0000         -0.54032
0.31000         0.46000        0.0000         -0.54411
0.32000         0.46000        0.0000         -0.54946
0.33000         0.46000        0.0000         -0.55619
0.34000         0.46000        0.0000         -0.56437
0.35000         0.46000        0.0000         -0.57379
0.36000         0.46000        0.0000         -0.58451
0.37000         0.46000        0.0000         -0.59632
0.38000         0.46000        0.0000         -0.60922
0.39000         0.46000        0.0000         -0.62299
0.40000         0.46000        0.0000         -0.63763
0.41000         0.46000        0.0000         -0.65290
0.42000         0.46000        0.0000         -0.66878
0.43000         0.46000        0.0000         -0.68503
0.44000         0.46000        0.0000         -0.70163
0.45000         0.46000        0.0000         -0.71835
0.46000         0.46000        0.0000         -0.73509
0.47000         0.46000        0.0000         -0.75180
0.48000         0.46000        0.0000         -0.76826
0.49000         0.46000        0.0000         -0.78437
0.50000         0.46000        0.0000         -0.80017
0.51000         0.46000        0.0000         -0.81543
0.52000         0.46000        0.0000         -0.83006
0.53000         0.46000        0.0000         -0.84413
0.54000         0.46000        0.0000         -0.85754
0.55000         0.46000        0.0000         -0.87015
0.56000         0.46000        0.0000         -0.88206
0.57000         0.46000        0.0000         -0.89326
0.58000         0.46000        0.0000         -0.90362
0.59000         0.46000        0.0000         -0.91325
0.60000         0.46000        0.0000         -0.92219
0.61000         0.46000        0.0000         -0.93036
0.62000         0.46000        0.0000         -0.93783
0.63000         0.46000        0.0000         -0.94469
0.64000         0.46000        0.0000         -0.95090
0.65000         0.46000        0.0000         -0.95649
0.66000         0.46000        0.0000         -0.96157
0.67000         0.46000        0.0000         -0.96613
0.68000         0.46000        0.0000         -0.97019
0.69000         0.46000        0.0000         -0.97383
0.70000         0.46000        0.0000         -0.97708
0.71000         0.46000        0.0000         -0.97995
0.72000         0.46000        0.0000         -0.98250
0.73000         0.46000        0.0000         -0.98476
0.74000         0.46000        0.0000         -0.98675
0.75000         0.46000        0.0000         -0.98849
0.76000         0.46000        0.0000         -0.99003
0.77000         0.46000        0.0000         -0.99137
0.78000         0.46000        0.0000         -0.99254
0.79000         0.46000        0.0000         -0.99356
0.80000         0.46000        0.0000         -0.99445
0.81000         0.46000        0.0000         -0.99522
0.82000         0.46000        0.0000         -0.99589
0.83000         0.46000        0.0000         -0.99648
0.84000         0.46000        0.0000         -0.99698
0.85000         0.46000        0.0000         -0.99741
0.86000         0.46000        0.0000         -0.99779
0.87000         0.46000        0.0000         -0.99811
0.88000         0.46000        0.0000         -0.99838
0.89000         0.46000        0.0000         -0.99862
0.90000         0.46000        0.0000         -0.99883
0.91000         0.46000        0.0000         -0.99900
0.92000         0.46000        0.0000         -0.99915
0.93000         0.46000        0.0000         -0.99928
0.94000         0.46000        0.0000         -0.99939
0.95000         0.46000        0.0000         -0.99948
0.96000         0.46000        0.0000         -0.99956
0.97000         0.46000        0.0000         -0.99963
0.98000         0.46000        0.0000         -0.99969
0.99000         0.46000        0.0000         -0.99973
1.0000          0.46000        0.0000         -0.99975
0.0000          0.47000        0.0000         -0.89362
0.010000        0.47000        0.0000         -0.88974
0.020000        0.47000        0.0000         -0.88037
0.030000        0.47000        0.0000         -0.86833
0.040000        0.47000        0.0000         -0.85583
0.050000        0.47000        0.0000         -0.84322
0.060000        0.47000        0.0000         -0.83033
0.070000        0.47000        0.0000         -0.81700
0.080000        0.47000        0.0000         -0.80329
0.090000        0.47000        0.0000         -0.78928
0.10000         0.47000        0.0000         -0.77507
0.11000         0.47000        0.0000         -0.76077
0.12000         0.47000        0.0000         -0.74647
0.13000         0.47000        0.0000         -0.73229
0.14000         0.47000        0.0000         -0.71832
0.15000         0.47000        0.0000         -0.70471
0.16000         0.47000        0.0000         -0.69153
0.17000         0.47000        0.0000         -0.67895
0.18000         0.47000        0.0000         -0.66701
0.19000         0.47000        0.0000         -0.65590
0.20000         0.47000        0.0000         -0.64562
0.21000         0.47000        0.0000         -0.63637
0.22000         0.47000        0.0000         -0.62812
0.23000         0.47000        0.0000         -0.62107
0.24000         0.47000        0.0000         -0.61515
0.25000         0.47000        0.0000         -0.61055
0.26000         0.47000        0.0000         -0.60717
0.27000         0.47000        0.0000         -0.60519
0.28000         0.47000        0.0000         -0.60448
0.29000         0.47000        0.0000         -0.60519
0.30000         0.47000        0.0000         -0.60717
0.31000         0.47000        0.0000         -0.61055
0.32000         0.47000        0.0000         -0.61515
0.33000         0.47000        0.0000         -0.62107
0.34000         0.47000        0.0000         -0.62812
0.35000         0.47000        0.0000         -0.63637
0.36000         0.47000        0.0000         -0.64562
0.37000         0.47000        0.0000         -0.65590
0.38000         0.47000        0.0000         -0.66701
0.39000         0.47000        0.0000         -0.67895
0.40000         0.47000        0.0000         -0.69153
0.41000         0.47000        0.0000         -0.70471
0.42000         0.47000        0.0000         -0.71832
0.43000         0.47000        0.0000         -0.73229
0.44000         0.47000        0.0000         -0.74646
0.45000         0.47000        0.0000         -0.76077
0.46000         0.47000        0.0000         -0.77508
0.47000         0.47000        0.0000         -0.78927
0.48000         0.47000        0.0000         -0.80329
0.49000         0.47000        0.0000         -0.81706
0.50000         0.47000        0.0000         -0.83038
0.51000         0.47000        0.0000         -0.84329
0.52000         0.47000        0.0000         -0.85578
0.53000         0.47000        0.0000         -0.86764
0.54000         0.47000        0.0000         -0.87892
0.55000         0.47000        0.0000         -0.88966
0.56000         0.47000        0.0000         -0.89972
0.57000         0.47000        0.0000         -0.90911
0.58000         0.47000        0.0000         -0.91792
0.59000         0.47000        0.0000         -0.92609
0.60000         0.47000        0.0000         -0.93358
0.61000         0.47000        0.0000         -0.94052
0.62000         0.47000        0.0000         -0.94688
0.63000         0.47000        0.0000         -0.95265
0.64000         0.47000        0.0000         -0.95791
0.65000         0.47000        0.0000         -0.96270
0.66000         0.47000        0.0000         -0.96699
0.67000         0.47000        0.0000         -0.97085
0.68000         0.47000        0.0000         -0.97434
0.69000         0.47000        0.0000         -0.97744
0.70000         0.47000        0.0000         -0.98020
0.71000         0.47000        0.0000         -0.98267
0.72000         0.47000        0.0000         -0.98486
0.73000         0.47000        0.0000         -0.98678
0.74000         0.47000        0.0000         -0.98849
0.75000         0.47000        0.0000         -0.99000
0.76000         0.47000        0.0000         -0.99131
0.77000         0.47000        0.0000         -0.99247
0.78000         0.47000        0.0000         -0.99349
0.79000         0.47000        0.0000         -0.99437
0.80000         0.47000        0.0000         -0.99514
0.81000         0.47000        0.0000         -0.99581
0.82000         0.47000        0.0000         -0.99640
0.83000         0.47000        0.0000         -0.99690
0.84000         0.47000        0.0000         -0.99734
0.85000         0.47000        0.0000         -0.99772
0.86000         0.47000        0.0000         -0.99804
0.87000         0.47000        0.0000         -0.99833
0.88000         0.47000        0.0000         -0.99857
0.89000         0.47000        0.0000         -0.99878
0.90000         0.47000        0.0000         -0.99896
0.91000         0.47000        0.0000         -0.99911
0.92000         0.47000        0.0000         -0.99924
0.93000         0.47000        0.0000         -0.99936
0.94000         0.47000        0.0000         -0.99945
0.95000         0.47000        0.0000         -0.99954
0.96000         0.47000        0.0000         -0.99961
0.97000         0.47000        0.0000         -0.99967
0.98000         0.47000        0.0000         -0.99972
0.99000         0.47000        0.0000         -0.99976
1.0000          0.47000        0.0000         -0.99978
0.0000          0.48000        0.0000         -0.90980
0.010000        0.48000        0.0000         -0.90654
0.020000        0.48000        0.0000         -0.89860
0.030000        0.48000        0.0000         -0.88850
0.040000        0.48000        0.0000         -0.87797
0.050000        0.48000        0.0000         -0.86734
0.060000        0.48000        0.0000         -0.85648
0.070000        0.48000        0.0000         -0.84524
0.080000        0.48000        0.0000         -0.83366
0.090000        0.48000        0.0000         -0.82182
0.10000         0.48000        0.0000         -0.80980
0.11000         0.48000        0.0000         -0.79768
0.12000         0.48000        0.0000         -0.78556
0.13000         0.48000        0.0000         -0.77351
0.14000         0.48000        0.0000         -0.76164
0.15000         0.48000        0.0000         -0.75004
0.16000         0.48000        0.0000         -0.73881
0.17000         0.48000        0.0000         -0.72806
0.18000         0.48000        0.0000         -0.71785
0.19000         0.48000        0.0000         -0.70833
0.20000         0.48000        0.0000         -0.69952
0.21000         0.48000        0.0000         -0.69157
0.22000         0.48000        0.0000         -0.68449
0.23000         0.48000        0.0000         -0.67841
0.24000         0.48000        0.0000         -0.67333
0.25000         0.48000        0.0000         -0.66935
0.26000         0.48000        0.0000         -0.66646
0.27000         0.48000        0.0000         -0.66473
0.28000         0.48000        0.0000         -0.66414
0.29000         0.48000        0.0000         -0.66473
0.30000         0.48000        0.0000         -0.66646
0.31000         0.48000        0.0000         -0.66935
0.32000         0.48000        0.0000         -0.67333
0.33000         0.48000        0.0000         -0.67841
0.34000         0.48000        0.0000         -0.68449
0.35000         0.48000        0.0000         -0.69157
0.36000         0.48000        0.0000         -0.69952
0.37000         0.48000        0.0000         -0.70833
0.38000         0.48000        0.0000         -0.71785
0.39000         0.48000        0.0000         -0.72806
0.40000         0.48000        0.0000         -0.73881
0.41000         0.48000        0.0000         -0.75004
0.42000         0.48000        0.0000         -0.76163
0.43000         0.48000        0.0000         -0.77351
0.44000         0.48000        0.0000         -0.78555
0.45000         0.48000        0.0000         -0.79769
0.46000         0.48000        0.0000         -0.80979
0.47000         0.48000        0.0000         -0.82182
0.48000         0.48000        0.0000         -0.83365
0.49000         0.48000        0.0000         -0.84520
0.50000         0.48000        0.0000         -0.85652
0.51000         0.48000        0.0000         -0.86743
0.52000         0.48000        0.0000         -0.87786
0.53000         0.48000        0.0000         -0.88789
0.54000         0.48000        0.0000         -0.89744
0.55000         0.48000        0.0000         -0.90641
0.56000         0.48000        0.0000         -0.91488
0.57000         0.48000        0.0000         -0.92286
0.58000         0.48000        0.0000         -0.93023
0.59000         0.48000        0.0000         -0.93709
0.60000         0.48000        0.0000         -0.94347
0.61000         0.48000        0.0000         -0.94931
0.62000         0.48000        0.0000         -0.95465
0.63000         0.48000        0.0000         -0.95956
0.64000         0.48000        0.0000         -0.96402
0.65000         0.48000        0.0000         -0.96803
0.66000         0.48000        0.0000         -0.97169
0.67000         0.48000        0.0000         -0.97499
0.68000         0.48000        0.0000         -0.97793
0.69000         0.48000        0.0000         -0.98057
0.70000         0.48000        0.0000         -0.98294
0.71000         0.48000        0.0000         -0.98504
0.72000         0.48000        0.0000         -0.98691
0.73000         0.48000        0.0000         -0.98857
0.74000         0.48000        0.0000         -0.99003
0.75000         0.48000        0.0000         -0.99131
0.76000         0.48000        0.0000         -0.99245
0.77000         0.48000        0.0000         -0.99345
0.78000         0.48000        0.0000         -0.99432
0.79000         0.48000        0.0000         -0.99509
0.80000         0.48000        0.0000         -0.99575
0.81000         0.48000        0.0000         -0.99633
0.82000         0.48000        0.0000         -0.99684
0.83000         0.48000        0.0000         -0.99728
0.84000         0.48000        0.0000         -0.99766
0.85000         0.48000        0.0000         -0.99799
0.86000         0.48000        0.0000         -0.99828
0.87000         0.48000        0.0000         -0.99852
0.88000         0.48000        0.0000         -0.99874
0.89000         0.48000        0.0000         -0.99892
0.90000         0.48000        0.0000         -0.99908
0.91000         0.48000        0.0000         -0.99921
0.92000         0.48000        0.0000         -0.99933
0.93000         0.48000        0.0000         -0.99943
0.94000         0.48000        0.0000         -0.99951
0.95000         0.48000        0.0000         -0.99959
0.96000         0.48000        0.0000         -0.99965
0.97000         0.48000        0.0000         -0.99970
0.98000         0.48000        0.0000         -0.99975
0.99000         0.48000        0.0000         -0.99979
1.0000          0.48000        0.0000         -0.99980
0.0000          0.49000        0.0000         -0.92347
0.010000        0.49000        0.0000         -0.92102
0.020000        0.49000        0.0000         -0.91423
0.030000        0.49000        0.0000         -0.90580
0.040000        0.49000        0.0000         -0.89695
0.050000        0.49000        0.0000         -0.88804
0.060000        0.49000        0.0000         -0.87890
0.070000        0.49000        0.0000         -0.86948
0.080000        0.49000        0.0000         -0.85975
0.090000        0.49000        0.0000         -0.84980
0.10000         0.49000        0.0000         -0.83969
0.11000         0.49000        0.0000         -0.82949
0.12000         0.49000        0.0000         -0.81928
0.13000         0.49000        0.0000         -0.80911
0.14000         0.49000        0.0000         -0.79910
0.15000         0.49000        0.0000         -0.78929
0.16000         0.49000        0.0000         -0.77980
0.17000         0.49000        0.0000         -0.77068
0.18000         0.49000        0.0000         -0.76206
0.19000         0.49000        0.0000         -0.75394
0.20000         0.49000        0.0000         -0.74650
0.21000         0.49000        0.0000         -0.73970
0.22000         0.49000        0.0000         -0.73372
0.23000         0.49000        0.0000         -0.72850
0.24000         0.49000        0.0000         -0.72422
0.25000         0.49000        0.0000         -0.72078
0.26000         0.49000        0.0000         -0.71836
0.27000         0.49000        0.0000         -0.71684
0.28000         0.49000        0.0000         -0.71638
0.29000         0.49000        0.0000         -0.71684
0.30000         0.49000        0.0000         -0.71836
0.31000         0.49000        0.0000         -0.72078
0.32000         0.49000        0.0000         -0.72422
0.33000         0.49000        0.0000         -0.72850
0.34000         0.49000        0.0000         -0.73372
0.35000         0.49000        0.0000         -0.73970
0.36000         0.49000        0.0000         -0.74650
0.37000         0.49000        0.0000         -0.75394
0.38000         0.49000        0.0000         -0.76206
0.39000         0.49000        0.0000         -0.77068
0.40000         0.49000        0.0000         -0.77980
0.41000         0.49000        0.0000         -0.78929
0.42000         0.49000        0.0000         -0.79910
0.43000         0.49000        0.0000         -0.80911
0.44000         0.49000        0.0000         -0.81928
0.45000         0.49000        0.0000         -0.82949
0.46000         0.49000        0.0000         -0.83969
0.47000         0.49000        0.0000         -0.84980
0.48000         0.49000        0.0000         -0.85974
0.49000         0.49000        0.0000         -0.86950
0.50000         0.49000        0.0000         -0.87894
0.51000         0.49000        0.0000         -0.88807
0.52000         0.49000        0.0000         -0.89690
0.53000         0.49000        0.0000         -0.90529
0.54000         0.49000        0.0000         -0.91325
0.55000         0.49000        0.0000         -0.92084
0.56000         0.49000        0.0000         -0.92795
0.57000         0.49000        0.0000         -0.93459
0.58000         0.49000        0.0000         -0.94083
0.59000         0.49000        0.0000         -0.94661
0.60000         0.49000        0.0000         -0.95193
0.61000         0.49000        0.0000         -0.95686
0.62000         0.49000        0.0000         -0.96139
0.63000         0.49000        0.0000         -0.96550
0.64000         0.49000        0.0000         -0.96926
0.65000         0.49000        0.0000         -0.97268
0.66000         0.49000        0.0000         -0.97577
0.67000         0.49000        0.0000         -0.97855
0.68000         0.49000        0.0000         -0.98106
0.69000         0.49000        0.0000         -0.98331
0.70000         0.49000        0.0000         -0.98531
0.71000         0.49000        0.0000         -0.98711
0.72000         0.49000        0.0000         -0.98870
0.73000         0.49000        0.0000         -0.99011
0.74000         0.49000        0.0000         -0.99137
0.75000         0.49000        0.0000         -0.99248
0.76000         0.49000        0.0000         -0.99345
0.77000         0.49000        0.0000         -0.99430
0.78000         0.49000        0.0000         -0.99506
0.79000         0.49000        0.0000         -0.99572
0.80000         0.49000        0.0000         -0.99629
0.81000         0.49000        0.0000         -0.99680
0.82000         0.49000        0.0000         -0.99724
0.83000         0.49000        0.0000         -0.99762
0.84000         0.49000        0.0000         -0.99795
0.85000         0.49000        0.0000         -0.99824
0.86000         0.49000        0.0000         -0.99848
0.87000         0.49000        0.0000         -0.99870
0.88000         0.49000        0.0000         -0.99889
0.89000         0.49000        0.0000         -0.99905
0.90000         0.49000        0.0000         -0.99918
0.91000         0.49000        0.0000         -0.99930
0.92000         0.49000        0.0000         -0.99941
0.93000         0.49000        0.0000         -0.99949
0.94000         0.49000        0.0000         -0.99957
0.95000         0.49000        0.0000         -0.99963
0.96000         0.49000        0.0000         -0.99969
0.97000         0.49000        0.0000         -0.99974
0.98000         0.49000        0.0000         -0.99978
0.99000         0.49000        0.0000         -0.99981
1.0000          0.49000        0.0000         -0.99982
0.0000          0.50000        0.0000         -0.93548
0.010000        0.50000        0.0000         -0.93323
0.020000        0.50000        0.0000         -0.92765
0.030000        0.50000        0.0000         -0.92054
0.040000        0.50000        0.0000         -0.91317
0.050000        0.50000        0.0000         -0.90571
0.060000        0.50000        0.0000         -0.89809
0.070000        0.50000        0.0000         -0.89020
0.080000        0.50000        0.0000         -0.88207
0.090000        0.50000        0.0000         -0.87374
0.10000         0.50000        0.0000         -0.86528
0.11000         0.50000        0.0000         -0.85674
0.12000         0.50000        0.0000         -0.84819
0.13000         0.50000        0.0000         -0.83967
0.14000         0.50000        0.0000         -0.83127
0.15000         0.50000        0.0000         -0.82304
0.16000         0.50000        0.0000         -0.81506
0.17000         0.50000        0.0000         -0.80741
0.18000         0.50000        0.0000         -0.80013
0.19000         0.50000        0.0000         -0.79333
0.20000         0.50000        0.0000         -0.78703
0.21000         0.50000        0.0000         -0.78133
0.22000         0.50000        0.0000         -0.77625
0.23000         0.50000        0.0000         -0.77188
0.24000         0.50000        0.0000         -0.76822
0.25000         0.50000        0.0000         -0.76536
0.26000         0.50000        0.0000         -0.76327
0.27000         0.50000        0.0000         -0.76203
0.28000         0.50000        0.0000         -0.76160
0.29000         0.50000        0.0000         -0.76203
0.30000         0.50000        0.0000         -0.76327
0.31000         0.50000        0.0000         -0.76536
0.32000         0.50000        0.0000         -0.76822
0.33000         0.50000        0.0000         -0.77188
0.34000         0.50000        0.0000         -0.77625
0.35000         0.50000        0.0000         -0.78133
0.36000         0.50000        0.0000         -0.78703
0.37000         0.50000        0.0000         -0.79333
0.38000         0.50000        0.0000         -0.80013
0.39000         0.50000        0.0000         -0.80741
0.40000         0.50000        0.0000         -0.81506
0.41000         0.50000        0.0000         -0.82304
0.42000         0.50000        0.0000         -0.83126
0.43000         0.50000        0.0000         -0.83967
0.44000         0.50000        0.0000         -0.84818
0.45000         0.50000        0.0000         -0.85674
0.46000         0.50000        0.0000         -0.86528
0.47000         0.50000        0.0000         -0.87373
0.48000         0.50000        0.0000         -0.88207
0.49000         0.50000        0.0000         -0.89019
0.50000         0.50000        0.0000         -0.89813
0.51000         0.50000        0.0000         -0.90579
0.52000         0.50000        0.0000         -0.91310
0.53000         0.50000        0.0000         -0.92014
0.54000         0.50000        0.0000         -0.92684
0.55000         0.50000        0.0000         -0.93314
0.56000         0.50000        0.0000         -0.93909
0.57000         0.50000        0.0000         -0.94470
0.58000         0.50000        0.0000         -0.94989
0.59000         0.50000        0.0000         -0.95472
0.60000         0.50000        0.0000         -0.95923
0.61000         0.50000        0.0000         -0.96336
0.62000         0.50000        0.0000         -0.96714
0.63000         0.50000        0.0000         -0.97063
0.64000         0.50000        0.0000         -0.97380
0.65000         0.50000        0.0000         -0.97667
0.66000         0.50000        0.0000         -0.97928
0.67000         0.50000        0.0000         -0.98165
0.68000         0.50000        0.0000         -0.98376
0.69000         0.50000        0.0000         -0.98567
0.70000         0.50000        0.0000         -0.98738
0.71000         0.50000        0.0000         -0.98890
0.72000         0.50000        0.0000         -0.99026
0.73000         0.50000        0.0000         -0.99147
0.74000         0.50000        0.0000         -0.99254
0.75000         0.50000        0.0000         -0.99348
0.76000         0.50000        0.0000         -0.99432
0.77000         0.50000        0.0000         -0.99506
0.78000         0.50000        0.0000         -0.99570
0.79000         0.50000        0.0000         -0.99627
0.80000         0.50000        0.0000         -0.99677
0.81000         0.50000        0.0000         -0.99720
0.82000         0.50000        0.0000         -0.99758
0.83000         0.50000        0.0000         -0.99792
0.84000         0.50000        0.0000         -0.99820
0.85000         0.50000        0.0000         -0.99845
0.86000         0.50000        0.0000         -0.99867
0.87000         0.50000        0.0000         -0.99886
0.88000         0.50000        0.0000         -0.99902
0.89000         0.50000        0.0000         -0.99916
0.90000         0.50000        0.0000         -0.99928
0.91000         0.50000        0.0000         -0.99938
0.92000         0.50000        0.0000         -0.99947
0.93000         0.50000        0.0000         -0.99955
0.94000         0.50000        0.0000         -0.99962
0.95000         0.50000        0.0000         -0.99967
0.96000         0.50000        0.0000         -0.99972
0.97000         0.50000        0.0000         -0.99976
0.98000         0.50000        0.0000         -0.99980
0.99000         0.50000        0.0000         -0.99983
1.0000          0.50000        0.0000         -0.99984
0.0000          0.51000        0.0000         -0.94565
0.010000        0.51000        0.0000         -0.94370
0.020000        0.51000        0.0000         -0.93909
0.030000        0.51000        0.0000         -0.93317
0.040000        0.51000        0.0000         -0.92701
0.050000        0.51000        0.0000         -0.92080
0.060000        0.51000        0.0000         -0.91445
0.070000        0.51000        0.0000         -0.90787
0.080000        0.51000        0.0000         -0.90111
0.090000        0.51000        0.0000         -0.89417
0.10000         0.51000        0.0000         -0.88713
0.11000         0.51000        0.0000         -0.88001
0.12000         0.51000        0.0000         -0.87288
0.13000         0.51000        0.0000         -0.86579
0.14000         0.51000        0.0000         -0.85877
0.15000         0.51000        0.0000         -0.85192
0.16000         0.51000        0.0000         -0.84525
0.17000         0.51000        0.0000         -0.83886
0.18000         0.51000        0.0000         -0.83278
0.19000         0.51000        0.0000         -0.82709
0.20000         0.51000        0.0000         -0.82182
0.21000         0.51000        0.0000         -0.81706
0.22000         0.51000        0.0000         -0.81280
0.23000         0.51000        0.0000         -0.80914
0.24000         0.51000        0.0000         -0.80607
0.25000         0.51000        0.0000         -0.80368
0.26000         0.51000        0.0000         -0.80192
0.27000         0.51000        0.0000         -0.80089
0.28000         0.51000        0.0000         -0.80052
0.29000         0.51000        0.0000         -0.80089
0.30000         0.51000        0.0000         -0.80192
0.31000         0.51000        0.0000         -0.80368
0.32000         0.51000        0.0000         -0.80607
0.33000         0.51000        0.0000         -0.80914
0.34000         0.51000        0.0000         -0.81280
0.35000         0.51000        0.0000         -0.81706
0.36000         0.51000        0.0000         -0.82182
0.37000         0.51000        0.0000         -0.82709
0.38000         0.51000        0.0000         -0.83278
0.39000         0.51000        0.0000         -0.83886
0.40000         0.51000        0.0000         -0.84525
0.41000         0.51000        0.0000         -0.85192
0.42000         0.51000        0.0000         -0.85877
0.43000         0.51000        0.0000         -0.86579
0.44000         0.51000        0.0000         -0.87288
0.45000         0.51000        0.0000         -0.88001
0.46000         0.51000        0.0000         -0.88712
0.47000         0.51000        0.0000         -0.89417
0.48000         0.51000        0.0000         -0.90110
0.49000         0.51000        0.0000         -0.90788
0.50000         0.51000        0.0000         -0.91447
0.51000         0.51000        0.0000         -0.92082
0.52000         0.51000        0.0000         -0.92697
0.53000         0.51000        0.0000         -0.93281
0.54000         0.51000        0.0000         -0.93836
0.55000         0.51000        0.0000         -0.94366
0.56000         0.51000        0.0000         -0.94863
0.57000         0.51000        0.0000         -0.95327
0.58000         0.51000        0.0000         -0.95764
0.59000         0.51000        0.0000         -0.96170
0.60000         0.51000        0.0000         -0.96544
0.61000         0.51000        0.0000         -0.96891
0.62000         0.51000        0.0000         -0.97211
0.63000         0.51000        0.0000         -0.97502
0.64000         0.51000        0.0000         -0.97768
0.65000         0.51000        0.0000         -0.98012
0.66000         0.51000        0.0000         -0.98232
0.67000         0.51000        0.0000         -0.98430
0.68000         0.51000        0.0000         -0.98611
0.69000         0.51000        0.0000         -0.98772
0.70000         0.51000        0.0000         -0.98916
0.71000         0.51000        0.0000         -0.99046
0.72000         0.51000        0.0000         -0.99162
0.73000         0.51000        0.0000         -0.99265
0.74000         0.51000        0.0000         -0.99356
0.75000         0.51000        0.0000         -0.99437
0.76000         0.51000        0.0000         -0.99508
0.77000         0.51000        0.0000         -0.99572
0.78000         0.51000        0.0000         -0.99627
0.79000         0.51000        0.0000         -0.99676
0.80000         0.51000        0.0000         -0.99719
0.81000         0.51000        0.0000         -0.99757
0.82000         0.51000        0.0000         -0.99789
0.83000         0.51000        0.0000         -0.99818
0.84000         0.51000        0.0000         -0.99843
0.85000         0.51000        0.0000         -0.99865
0.86000         0.51000        0.0000         -0.99883
0.87000         0.51000        0.0000         -0.99900
0.88000         0.51000        0.0000         -0.99914
0.89000         0.51000        0.0000         -0.99926
0.90000         0.51000        0.0000         -0.99937
0.91000         0.51000        0.0000         -0.99946
0.92000         0.51000        0.0000         -0.99953
0.93000         0.51000        0.0000         -0.99960
0.94000         0.51000        0.0000         -0.99966
0.95000         0.51000        0.0000         -0.99971
0.96000         0.51000        0.0000         -0.99975
0.97000         0.51000        0.0000         -0.99979
0.98000         0.51000        0.0000         -0.99982
0.99000         0.51000        0.0000         -0.99985
1.0000          0.51000        0.0000         -0.99986
0.0000          0.52000        0.0000         -0.95412
0.010000        0.52000        0.0000         -0.95268
0.020000        0.52000        0.0000         -0.94874
0.030000        0.52000        0.0000         -0.94385
0.040000        0.52000        0.0000         -0.93872
0.050000        0.52000        0.0000         -0.93356
0.060000        0.52000        0.0000         -0.92828
0.070000        0.52000        0.0000         -0.92283
0.080000        0.52000        0.0000         -0.91720
0.090000        0.52000        0.0000         -0.91145
0.10000         0.52000        0.0000         -0.90560
0.11000         0.52000        0.0000         -0.89970
0.12000         0.52000        0.0000         -0.89378
0.13000         0.52000        0.0000         -0.88788
0.14000         0.52000        0.0000         -0.88207
0.15000         0.52000        0.0000         -0.87636
0.16000         0.52000        0.0000         -0.87084
0.17000         0.52000        0.0000         -0.86551
0.18000         0.52000        0.0000         -0.86047
0.19000         0.52000        0.0000         -0.85573
0.20000         0.52000        0.0000         -0.85136
0.21000         0.52000        0.0000         -0.84738
0.22000         0.52000        0.0000         -0.84386
0.23000         0.52000        0.0000         -0.84079
0.24000         0.52000        0.0000         -0.83826
0.25000         0.52000        0.0000         -0.83624
0.26000         0.52000        0.0000         -0.83481
0.27000         0.52000        0.0000         -0.83391
0.28000         0.52000        0.0000         -0.83364
0.29000         0.52000        0.0000         -0.83391
0.30000         0.52000        0.0000         -0.83481
0.31000         0.52000        0.0000         -0.83624
0.32000         0.52000        0.0000         -0.83826
0.33000         0.52000        0.0000         -0.84079
0.34000         0.52000        0.0000         -0.84386
0.35000         0.52000        0.0000         -0.84738
0.36000         0.52000        0.0000         -0.85136
0.37000         0.52000        0.0000         -0.85573
0.38000         0.52000        0.0000         -0.86047
0.39000         0.52000        0.0000         -0.86551
0.40000         0.52000        0.0000         -0.87084
0.41000         0.52000        0.0000         -0.87636
0.42000         0.52000        0.0000         -0.88207
0.43000         0.52000        0.0000         -0.88788
0.44000         0.52000        0.0000         -0.89378
0.45000         0.52000        0.0000         -0.89970
0.46000         0.52000        0.0000         -0.90560
0.47000         0.52000        0.0000         -0.91145
0.48000         0.52000        0.0000         -0.91720
0.49000         0.52000        0.0000         -0.92283
0.50000         0.52000        0.0000         -0.92830
0.51000         0.52000        0.0000         -0.93360
0.52000         0.52000        0.0000         -0.93867
0.53000         0.52000        0.0000         -0.94355
0.54000         0.52000        0.0000         -0.94820
0.55000         0.52000        0.0000         -0.95257
0.56000         0.52000        0.0000         -0.95671
0.57000         0.52000        0.0000         -0.96062
0.58000         0.52000        0.0000         -0.96424
0.59000         0.52000        0.0000         -0.96762
0.60000         0.52000        0.0000         -0.97077
0.61000         0.52000        0.0000         -0.97367
0.62000         0.52000        0.0000         -0.97633
0.63000         0.52000        0.0000         -0.97879
0.64000         0.52000        0.0000         -0.98103
0.65000         0.52000        0.0000         -0.98306
0.66000         0.52000        0.0000         -0.98492
0.67000         0.52000        0.0000         -0.98661
0.68000         0.52000        0.0000         -0.98812
0.69000         0.52000        0.0000         -0.98949
0.70000         0.52000        0.0000         -0.99072
0.71000         0.52000        0.0000         -0.99181
0.72000         0.52000        0.0000         -0.99280
0.73000         0.52000        0.0000         -0.99367
0.74000         0.52000        0.0000         -0.99445
0.75000         0.52000        0.0000         -0.99514
0.76000         0.52000        0.0000         -0.99575
0.77000         0.52000        0.0000         -0.99630
0.78000         0.52000        0.0000         -0.99677
0.79000         0.52000        0.0000         -0.99719
0.80000         0.52000        0.0000         -0.99756
0.81000         0.52000        0.0000         -0.99788
0.82000         0.52000        0.0000         -0.99816
0.83000         0.52000        0.0000         -0.99841
0.84000         0.52000        0.0000         -0.99863
0.85000         0.52000        0.0000         -0.99881
0.86000         0.52000        0.0000         -0.99898
0.87000         0.52000        0.0000         -0.99912
0.88000         0.52000        0.0000         -0.99924
0.89000         0.52000        0.0000         -0.99935
0.90000         0.52000        0.0000         -0.99944
0.91000         0.52000        0.0000         -0.99952
0.92000         0.52000        0.0000         -0.99959
0.93000         0.52000        0.0000         -0.99965
0.94000         0.52000        0.0000         -0.99970
0.95000         0.52000        0.0000         -0.99974
0.96000         0.52000        0.0000         -0.99978
0.97000         0.52000        0.0000         -0.99981
0.98000         0.52000        0.0000         -0.99984
0.99000         0.52000        0.0000         -0.99986
1.0000          0.52000        0.0000         -0.99987
0.0000          0.53000        0.0000         -0.96148
0.010000        0.53000        0.0000         -0.96022
0.020000        0.53000        0.0000         -0.95698
0.030000        0.53000        0.0000         -0.95289
0.040000        0.53000        0.0000         -0.94865
0.050000        0.53000        0.0000         -0.94438
0.060000        0.53000        0.0000         -0.94000
0.070000        0.53000        0.0000         -0.93549
0.080000        0.53000        0.0000         -0.93084
0.090000        0.53000        0.0000         -0.92607
0.10000         0.53000        0.0000         -0.92124
0.11000         0.53000        0.0000         -0.91635
0.12000         0.53000        0.0000         -0.91146
0.13000         0.53000        0.0000         -0.90659
0.14000         0.53000        0.0000         -0.90178
0.15000         0.53000        0.0000         -0.89706
0.16000         0.53000        0.0000         -0.89249
0.17000         0.53000        0.0000         -0.88809
0.18000         0.53000        0.0000         -0.88392
0.19000         0.53000        0.0000         -0.88000
0.20000         0.53000        0.0000         -0.87638
0.21000         0.53000        0.0000         -0.87309
0.22000         0.53000        0.0000         -0.87017
0.23000         0.53000        0.0000         -0.86764
0.24000         0.53000        0.0000         -0.86554
0.25000         0.53000        0.0000         -0.86387
0.26000         0.53000        0.0000         -0.86268
0.27000         0.53000        0.0000         -0.86195
0.28000         0.53000        0.0000         -0.86171
0.29000         0.53000        0.0000         -0.86195
0.30000         0.53000        0.0000         -0.86268
0.31000         0.53000        0.0000         -0.86387
0.32000         0.53000        0.0000         -0.86554
0.33000         0.53000        0.0000         -0.86764
0.34000         0.53000        0.0000         -0.87017
0.35000         0.53000        0.0000         -0.87309
0.36000         0.53000        0.0000         -0.87638
0.37000         0.53000        0.0000         -0.88000
0.38000         0.53000        0.0000         -0.88392
0.39000         0.53000        0.0000         -0.88809
0.40000         0.53000        0.0000         -0.89249
0.41000         0.53000        0.0000         -0.89706
0.42000         0.53000        0.0000         -0.90178
0.43000         0.53000        0.0000         -0.90658
0.44000         0.53000        0.0000         -0.91146
0.45000         0.53000        0.0000         -0.91635
0.46000         0.53000        0.0000         -0.92123
0.47000         0.53000        0.0000         -0.92607
0.48000         0.53000        0.0000         -0.93083
0.49000         0.53000        0.0000         -0.93549
0.50000         0.53000        0.0000         -0.94002
0.51000         0.53000        0.0000         -0.94440
0.52000         0.53000        0.0000         -0.94862
0.53000         0.53000        0.0000         -0.95265
0.54000         0.53000        0.0000         -0.95649
0.55000         0.53000        0.0000         -0.96016
0.56000         0.53000        0.0000         -0.96360
0.57000         0.53000        0.0000         -0.96682
0.58000         0.53000        0.0000         -0.96986
0.59000         0.53000        0.0000         -0.97268
0.60000         0.53000        0.0000         -0.97529
0.61000         0.53000        0.0000         -0.97772
0.62000         0.53000        0.0000         -0.97996
0.63000         0.53000        0.0000         -0.98201
0.64000         0.53000        0.0000         -0.98389
0.65000         0.53000        0.0000         -0.98561
0.66000         0.53000        0.0000         -0.98716
0.67000         0.53000        0.0000         -0.98858
0.68000         0.53000        0.0000         -0.98986
0.69000         0.53000        0.0000         -0.99102
0.70000         0.53000        0.0000         -0.99205
0.71000         0.53000        0.0000         -0.99298
0.72000         0.53000        0.0000         -0.99382
0.73000         0.53000        0.0000         -0.99456
0.74000         0.53000        0.0000         -0.99522
0.75000         0.53000        0.0000         -0.99581
0.76000         0.53000        0.0000         -0.99633
0.77000         0.53000        0.0000         -0.99680
0.78000         0.53000        0.0000         -0.99721
0.79000         0.53000        0.0000         -0.99756
0.80000         0.53000        0.0000         -0.99788
0.81000         0.53000        0.0000         -0.99816
0.82000         0.53000        0.0000         -0.99840
0.83000         0.53000        0.0000         -0.99862
0.84000         0.53000        0.0000         -0.99880
0.85000         0.53000        0.0000         -0.99897
0.86000         0.53000        0.0000         -0.99911
0.87000         0.53000        0.0000         -0.99923
0.88000         0.53000        0.0000         -0.99934
0.89000         0.53000        0.0000         -0.99943
0.90000         0.53000        0.0000         -0.99951
0.91000         0.53000        0.0000         -0.99958
0.92000         0.53000        0.0000         -0.99964
0.93000         0.53000        0.0000         -0.99969
0.94000         0.53000        0.0000         -0.99973
0.95000         0.53000        0.0000         -0.99977
0.96000         0.53000        0.0000         -0.99981
0.97000         0.53000        0.0000         -0.99984
0.98000         0.53000        0.0000         -0.99986
0.99000         0.53000        0.0000         -0.99988
1.0000          0.53000        0.0000         -0.99989
0.0000          0.54000        0.0000         -0.96770
0.010000        0.54000        0.0000         -0.96658
0.020000        0.54000        0.0000         -0.96395
0.030000        0.54000        0.0000         -0.96055
0.040000        0.54000        0.0000         -0.95704
0.050000        0.54000        0.0000         -0.95349
0.060000        0.54000        0.0000         -0.94988
0.070000        0.54000        0.0000         -0.94615
0.080000        0.54000        0.0000         -0.94231
0.090000        0.54000        0.0000         -0.93838
0.10000         0.54000        0.0000         -0.93439
0.11000         0.54000        0.0000         -0.93036
0.12000         0.54000        0.0000         -0.92633
0.13000         0.54000        0.0000         -0.92231
0.14000         0.54000        0.0000         -0.91835
0.15000         0.54000        0.0000         -0.91447
0.16000         0.54000        0.0000         -0.91069
0.17000         0.54000        0.0000         -0.90708
0.18000         0.54000        0.0000         -0.90363
0.19000         0.54000        0.0000         -0.90041
0.20000         0.54000        0.0000         -0.89742
0.21000         0.54000        0.0000         -0.89472
0.22000         0.54000        0.0000         -0.89230
0.23000         0.54000        0.0000         -0.89023
0.24000         0.54000        0.0000         -0.88848
0.25000         0.54000        0.0000         -0.88713
0.26000         0.54000        0.0000         -0.88612
0.27000         0.54000        0.0000         -0.88554
0.28000         0.54000        0.0000         -0.88533
0.29000         0.54000        0.0000         -0.88554
0.30000         0.54000        0.0000         -0.88612
0.31000         0.54000        0.0000         -0.88713
0.32000         0.54000        0.0000         -0.88848
0.33000         0.54000        0.0000         -0.89023
0.34000         0.54000        0.0000         -0.89230
0.35000         0.54000        0.0000         -0.89472
0.36000         0.54000        0.0000         -0.89742
0.37000         0.54000        0.0000         -0.90041
0.38000         0.54000        0.0000         -0.90363
0.39000         0.54000        0.0000         -0.90708
0.40000         0.54000        0.0000         -0.91069
0.41000         0.54000        0.0000         -0.91447
0.42000         0.54000        0.0000         -0.91835
0.43000         0.54000        0.0000         -0.92231
0.44000         0.54000        0.0000         -0.92633
0.45000         0.54000        0.0000         -0.93036
0.46000         0.54000        0.0000         -0.93439
0.47000         0.54000        0.0000         -0.93838
0.48000         0.54000        0.0000         -0.94231
0.49000         0.54000        0.0000         -0.94615
0.50000         0.54000        0.0000         -0.94990
0.51000         0.54000        0.0000         -0.95352
0.52000         0.54000        0.0000         -0.95701
0.53000         0.54000        0.0000         -0.96034
0.54000         0.54000        0.0000         -0.96354
0.55000         0.54000        0.0000         -0.96655
0.56000         0.54000        0.0000         -0.96941
0.57000         0.54000        0.0000         -0.97211
0.58000         0.54000        0.0000         -0.97462
0.59000         0.54000        0.0000         -0.97696
0.60000         0.54000        0.0000         -0.97916
0.61000         0.54000        0.0000         -0.98118
0.62000         0.54000        0.0000         -0.98304
0.63000         0.54000        0.0000         -0.98476
0.64000         0.54000        0.0000         -0.98634
0.65000         0.54000        0.0000         -0.98777
0.66000         0.54000        0.0000         -0.98909
0.67000         0.54000        0.0000         -0.99028
0.68000         0.54000        0.0000         -0.99135
0.69000         0.54000        0.0000         -0.99233
0.70000         0.54000        0.0000         -0.99321
0.71000         0.54000        0.0000         -0.99399
0.72000         0.54000        0.0000         -0.99470
0.73000         0.54000        0.0000         -0.99533
0.74000         0.54000        0.0000         -0.99589
0.75000         0.54000        0.0000         -0.99639
0.76000         0.54000        0.0000         -0.99684
0.77000         0.54000        0.0000         -0.99724
0.78000         0.54000        0.0000         -0.99758
0.79000         0.54000        0.0000         -0.99789
0.80000         0.54000        0.0000         -0.99816
0.81000         0.54000        0.0000         -0.99840
0.82000         0.54000        0.0000         -0.99861
0.83000         0.54000        0.0000         -0.99880
0.84000         0.54000        0.0000         -0.99896
0.85000         0.54000        0.0000         -0.99910
0.86000         0.54000        0.0000         -0.99922
0.87000         0.54000        0.0000         -0.99933
0.88000         0.54000        0.0000         -0.99942
0.89000         0.54000        0.0000         -0.99950
0.90000         0.54000        0.0000         -0.99957
0.91000         0.54000        0.0000         -0.99963
0.92000         0.54000        0.0000         -0.99968
0.93000         0.54000        0.0000         -0.99973
0.94000         0.54000        0.0000         -0.99977
0.95000         0.54000        0.0000         -0.99980
0.96000         0.54000        0.0000         -0.99983
0.97000         0.54000        0.0000         -0.99985
0.98000         0.54000        0.0000         -0.99988
0.99000         0.54000        0.0000         -0.99989
1.0000          0.54000        0.0000         -0.99990
0.0000          0.55000        0.0000         -0.97286
0.010000        0.55000        0.0000         -0.97202
0.020000        0.55000        0.0000         -0.96978
0.030000        0.55000        0.0000         -0.96699
0.040000        0.55000        0.0000         -0.96408
0.050000        0.55000        0.0000         -0.96116
0.060000        0.55000        0.0000         -0.95817
0.070000        0.55000        0.0000         -0.95510
0.080000        0.55000        0.0000         -0.95193
0.090000        0.55000        0.0000         -0.94870
0.10000         0.55000        0.0000         -0.94541
0.11000         0.55000        0.0000         -0.94210
0.12000         0.55000        0.0000         -0.93878
0.13000         0.55000        0.0000         -0.93548
0.14000         0.55000        0.0000         -0.93222
0.15000         0.55000        0.0000         -0.92903
0.16000         0.55000        0.0000         -0.92593
0.17000         0.55000        0.0000         -0.92295
0.18000         0.55000        0.0000         -0.92013
0.19000         0.55000        0.0000         -0.91748
0.20000         0.55000        0.0000         -0.91503
0.21000         0.55000        0.0000         -0.91280
0.22000         0.55000        0.0000         -0.91083
0.23000         0.55000        0.0000         -0.90911
0.24000         0.55000        0.0000         -0.90769
0.25000         0.55000        0.0000         -0.90656
0.26000         0.55000        0.0000         -0.90576
0.27000         0.55000        0.0000         -0.90526
0.28000         0.55000        0.0000         -0.90510
0.29000         0.55000        0.0000         -0.90526
0.30000         0.55000        0.0000         -0.90576
0.31000         0.55000        0.0000         -0.90656
0.32000         0.55000        0.0000         -0.90769
0.33000         0.55000        0.0000         -0.90911
0.34000         0.55000        0.0000         -0.91083
0.35000         0.55000        0.0000         -0.91280
0.36000         0.55000        0.0000         -0.91503
0.37000         0.55000        0.0000         -0.91748
0.38000         0.55000        0.0000         -0.92013
0.39000         0.55000        0.0000         -0.92295
0.40000         0.55000        0.0000         -0.92593
0.41000         0.55000        0.0000         -0.92903
0.42000         0.55000        0.0000         -0.93222
0.43000         0.55000        0.0000         -0.93548
0.44000         0.55000        0.0000         -0.93878
0.45000         0.55000        0.0000         -0.94210
0.46000         0.55000        0.0000         -0.94541
0.47000         0.55000        0.0000         -0.94870
0.48000         0.55000        0.0000         -0.95193
0.49000         0.55000        0.0000         -0.95510
0.50000         0.55000        0.0000         -0.95818
0.51000         0.55000        0.0000         -0.96118
0.52000         0.55000        0.0000         -0.96405
0.53000         0.55000        0.0000         -0.96682
0.54000         0.55000        0.0000         -0.96945
0.55000         0.55000        0.0000         -0.97197
0.56000         0.55000        0.0000         -0.97434
0.57000         0.55000        0.0000         -0.97656
0.58000         0.55000        0.0000         -0.97865
0.59000         0.55000        0.0000         -0.98061
0.60000         0.55000        0.0000         -0.98242
0.61000         0.55000        0.0000         -0.98411
0.62000         0.55000        0.0000         -0.98568
0.63000         0.55000        0.0000         -0.98710
0.64000         0.55000        0.0000         -0.98842
0.65000         0.55000        0.0000         -0.98963
0.66000         0.55000        0.0000         -0.99073
0.67000         0.55000        0.0000         -0.99173
0.68000         0.55000        0.0000         -0.99264
0.69000         0.55000        0.0000         -0.99346
0.70000         0.55000        0.0000         -0.99420
0.71000         0.55000        0.0000         -0.99486
0.72000         0.55000        0.0000         -0.99546
0.73000         0.55000        0.0000         -0.99600
0.74000         0.55000        0.0000         -0.99648
0.75000         0.55000        0.0000         -0.99690
0.76000         0.55000        0.0000         -0.99728
0.77000         0.55000        0.0000         -0.99762
0.78000         0.55000        0.0000         -0.99792
0.79000         0.55000        0.0000         -0.99818
0.80000         0.55000        0.0000         -0.99841
0.81000         0.55000        0.0000         -0.99862
0.82000         0.55000        0.0000         -0.99880
0.83000         0.55000        0.0000         -0.99895
0.84000         0.55000        0.0000         -0.99909
0.85000         0.55000        0.0000         -0.99921
0.86000         0.55000        0.0000         -0.99932
0.87000         0.55000        0.0000         -0.99941
0.88000         0.55000        0.0000         -0.99949
0.89000         0.55000        0.0000         -0.99956
0.90000         0.55000        0.0000         -0.99962
0.91000         0.55000        0.0000         -0.99968
0.92000         0.55000        0.0000         -0.99972
0.93000         0.55000        0.0000         -0.99976
0.94000         0.55000        0.0000         -0.99979
0.95000         0.55000        0.0000         -0.99982
0.96000         0.55000        0.0000         -0.99985
0.97000         0.55000        0.0000         -0.99987
0.98000         0.55000        0.0000         -0.99989
0.99000         0.55000        0.0000         -0.99991
1.0000          0.55000        0.0000         -0.99991
0.0000          0.56000        0.0000         -0.97726
0.010000        0.56000        0.0000         -0.97658
0.020000        0.56000        0.0000         -0.97473
0.030000        0.56000        0.0000         -0.97242
0.040000        0.56000        0.0000         -0.97002
0.050000        0.56000        0.0000         -0.96762
0.060000        0.56000        0.0000         -0.96516
0.070000        0.56000        0.0000         -0.96263
0.080000        0.56000        0.0000         -0.96003
0.090000        0.56000        0.0000         -0.95737
0.10000         0.56000        0.0000         -0.95467
0.11000         0.56000        0.0000         -0.95195
0.12000         0.56000        0.0000         -0.94923
0.13000         0.56000        0.0000         -0.94652
0.14000         0.56000        0.0000         -0.94385
0.15000         0.56000        0.0000         -0.94123
0.16000         0.56000        0.0000         -0.93870
0.17000         0.56000        0.0000         -0.93626
0.18000         0.56000        0.0000         -0.93395
0.19000         0.56000        0.0000         -0.93178
0.20000         0.56000        0.0000         -0.92978
0.21000         0.56000        0.0000         -0.92795
0.22000         0.56000        0.0000         -0.92634
0.23000         0.56000        0.0000         -0.92494
0.24000         0.56000        0.0000         -0.92378
0.25000         0.56000        0.0000         -0.92285
0.26000         0.56000        0.0000         -0.92219
0.27000         0.56000        0.0000         -0.92178
0.28000         0.56000        0.0000         -0.92166
0.29000         0.56000        0.0000         -0.92178
0.30000         0.56000        0.0000         -0.92219
0.31000         0.56000        0.0000         -0.92285
0.32000         0.56000        0.0000         -0.92378
0.33000         0.56000        0.0000         -0.92494
0.34000         0.56000        0.0000         -0.92634
0.35000         0.56000        0.0000         -0.92795
0.36000         0.56000        0.0000         -0.92978
0.37000         0.56000        0.0000         -0.93178
0.38000         0.56000        0.0000         -0.93395
0.39000         0.56000        0.0000         -0.93626
0.40000         0.56000        0.0000         -0.93870
0.41000         0.56000        0.0000         -0.94123
0.42000         0.56000        0.0000         -0.94385
0.43000         0.56000        0.0000         -0.94652
0.44000         0.56000        0.0000         -0.94923
0.45000         0.56000        0.0000         -0.95195
0.46000         0.56000        0.0000         -0.95467
0.47000         0.56000        0.0000         -0.95737
0.48000         0.56000        0.0000         -0.96002
0.49000         0.56000        0.0000         -0.96263
0.50000         0.56000        0.0000         -0.96517
0.51000         0.56000        0.0000         -0.96763
0.52000         0.56000        0.0000         -0.97001
0.53000         0.56000        0.0000         -0.97228
0.54000         0.56000        0.0000         -0.97446
0.55000         0.56000        0.0000         -0.97652
0.56000         0.56000        0.0000         -0.97848
0.57000         0.56000        0.0000         -0.98034
0.58000         0.56000        0.0000         -0.98206
0.59000         0.56000        0.0000         -0.98368
0.60000         0.56000        0.0000         -0.98520
0.61000         0.56000        0.0000         -0.98661
0.62000         0.56000        0.0000         -0.98790
0.63000         0.56000        0.0000         -0.98910
0.64000         0.56000        0.0000         -0.99021
0.65000         0.56000        0.0000         -0.99121
0.66000         0.56000        0.0000         -0.99213
0.67000         0.56000        0.0000         -0.99298
0.68000         0.56000        0.0000         -0.99373
0.69000         0.56000        0.0000         -0.99443
0.70000         0.56000        0.0000         -0.99505
0.71000         0.56000        0.0000         -0.99561
0.72000         0.56000        0.0000         -0.99612
0.73000         0.56000        0.0000         -0.99657
0.74000         0.56000        0.0000         -0.99698
0.75000         0.56000        0.0000         -0.99734
0.76000         0.56000        0.0000         -0.99766
0.77000         0.56000        0.0000         -0.99795
0.78000         0.56000        0.0000         -0.99820
0.79000         0.56000        0.0000         -0.99843
0.80000         0.56000        0.0000         -0.99863
0.81000         0.56000        0.0000         -0.99880
0.82000         0.56000        0.0000         -0.99896
0.83000         0.56000        0.0000         -0.99909
0.84000         0.56000        0.0000         -0.99921
0.85000         0.56000        0.0000         -0.99932
0.86000         0.56000        0.0000         -0.99941
0.87000         0.56000        0.0000         -0.99949
0.88000         0.56000        0.0000         -0.99956
0.89000         0.56000        0.0000         -0.99962
0.90000         0.56000        0.0000         -0.99967
0.91000         0.56000        0.0000         -0.99972
0.92000         0.56000        0.0000         -0.99976
0.93000         0.56000        0.0000         -0.99979
0.94000         0.56000        0.0000         -0.99982
0.95000         0.56000        0.0000         -0.99984
0.96000         0.56000        0.0000         -0.99987
0.97000         0.56000        0.0000         -0.99989
0.98000         0.56000        0.0000         -0.99990
0.99000         0.56000        0.0000         -0.99992
1.0000          0.56000        0.0000         -0.99992
0.0000          0.57000        0.0000         -0.98101
0.010000        0.57000        0.0000         -0.98037
0.020000        0.57000        0.0000         -0.97889
0.030000        0.57000        0.0000         -0.97697
0.040000        0.57000        0.0000         -0.97500
0.050000        0.57000        0.0000         -0.97301
0.060000        0.57000        0.0000         -0.97099
0.070000        0.57000        0.0000         -0.96891
0.080000        0.57000        0.0000         -0.96677
0.090000        0.57000        0.0000         -0.96459
0.10000         0.57000        0.0000         -0.96238
0.11000         0.57000        0.0000         -0.96015
0.12000         0.57000        0.0000         -0.95792
0.13000         0.57000        0.0000         -0.95570
0.14000         0.57000        0.0000         -0.95351
0.15000         0.57000        0.0000         -0.95137
0.16000         0.57000        0.0000         -0.94930
0.17000         0.57000        0.0000         -0.94731
0.18000         0.57000        0.0000         -0.94542
0.19000         0.57000        0.0000         -0.94365
0.20000         0.57000        0.0000         -0.94200
0.21000         0.57000        0.0000         -0.94052
0.22000         0.57000        0.0000         -0.93920
0.23000         0.57000        0.0000         -0.93806
0.24000         0.57000        0.0000         -0.93710
0.25000         0.57000        0.0000         -0.93636
0.26000         0.57000        0.0000         -0.93581
0.27000         0.57000        0.0000         -0.93549
0.28000         0.57000        0.0000         -0.93537
0.29000         0.57000        0.0000         -0.93549
0.30000         0.57000        0.0000         -0.93581
0.31000         0.57000        0.0000         -0.93636
0.32000         0.57000        0.0000         -0.93710
0.33000         0.57000        0.0000         -0.93806
0.34000         0.57000        0.0000         -0.93920
0.35000         0.57000        0.0000         -0.94052
0.36000         0.57000        0.0000         -0.94200
0.37000         0.57000        0.0000         -0.94365
0.38000         0.57000        0.0000         -0.94542
0.39000         0.57000        0.0000         -0.94731
0.40000         0.57000        0.0000         -0.94930
0.41000         0.57000        0.0000         -0.95137
0.42000         0.57000        0.0000         -0.95351
0.43000         0.57000        0.0000         -0.95570
0.44000         0.57000        0.0000         -0.95792
0.45000         0.57000        0.0000         -0.96015
0.46000         0.57000        0.0000         -0.96238
0.47000         0.57000        0.0000         -0.96459
0.48000         0.57000        0.0000         -0.96677
0.49000         0.57000        0.0000         -0.96891
0.50000         0.57000        0.0000         -0.97100
0.51000         0.57000        0.0000         -0.97302
0.52000         0.57000        0.0000         -0.97498
0.53000         0.57000        0.0000         -0.97686
0.54000         0.57000        0.0000         -0.97865
0.55000         0.57000        0.0000         -0.98036
0.56000         0.57000        0.0000         -0.98198
0.57000         0.57000        0.0000         -0.98351
0.58000         0.57000        0.0000         -0.98495
0.59000         0.57000        0.0000         -0.98630
0.60000         0.57000        0.0000         -0.98755
0.61000         0.57000        0.0000         -0.98872
0.62000         0.57000        0.0000         -0.98980
0.63000         0.57000        0.0000         -0.99080
0.64000         0.57000        0.0000         -0.99172
0.65000         0.57000        0.0000         -0.99256
0.66000         0.57000        0.0000         -0.99333
0.67000         0.57000        0.0000         -0.99403
0.68000         0.57000        0.0000         -0.99468
0.69000         0.57000        0.0000         -0.99526
0.70000         0.57000        0.0000         -0.99578
0.71000         0.57000        0.0000         -0.99626
0.72000         0.57000        0.0000         -0.99669
0.73000         0.57000        0.0000         -0.99707
0.74000         0.57000        0.0000         -0.99741
0.75000         0.57000        0.0000         -0.99772
0.76000         0.57000        0.0000         -0.99799
0.77000         0.57000        0.0000         -0.99824
0.78000         0.57000        0.0000         -0.99845
0.79000         0.57000        0.0000         -0.99864
0.80000         0.57000        0.0000         -0.99881
0.81000         0.57000        0.0000         -0.99897
0.82000         0.57000        0.0000         -0.99910
0.83000         0.57000        0.0000         -0.99921
0.84000         0.57000        0.0000         -0.99932
0.85000         0.57000        0.0000         -0.99941
0.86000         0.57000        0.0000         -0.99948
0.87000         0.57000        0.0000         -0.99955
0.88000         0.57000        0.0000         -0.99961
0.89000         0.57000        0.0000         -0.99967
0.90000         0.57000        0.0000         -0.99971
0.91000         0.57000        0.0000         -0.99975
0.92000         0.57000        0.0000         -0.99979
0.93000         0.57000        0.0000         -0.99982
0.94000         0.57000        0.0000         -0.99984
0.95000         0.57000        0.0000         -0.99986
0.96000         0.57000        0.0000         -0.99988
0.97000         0.57000        0.0000         -0.99990
0.98000         0.57000        0.0000         -0.99992
0.99000         0.57000        0.0000         -0.99993
1.0000          0.57000        0.0000         -0.99993
0.0000          0.58000        0.0000         -0.98410
0.010000        0.58000        0.0000         -0.98361
0.020000        0.58000        0.0000         -0.98236
0.030000        0.58000        0.0000         -0.98079
0.040000        0.58000        0.0000         -0.97916
0.050000        0.58000        0.0000         -0.97753
0.060000        0.58000        0.0000         -0.97587
0.070000        0.58000        0.0000         -0.97416
0.080000        0.58000        0.0000         -0.97241
0.090000        0.58000        0.0000         -0.97062
0.10000         0.58000        0.0000         -0.96881
0.11000         0.58000        0.0000         -0.96698
0.12000         0.58000        0.0000         -0.96516
0.13000         0.58000        0.0000         -0.96335
0.14000         0.58000        0.0000         -0.96156
0.15000         0.58000        0.0000         -0.95981
0.16000         0.58000        0.0000         -0.95812
0.17000         0.58000        0.0000         -0.95650
0.18000         0.58000        0.0000         -0.95496
0.19000         0.58000        0.0000         -0.95351
0.20000         0.58000        0.0000         -0.95218
0.21000         0.58000        0.0000         -0.95096
0.22000         0.58000        0.0000         -0.94989
0.23000         0.58000        0.0000         -0.94896
0.24000         0.58000        0.0000         -0.94818
0.25000         0.58000        0.0000         -0.94757
0.26000         0.58000        0.0000         -0.94713
0.27000         0.58000        0.0000         -0.94686
0.28000         0.58000        0.0000         -0.94677
0.29000         0.58000        0.0000         -0.94686
0.30000         0.58000        0.0000         -0.94713
0.31000         0.58000        0.0000         -0.94757
0.32000         0.58000        0.0000         -0.94818
0.33000         0.58000        0.0000         -0.94896
0.34000         0.58000        0.0000         -0.94989
0.35000         0.58000        0.0000         -0.95096
0.36000         0.58000        0.0000         -0.95218
0.37000         0.58000        0.0000         -0.95351
0.38000         0.58000        0.0000         -0.95496
0.39000         0.58000        0.0000         -0.95650
0.40000         0.58000        0.0000         -0.95812
0.41000         0.58000        0.0000         -0.95981
0.42000         0.58000        0.0000         -0.96156
0.43000         0.58000        0.0000         -0.96335
0.44000         0.58000        0.0000         -0.96516
0.45000         0.58000        0.0000         -0.96698
0.46000         0.58000        0.0000         -0.96881
0.47000         0.58000        0.0000         -0.97062
0.48000         0.58000        0.0000         -0.97241
0.49000         0.58000        0.0000         -0.97416
0.50000         0.58000        0.0000         -0.97588
0.51000         0.58000        0.0000         -0.97754
0.52000         0.58000        0.0000         -0.97915
0.53000         0.58000        0.0000         -0.98070
0.54000         0.58000        0.0000         -0.98217
0.55000         0.58000        0.0000         -0.98359
0.56000         0.58000        0.0000         -0.98492
0.57000         0.58000        0.0000         -0.98619
0.58000         0.58000        0.0000         -0.98738
0.59000         0.58000        0.0000         -0.98849
0.60000         0.58000        0.0000         -0.98954
0.61000         0.58000        0.0000         -0.99051
0.62000         0.58000        0.0000         -0.99140
0.63000         0.58000        0.0000         -0.99224
0.64000         0.58000        0.0000         -0.99301
0.65000         0.58000        0.0000         -0.99371
0.66000         0.58000        0.0000         -0.99435
0.67000         0.58000        0.0000         -0.99495
0.68000         0.58000        0.0000         -0.99548
0.69000         0.58000        0.0000         -0.99597
0.70000         0.58000        0.0000         -0.99641
0.71000         0.58000        0.0000         -0.99681
0.72000         0.58000        0.0000         -0.99717
0.73000         0.58000        0.0000         -0.99750
0.74000         0.58000        0.0000         -0.99779
0.75000         0.58000        0.0000         -0.99804
0.76000         0.58000        0.0000         -0.99828
0.77000         0.58000        0.0000         -0.99849
0.78000         0.58000        0.0000         -0.99867
0.79000         0.58000        0.0000         -0.99883
0.80000         0.58000        0.0000         -0.99898
0.81000         0.58000        0.0000         -0.99911
0.82000         0.58000        0.0000         -0.99922
0.83000         0.58000        0.0000         -0.99932
0.84000         0.58000        0.0000         -0.99941
0.85000         0.58000        0.0000         -0.99948
0.86000         0.58000        0.0000         -0.99955
0.87000         0.58000        0.0000         -0.99961
0.88000         0.58000        0.0000         -0.99966
0.89000         0.58000        0.0000         -0.99971
0.90000         0.58000        0.0000         -0.99975
0.91000         0.58000        0.0000         -0.99978
0.92000         0.58000        0.0000         -0.99981
0.93000         0.58000        0.0000         -0.99984
0.94000         0.58000        0.0000         -0.99986
0.95000         0.58000        0.0000         -0.99988
0.96000         0.58000        0.0000         -0.99990
0.97000         0.58000        0.0000         -0.99991
0.98000         0.58000        0.0000         -0.99993
0.99000         0.58000        0.0000         -0.99994
1.0000          0.58000        0.0000         -0.99994
0.0000          0.59000        0.0000         -0.98670
0.010000        0.59000        0.0000         -0.98633
0.020000        0.59000        0.0000         -0.98529
0.030000        0.59000        0.0000         -0.98400
0.040000        0.59000        0.0000         -0.98266
0.050000        0.59000        0.0000         -0.98132
0.060000        0.59000        0.0000         -0.97995
0.070000        0.59000        0.0000         -0.97856
0.080000        0.59000        0.0000         -0.97712
0.090000        0.59000        0.0000         -0.97565
0.10000         0.59000        0.0000         -0.97417
0.11000         0.59000        0.0000         -0.97268
0.12000         0.59000        0.0000         -0.97119
0.13000         0.59000        0.0000         -0.96971
0.14000         0.59000        0.0000         -0.96826
0.15000         0.59000        0.0000         -0.96683
0.16000         0.59000        0.0000         -0.96545
0.17000         0.59000        0.0000         -0.96413
0.18000         0.59000        0.0000         -0.96288
0.19000         0.59000        0.0000         -0.96170
0.20000         0.59000        0.0000         -0.96062
0.21000         0.59000        0.0000         -0.95963
0.22000         0.59000        0.0000         -0.95875
0.23000         0.59000        0.0000         -0.95799
0.24000         0.59000        0.0000         -0.95737
0.25000         0.59000        0.0000         -0.95687
0.26000         0.59000        0.0000         -0.95651
0.27000         0.59000        0.0000         -0.95629
0.28000         0.59000        0.0000         -0.95622
0.29000         0.59000        0.0000         -0.95629
0.30000         0.59000        0.0000         -0.95651
0.31000         0.59000        0.0000         -0.95687
0.32000         0.59000        0.0000         -0.95737
0.33000         0.59000        0.0000         -0.95799
0.34000         0.59000        0.0000         -0.95875
0.35000         0.59000        0.0000         -0.95963
0.36000         0.59000        0.0000         -0.96062
0.37000         0.59000        0.0000         -0.96170
0.38000         0.59000        0.0000         -0.96288
0.39000         0.59000        0.0000         -0.96413
0.40000         0.59000        0.0000         -0.96545
0.41000         0.59000        0.0000         -0.96683
0.42000         0.59000        0.0000         -0.96826
0.43000         0.59000        0.0000         -0.96971
0.44000         0.59000        0.0000         -0.97119
0.45000         0.59000        0.0000         -0.97268
0.46000         0.59000        0.0000         -0.97417
0.47000         0.59000        0.0000         -0.97565
0.48000         0.59000        0.0000         -0.97712
0.49000         0.59000        0.0000         -0.97856
0.50000         0.59000        0.0000         -0.97996
0.51000         0.59000        0.0000         -0.98133
0.52000         0.59000        0.0000         -0.98265
0.53000         0.59000        0.0000         -0.98392
0.54000         0.59000        0.0000         -0.98513
0.55000         0.59000        0.0000         -0.98630
0.56000         0.59000        0.0000         -0.98740
0.57000         0.59000        0.0000         -0.98844
0.58000         0.59000        0.0000         -0.98942
0.59000         0.59000        0.0000         -0.99035
0.60000         0.59000        0.0000         -0.99121
0.61000         0.59000        0.0000         -0.99202
0.62000         0.59000        0.0000         -0.99277
0.63000         0.59000        0.0000         -0.99346
0.64000         0.59000        0.0000         -0.99410
0.65000         0.59000        0.0000         -0.99469
0.66000         0.59000        0.0000         -0.99522
0.67000         0.59000        0.0000         -0.99572
0.68000         0.59000        0.0000         -0.99617
0.69000         0.59000        0.0000         -0.99658
0.70000         0.59000        0.0000         -0.99695
0.71000         0.59000        0.0000         -0.99728
0.72000         0.59000        0.0000         -0.99759
0.73000         0.59000        0.0000         -0.99786
0.74000         0.59000        0.0000         -0.99811
0.75000         0.59000        0.0000         -0.99833
0.76000         0.59000        0.0000         -0.99852
0.77000         0.59000        0.0000         -0.99870
0.78000         0.59000        0.0000         -0.99886
0.79000         0.59000        0.0000         -0.99900
0.80000         0.59000        0.0000         -0.99912
0.81000         0.59000        0.0000         -0.99923
0.82000         0.59000        0.0000         -0.99933
0.83000         0.59000        0.0000         -0.99941
0.84000         0.59000        0.0000         -0.99949
0.85000         0.59000        0.0000         -0.99955
0.86000         0.59000        0.0000         -0.99961
0.87000         0.59000        0.0000         -0.99966
0.88000         0.59000        0.0000         -0.99971
0.89000         0.59000        0.0000         -0.99975
0.90000         0.59000        0.0000         -0.99978
0.91000         0.59000        0.0000         -0.99981
0.92000         0.59000        0.0000         -0.99984
0.93000         0.59000        0.0000         -0.99986
0.94000         0.59000        0.0000         -0.99988
0.95000         0.59000        0.0000         -0.99989
0.96000         0.59000        0.0000         -0.99991
0.97000         0.59000        0.0000         -0.99992
0.98000         0.59000        0.0000         -0.99993
0.99000         0.59000        0.0000         -0.99994
1.0000          0.59000        0.0000         -0.99995
0.0000          0.60000        0.0000         -0.98892
0.010000        0.60000        0.0000         -0.98857
0.020000        0.60000        0.0000         -0.98774
0.030000        0.60000        0.0000         -0.98667
0.040000        0.60000        0.0000         -0.98557
0.050000        0.60000        0.0000         -0.98447
0.060000        0.60000        0.0000         -0.98335
0.070000        0.60000        0.0000         -0.98220
0.080000        0.60000        0.0000         -0.98103
0.090000        0.60000        0.0000         -0.97983
0.10000         0.60000        0.0000         -0.97862
0.11000         0.60000        0.0000         -0.97740
0.12000         0.60000        0.0000         -0.97618
0.13000         0.60000        0.0000         -0.97498
0.14000         0.60000        0.0000         -0.97379
0.15000         0.60000        0.0000         -0.97263
0.16000         0.60000        0.0000         -0.97150
0.17000         0.60000        0.0000         -0.97043
0.18000         0.60000        0.0000         -0.96941
0.19000         0.60000        0.0000         -0.96845
0.20000         0.60000        0.0000         -0.96757
0.21000         0.60000        0.0000         -0.96677
0.22000         0.60000        0.0000         -0.96605
0.23000         0.60000        0.0000         -0.96544
0.24000         0.60000        0.0000         -0.96493
0.25000         0.60000        0.0000         -0.96453
0.26000         0.60000        0.0000         -0.96423
0.27000         0.60000        0.0000         -0.96406
0.28000         0.60000        0.0000         -0.96400
0.29000         0.60000        0.0000         -0.96406
0.30000         0.60000        0.0000         -0.96423
0.31000         0.60000        0.0000         -0.96453
0.32000         0.60000        0.0000         -0.96493
0.33000         0.60000        0.0000         -0.96544
0.34000         0.60000        0.0000         -0.96605
0.35000         0.60000        0.0000         -0.96677
0.36000         0.60000        0.0000         -0.96757
0.37000         0.60000        0.0000         -0.96845
0.38000         0.60000        0.0000         -0.96941
0.39000         0.60000        0.0000         -0.97043
0.40000         0.60000        0.0000         -0.97150
0.41000         0.60000        0.0000         -0.97263
0.42000         0.60000        0.0000         -0.97379
0.43000         0.60000        0.0000         -0.97498
0.44000         0.60000        0.0000         -0.97618
0.45000         0.60000        0.0000         -0.97740
0.46000         0.60000        0.0000         -0.97862
0.47000         0.60000        0.0000         -0.97983
0.48000         0.60000        0.0000         -0.98103
0.49000         0.60000        0.0000         -0.98220
0.50000         0.60000        0.0000         -0.98335
0.51000         0.60000        0.0000         -0.98447
0.52000         0.60000        0.0000         -0.98556
0.53000         0.60000        0.0000         -0.98660
0.54000         0.60000        0.0000         -0.98761
0.55000         0.60000        0.0000         -0.98856
0.56000         0.60000        0.0000         -0.98947
0.57000         0.60000        0.0000         -0.99033
0.58000         0.60000        0.0000         -0.99115
0.59000         0.60000        0.0000         -0.99191
0.60000         0.60000        0.0000         -0.99263
0.61000         0.60000        0.0000         -0.99329
0.62000         0.60000        0.0000         -0.99391
0.63000         0.60000        0.0000         -0.99449
0.64000         0.60000        0.0000         -0.99502
0.65000         0.60000        0.0000         -0.99551
0.66000         0.60000        0.0000         -0.99596
0.67000         0.60000        0.0000         -0.99638
0.68000         0.60000        0.0000         -0.99675
0.69000         0.60000        0.0000         -0.99710
0.70000         0.60000        0.0000         -0.99741
0.71000         0.60000        0.0000         -0.99769
0.72000         0.60000        0.0000         -0.99795
0.73000         0.60000        0.0000         -0.99818
0.74000         0.60000        0.0000         -0.99838
0.75000         0.60000        0.0000         -0.99857
0.76000         0.60000        0.0000         -0.99874
0.77000         0.60000        0.0000         -0.99889
0.78000         0.60000        0.0000         -0.99902
0.79000         0.60000        0.0000         -0.99914
0.80000         0.60000        0.0000         -0.99924
0.81000         0.60000        0.0000         -0.99934
0.82000         0.60000        0.0000         -0.99942
0.83000         0.60000        0.0000         -0.99949
0.84000         0.60000        0.0000         -0.99956
0.85000         0.60000        0.0000         -0.99961
0.86000         0.60000        0.0000         -0.99966
0.87000         0.60000        0.0000         -0.99971
0.88000         0.60000        0.0000         -0.99975
0.89000         0.60000        0.0000         -0.99978
0.90000         0.60000        0.0000         -0.99981
0.91000         0.60000        0.0000         -0.99983
0.92000         0.60000        0.0000         -0.99986
0.93000         0.60000        0.0000         -0.99988
0.94000         0.60000        0.0000         -0.99989
0.95000         0.60000        0.0000         -0.99991
0.96000         0.60000        0.0000         -0.99992
0.97000         0.60000        0.0000         -0.99993
0.98000         0.60000        0.0000         -0.99994
0.99000         0.60000        0.0000         -0.99995
1.0000          0.60000        0.0000         -0.99995
0.0000          0.61000        0.0000         -0.99076
0.010000        0.61000        0.0000         -0.99047
0.020000        0.61000        0.0000         -0.98978
0.030000        0.61000        0.0000         -0.98891
0.040000        0.61000        0.0000         -0.98800
0.050000        0.61000        0.0000         -0.98710
0.060000        0.61000        0.0000         -0.98619
0.070000        0.61000        0.0000         -0.98525
0.080000        0.61000        0.0000         -0.98429
0.090000        0.61000        0.0000         -0.98331
0.10000         0.61000        0.0000         -0.98232
0.11000         0.61000        0.0000         -0.98133
0.12000         0.61000        0.0000         -0.98033
0.13000         0.61000        0.0000         -0.97935
0.14000         0.61000        0.0000         -0.97839
0.15000         0.61000        0.0000         -0.97744
0.16000         0.61000        0.0000         -0.97653
0.17000         0.61000        0.0000         -0.97565
0.18000         0.61000        0.0000         -0.97482
0.19000         0.61000        0.0000         -0.97405
0.20000         0.61000        0.0000         -0.97333
0.21000         0.61000        0.0000         -0.97268
0.22000         0.61000        0.0000         -0.97210
0.23000         0.61000        0.0000         -0.97161
0.24000         0.61000        0.0000         -0.97119
0.25000         0.61000        0.0000         -0.97087
0.26000         0.61000        0.0000         -0.97063
0.27000         0.61000        0.0000         -0.97049
0.28000         0.61000        0.0000         -0.97044
0.29000         0.61000        0.0000         -0.97049
0.30000         0.61000        0.0000         -0.97063
0.31000         0.61000        0.0000         -0.97087
0.32000         0.61000        0.0000         -0.97119
0.33000         0.61000        0.0000         -0.97161
0.34000         0.61000        0.0000         -0.97210
0.35000         0.61000        0.0000         -0.97268
0.36000         0.61000        0.0000         -0.97333
0.37000         0.61000        0.0000         -0.97405
0.38000         0.61000        0.0000         -0.97482
0.39000         0.61000        0.0000         -0.97565
0.40000         0.61000        0.0000         -0.97653
0.41000         0.61000        0.0000         -0.97744
0.42000         0.61000        0.0000         -0.97838
0.43000         0.61000        0.0000         -0.97935
0.44000         0.61000        0.0000         -0.98033
0.45000         0.61000        0.0000         -0.98133
0.46000         0.61000        0.0000         -0.98232
0.47000         0.61000        0.0000         -0.98331
0.48000         0.61000        0.0000         -0.98429
0.49000         0.61000        0.0000         -0.98525
0.50000         0.61000        0.0000         -0.98619
0.51000         0.61000        0.0000         -0.98711
0.52000         0.61000        0.0000         -0.98800
0.53000         0.61000        0.0000         -0.98885
0.54000         0.61000        0.0000         -0.98968
0.55000         0.61000        0.0000         -0.99046
0.56000         0.61000        0.0000         -0.99121
0.57000         0.61000        0.0000         -0.99192
0.58000         0.61000        0.0000         -0.99259
0.59000         0.61000        0.0000         -0.99323
0.60000         0.61000        0.0000         -0.99382
0.61000         0.61000        0.0000         -0.99437
0.62000         0.61000        0.0000         -0.99489
0.63000         0.61000        0.0000         -0.99536
0.64000         0.61000        0.0000         -0.99581
0.65000         0.61000        0.0000         -0.99622
0.66000         0.61000        0.0000         -0.99659
0.67000         0.61000        0.0000         -0.99693
0.68000         0.61000        0.0000         -0.99725
0.69000         0.61000        0.0000         -0.99754
0.70000         0.61000        0.0000         -0.99780
0.71000         0.61000        0.0000         -0.99804
0.72000         0.61000        0.0000         -0.99825
0.73000         0.61000        0.0000         -0.99845
0.74000         0.61000        0.0000         -0.99862
0.75000         0.61000        0.0000         -0.99878
0.76000         0.61000        0.0000         -0.99892
0.77000         0.61000        0.0000         -0.99905
0.78000         0.61000        0.0000         -0.99916
0.79000         0.61000        0.0000         -0.99926
0.80000         0.61000        0.0000         -0.99935
0.81000         0.61000        0.0000         -0.99943
0.82000         0.61000        0.0000         -0.99950
0.83000         0.61000        0.0000         -0.99956
0.84000         0.61000        0.0000         -0.99962
0.85000         0.61000        0.0000         -0.99967
0.86000         0.61000        0.0000         -0.99971
0.87000         0.61000        0.0000         -0.99975
0.88000         0.61000        0.0000         -0.99978
0.89000         0.61000        0.0000         -0.99981
0.90000         0.61000        0.0000         -0.99983
0.91000         0.61000        0.0000         -0.99986
0.92000         0.61000        0.0000         -0.99988
0.93000         0.61000        0.0000         -0.99989
0.94000         0.61000        0.0000         -0.99991
0.95000         0.61000        0.0000         -0.99992
0.96000         0.61000        0.0000         -0.99993
0.97000         0.61000        0.0000         -0.99994
0.98000         0.61000        0.0000         -0.99995
0.99000         0.61000        0.0000         -0.99996
1.0000          0.61000        0.0000         -0.99996
0.0000          0.62000        0.0000         -0.99228
0.010000        0.62000        0.0000         -0.99207
0.020000        0.62000        0.0000         -0.99149
0.030000        0.62000        0.0000         -0.99077
0.040000        0.62000        0.0000         -0.99003
0.050000        0.62000        0.0000         -0.98929
0.060000        0.62000        0.0000         -0.98854
0.070000        0.62000        0.0000         -0.98777
0.080000        0.62000        0.0000         -0.98699
0.090000        0.62000        0.0000         -0.98619
0.10000         0.62000        0.0000         -0.98538
0.11000         0.62000        0.0000         -0.98457
0.12000         0.62000        0.0000         -0.98377
0.13000         0.62000        0.0000         -0.98296
0.14000         0.62000        0.0000         -0.98218
0.15000         0.62000        0.0000         -0.98141
0.16000         0.62000        0.0000         -0.98067
0.17000         0.62000        0.0000         -0.97996
0.18000         0.62000        0.0000         -0.97929
0.19000         0.62000        0.0000         -0.97865
0.20000         0.62000        0.0000         -0.97807
0.21000         0.62000        0.0000         -0.97754
0.22000         0.62000        0.0000         -0.97708
0.23000         0.62000        0.0000         -0.97667
0.24000         0.62000        0.0000         -0.97634
0.25000         0.62000        0.0000         -0.97607
0.26000         0.62000        0.0000         -0.97588
0.27000         0.62000        0.0000         -0.97576
0.28000         0.62000        0.0000         -0.97573
0.29000         0.62000        0.0000         -0.97576
0.30000         0.62000        0.0000         -0.97588
0.31000         0.62000        0.0000         -0.97607
0.32000         0.62000        0.0000         -0.97634
0.33000         0.62000        0.0000         -0.97667
0.34000         0.62000        0.0000         -0.97708
0.35000         0.62000        0.0000         -0.97754
0.36000         0.62000        0.0000         -0.97807
0.37000         0.62000        0.0000         -0.97865
0.38000         0.62000        0.0000         -0.97929
0.39000         0.62000        0.0000         -0.97996
0.40000         0.62000        0.0000         -0.98067
0.41000         0.62000        0.0000         -0.98141
0.42000         0.62000        0.0000         -0.98218
0.43000         0.62000        0.0000         -0.98296
0.44000         0.62000        0.0000         -0.98377
0.45000         0.62000        0.0000         -0.98457
0.46000         0.62000        0.0000         -0.98538
0.47000         0.62000        0.0000         -0.98619
0.48000         0.62000        0.0000         -0.98699
0.49000         0.62000        0.0000         -0.98778
0.50000         0.62000        0.0000         -0.98855
0.51000         0.62000        0.0000         -0.98930
0.52000         0.62000        0.0000         -0.99003
0.53000         0.62000        0.0000         -0.99073
0.54000         0.62000        0.0000         -0.99140
0.55000         0.62000        0.0000         -0.99205
0.56000         0.62000        0.0000         -0.99267
0.57000         0.62000        0.0000         -0.99326
0.58000         0.62000        0.0000         -0.99381
0.59000         0.62000        0.0000         -0.99433
0.60000         0.62000        0.0000         -0.99482
0.61000         0.62000        0.0000         -0.99528
0.62000         0.62000        0.0000         -0.99570
0.63000         0.62000        0.0000         -0.99610
0.64000         0.62000        0.0000         -0.99647
0.65000         0.62000        0.0000         -0.99681
0.66000         0.62000        0.0000         -0.99712
0.67000         0.62000        0.0000         -0.99741
0.68000         0.62000        0.0000         -0.99767
0.69000         0.62000        0.0000         -0.99791
0.70000         0.62000        0.0000         -0.99814
0.71000         0.62000        0.0000         -0.99833
0.72000         0.62000        0.0000         -0.99851
0.73000         0.62000        0.0000         -0.99868
0.74000         0.62000        0.0000         -0.99883
0.75000         0.62000        0.0000         -0.99896
0.76000         0.62000        0.0000         -0.99908
0.77000         0.62000        0.0000         -0.99918
0.78000         0.62000        0.0000         -0.99928
0.79000         0.62000        0.0000         -0.99937
0.80000         0.62000        0.0000         -0.99944
0.81000         0.62000        0.0000         -0.99951
0.82000         0.62000        0.0000         -0.99957
0.83000         0.62000        0.0000         -0.99962
0.84000         0.62000        0.0000         -0.99967
0.85000         0.62000        0.0000         -0.99971
0.86000         0.62000        0.0000         -0.99975
0.87000         0.62000        0.0000         -0.99978
0.88000         0.62000        0.0000         -0.99981
0.89000         0.62000        0.0000         -0.99983
0.90000         0.62000        0.0000         -0.99986
0.91000         0.62000        0.0000         -0.99987
0.92000         0.62000        0.0000         -0.99989
0.93000         0.62000        0.0000         -0.99991
0.94000         0.62000        0.0000         -0.99992
0.95000         0.62000        0.0000         -0.99993
0.96000         0.62000        0.0000         -0.99994
0.97000         0.62000        0.0000         -0.99995
0.98000         0.62000        0.0000         -0.99996
0.99000         0.62000        0.0000         -0.99996
1.0000          0.62000        0.0000         -0.99996
0.0000          0.63000        0.0000         -0.99358
0.010000        0.63000        0.0000         -0.99339
0.020000        0.63000        0.0000         -0.99292
0.030000        0.63000        0.0000         -0.99233
0.040000        0.63000        0.0000         -0.99172
0.050000        0.63000        0.0000         -0.99111
0.060000        0.63000        0.0000         -0.99050
0.070000        0.63000        0.0000         -0.98987
0.080000        0.63000        0.0000         -0.98923
0.090000        0.63000        0.0000         -0.98858
0.10000         0.63000        0.0000         -0.98792
0.11000         0.63000        0.0000         -0.98726
0.12000         0.63000        0.0000         -0.98660
0.13000         0.63000        0.0000         -0.98595
0.14000         0.63000        0.0000         -0.98531
0.15000         0.63000        0.0000         -0.98469
0.16000         0.63000        0.0000         -0.98408
0.17000         0.63000        0.0000         -0.98351
0.18000         0.63000        0.0000         -0.98296
0.19000         0.63000        0.0000         -0.98245
0.20000         0.63000        0.0000         -0.98198
0.21000         0.63000        0.0000         -0.98155
0.22000         0.63000        0.0000         -0.98117
0.23000         0.63000        0.0000         -0.98085
0.24000         0.63000        0.0000         -0.98057
0.25000         0.63000        0.0000         -0.98036
0.26000         0.63000        0.0000         -0.98020
0.27000         0.63000        0.0000         -0.98011
0.28000         0.63000        0.0000         -0.98008
0.29000         0.63000        0.0000         -0.98011
0.30000         0.63000        0.0000         -0.98020
0.31000         0.63000        0.0000         -0.98036
0.32000         0.63000        0.0000         -0.98057
0.33000         0.63000        0.0000         -0.98085
0.34000         0.63000        0.0000         -0.98117
0.35000         0.63000        0.0000         -0.98155
0.36000         0.63000        0.0000         -0.98198
0.37000         0.63000        0.0000         -0.98245
0.38000         0.63000        0.0000         -0.98296
0.39000         0.63000        0.0000         -0.98351
0.40000         0.63000        0.0000         -0.98408
0.41000         0.63000        0.0000         -0.98469
0.42000         0.63000        0.0000         -0.98531
0.43000         0.63000        0.0000         -0.98595
0.44000         0.63000        0.0000         -0.98660
0.45000         0.63000        0.0000         -0.98726
0.46000         0.63000        0.0000         -0.98792
0.47000         0.63000        0.0000         -0.98858
0.48000         0.63000        0.0000         -0.98923
0.49000         0.63000        0.0000         -0.98987
0.50000         0.63000        0.0000         -0.99050
0.51000         0.63000        0.0000         -0.99112
0.52000         0.63000        0.0000         -0.99172
0.53000         0.63000        0.0000         -0.99229
0.54000         0.63000        0.0000         -0.99285
0.55000         0.63000        0.0000         -0.99338
0.56000         0.63000        0.0000         -0.99389
0.57000         0.63000        0.0000         -0.99437
0.58000         0.63000        0.0000         -0.99483
0.59000         0.63000        0.0000         -0.99526
0.60000         0.63000        0.0000         -0.99566
0.61000         0.63000        0.0000         -0.99604
0.62000         0.63000        0.0000         -0.99640
0.63000         0.63000        0.0000         -0.99672
0.64000         0.63000        0.0000         -0.99703
0.65000         0.63000        0.0000         -0.99731
0.66000         0.63000        0.0000         -0.99758
0.67000         0.63000        0.0000         -0.99781
0.68000         0.63000        0.0000         -0.99804
0.69000         0.63000        0.0000         -0.99824
0.70000         0.63000        0.0000         -0.99842
0.71000         0.63000        0.0000         -0.99859
0.72000         0.63000        0.0000         -0.99874
0.73000         0.63000        0.0000         -0.99888
0.74000         0.63000        0.0000         -0.99900
0.75000         0.63000        0.0000         -0.99911
0.76000         0.63000        0.0000         -0.99921
0.77000         0.63000        0.0000         -0.99930
0.78000         0.63000        0.0000         -0.99938
0.79000         0.63000        0.0000         -0.99946
0.80000         0.63000        0.0000         -0.99952
0.81000         0.63000        0.0000         -0.99958
0.82000         0.63000        0.0000         -0.99963
0.83000         0.63000        0.0000         -0.99968
0.84000         0.63000        0.0000         -0.99972
0.85000         0.63000        0.0000         -0.99975
0.86000         0.63000        0.0000         -0.99978
0.87000         0.63000        0.0000         -0.99981
0.88000         0.63000        0.0000         -0.99983
0.89000         0.63000        0.0000         -0.99986
0.90000         0.63000        0.0000         -0.99987
0.91000         0.63000        0.0000         -0.99989
0.92000         0.63000        0.0000         -0.99991
0.93000         0.63000        0.0000         -0.99992
0.94000         0.63000        0.0000         -0.99993
0.95000         0.63000        0.0000         -0.99994
0.96000         0.63000        0.0000         -0.99995
0.97000         0.63000        0.0000         -0.99995
0.98000         0.63000        0.0000         -0.99996
0.99000         0.63000        0.0000         -0.99997
1.0000          0.63000        0.0000         -0.99997
0.0000          0.64000        0.0000         -0.99466
0.010000        0.64000        0.0000         -0.99450
0.020000        0.64000        0.0000         -0.99411
0.030000        0.64000        0.0000         -0.99363
0.040000        0.64000        0.0000         -0.99313
0.050000        0.64000        0.0000         -0.99263
0.060000        0.64000        0.0000         -0.99213
0.070000        0.64000        0.0000         -0.99162
0.080000        0.64000        0.0000         -0.99110
0.090000        0.64000        0.0000         -0.99056
0.10000         0.64000        0.0000         -0.99003
0.11000         0.64000        0.0000         -0.98949
0.12000         0.64000        0.0000         -0.98896
0.13000         0.64000        0.0000         -0.98843
0.14000         0.64000        0.0000         -0.98791
0.15000         0.64000        0.0000         -0.98740
0.16000         0.64000        0.0000         -0.98691
0.17000         0.64000        0.0000         -0.98644
0.18000         0.64000        0.0000         -0.98600
0.19000         0.64000        0.0000         -0.98559
0.20000         0.64000        0.0000         -0.98520
0.21000         0.64000        0.0000         -0.98486
0.22000         0.64000        0.0000         -0.98455
0.23000         0.64000        0.0000         -0.98429
0.24000         0.64000        0.0000         -0.98407
0.25000         0.64000        0.0000         -0.98389
0.26000         0.64000        0.0000         -0.98377
0.27000         0.64000        0.0000         -0.98369
0.28000         0.64000        0.0000         -0.98367
0.29000         0.64000        0.0000         -0.98369
0.30000         0.64000        0.0000         -0.98377
0.31000         0.64000        0.0000         -0.98389
0.32000         0.64000        0.0000         -0.98407
0.33000         0.64000        0.0000         -0.98429
0.34000         0.64000        0.0000         -0.98455
0.35000         0.64000        0.0000         -0.98486
0.36000         0.64000        0.0000         -0.98520
0.37000         0.64000        0.0000         -0.98559
0.38000         0.64000        0.0000         -0.98600
0.39000         0.64000        0.0000         -0.98644
0.40000         0.64000        0.0000         -0.98691
0.41000         0.64000        0.0000         -0.98740
0.42000         0.64000        0.0000         -0.98791
0.43000         0.64000        0.0000         -0.98843
0.44000         0.64000        0.0000         -0.98896
0.45000         0.64000        0.0000         -0.98949
0.46000         0.64000        0.0000         -0.99003
0.47000         0.64000        0.0000         -0.99056
0.48000         0.64000        0.0000         -0.99110
0.49000         0.64000        0.0000         -0.99162
0.50000         0.64000        0.0000         -0.99214
0.51000         0.64000        0.0000         -0.99264
0.52000         0.64000        0.0000         -0.99313
0.53000         0.64000        0.0000         -0.99360
0.54000         0.64000        0.0000         -0.99406
0.55000         0.64000        0.0000         -0.99449
0.56000         0.64000        0.0000         -0.99491
0.57000         0.64000        0.0000         -0.99531
0.58000         0.64000        0.0000         -0.99568
0.59000         0.64000        0.0000         -0.99604
0.60000         0.64000        0.0000         -0.99637
0.61000         0.64000        0.0000         -0.99668
0.62000         0.64000        0.0000         -0.99698
0.63000         0.64000        0.0000         -0.99725
0.64000         0.64000        0.0000         -0.99751
0.65000         0.64000        0.0000         -0.99774
0.66000         0.64000        0.0000         -0.99796
0.67000         0.64000        0.0000         -0.99816
0.68000         0.64000        0.0000         -0.99834
0.69000         0.64000        0.0000         -0.99851
0.70000         0.64000        0.0000         -0.99866
0.71000         0.64000        0.0000         -0.99880
0.72000         0.64000        0.0000         -0.99893
0.73000         0.64000        0.0000         -0.99905
0.74000         0.64000        0.0000         -0.99915
0.75000         0.64000        0.0000         -0.99924
0.76000         0.64000        0.0000         -0.99933
0.77000         0.64000        0.0000         -0.99941
0.78000         0.64000        0.0000         -0.99947
0.79000         0.64000        0.0000         -0.99953
0.80000         0.64000        0.0000         -0.99959
0.81000         0.64000        0.0000         -0.99964
0.82000         0.64000        0.0000         -0.99968
0.83000         0.64000        0.0000         -0.99972
0.84000         0.64000        0.0000         -0.99975
0.85000         0.64000        0.0000         -0.99979
0.86000         0.64000        0.0000         -0.99981
0.87000         0.64000        0.0000         -0.99984
0.88000         0.64000        0.0000         -0.99986
0.89000         0.64000        0.0000         -0.99988
0.90000         0.64000        0.0000         -0.99989
0.91000         0.64000        0.0000         -0.99991
0.92000         0.64000        0.0000         -0.99992
0.93000         0.64000        0.0000         -0.99993
0.94000         0.64000        0.0000         -0.99994
0.95000         0.64000        0.0000         -0.99995
0.96000         0.64000        0.0000         -0.99995
0.97000         0.64000        0.0000         -0.99996
0.98000         0.64000        0.0000         -0.99997
0.99000         0.64000        0.0000         -0.99997
1.0000          0.64000        0.0000         -0.99997
0.0000          0.65000        0.0000         -0.99554
0.010000        0.65000        0.0000         -0.99543
0.020000        0.65000        0.0000         -0.99510
0.030000        0.65000        0.0000         -0.99471
0.040000        0.65000        0.0000         -0.99430
0.050000        0.65000        0.0000         -0.99389
0.060000        0.65000        0.0000         -0.99348
0.070000        0.65000        0.0000         -0.99306
0.080000        0.65000        0.0000         -0.99264
0.090000        0.65000        0.0000         -0.99220
0.10000         0.65000        0.0000         -0.99176
0.11000         0.65000        0.0000         -0.99133
0.12000         0.65000        0.0000         -0.99089
0.13000         0.65000        0.0000         -0.99046
0.14000         0.65000        0.0000         -0.99004
0.15000         0.65000        0.0000         -0.98963
0.16000         0.65000        0.0000         -0.98923
0.17000         0.65000        0.0000         -0.98885
0.18000         0.65000        0.0000         -0.98849
0.19000         0.65000        0.0000         -0.98816
0.20000         0.65000        0.0000         -0.98785
0.21000         0.65000        0.0000         -0.98757
0.22000         0.65000        0.0000         -0.98732
0.23000         0.65000        0.0000         -0.98710
0.24000         0.65000        0.0000         -0.98693
0.25000         0.65000        0.0000         -0.98678
0.26000         0.65000        0.0000         -0.98669
0.27000         0.65000        0.0000         -0.98662
0.28000         0.65000        0.0000         -0.98660
0.29000         0.65000        0.0000         -0.98662
0.30000         0.65000        0.0000         -0.98669
0.31000         0.65000        0.0000         -0.98678
0.32000         0.65000        0.0000         -0.98693
0.33000         0.65000        0.0000         -0.98710
0.34000         0.65000        0.0000         -0.98732
0.35000         0.65000        0.0000         -0.98757
0.36000         0.65000        0.0000         -0.98785
0.37000         0.65000        0.0000         -0.98816
0.38000         0.65000        0.0000         -0.98849
0.39000         0.65000        0.0000         -0.98885
0.40000         0.65000        0.0000         -0.98923
0.41000         0.65000        0.0000         -0.98963
0.42000         0.65000        0.0000         -0.99004
0.43000         0.65000        0.0000         -0.99046
0.44000         0.65000        0.0000         -0.99089
0.45000         0.65000        0.0000         -0.99133
0.46000         0.65000        0.0000         -0.99176
0.47000         0.65000        0.0000         -0.99220
0.48000         0.65000        0.0000         -0.99264
0.49000         0.65000        0.0000         -0.99306
0.50000         0.65000        0.0000         -0.99348
0.51000         0.65000        0.0000         -0.99390
0.52000         0.65000        0.0000         -0.99430
0.53000         0.65000        0.0000         -0.99468
0.54000         0.65000        0.0000         -0.99506
0.55000         0.65000        0.0000         -0.99542
0.56000         0.65000        0.0000         -0.99576
0.57000         0.65000        0.0000         -0.99609
0.58000         0.65000        0.0000         -0.99640
0.59000         0.65000        0.0000         -0.99669
0.60000         0.65000        0.0000         -0.99696
0.61000         0.65000        0.0000         -0.99722
0.62000         0.65000        0.0000         -0.99747
0.63000         0.65000        0.0000         -0.99769
0.64000         0.65000        0.0000         -0.99790
0.65000         0.65000        0.0000         -0.99810
0.66000         0.65000        0.0000         -0.99828
0.67000         0.65000        0.0000         -0.99845
0.68000         0.65000        0.0000         -0.99860
0.69000         0.65000        0.0000         -0.99874
0.70000         0.65000        0.0000         -0.99887
0.71000         0.65000        0.0000         -0.99899
0.72000         0.65000        0.0000         -0.99909
0.73000         0.65000        0.0000         -0.99919
0.74000         0.65000        0.0000         -0.99928
0.75000         0.65000        0.0000         -0.99936
0.76000         0.65000        0.0000         -0.99943
0.77000         0.65000        0.0000         -0.99949
0.78000         0.65000        0.0000         -0.99955
0.79000         0.65000        0.0000         -0.99960
0.80000         0.65000        0.0000         -0.99965
0.81000         0.65000        0.0000         -0.99969
0.82000         0.65000        0.0000         -0.99973
0.83000         0.65000        0.0000         -0.99976
0.84000         0.65000        0.0000         -0.99979
0.85000         0.65000        0.0000         -0.99982
0.86000         0.65000        0.0000         -0.99984
0.87000         0.65000        0.0000         -0.99986
0.88000         0.65000        0.0000         -0.99988
0.89000         0.65000        0.0000         -0.99989
0.90000         0.65000        0.0000         -0.99991
0.91000         0.65000        0.0000         -0.99992
0.92000         0.65000        0.0000         -0.99993
0.93000         0.65000        0.0000         -0.99994
0.94000         0.65000        0.0000         -0.99995
0.95000         0.65000        0.0000         -0.99995
0.96000         0.65000        0.0000         -0.99996
0.97000         0.65000        0.0000         -0.99997
0.98000         0.65000        0.0000         -0.99997
0.99000         0.65000        0.0000         -0.99997
1.0000          0.65000        0.0000         -0.99998
0.0000          0.66000        0.0000         -0.99630
0.010000        0.66000        0.0000         -0.99619
0.020000        0.66000        0.0000         -0.99593
0.030000        0.66000        0.0000         -0.99561
0.040000        0.66000        0.0000         -0.99527
0.050000        0.66000        0.0000         -0.99494
0.060000        0.66000        0.0000         -0.99461
0.070000        0.66000        0.0000         -0.99426
0.080000        0.66000        0.0000         -0.99391
0.090000        0.66000        0.0000         -0.99356
0.10000         0.66000        0.0000         -0.99321
0.11000         0.66000        0.0000         -0.99285
0.12000         0.66000        0.0000         -0.99249
0.13000         0.66000        0.0000         -0.99215
0.14000         0.66000        0.0000         -0.99180
0.15000         0.66000        0.0000         -0.99147
0.16000         0.66000        0.0000         -0.99115
0.17000         0.66000        0.0000         -0.99084
0.18000         0.66000        0.0000         -0.99055
0.19000         0.66000        0.0000         -0.99028
0.20000         0.66000        0.0000         -0.99003
0.21000         0.66000        0.0000         -0.98980
0.22000         0.66000        0.0000         -0.98960
0.23000         0.66000        0.0000         -0.98942
0.24000         0.66000        0.0000         -0.98928
0.25000         0.66000        0.0000         -0.98917
0.26000         0.66000        0.0000         -0.98909
0.27000         0.66000        0.0000         -0.98904
0.28000         0.66000        0.0000         -0.98902
0.29000         0.66000        0.0000         -0.98904
0.30000         0.66000        0.0000         -0.98909
0.31000         0.66000        0.0000         -0.98917
0.32000         0.66000        0.0000         -0.98928
0.33000         0.66000        0.0000         -0.98942
0.34000         0.66000        0.0000         -0.98960
0.35000         0.66000        0.0000         -0.98980
0.36000         0.66000        0.0000         -0.99003
0.37000         0.66000        0.0000         -0.99028
0.38000         0.66000        0.0000         -0.99055
0.39000         0.66000        0.0000         -0.99084
0.40000         0.66000        0.0000         -0.99115
0.41000         0.66000        0.0000         -0.99147
0.42000         0.66000        0.0000         -0.99180
0.43000         0.66000        0.0000         -0.99215
0.44000         0.66000        0.0000         -0.99249
0.45000         0.66000        0.0000         -0.99285
0.46000         0.66000        0.0000         -0.99321
0.47000         0.66000        0.0000         -0.99356
0.48000         0.66000        0.0000         -0.99391
0.49000         0.66000        0.0000         -0.99426
0.50000         0.66000        0.0000         -0.99461
0.51000         0.66000        0.0000         -0.99494
0.52000         0.66000        0.0000         -0.99527
0.53000         0.66000        0.0000         -0.99559
0.54000         0.66000        0.0000         -0.99589
0.55000         0.66000        0.0000         -0.99619
0.56000         0.66000        0.0000         -0.99647
0.57000         0.66000        0.0000         -0.99674
0.58000         0.66000        0.0000         -0.99699
0.59000         0.66000        0.0000         -0.99724
0.60000         0.66000        0.0000         -0.99746
0.61000         0.66000        0.0000         -0.99768
0.62000         0.66000        0.0000         -0.99788
0.63000         0.66000        0.0000         -0.99807
0.64000         0.66000        0.0000         -0.99824
0.65000         0.66000        0.0000         -0.99840
0.66000         0.66000        0.0000         -0.99855
0.67000         0.66000        0.0000         -0.99869
0.68000         0.66000        0.0000         -0.99882
0.69000         0.66000        0.0000         -0.99894
0.70000         0.66000        0.0000         -0.99904
0.71000         0.66000        0.0000         -0.99914
0.72000         0.66000        0.0000         -0.99923
0.73000         0.66000        0.0000         -0.99931
0.74000         0.66000        0.0000         -0.99939
0.75000         0.66000        0.0000         -0.99945
0.76000         0.66000        0.0000         -0.99951
0.77000         0.66000        0.0000         -0.99957
0.78000         0.66000        0.0000         -0.99962
0.79000         0.66000        0.0000         -0.99966
0.80000         0.66000        0.0000         -0.99970
0.81000         0.66000        0.0000         -0.99973
0.82000         0.66000        0.0000         -0.99977
0.83000         0.66000        0.0000         -0.99979
0.84000         0.66000        0.0000         -0.99982
0.85000         0.66000        0.0000         -0.99984
0.86000         0.66000        0.0000         -0.99986
0.87000         0.66000        0.0000         -0.99988
0.88000         0.66000        0.0000         -0.99989
0.89000         0.66000        0.0000         -0.99991
0.90000         0.66000        0.0000         -0.99992
0.91000         0.66000        0.0000         -0.99993
0.92000         0.66000        0.0000         -0.99994
0.93000         0.66000        0.0000         -0.99995
0.94000         0.66000        0.0000         -0.99995
0.95000         0.66000        0.0000         -0.99996
0.96000         0.66000        0.0000         -0.99996
0.97000         0.66000        0.0000         -0.99997
0.98000         0.66000        0.0000         -0.99997
0.99000         0.66000        0.0000         -0.99998
1.0000          0.66000        0.0000         -0.99998
0.0000          0.67000        0.0000         -0.99692
0.010000        0.67000        0.0000         -0.99683
0.020000        0.67000        0.0000         -0.99663
0.030000        0.67000        0.0000         -0.99636
0.040000        0.67000        0.0000         -0.99608
0.050000        0.67000        0.0000         -0.99581
0.060000        0.67000        0.0000         -0.99554
0.070000        0.67000        0.0000         -0.99526
0.080000        0.67000        0.0000         -0.99497
0.090000        0.67000        0.0000         -0.99469
0.10000         0.67000        0.0000         -0.99440
0.11000         0.67000        0.0000         -0.99411
0.12000         0.67000        0.0000         -0.99382
0.13000         0.67000        0.0000         -0.99353
0.14000         0.67000        0.0000         -0.99326
0.15000         0.67000        0.0000         -0.99298
0.16000         0.67000        0.0000         -0.99272
0.17000         0.67000        0.0000         -0.99247
0.18000         0.67000        0.0000         -0.99224
0.19000         0.67000        0.0000         -0.99202
0.20000         0.67000        0.0000         -0.99182
0.21000         0.67000        0.0000         -0.99163
0.22000         0.67000        0.0000         -0.99147
0.23000         0.67000        0.0000         -0.99133
0.24000         0.67000        0.0000         -0.99121
0.25000         0.67000        0.0000         -0.99112
0.26000         0.67000        0.0000         -0.99105
0.27000         0.67000        0.0000         -0.99102
0.28000         0.67000        0.0000         -0.99100
0.29000         0.67000        0.0000         -0.99102
0.30000         0.67000        0.0000         -0.99105
0.31000         0.67000        0.0000         -0.99112
0.32000         0.67000        0.0000         -0.99121
0.33000         0.67000        0.0000         -0.99133
0.34000         0.67000        0.0000         -0.99147
0.35000         0.67000        0.0000         -0.99163
0.36000         0.67000        0.0000         -0.99182
0.37000         0.67000        0.0000         -0.99202
0.38000         0.67000        0.0000         -0.99224
0.39000         0.67000        0.0000         -0.99247
0.40000         0.67000        0.0000         -0.99272
0.41000         0.67000        0.0000         -0.99298
0.42000         0.67000        0.0000         -0.99326
0.43000         0.67000        0.0000         -0.99353
0.44000         0.67000        0.0000         -0.99382
0.45000         0.67000        0.0000         -0.99411
0.46000         0.67000        0.0000         -0.99440
0.47000         0.67000        0.0000         -0.99469
0.48000         0.67000        0.0000         -0.99497
0.49000         0.67000        0.0000         -0.99526
0.50000         0.67000        0.0000         -0.99554
0.51000         0.67000        0.0000         -0.99581
0.52000         0.67000        0.0000         -0.99608
0.53000         0.67000        0.0000         -0.99634
0.54000         0.67000        0.0000         -0.99659
0.55000         0.67000        0.0000         -0.99683
0.56000         0.67000        0.0000         -0.99706
0.57000         0.67000        0.0000         -0.99728
0.58000         0.67000        0.0000         -0.99750
0.59000         0.67000        0.0000         -0.99769
0.60000         0.67000        0.0000         -0.99788
0.61000         0.67000        0.0000         -0.99806
0.62000         0.67000        0.0000         -0.99822
0.63000         0.67000        0.0000         -0.99838
0.64000         0.67000        0.0000         -0.99852
0.65000         0.67000        0.0000         -0.99866
0.66000         0.67000        0.0000         -0.99878
0.67000         0.67000        0.0000         -0.99890
0.68000         0.67000        0.0000         -0.99901
0.69000         0.67000        0.0000         -0.99910
0.70000         0.67000        0.0000         -0.99919
0.71000         0.67000        0.0000         -0.99927
0.72000         0.67000        0.0000         -0.99935
0.73000         0.67000        0.0000         -0.99942
0.74000         0.67000        0.0000         -0.99948
0.75000         0.67000        0.0000         -0.99954
0.76000         0.67000        0.0000         -0.99959
0.77000         0.67000        0.0000         -0.99963
0.78000         0.67000        0.0000         -0.99967
0.79000         0.67000        0.0000         -0.99971
0.80000         0.67000        0.0000         -0.99974
0.81000         0.67000        0.0000         -0.99977
0.82000         0.67000        0.0000         -0.99980
0.83000         0.67000        0.0000         -0.99982
0.84000         0.67000        0.0000         -0.99984
0.85000         0.67000        0.0000         -0.99986
0.86000         0.67000        0.0000         -0.99988
0.87000         0.67000        0.0000         -0.99989
0.88000         0.67000        0.0000         -0.99991
0.89000         0.67000        0.0000         -0.99992
0.90000         0.67000        0.0000         -0.99993
0.91000         0.67000        0.0000         -0.99994
0.92000         0.67000        0.0000         -0.99995
0.93000         0.67000        0.0000         -0.99995
0.94000         0.67000        0.0000         -0.99996
0.95000         0.67000        0.0000         -0.99996
0.96000         0.67000        0.0000         -0.99997
0.97000         0.67000        0.0000         -0.99997
0.98000         0.67000        0.0000         -0.99998
0.99000         0.67000        0.0000         -0.99998
1.0000          0.67000        0.0000         -0.99998
0.0000          0.68000        0.0000         -0.99744
0.010000        0.68000        0.0000         -0.99737
0.020000        0.68000        0.0000         -0.99720
0.030000        0.68000        0.0000         -0.99698
0.040000        0.68000        0.0000         -0.99675
0.050000        0.68000        0.0000         -0.99653
0.060000        0.68000        0.0000         -0.99631
0.070000        0.68000        0.0000         -0.99608
0.080000        0.68000        0.0000         -0.99585
0.090000        0.68000        0.0000         -0.99561
0.10000         0.68000        0.0000         -0.99538
0.11000         0.68000        0.0000         -0.99514
0.12000         0.68000        0.0000         -0.99491
0.13000         0.68000        0.0000         -0.99468
0.14000         0.68000        0.0000         -0.99445
0.15000         0.68000        0.0000         -0.99423
0.16000         0.68000        0.0000         -0.99402
0.17000         0.68000        0.0000         -0.99382
0.18000         0.68000        0.0000         -0.99362
0.19000         0.68000        0.0000         -0.99345
0.20000         0.68000        0.0000         -0.99328
0.21000         0.68000        0.0000         -0.99313
0.22000         0.68000        0.0000         -0.99300
0.23000         0.68000        0.0000         -0.99289
0.24000         0.68000        0.0000         -0.99280
0.25000         0.68000        0.0000         -0.99272
0.26000         0.68000        0.0000         -0.99267
0.27000         0.68000        0.0000         -0.99263
0.28000         0.68000        0.0000         -0.99262
0.29000         0.68000        0.0000         -0.99263
0.30000         0.68000        0.0000         -0.99267
0.31000         0.68000        0.0000         -0.99272
0.32000         0.68000        0.0000         -0.99280
0.33000         0.68000        0.0000         -0.99289
0.34000         0.68000        0.0000         -0.99300
0.35000         0.68000        0.0000         -0.99313
0.36000         0.68000        0.0000         -0.99328
0.37000         0.68000        0.0000         -0.99345
0.38000         0.68000        0.0000         -0.99362
0.39000         0.68000        0.0000         -0.99382
0.40000         0.68000        0.0000         -0.99402
0.41000         0.68000        0.0000         -0.99423
0.42000         0.68000        0.0000         -0.99445
0.43000         0.68000        0.0000         -0.99468
0.44000         0.68000        0.0000         -0.99491
0.45000         0.68000        0.0000         -0.99514
0.46000         0.68000        0.0000         -0.99538
0.47000         0.68000        0.0000         -0.99561
0.48000         0.68000        0.0000         -0.99585
0.49000         0.68000        0.0000         -0.99608
0.50000         0.68000        0.0000         -0.99631
0.51000         0.68000        0.0000         -0.99653
0.52000         0.68000        0.0000         -0.99675
0.53000         0.68000        0.0000         -0.99696
0.54000         0.68000        0.0000         -0.99717
0.55000         0.68000        0.0000         -0.99737
0.56000         0.68000        0.0000         -0.99756
0.57000         0.68000        0.0000         -0.99774
0.58000         0.68000        0.0000         -0.99791
0.59000         0.68000        0.0000         -0.99808
0.60000         0.68000        0.0000         -0.99823
0.61000         0.68000        0.0000         -0.99838
0.62000         0.68000        0.0000         -0.99851
0.63000         0.68000        0.0000         -0.99864
0.64000         0.68000        0.0000         -0.99876
0.65000         0.68000        0.0000         -0.99887
0.66000         0.68000        0.0000         -0.99898
0.67000         0.68000        0.0000         -0.99907
0.68000         0.68000        0.0000         -0.99916
0.69000         0.68000        0.0000         -0.99924
0.70000         0.68000        0.0000         -0.99932
0.71000         0.68000        0.0000         -0.99939
0.72000         0.68000        0.0000         -0.99945
0.73000         0.68000        0.0000         -0.99951
0.74000         0.68000        0.0000         -0.99956
0.75000         0.68000        0.0000         -0.99961
0.76000         0.68000        0.0000         -0.99965
0.77000         0.68000        0.0000         -0.99969
0.78000         0.68000        0.0000         -0.99972
0.79000         0.68000        0.0000         -0.99975
0.80000         0.68000        0.0000         -0.99978
0.81000         0.68000        0.0000         -0.99981
0.82000         0.68000        0.0000         -0.99983
0.83000         0.68000        0.0000         -0.99985
0.84000         0.68000        0.0000         -0.99987
0.85000         0.68000        0.0000         -0.99988
0.86000         0.68000        0.0000         -0.99990
0.87000         0.68000        0.0000         -0.99991
0.88000         0.68000        0.0000         -0.99992
0.89000         0.68000        0.0000         -0.99993
0.90000         0.68000        0.0000         -0.99994
0.91000         0.68000        0.0000         -0.99995
0.92000         0.68000        0.0000         -0.99995
0.93000         0.68000        0.0000         -0.99996
0.94000         0.68000        0.0000         -0.99996
0.95000         0.68000        0.0000         -0.99997
0.96000         0.68000        0.0000         -0.99997
0.97000         0.68000        0.0000         -0.99998
0.98000         0.68000        0.0000         -0.99998
0.99000         0.68000        0.0000         -0.99998
1.0000          0.68000        0.0000         -0.99998
0.0000          0.69000        0.0000         -0.99787
0.010000        0.69000        0.0000         -0.99782
0.020000        0.69000        0.0000         -0.99767
0.030000        0.69000        0.0000         -0.99750
0.040000        0.69000        0.0000         -0.99731
0.050000        0.69000        0.0000         -0.99713
0.060000        0.69000        0.0000         -0.99695
0.070000        0.69000        0.0000         -0.99676
0.080000        0.69000        0.0000         -0.99657
0.090000        0.69000        0.0000         -0.99638
0.10000         0.69000        0.0000         -0.99619
0.11000         0.69000        0.0000         -0.99600
0.12000         0.69000        0.0000         -0.99581
0.13000         0.69000        0.0000         -0.99562
0.14000         0.69000        0.0000         -0.99544
0.15000         0.69000        0.0000         -0.99526
0.16000         0.69000        0.0000         -0.99509
0.17000         0.69000        0.0000         -0.99492
0.18000         0.69000        0.0000         -0.99477
0.19000         0.69000        0.0000         -0.99462
0.20000         0.69000        0.0000         -0.99449
0.21000         0.69000        0.0000         -0.99437
0.22000         0.69000        0.0000         -0.99427
0.23000         0.69000        0.0000         -0.99417
0.24000         0.69000        0.0000         -0.99410
0.25000         0.69000        0.0000         -0.99404
0.26000         0.69000        0.0000         -0.99400
0.27000         0.69000        0.0000         -0.99397
0.28000         0.69000        0.0000         -0.99396
0.29000         0.69000        0.0000         -0.99397
0.30000         0.69000        0.0000         -0.99400
0.31000         0.69000        0.0000         -0.99404
0.32000         0.69000        0.0000         -0.99410
0.33000         0.69000        0.0000         -0.99417
0.34000         0.69000        0.0000         -0.99427
0.35000         0.69000        0.0000         -0.99437
0.36000         0.69000        0.0000         -0.99449
0.37000         0.69000        0.0000         -0.99462
0.38000         0.69000        0.0000         -0.99477
0.39000         0.69000        0.0000         -0.99492
0.40000         0.69000        0.0000         -0.99509
0.41000         0.69000        0.0000         -0.99526
0.42000         0.69000        0.0000         -0.99544
0.43000         0.69000        0.0000         -0.99562
0.44000         0.69000        0.0000         -0.99581
0.45000         0.69000        0.0000         -0.99600
0.46000         0.69000        0.0000         -0.99619
0.47000         0.69000        0.0000         -0.99638
0.48000         0.69000        0.0000         -0.99657
0.49000         0.69000        0.0000         -0.99676
0.50000         0.69000        0.0000         -0.99695
0.51000         0.69000        0.0000         -0.99713
0.52000         0.69000        0.0000         -0.99731
0.53000         0.69000        0.0000         -0.99748
0.54000         0.69000        0.0000         -0.99765
0.55000         0.69000        0.0000         -0.99782
0.56000         0.69000        0.0000         -0.99797
0.57000         0.69000        0.0000         -0.99812
0.58000         0.69000        0.0000         -0.99826
0.59000         0.69000        0.0000         -0.99840
0.60000         0.69000        0.0000         -0.99852
0.61000         0.69000        0.0000         -0.99865
0.62000         0.69000        0.0000         -0.99876
0.63000         0.69000        0.0000         -0.99886
0.64000         0.69000        0.0000         -0.99896
0.65000         0.69000        0.0000         -0.99906
0.66000         0.69000        0.0000         -0.99914
0.67000         0.69000        0.0000         -0.99922
0.68000         0.69000        0.0000         -0.99930
0.69000         0.69000        0.0000         -0.99936
0.70000         0.69000        0.0000         -0.99943
0.71000         0.69000        0.0000         -0.99948
0.72000         0.69000        0.0000         -0.99954
0.73000         0.69000        0.0000         -0.99958
0.74000         0.69000        0.0000         -0.99963
0.75000         0.69000        0.0000         -0.99967
0.76000         0.69000        0.0000         -0.99970
0.77000         0.69000        0.0000         -0.99973
0.78000         0.69000        0.0000         -0.99976
0.79000         0.69000        0.0000         -0.99979
0.80000         0.69000        0.0000         -0.99981
0.81000         0.69000        0.0000         -0.99983
0.82000         0.69000        0.0000         -0.99985
0.83000         0.69000        0.0000         -0.99987
0.84000         0.69000        0.0000         -0.99989
0.85000         0.69000        0.0000         -0.99990
0.86000         0.69000        0.0000         -0.99991
0.87000         0.69000        0.0000         -0.99992
0.88000         0.69000        0.0000         -0.99993
0.89000         0.69000        0.0000         -0.99994
0.90000         0.69000        0.0000         -0.99995
0.91000         0.69000        0.0000         -0.99995
0.92000         0.69000        0.0000         -0.99996
0.93000         0.69000        0.0000         -0.99997
0.94000         0.69000        0.0000         -0.99997
0.95000         0.69000        0.0000         -0.99997
0.96000         0.69000        0.0000         -0.99998
0.97000         0.69000        0.0000         -0.99998
0.98000         0.69000        0.0000         -0.99998
0.99000         0.69000        0.0000         -0.99999
1.0000          0.69000        0.0000         -0.99999
0.0000          0.70000        0.0000         -0.99824
0.010000        0.70000        0.0000         -0.99819
0.020000        0.70000        0.0000         -0.99807
0.030000        0.70000        0.0000         -0.99792
0.040000        0.70000        0.0000         -0.99777
0.050000        0.70000        0.0000         -0.99763
0.060000        0.70000        0.0000         -0.99748
0.070000        0.70000        0.0000         -0.99732
0.080000        0.70000        0.0000         -0.99717
0.090000        0.70000        0.0000         -0.99701
0.10000         0.70000        0.0000         -0.99686
0.11000         0.70000        0.0000         -0.99670
0.12000         0.70000        0.0000         -0.99655
0.13000         0.70000        0.0000         -0.99640
0.14000         0.70000        0.0000         -0.99625
0.15000         0.70000        0.0000         -0.99610
0.16000         0.70000        0.0000         -0.99596
0.17000         0.70000        0.0000         -0.99583
0.18000         0.70000        0.0000         -0.99570
0.19000         0.70000        0.0000         -0.99559
0.20000         0.70000        0.0000         -0.99548
0.21000         0.70000        0.0000         -0.99538
0.22000         0.70000        0.0000         -0.99530
0.23000         0.70000        0.0000         -0.99522
0.24000         0.70000        0.0000         -0.99516
0.25000         0.70000        0.0000         -0.99511
0.26000         0.70000        0.0000         -0.99508
0.27000         0.70000        0.0000         -0.99506
0.28000         0.70000        0.0000         -0.99505
0.29000         0.70000        0.0000         -0.99506
0.30000         0.70000        0.0000         -0.99508
0.31000         0.70000        0.0000         -0.99511
0.32000         0.70000        0.0000         -0.99516
0.33000         0.70000        0.0000         -0.99522
0.34000         0.70000        0.0000         -0.99530
0.35000         0.70000        0.0000         -0.99538
0.36000         0.70000        0.0000         -0.99548
0.37000         0.70000        0.0000         -0.99559
0.38000         0.70000        0.0000         -0.99570
0.39000         0.70000        0.0000         -0.99583
0.40000         0.70000        0.0000         -0.99596
0.41000         0.70000        0.0000         -0.99610
0.42000         0.70000        0.0000         -0.99625
0.43000         0.70000        0.0000         -0.99640
0.44000         0.70000        0.0000         -0.99655
0.45000         0.70000        0.0000         -0.99670
0.46000         0.70000        0.0000         -0.99686
0.47000         0.70000        0.0000         -0.99701
0.48000         0.70000        0.0000         -0.99717
0.49000         0.70000        0.0000         -0.99732
0.50000         0.70000        0.0000         -0.99748
0.51000         0.70000        0.0000         -0.99763
0.52000         0.70000        0.0000         -0.99777
0.53000         0.70000        0.0000         -0.99792
0.54000         0.70000        0.0000         -0.99805
0.55000         0.70000        0.0000         -0.99819
0.56000         0.70000        0.0000         -0.99831
0.57000         0.70000        0.0000         -0.99844
0.58000         0.70000        0.0000         -0.99855
0.59000         0.70000        0.0000         -0.99866
0.60000         0.70000        0.0000         -0.99877
0.61000         0.70000        0.0000         -0.99887
0.62000         0.70000        0.0000         -0.99896
0.63000         0.70000        0.0000         -0.99905
0.64000         0.70000        0.0000         -0.99913
0.65000         0.70000        0.0000         -0.99921
0.66000         0.70000        0.0000         -0.99928
0.67000         0.70000        0.0000         -0.99935
0.68000         0.70000        0.0000         -0.99941
0.69000         0.70000        0.0000         -0.99946
0.70000         0.70000        0.0000         -0.99952
0.71000         0.70000        0.0000         -0.99956
0.72000         0.70000        0.0000         -0.99961
0.73000         0.70000        0.0000         -0.99965
0.74000         0.70000        0.0000         -0.99968
0.75000         0.70000        0.0000         -0.99972
0.76000         0.70000        0.0000         -0.99975
0.77000         0.70000        0.0000         -0.99977
0.78000         0.70000        0.0000         -0.99980
0.79000         0.70000        0.0000         -0.99982
0.80000         0.70000        0.0000         -0.99984
0.81000         0.70000        0.0000         -0.99986
0.82000         0.70000        0.0000         -0.99988
0.83000         0.70000        0.0000         -0.99989
0.84000         0.70000        0.0000         -0.99990
0.85000         0.70000        0.0000         -0.99991
0.86000         0.70000        0.0000         -0.99992
0.87000         0.70000        0.0000         -0.99993
0.88000         0.70000        0.0000         -0.99994
0.89000         0.70000        0.0000         -0.99995
0.90000         0.70000        0.0000         -0.99995
0.91000         0.70000        0.0000         -0.99996
0.92000         0.70000        0.0000         -0.99997
0.93000         0.70000        0.0000         -0.99997
0.94000         0.70000        0.0000         -0.99997
0.95000         0.70000        0.0000         -0.99998
0.96000         0.70000        0.0000         -0.99998
0.97000         0.70000        0.0000         -0.99998
0.98000         0.70000        0.0000         -0.99999
0.99000         0.70000        0.0000         -0.99999
1.0000          0.70000        0.0000         -0.99999
0.0000          0.71000        0.0000         -0.99853
0.010000        0.71000        0.0000         -0.99850
0.020000        0.71000        0.0000         -0.99840
0.030000        0.71000        0.0000         -0.99828
0.040000        0.71000        0.0000         -0.99816
0.050000        0.71000        0.0000         -0.99804
0.060000        0.71000        0.0000         -0.99791
0.070000        0.71000        0.0000         -0.99779
0.080000        0.71000        0.0000         -0.99766
0.090000        0.71000        0.0000         -0.99754
0.10000         0.71000        0.0000         -0.99741
0.11000         0.71000        0.0000         -0.99728
0.12000         0.71000        0.0000         -0.99716
0.13000         0.71000        0.0000         -0.99703
0.14000         0.71000        0.0000         -0.99691
0.15000         0.71000        0.0000         -0.99680
0.16000         0.71000        0.0000         -0.99668
0.17000         0.71000        0.0000         -0.99658
0.18000         0.71000        0.0000         -0.99647
0.19000         0.71000        0.0000         -0.99638
0.20000         0.71000        0.0000         -0.99629
0.21000         0.71000        0.0000         -0.99621
0.22000         0.71000        0.0000         -0.99615
0.23000         0.71000        0.0000         -0.99609
0.24000         0.71000        0.0000         -0.99604
0.25000         0.71000        0.0000         -0.99600
0.26000         0.71000        0.0000         -0.99597
0.27000         0.71000        0.0000         -0.99595
0.28000         0.71000        0.0000         -0.99595
0.29000         0.71000        0.0000         -0.99595
0.30000         0.71000        0.0000         -0.99597
0.31000         0.71000        0.0000         -0.99600
0.32000         0.71000        0.0000         -0.99604
0.33000         0.71000        0.0000         -0.99609
0.34000         0.71000        0.0000         -0.99615
0.35000         0.71000        0.0000         -0.99621
0.36000         0.71000        0.0000         -0.99629
0.37000         0.71000        0.0000         -0.99638
0.38000         0.71000        0.0000         -0.99647
0.39000         0.71000        0.0000         -0.99658
0.40000         0.71000        0.0000         -0.99668
0.41000         0.71000        0.0000         -0.99680
0.42000         0.71000        0.0000         -0.99691
0.43000         0.71000        0.0000         -0.99703
0.44000         0.71000        0.0000         -0.99716
0.45000         0.71000        0.0000         -0.99728
0.46000         0.71000        0.0000         -0.99741
0.47000         0.71000        0.0000         -0.99754
0.48000         0.71000        0.0000         -0.99766
0.49000         0.71000        0.0000         -0.99779
0.50000         0.71000        0.0000         -0.99792
0.51000         0.71000        0.0000         -0.99804
0.52000         0.71000        0.0000         -0.99816
0.53000         0.71000        0.0000         -0.99827
0.54000         0.71000        0.0000         -0.99839
0.55000         0.71000        0.0000         -0.99849
0.56000         0.71000        0.0000         -0.99860
0.57000         0.71000        0.0000         -0.99870
0.58000         0.71000        0.0000         -0.99880
0.59000         0.71000        0.0000         -0.99889
0.60000         0.71000        0.0000         -0.99897
0.61000         0.71000        0.0000         -0.99906
0.62000         0.71000        0.0000         -0.99913
0.63000         0.71000        0.0000         -0.99921
0.64000         0.71000        0.0000         -0.99927
0.65000         0.71000        0.0000         -0.99934
0.66000         0.71000        0.0000         -0.99940
0.67000         0.71000        0.0000         -0.99945
0.68000         0.71000        0.0000         -0.99950
0.69000         0.71000        0.0000         -0.99955
0.70000         0.71000        0.0000         -0.99959
0.71000         0.71000        0.0000         -0.99963
0.72000         0.71000        0.0000         -0.99967
0.73000         0.71000        0.0000         -0.99970
0.74000         0.71000        0.0000         -0.99973
0.75000         0.71000        0.0000         -0.99976
0.76000         0.71000        0.0000         -0.99979
0.77000         0.71000        0.0000         -0.99981
0.78000         0.71000        0.0000         -0.99983
0.79000         0.71000        0.0000         -0.99985
0.80000         0.71000        0.0000         -0.99986
0.81000         0.71000        0.0000         -0.99988
0.82000         0.71000        0.0000         -0.99989
0.83000         0.71000        0.0000         -0.99991
0.84000         0.71000        0.0000         -0.99992
0.85000         0.71000        0.0000         -0.99993
0.86000         0.71000        0.0000         -0.99994
0.87000         0.71000        0.0000         -0.99994
0.88000         0.71000        0.0000         -0.99995
0.89000         0.71000        0.0000         -0.99996
0.90000         0.71000        0.0000         -0.99996
0.91000         0.71000        0.0000         -0.99997
0.92000         0.71000        0.0000         -0.99997
0.93000         0.71000        0.0000         -0.99997
0.94000         0.71000        0.0000         -0.99998
0.95000         0.71000        0.0000         -0.99998
0.96000         0.71000        0.0000         -0.99998
0.97000         0.71000        0.0000         -0.99999
0.98000         0.71000        0.0000         -0.99999
0.99000         0.71000        0.0000         -0.99999
1.0000          0.71000        0.0000         -0.99999
0.0000          0.72000        0.0000         -0.99878
0.010000        0.72000        0.0000         -0.99875
0.020000        0.72000        0.0000         -0.99867
0.030000        0.72000        0.0000         -0.99858
0.040000        0.72000        0.0000         -0.99848
0.050000        0.72000        0.0000         -0.99838
0.060000        0.72000        0.0000         -0.99828
0.070000        0.72000        0.0000         -0.99818
0.080000        0.72000        0.0000         -0.99807
0.090000        0.72000        0.0000         -0.99797
0.10000         0.72000        0.0000         -0.99787
0.11000         0.72000        0.0000         -0.99776
0.12000         0.72000        0.0000         -0.99766
0.13000         0.72000        0.0000         -0.99756
0.14000         0.72000        0.0000         -0.99746
0.15000         0.72000        0.0000         -0.99737
0.16000         0.72000        0.0000         -0.99728
0.17000         0.72000        0.0000         -0.99719
0.18000         0.72000        0.0000         -0.99711
0.19000         0.72000        0.0000         -0.99703
0.20000         0.72000        0.0000         -0.99696
0.21000         0.72000        0.0000         -0.99690
0.22000         0.72000        0.0000         -0.99684
0.23000         0.72000        0.0000         -0.99679
0.24000         0.72000        0.0000         -0.99675
0.25000         0.72000        0.0000         -0.99672
0.26000         0.72000        0.0000         -0.99670
0.27000         0.72000        0.0000         -0.99669
0.28000         0.72000        0.0000         -0.99668
0.29000         0.72000        0.0000         -0.99669
0.30000         0.72000        0.0000         -0.99670
0.31000         0.72000        0.0000         -0.99672
0.32000         0.72000        0.0000         -0.99675
0.33000         0.72000        0.0000         -0.99679
0.34000         0.72000        0.0000         -0.99684
0.35000         0.72000        0.0000         -0.99690
0.36000         0.72000        0.0000         -0.99696
0.37000         0.72000        0.0000         -0.99703
0.38000         0.72000        0.0000         -0.99711
0.39000         0.72000        0.0000         -0.99719
0.40000         0.72000        0.0000         -0.99728
0.41000         0.72000        0.0000         -0.99737
0.42000         0.72000        0.0000         -0.99746
0.43000         0.72000        0.0000         -0.99756
0.44000         0.72000        0.0000         -0.99766
0.45000         0.72000        0.0000         -0.99776
0.46000         0.72000        0.0000         -0.99787
0.47000         0.72000        0.0000         -0.99797
0.48000         0.72000        0.0000         -0.99807
0.49000         0.72000        0.0000         -0.99818
0.50000         0.72000        0.0000         -0.99828
0.51000         0.72000        0.0000         -0.99838
0.52000         0.72000        0.0000         -0.99848
0.53000         0.72000        0.0000         -0.99857
0.54000         0.72000        0.0000         -0.99866
0.55000         0.72000        0.0000         -0.99875
0.56000         0.72000        0.0000         -0.99884
0.57000         0.72000        0.0000         -0.99892
0.58000         0.72000        0.0000         -0.99900
0.59000         0.72000        0.0000         -0.99907
0.60000         0.72000        0.0000         -0.99915
0.61000         0.72000        0.0000         -0.99921
0.62000         0.72000        0.0000         -0.99928
0.63000         0.72000        0.0000         -0.99934
0.64000         0.72000        0.0000         -0.99939
0.65000         0.72000        0.0000         -0.99945
0.66000         0.72000        0.0000         -0.99949
0.67000         0.72000        0.0000         -0.99954
0.68000         0.72000        0.0000         -0.99958
0.69000         0.72000        0.0000         -0.99962
0.70000         0.72000        0.0000         -0.99966
0.71000         0.72000        0.0000         -0.99969
0.72000         0.72000        0.0000         -0.99972
0.73000         0.72000        0.0000         -0.99975
0.74000         0.72000        0.0000         -0.99977
0.75000         0.72000        0.0000         -0.99980
0.76000         0.72000        0.0000         -0.99982
0.77000         0.72000        0.0000         -0.99984
0.78000         0.72000        0.0000         -0.99985
0.79000         0.72000        0.0000         -0.99987
0.80000         0.72000        0.0000         -0.99988
0.81000         0.72000        0.0000         -0.99990
0.82000         0.72000        0.0000         -0.99991
0.83000         0.72000        0.0000         -0.99992
0.84000         0.72000        0.0000         -0.99993
0.85000         0.72000        0.0000         -0.99994
0.86000         0.72000        0.0000         -0.99994
0.87000         0.72000        0.0000         -0.99995
0.88000         0.72000        0.0000         -0.99996
0.89000         0.72000        0.0000         -0.99996
0.90000         0.72000        0.0000         -0.99997
0.91000         0.72000        0.0000         -0.99997
0.92000         0.72000        0.0000         -0.99997
0.93000         0.72000        0.0000         -0.99998
0.94000         0.72000        0.0000         -0.99998
0.95000         0.72000        0.0000         -0.99998
0.96000         0.72000        0.0000         -0.99999
0.97000         0.72000        0.0000         -0.99999
0.98000         0.72000        0.0000         -0.99999
0.99000         0.72000        0.0000         -0.99999
1.0000          0.72000        0.0000         -0.99999
0.0000          0.73000        0.0000         -0.99899
0.010000        0.73000        0.0000         -0.99897
0.020000        0.73000        0.0000         -0.99890
0.030000        0.73000        0.0000         -0.99882
0.040000        0.73000        0.0000         -0.99874
0.050000        0.73000        0.0000         -0.99866
0.060000        0.73000        0.0000         -0.99858
0.070000        0.73000        0.0000         -0.99849
0.080000        0.73000        0.0000         -0.99841
0.090000        0.73000        0.0000         -0.99833
0.10000         0.73000        0.0000         -0.99824
0.11000         0.73000        0.0000         -0.99816
0.12000         0.73000        0.0000         -0.99808
0.13000         0.73000        0.0000         -0.99799
0.14000         0.73000        0.0000         -0.99791
0.15000         0.73000        0.0000         -0.99784
0.16000         0.73000        0.0000         -0.99776
0.17000         0.73000        0.0000         -0.99769
0.18000         0.73000        0.0000         -0.99763
0.19000         0.73000        0.0000         -0.99756
0.20000         0.73000        0.0000         -0.99751
0.21000         0.73000        0.0000         -0.99746
0.22000         0.73000        0.0000         -0.99741
0.23000         0.73000        0.0000         -0.99737
0.24000         0.73000        0.0000         -0.99734
0.25000         0.73000        0.0000         -0.99731
0.26000         0.73000        0.0000         -0.99729
0.27000         0.73000        0.0000         -0.99728
0.28000         0.73000        0.0000         -0.99728
0.29000         0.73000        0.0000         -0.99728
0.30000         0.73000        0.0000         -0.99729
0.31000         0.73000        0.0000         -0.99731
0.32000         0.73000        0.0000         -0.99734
0.33000         0.73000        0.0000         -0.99737
0.34000         0.73000        0.0000         -0.99741
0.35000         0.73000        0.0000         -0.99746
0.36000         0.73000        0.0000         -0.99751
0.37000         0.73000        0.0000         -0.99756
0.38000         0.73000        0.0000         -0.99763
0.39000         0.73000        0.0000         -0.99769
0.40000         0.73000        0.0000         -0.99776
0.41000         0.73000        0.0000         -0.99784
0.42000         0.73000        0.0000         -0.99791
0.43000         0.73000        0.0000         -0.99799
0.44000         0.73000        0.0000         -0.99808
0.45000         0.73000        0.0000         -0.99816
0.46000         0.73000        0.0000         -0.99824
0.47000         0.73000        0.0000         -0.99833
0.48000         0.73000        0.0000         -0.99841
0.49000         0.73000        0.0000         -0.99849
0.50000         0.73000        0.0000         -0.99858
0.51000         0.73000        0.0000         -0.99866
0.52000         0.73000        0.0000         -0.99874
0.53000         0.73000        0.0000         -0.99882
0.54000         0.73000        0.0000         -0.99889
0.55000         0.73000        0.0000         -0.99896
0.56000         0.73000        0.0000         -0.99904
0.57000         0.73000        0.0000         -0.99910
0.58000         0.73000        0.0000         -0.99917
0.59000         0.73000        0.0000         -0.99923
0.60000         0.73000        0.0000         -0.99929
0.61000         0.73000        0.0000         -0.99934
0.62000         0.73000        0.0000         -0.99940
0.63000         0.73000        0.0000         -0.99945
0.64000         0.73000        0.0000         -0.99949
0.65000         0.73000        0.0000         -0.99954
0.66000         0.73000        0.0000         -0.99958
0.67000         0.73000        0.0000         -0.99961
0.68000         0.73000        0.0000         -0.99965
0.69000         0.73000        0.0000         -0.99968
0.70000         0.73000        0.0000         -0.99971
0.71000         0.73000        0.0000         -0.99974
0.72000         0.73000        0.0000         -0.99976
0.73000         0.73000        0.0000         -0.99979
0.74000         0.73000        0.0000         -0.99981
0.75000         0.73000        0.0000         -0.99983
0.76000         0.73000        0.0000         -0.99985
0.77000         0.73000        0.0000         -0.99986
0.78000         0.73000        0.0000         -0.99988
0.79000         0.73000        0.0000         -0.99989
0.80000         0.73000        0.0000         -0.99990
0.81000         0.73000        0.0000         -0.99991
0.82000         0.73000        0.0000         -0.99992
0.83000         0.73000        0.0000         -0.99993
0.84000         0.73000        0.0000         -0.99994
0.85000         0.73000        0.0000         -0.99995
0.86000         0.73000        0.0000         -0.99995
0.87000         0.73000        0.0000         -0.99996
0.88000         0.73000        0.0000         -0.99996
0.89000         0.73000        0.0000         -0.99997
0.90000         0.73000        0.0000         -0.99997
0.91000         0.73000        0.0000         -0.99997
0.92000         0.73000        0.0000         -0.99998
0.93000         0.73000        0.0000         -0.99998
0.94000         0.73000        0.0000         -0.99998
0.95000         0.73000        0.0000         -0.99999
0.96000         0.73000        0.0000         -0.99999
0.97000         0.73000        0.0000         -0.99999
0.98000         0.73000        0.0000         -0.99999
0.99000         0.73000        0.0000         -0.99999
1.0000          0.73000        0.0000         -0.99999
0.0000          0.74000        0.0000         -0.99916
0.010000        0.74000        0.0000         -0.99914
0.020000        0.74000        0.0000         -0.99909
0.030000        0.74000        0.0000         -0.99902
0.040000        0.74000        0.0000         -0.99896
0.050000        0.74000        0.0000         -0.99889
0.060000        0.74000        0.0000         -0.99883
0.070000        0.74000        0.0000         -0.99876
0.080000        0.74000        0.0000         -0.99869
0.090000        0.74000        0.0000         -0.99862
0.10000         0.74000        0.0000         -0.99855
0.11000         0.74000        0.0000         -0.99849
0.12000         0.74000        0.0000         -0.99842
0.13000         0.74000        0.0000         -0.99835
0.14000         0.74000        0.0000         -0.99829
0.15000         0.74000        0.0000         -0.99822
0.16000         0.74000        0.0000         -0.99816
0.17000         0.74000        0.0000         -0.99811
0.18000         0.74000        0.0000         -0.99805
0.19000         0.74000        0.0000         -0.99800
0.20000         0.74000        0.0000         -0.99796
0.21000         0.74000        0.0000         -0.99792
0.22000         0.74000        0.0000         -0.99788
0.23000         0.74000        0.0000         -0.99785
0.24000         0.74000        0.0000         -0.99782
0.25000         0.74000        0.0000         -0.99780
0.26000         0.74000        0.0000         -0.99779
0.27000         0.74000        0.0000         -0.99778
0.28000         0.74000        0.0000         -0.99777
0.29000         0.74000        0.0000         -0.99778
0.30000         0.74000        0.0000         -0.99779
0.31000         0.74000        0.0000         -0.99780
0.32000         0.74000        0.0000         -0.99782
0.33000         0.74000        0.0000         -0.99785
0.34000         0.74000        0.0000         -0.99788
0.35000         0.74000        0.0000         -0.99792
0.36000         0.74000        0.0000         -0.99796
0.37000         0.74000        0.0000         -0.99800
0.38000         0.74000        0.0000         -0.99805
0.39000         0.74000        0.0000         -0.99811
0.40000         0.74000        0.0000         -0.99816
0.41000         0.74000        0.0000         -0.99822
0.42000         0.74000        0.0000         -0.99829
0.43000         0.74000        0.0000         -0.99835
0.44000         0.74000        0.0000         -0.99842
0.45000         0.74000        0.0000         -0.99849
0.46000         0.74000        0.0000         -0.99855
0.47000         0.74000        0.0000         -0.99862
0.48000         0.74000        0.0000         -0.99869
0.49000         0.74000        0.0000         -0.99876
0.50000         0.74000        0.0000         -0.99883
0.51000         0.74000        0.0000         -0.99889
0.52000         0.74000        0.0000         -0.99896
0.53000         0.74000        0.0000         -0.99902
0.54000         0.74000        0.0000         -0.99908
0.55000         0.74000        0.0000         -0.99914
0.56000         0.74000        0.0000         -0.99920
0.57000         0.74000        0.0000         -0.99926
0.58000         0.74000        0.0000         -0.99931
0.59000         0.74000        0.0000         -0.99936
0.60000         0.74000        0.0000         -0.99941
0.61000         0.74000        0.0000         -0.99945
0.62000         0.74000        0.0000         -0.99950
0.63000         0.74000        0.0000         -0.99954
0.64000         0.74000        0.0000         -0.99958
0.65000         0.74000        0.0000         -0.99961
0.66000         0.74000        0.0000         -0.99965
0.67000         0.74000        0.0000         -0.99968
0.68000         0.74000        0.0000         -0.99971
0.69000         0.74000        0.0000         -0.99973
0.70000         0.74000        0.0000         -0.99976
0.71000         0.74000        0.0000         -0.99978
0.72000         0.74000        0.0000         -0.99980
0.73000         0.74000        0.0000         -0.99982
0.74000         0.74000        0.0000         -0.99984
0.75000         0.74000        0.0000         -0.99985
0.76000         0.74000        0.0000         -0.99987
0.77000         0.74000        0.0000         -0.99988
0.78000         0.74000        0.0000         -0.99990
0.79000         0.74000        0.0000         -0.99991
0.80000         0.74000        0.0000         -0.99992
0.81000         0.74000        0.0000         -0.99993
0.82000         0.74000        0.0000         -0.99993
0.83000         0.74000        0.0000         -0.99994
0.84000         0.74000        0.0000         -0.99995
0.85000         0.74000        0.0000         -0.99995
0.86000         0.74000        0.0000         -0.99996
0.87000         0.74000        0.0000         -0.99996
0.88000         0.74000        0.0000         -0.99997
0.89000         0.74000        0.0000         -0.99997
0.90000         0.74000        0.0000         -0.99998
0.91000         0.74000        0.0000         -0.99998
0.92000         0.74000        0.0000         -0.99998
0.93000         0.74000        0.0000         -0.99998
0.94000         0.74000        0.0000         -0.99999
0.95000         0.74000        0.0000         -0.99999
0.96000         0.74000        0.0000         -0.99999
0.97000         0.74000        0.0000         -0.99999
0.98000         0.74000        0.0000         -0.99999
0.99000         0.74000        0.0000         -0.99999
1.0000          0.74000        0.0000         -0.99999
0.0000          0.75000        0.0000         -0.99931
0.010000        0.75000        0.0000         -0.99929
0.020000        0.75000        0.0000         -0.99925
0.030000        0.75000        0.0000         -0.99919
0.040000        0.75000        0.0000         -0.99914
0.050000        0.75000        0.0000         -0.99908
0.060000        0.75000        0.0000         -0.99903
0.070000        0.75000        0.0000         -0.99898
0.080000        0.75000        0.0000         -0.99892
0.090000        0.75000        0.0000         -0.99886
0.10000         0.75000        0.0000         -0.99881
0.11000         0.75000        0.0000         -0.99875
0.12000         0.75000        0.0000         -0.99870
0.13000         0.75000        0.0000         -0.99864
0.14000         0.75000        0.0000         -0.99859
0.15000         0.75000        0.0000         -0.99854
0.16000         0.75000        0.0000         -0.99849
0.17000         0.75000        0.0000         -0.99845
0.18000         0.75000        0.0000         -0.99840
0.19000         0.75000        0.0000         -0.99836
0.20000         0.75000        0.0000         -0.99833
0.21000         0.75000        0.0000         -0.99829
0.22000         0.75000        0.0000         -0.99826
0.23000         0.75000        0.0000         -0.99824
0.24000         0.75000        0.0000         -0.99822
0.25000         0.75000        0.0000         -0.99820
0.26000         0.75000        0.0000         -0.99819
0.27000         0.75000        0.0000         -0.99818
0.28000         0.75000        0.0000         -0.99818
0.29000         0.75000        0.0000         -0.99818
0.30000         0.75000        0.0000         -0.99819
0.31000         0.75000        0.0000         -0.99820
0.32000         0.75000        0.0000         -0.99822
0.33000         0.75000        0.0000         -0.99824
0.34000         0.75000        0.0000         -0.99826
0.35000         0.75000        0.0000         -0.99829
0.36000         0.75000        0.0000         -0.99833
0.37000         0.75000        0.0000         -0.99836
0.38000         0.75000        0.0000         -0.99840
0.39000         0.75000        0.0000         -0.99845
0.40000         0.75000        0.0000         -0.99849
0.41000         0.75000        0.0000         -0.99854
0.42000         0.75000        0.0000         -0.99859
0.43000         0.75000        0.0000         -0.99864
0.44000         0.75000        0.0000         -0.99870
0.45000         0.75000        0.0000         -0.99875
0.46000         0.75000        0.0000         -0.99881
0.47000         0.75000        0.0000         -0.99886
0.48000         0.75000        0.0000         -0.99892
0.49000         0.75000        0.0000         -0.99898
0.50000         0.75000        0.0000         -0.99903
0.51000         0.75000        0.0000         -0.99908
0.52000         0.75000        0.0000         -0.99914
0.53000         0.75000        0.0000         -0.99919
0.54000         0.75000        0.0000         -0.99924
0.55000         0.75000        0.0000         -0.99929
0.56000         0.75000        0.0000         -0.99934
0.57000         0.75000        0.0000         -0.99938
0.58000         0.75000        0.0000         -0.99943
0.59000         0.75000        0.0000         -0.99947
0.60000         0.75000        0.0000         -0.99951
0.61000         0.75000        0.0000         -0.99954
0.62000         0.75000        0.0000         -0.99958
0.63000         0.75000        0.0000         -0.99961
0.64000         0.75000        0.0000         -0.99965
0.65000         0.75000        0.0000         -0.99968
0.66000         0.75000        0.0000         -0.99970
0.67000         0.75000        0.0000         -0.99973
0.68000         0.75000        0.0000         -0.99975
0.69000         0.75000        0.0000         -0.99978
0.70000         0.75000        0.0000         -0.99980
0.71000         0.75000        0.0000         -0.99982
0.72000         0.75000        0.0000         -0.99983
0.73000         0.75000        0.0000         -0.99985
0.74000         0.75000        0.0000         -0.99986
0.75000         0.75000        0.0000         -0.99988
0.76000         0.75000        0.0000         -0.99989
0.77000         0.75000        0.0000         -0.99990
0.78000         0.75000        0.0000         -0.99991
0.79000         0.75000        0.0000         -0.99992
0.80000         0.75000        0.0000         -0.99993
0.81000         0.75000        0.0000         -0.99994
0.82000         0.75000        0.0000         -0.99994
0.83000         0.75000        0.0000         -0.99995
0.84000         0.75000        0.0000         -0.99996
0.85000         0.75000        0.0000         -0.99996
0.86000         0.75000        0.0000         -0.99997
0.87000         0.75000        0.0000         -0.99997
0.88000         0.75000        0.0000         -0.99997
0.89000         0.75000        0.0000         -0.99998
0.90000         0.75000        0.0000         -0.99998
0.91000         0.75000        0.0000         -0.99998
0.92000         0.75000        0.0000         -0.99998
0.93000         0.75000        0.0000         -0.99999
0.94000         0.75000        0.0000         -0.99999
0.95000         0.75000        0.0000         -0.99999
0.96000         0.75000        0.0000         -0.99999
0.97000         0.75000        0.0000         -0.99999
0.98000         0.75000        0.0000         -0.99999
0.99000         0.75000        0.0000         -0.99999
1.0000          0.75000        0.0000         -0.99999
0.0000          0.76000        0.0000         -0.99943
0.010000        0.76000        0.0000         -0.99941
0.020000        0.76000        0.0000         -0.99938
0.030000        0.76000        0.0000         -0.99933
0.040000        0.76000        0.0000         -0.99929
0.050000        0.76000        0.0000         -0.99924
0.060000        0.76000        0.0000         -0.99920
0.070000        0.76000        0.0000         -0.99915
0.080000        0.76000        0.0000         -0.99911
0.090000        0.76000        0.0000         -0.99906
0.10000         0.76000        0.0000         -0.99902
0.11000         0.76000        0.0000         -0.99897
0.12000         0.76000        0.0000         -0.99893
0.13000         0.76000        0.0000         -0.99889
0.14000         0.76000        0.0000         -0.99884
0.15000         0.76000        0.0000         -0.99880
0.16000         0.76000        0.0000         -0.99876
0.17000         0.76000        0.0000         -0.99873
0.18000         0.76000        0.0000         -0.99869
0.19000         0.76000        0.0000         -0.99866
0.20000         0.76000        0.0000         -0.99863
0.21000         0.76000        0.0000         -0.99860
0.22000         0.76000        0.0000         -0.99858
0.23000         0.76000        0.0000         -0.99855
0.24000         0.76000        0.0000         -0.99854
0.25000         0.76000        0.0000         -0.99852
0.26000         0.76000        0.0000         -0.99851
0.27000         0.76000        0.0000         -0.99851
0.28000         0.76000        0.0000         -0.99851
0.29000         0.76000        0.0000         -0.99851
0.30000         0.76000        0.0000         -0.99851
0.31000         0.76000        0.0000         -0.99852
0.32000         0.76000        0.0000         -0.99854
0.33000         0.76000        0.0000         -0.99855
0.34000         0.76000        0.0000         -0.99858
0.35000         0.76000        0.0000         -0.99860
0.36000         0.76000        0.0000         -0.99863
0.37000         0.76000        0.0000         -0.99866
0.38000         0.76000        0.0000         -0.99869
0.39000         0.76000        0.0000         -0.99873
0.40000         0.76000        0.0000         -0.99876
0.41000         0.76000        0.0000         -0.99880
0.42000         0.76000        0.0000         -0.99884
0.43000         0.76000        0.0000         -0.99889
0.44000         0.76000        0.0000         -0.99893
0.45000         0.76000        0.0000         -0.99897
0.46000         0.76000        0.0000         -0.99902
0.47000         0.76000        0.0000         -0.99906
0.48000         0.76000        0.0000         -0.99911
0.49000         0.76000        0.0000         -0.99915
0.50000         0.76000        0.0000         -0.99920
0.51000         0.76000        0.0000         -0.99924
0.52000         0.76000        0.0000         -0.99929
0.53000         0.76000        0.0000         -0.99933
0.54000         0.76000        0.0000         -0.99937
0.55000         0.76000        0.0000         -0.99941
0.56000         0.76000        0.0000         -0.99945
0.57000         0.76000        0.0000         -0.99949
0.58000         0.76000        0.0000         -0.99952
0.59000         0.76000        0.0000         -0.99956
0.60000         0.76000        0.0000         -0.99959
0.61000         0.76000        0.0000         -0.99962
0.62000         0.76000        0.0000         -0.99965
0.63000         0.76000        0.0000         -0.99968
0.64000         0.76000        0.0000         -0.99970
0.65000         0.76000        0.0000         -0.99973
0.66000         0.76000        0.0000         -0.99975
0.67000         0.76000        0.0000         -0.99977
0.68000         0.76000        0.0000         -0.99979
0.69000         0.76000        0.0000         -0.99981
0.70000         0.76000        0.0000         -0.99983
0.71000         0.76000        0.0000         -0.99984
0.72000         0.76000        0.0000         -0.99986
0.73000         0.76000        0.0000         -0.99987
0.74000         0.76000        0.0000         -0.99989
0.75000         0.76000        0.0000         -0.99990
0.76000         0.76000        0.0000         -0.99991
0.77000         0.76000        0.0000         -0.99992
0.78000         0.76000        0.0000         -0.99993
0.79000         0.76000        0.0000         -0.99993
0.80000         0.76000        0.0000         -0.99994
0.81000         0.76000        0.0000         -0.99995
0.82000         0.76000        0.0000         -0.99995
0.83000         0.76000        0.0000         -0.99996
0.84000         0.76000        0.0000         -0.99996
0.85000         0.76000        0.0000         -0.99997
0.86000         0.76000        0.0000         -0.99997
0.87000         0.76000        0.0000         -0.99997
0.88000         0.76000        0.0000         -0.99998
0.89000         0.76000        0.0000         -0.99998
0.90000         0.76000        0.0000         -0.99998
0.91000         0.76000        0.0000         -0.99998
0.92000         0.76000        0.0000         -0.99999
0.93000         0.76000        0.0000         -0.99999
0.94000         0.76000        0.0000         -0.99999
0.95000         0.76000        0.0000         -0.99999
0.96000         0.76000        0.0000         -0.99999
0.97000         0.76000        0.0000         -0.99999
0.98000         0.76000        0.0000         -0.99999
0.99000         0.76000        0.0000         -0.99999
1.0000          0.76000        0.0000         -0.99999
0.0000          0.77000        0.0000         -0.99952
0.010000        0.77000        0.0000         -0.99951
0.020000        0.77000        0.0000         -0.99948
0.030000        0.77000        0.0000         -0.99945
0.040000        0.77000        0.0000         -0.99941
0.050000        0.77000        0.0000         -0.99938
0.060000        0.77000        0.0000         -0.99934
0.070000        0.77000        0.0000         -0.99930
0.080000        0.77000        0.0000         -0.99927
0.090000        0.77000        0.0000         -0.99923
0.10000         0.77000        0.0000         -0.99919
0.11000         0.77000        0.0000         -0.99916
0.12000         0.77000        0.0000         -0.99912
0.13000         0.77000        0.0000         -0.99908
0.14000         0.77000        0.0000         -0.99905
0.15000         0.77000        0.0000         -0.99902
0.16000         0.77000        0.0000         -0.99898
0.17000         0.77000        0.0000         -0.99895
0.18000         0.77000        0.0000         -0.99893
0.19000         0.77000        0.0000         -0.99890
0.20000         0.77000        0.0000         -0.99887
0.21000         0.77000        0.0000         -0.99885
0.22000         0.77000        0.0000         -0.99883
0.23000         0.77000        0.0000         -0.99882
0.24000         0.77000        0.0000         -0.99880
0.25000         0.77000        0.0000         -0.99879
0.26000         0.77000        0.0000         -0.99878
0.27000         0.77000        0.0000         -0.99878
0.28000         0.77000        0.0000         -0.99878
0.29000         0.77000        0.0000         -0.99878
0.30000         0.77000        0.0000         -0.99878
0.31000         0.77000        0.0000         -0.99879
0.32000         0.77000        0.0000         -0.99880
0.33000         0.77000        0.0000         -0.99882
0.34000         0.77000        0.0000         -0.99883
0.35000         0.77000        0.0000         -0.99885
0.36000         0.77000        0.0000         -0.99887
0.37000         0.77000        0.0000         -0.99890
0.38000         0.77000        0.0000         -0.99893
0.39000         0.77000        0.0000         -0.99895
0.40000         0.77000        0.0000         -0.99898
0.41000         0.77000        0.0000         -0.99902
0.42000         0.77000        0.0000         -0.99905
0.43000         0.77000        0.0000         -0.99908
0.44000         0.77000        0.0000         -0.99912
0.45000         0.77000        0.0000         -0.99916
0.46000         0.77000        0.0000         -0.99919
0.47000         0.77000        0.0000         -0.99923
0.48000         0.77000        0.0000         -0.99927
0.49000         0.77000        0.0000         -0.99930
0.50000         0.77000        0.0000         -0.99934
0.51000         0.77000        0.0000         -0.99938
0.52000         0.77000        0.0000         -0.99941
0.53000         0.77000        0.0000         -0.99945
0.54000         0.77000        0.0000         -0.99948
0.55000         0.77000        0.0000         -0.99951
0.56000         0.77000        0.0000         -0.99954
0.57000         0.77000        0.0000         -0.99957
0.58000         0.77000        0.0000         -0.99960
0.59000         0.77000        0.0000         -0.99963
0.60000         0.77000        0.0000         -0.99966
0.61000         0.77000        0.0000         -0.99968
0.62000         0.77000        0.0000         -0.99971
0.63000         0.77000        0.0000         -0.99973
0.64000         0.77000        0.0000         -0.99975
0.65000         0.77000        0.0000         -0.99977
0.66000         0.77000        0.0000         -0.99979
0.67000         0.77000        0.0000         -0.99981
0.68000         0.77000        0.0000         -0.99983
0.69000         0.77000        0.0000         -0.99984
0.70000         0.77000        0.0000         -0.99986
0.71000         0.77000        0.0000         -0.99987
0.72000         0.77000        0.0000         -0.99988
0.73000         0.77000        0.0000         -0.99989
0.74000         0.77000        0.0000         -0.99990
0.75000         0.77000        0.0000         -0.99991
0.76000         0.77000        0.0000         -0.99992
0.77000         0.77000        0.0000         -0.99993
0.78000         0.77000        0.0000         -0.99994
0.79000         0.77000        0.0000         -0.99994
0.80000         0.77000        0.0000         -0.99995
0.81000         0.77000        0.0000         -0.99995
0.82000         0.77000        0.0000         -0.99996
0.83000         0.77000        0.0000         -0.99996
0.84000         0.77000        0.0000         -0.99997
0.85000         0.77000        0.0000         -0.99997
0.86000         0.77000        0.0000         -0.99997
0.87000         0.77000        0.0000         -0.99998
0.88000         0.77000        0.0000         -0.99998
0.89000         0.77000        0.0000         -0.99998
0.90000         0.77000        0.0000         -0.99998
0.91000         0.77000        0.0000         -0.99999
0.92000         0.77000        0.0000         -0.99999
0.93000         0.77000        0.0000         -0.99999
0.94000         0.77000        0.0000         -0.99999
0.95000         0.77000        0.0000         -0.99999
0.96000         0.77000        0.0000         -0.99999
0.97000         0.77000        0.0000         -0.99999
0.98000         0.77000        0.0000         -0.99999
0.99000         0.77000        0.0000         -1.0000
1.0000          0.77000        0.0000         -1.0000
0.0000          0.78000        0.0000         -0.99961
0.010000        0.78000        0.0000         -0.99960
0.020000        0.78000        0.0000         -0.99957
0.030000        0.78000        0.0000         -0.99954
0.040000        0.78000        0.0000         -0.99951
0.050000        0.78000        0.0000         -0.99948
0.060000        0.78000        0.0000         -0.99945
0.070000        0.78000        0.0000         -0.99943
0.080000        0.78000        0.0000         -0.99940
0.090000        0.78000        0.0000         -0.99937
0.10000         0.78000        0.0000         -0.99934
0.11000         0.78000        0.0000         -0.99931
0.12000         0.78000        0.0000         -0.99928
0.13000         0.78000        0.0000         -0.99925
0.14000         0.78000        0.0000         -0.99922
0.15000         0.78000        0.0000         -0.99919
0.16000         0.78000        0.0000         -0.99917
0.17000         0.78000        0.0000         -0.99914
0.18000         0.78000        0.0000         -0.99912
0.19000         0.78000        0.0000         -0.99910
0.20000         0.78000        0.0000         -0.99908
0.21000         0.78000        0.0000         -0.99906
0.22000         0.78000        0.0000         -0.99904
0.23000         0.78000        0.0000         -0.99903
0.24000         0.78000        0.0000         -0.99902
0.25000         0.78000        0.0000         -0.99901
0.26000         0.78000        0.0000         -0.99900
0.27000         0.78000        0.0000         -0.99900
0.28000         0.78000        0.0000         -0.99900
0.29000         0.78000        0.0000         -0.99900
0.30000         0.78000        0.0000         -0.99900
0.31000         0.78000        0.0000         -0.99901
0.32000         0.78000        0.0000         -0.99902
0.33000         0.78000        0.0000         -0.99903
0.34000         0.78000        0.0000         -0.99904
0.35000         0.78000        0.0000         -0.99906
0.36000         0.78000        0.0000         -0.99908
0.37000         0.78000        0.0000         -0.99910
0.38000         0.78000        0.0000         -0.99912
0.39000         0.78000        0.0000         -0.99914
0.40000         0.78000        0.0000         -0.99917
0.41000         0.78000        0.0000         -0.99919
0.42000         0.78000        0.0000         -0.99922
0.43000         0.78000        0.0000         -0.99925
0.44000         0.78000        0.0000         -0.99928
0.45000         0.78000        0.0000         -0.99931
0.46000         0.78000        0.0000         -0.99934
0.47000         0.78000        0.0000         -0.99937
0.48000         0.78000        0.0000         -0.99940
0.49000         0.78000        0.0000         -0.99943
0.50000         0.78000        0.0000         -0.99946
0.51000         0.78000        0.0000         -0.99948
0.52000         0.78000        0.0000         -0.99951
0.53000         0.78000        0.0000         -0.99954
0.54000         0.78000        0.0000         -0.99957
0.55000         0.78000        0.0000         -0.99960
0.56000         0.78000        0.0000         -0.99962
0.57000         0.78000        0.0000         -0.99965
0.58000         0.78000        0.0000         -0.99967
0.59000         0.78000        0.0000         -0.99969
0.60000         0.78000        0.0000         -0.99972
0.61000         0.78000        0.0000         -0.99974
0.62000         0.78000        0.0000         -0.99976
0.63000         0.78000        0.0000         -0.99978
0.64000         0.78000        0.0000         -0.99979
0.65000         0.78000        0.0000         -0.99981
0.66000         0.78000        0.0000         -0.99983
0.67000         0.78000        0.0000         -0.99984
0.68000         0.78000        0.0000         -0.99985
0.69000         0.78000        0.0000         -0.99987
0.70000         0.78000        0.0000         -0.99988
0.71000         0.78000        0.0000         -0.99989
0.72000         0.78000        0.0000         -0.99990
0.73000         0.78000        0.0000         -0.99991
0.74000         0.78000        0.0000         -0.99992
0.75000         0.78000        0.0000         -0.99993
0.76000         0.78000        0.0000         -0.99993
0.77000         0.78000        0.0000         -0.99994
0.78000         0.78000        0.0000         -0.99995
0.79000         0.78000        0.0000         -0.99995
0.80000         0.78000        0.0000         -0.99996
0.81000         0.78000        0.0000         -0.99996
0.82000         0.78000        0.0000         -0.99997
0.83000         0.78000        0.0000         -0.99997
0.84000         0.78000        0.0000         -0.99997
0.85000         0.78000        0.0000         -0.99998
0.86000         0.78000        0.0000         -0.99998
0.87000         0.78000        0.0000         -0.99998
0.88000         0.78000        0.0000         -0.99998
0.89000         0.78000        0.0000         -0.99999
0.90000         0.78000        0.0000         -0.99999
0.91000         0.78000        0.0000         -0.99999
0.92000         0.78000        0.0000         -0.99999
0.93000         0.78000        0.0000         -0.99999
0.94000         0.78000        0.0000         -0.99999
0.95000         0.78000        0.0000         -0.99999
0.96000         0.78000        0.0000         -0.99999
0.97000         0.78000        0.0000         -0.99999
0.98000         0.78000        0.0000         -1.0000
0.99000         0.78000        0.0000         -1.0000
1.0000          0.78000        0.0000         -1.0000
0.0000          0.79000        0.0000         -0.99967
0.010000        0.79000        0.0000         -0.99967
0.020000        0.79000        0.0000         -0.99965
0.030000        0.79000        0.0000         -0.99962
0.040000        0.79000        0.0000         -0.99960
0.050000        0.79000        0.0000         -0.99957
0.060000        0.79000        0.0000         -0.99955
0.070000        0.79000        0.0000         -0.99953
0.080000        0.79000        0.0000         -0.99950
0.090000        0.79000        0.0000         -0.99948
0.10000         0.79000        0.0000         -0.99945
0.11000         0.79000        0.0000         -0.99943
0.12000         0.79000        0.0000         -0.99941
0.13000         0.79000        0.0000         -0.99938
0.14000         0.79000        0.0000         -0.99936
0.15000         0.79000        0.0000         -0.99934
0.16000         0.79000        0.0000         -0.99932
0.17000         0.79000        0.0000         -0.99930
0.18000         0.79000        0.0000         -0.99928
0.19000         0.79000        0.0000         -0.99926
0.20000         0.79000        0.0000         -0.99924
0.21000         0.79000        0.0000         -0.99923
0.22000         0.79000        0.0000         -0.99922
0.23000         0.79000        0.0000         -0.99921
0.24000         0.79000        0.0000         -0.99920
0.25000         0.79000        0.0000         -0.99919
0.26000         0.79000        0.0000         -0.99918
0.27000         0.79000        0.0000         -0.99918
0.28000         0.79000        0.0000         -0.99918
0.29000         0.79000        0.0000         -0.99918
0.30000         0.79000        0.0000         -0.99918
0.31000         0.79000        0.0000         -0.99919
0.32000         0.79000        0.0000         -0.99920
0.33000         0.79000        0.0000         -0.99921
0.34000         0.79000        0.0000         -0.99922
0.35000         0.79000        0.0000         -0.99923
0.36000         0.79000        0.0000         -0.99924
0.37000         0.79000        0.0000         -0.99926
0.38000         0.79000        0.0000         -0.99928
0.39000         0.79000        0.0000         -0.99930
0.40000         0.79000        0.0000         -0.99932
0.41000         0.79000        0.0000         -0.99934
0.42000         0.79000        0.0000         -0.99936
0.43000         0.79000        0.0000         -0.99938
0.44000         0.79000        0.0000         -0.99941
0.45000         0.79000        0.0000         -0.99943
0.46000         0.79000        0.0000         -0.99945
0.47000         0.79000        0.0000         -0.99948
0.48000         0.79000        0.0000         -0.99950
0.49000         0.79000        0.0000         -0.99953
0.50000         0.79000        0.0000         -0.99955
0.51000         0.79000        0.0000         -0.99957
0.52000         0.79000        0.0000         -0.99960
0.53000         0.79000        0.0000         -0.99962
0.54000         0.79000        0.0000         -0.99964
0.55000         0.79000        0.0000         -0.99967
0.56000         0.79000        0.0000         -0.99969
0.57000         0.79000        0.0000         -0.99971
0.58000         0.79000        0.0000         -0.99973
0.59000         0.79000        0.0000         -0.99975
0.60000         0.79000        0.0000         -0.99976
0.61000         0.79000        0.0000         -0.99978
0.62000         0.79000        0.0000         -0.99980
0.63000         0.79000        0.0000         -0.99981
0.64000         0.79000        0.0000         -0.99983
0.65000         0.79000        0.0000         -0.99984
0.66000         0.79000        0.0000         -0.99986
0.67000         0.79000        0.0000         -0.99987
0.68000         0.79000        0.0000         -0.99988
0.69000         0.79000        0.0000         -0.99989
0.70000         0.79000        0.0000         -0.99990
0.71000         0.79000        0.0000         -0.99991
0.72000         0.79000        0.0000         -0.99992
0.73000         0.79000        0.0000         -0.99992
0.74000         0.79000        0.0000         -0.99993
0.75000         0.79000        0.0000         -0.99994
0.76000         0.79000        0.0000         -0.99994
0.77000         0.79000        0.0000         -0.99995
0.78000         0.79000        0.0000         -0.99995
0.79000         0.79000        0.0000         -0.99996
0.80000         0.79000        0.0000         -0.99996
0.81000         0.79000        0.0000         -0.99997
0.82000         0.79000        0.0000         -0.99997
0.83000         0.79000        0.0000         -0.99997
0.84000         0.79000        0.0000         -0.99998
0.85000         0.79000        0.0000         -0.99998
0.86000         0.79000        0.0000         -0.99998
0.87000         0.79000        0.0000         -0.99998
0.88000         0.79000        0.0000         -0.99999
0.89000         0.79000        0.0000         -0.99999
0.90000         0.79000        0.0000         -0.99999
0.91000         0.79000        0.0000         -0.99999
0.92000         0.79000        0.0000         -0.99999
0.93000         0.79000        0.0000         -0.99999
0.94000         0.79000        0.0000         -0.99999
0.95000         0.79000        0.0000         -0.99999
0.96000         0.79000        0.0000         -0.99999
0.97000         0.79000        0.0000         -1.0000
0.98000         0.79000        0.0000         -1.0000
0.99000         0.79000        0.0000         -1.0000
1.0000          0.79000        0.0000         -1.0000
0.0000          0.80000        0.0000         -0.99973
0.010000        0.80000        0.0000         -0.99972
0.020000        0.80000        0.0000         -0.99971
0.030000        0.80000        0.0000         -0.99969
0.040000        0.80000        0.0000         -0.99967
0.050000        0.80000        0.0000         -0.99965
0.060000        0.80000        0.0000         -0.99963
0.070000        0.80000        0.0000         -0.99961
0.080000        0.80000        0.0000         -0.99959
0.090000        0.80000        0.0000         -0.99957
0.10000         0.80000        0.0000         -0.99955
0.11000         0.80000        0.0000         -0.99953
0.12000         0.80000        0.0000         -0.99951
0.13000         0.80000        0.0000         -0.99949
0.14000         0.80000        0.0000         -0.99947
0.15000         0.80000        0.0000         -0.99946
0.16000         0.80000        0.0000         -0.99944
0.17000         0.80000        0.0000         -0.99942
0.18000         0.80000        0.0000         -0.99941
0.19000         0.80000        0.0000         -0.99939
0.20000         0.80000        0.0000         -0.99938
0.21000         0.80000        0.0000         -0.99937
0.22000         0.80000        0.0000         -0.99936
0.23000         0.80000        0.0000         -0.99935
0.24000         0.80000        0.0000         -0.99934
0.25000         0.80000        0.0000         -0.99934
0.26000         0.80000        0.0000         -0.99933
0.27000         0.80000        0.0000         -0.99933
0.28000         0.80000        0.0000         -0.99933
0.29000         0.80000        0.0000         -0.99933
0.30000         0.80000        0.0000         -0.99933
0.31000         0.80000        0.0000         -0.99934
0.32000         0.80000        0.0000         -0.99934
0.33000         0.80000        0.0000         -0.99935
0.34000         0.80000        0.0000         -0.99936
0.35000         0.80000        0.0000         -0.99937
0.36000         0.80000        0.0000         -0.99938
0.37000         0.80000        0.0000         -0.99939
0.38000         0.80000        0.0000         -0.99941
0.39000         0.80000        0.0000         -0.99942
0.40000         0.80000        0.0000         -0.99944
0.41000         0.80000        0.0000         -0.99946
0.42000         0.80000        0.0000         -0.99947
0.43000         0.80000        0.0000         -0.99949
0.44000         0.80000        0.0000         -0.99951
0.45000         0.80000        0.0000         -0.99953
0.46000         0.80000        0.0000         -0.99955
0.47000         0.80000        0.0000         -0.99957
0.48000         0.80000        0.0000         -0.99959
0.49000         0.80000        0.0000         -0.99961
0.50000         0.80000        0.0000         -0.99963
0.51000         0.80000        0.0000         -0.99965
0.52000         0.80000        0.0000         -0.99967
0.53000         0.80000        0.0000         -0.99969
0.54000         0.80000        0.0000         -0.99971
0.55000         0.80000        0.0000         -0.99972
0.56000         0.80000        0.0000         -0.99974
0.57000         0.80000        0.0000         -0.99976
0.58000         0.80000        0.0000         -0.99977
0.59000         0.80000        0.0000         -0.99979
0.60000         0.80000        0.0000         -0.99980
0.61000         0.80000        0.0000         -0.99982
0.62000         0.80000        0.0000         -0.99983
0.63000         0.80000        0.0000         -0.99984
0.64000         0.80000        0.0000         -0.99986
0.65000         0.80000        0.0000         -0.99987
0.66000         0.80000        0.0000         -0.99988
0.67000         0.80000        0.0000         -0.99989
0.68000         0.80000        0.0000         -0.99990
0.69000         0.80000        0.0000         -0.99991
0.70000         0.80000        0.0000         -0.99992
0.71000         0.80000        0.0000         -0.99992
0.72000         0.80000        0.0000         -0.99993
0.73000         0.80000        0.0000         -0.99994
0.74000         0.80000        0.0000         -0.99994
0.75000         0.80000        0.0000         -0.99995
0.76000         0.80000        0.0000         -0.99995
0.77000         0.80000        0.0000         -0.99996
0.78000         0.80000        0.0000         -0.99996
0.79000         0.80000        0.0000         -0.99997
0.80000         0.80000        0.0000         -0.99997
0.81000         0.80000        0.0000         -0.99997
0.82000         0.80000        0.0000         -0.99998
0.83000         0.80000        0.0000         -0.99998
0.84000         0.80000        0.0000         -0.99998
0.85000         0.80000        0.0000         -0.99998
0.86000         0.80000        0.0000         -0.99998
0.87000         0.80000        0.0000         -0.99999
0.88000         0.80000        0.0000         -0.99999
0.89000         0.80000        0.0000         -0.99999
0.90000         0.80000        0.0000         -0.99999
0.91000         0.80000        0.0000         -0.99999
0.92000         0.80000        0.0000         -0.99999
0.93000         0.80000        0.0000         -0.99999
0.94000         0.80000        0.0000         -0.99999
0.95000         0.80000        0.0000         -0.99999
0.96000         0.80000        0.0000         -1.0000
0.97000         0.80000        0.0000         -1.0000
0.98000         0.80000        0.0000         -1.0000
0.99000         0.80000        0.0000         -1.0000
1.0000          0.80000        0.0000         -1.0000
0.0000          0.81000        0.0000         -0.99978
0.010000        0.81000        0.0000         -0.99977
0.020000        0.81000        0.0000         -0.99976
0.030000        0.81000        0.0000         -0.99974
0.040000        0.81000        0.0000         -0.99973
0.050000        0.81000        0.0000         -0.99971
0.060000        0.81000        0.0000         -0.99969
0.070000        0.81000        0.0000         -0.99968
0.080000        0.81000        0.0000         -0.99966
0.090000        0.81000        0.0000         -0.99965
0.10000         0.81000        0.0000         -0.99963
0.11000         0.81000        0.0000         -0.99961
0.12000         0.81000        0.0000         -0.99960
0.13000         0.81000        0.0000         -0.99958
0.14000         0.81000        0.0000         -0.99957
0.15000         0.81000        0.0000         -0.99955
0.16000         0.81000        0.0000         -0.99954
0.17000         0.81000        0.0000         -0.99953
0.18000         0.81000        0.0000         -0.99951
0.19000         0.81000        0.0000         -0.99950
0.20000         0.81000        0.0000         -0.99949
0.21000         0.81000        0.0000         -0.99948
0.22000         0.81000        0.0000         -0.99947
0.23000         0.81000        0.0000         -0.99947
0.24000         0.81000        0.0000         -0.99946
0.25000         0.81000        0.0000         -0.99946
0.26000         0.81000        0.0000         -0.99945
0.27000         0.81000        0.0000         -0.99945
0.28000         0.81000        0.0000         -0.99945
0.29000         0.81000        0.0000         -0.99945
0.30000         0.81000        0.0000         -0.99945
0.31000         0.81000        0.0000         -0.99946
0.32000         0.81000        0.0000         -0.99946
0.33000         0.81000        0.0000         -0.99947
0.34000         0.81000        0.0000         -0.99947
0.35000         0.81000        0.0000         -0.99948
0.36000         0.81000        0.0000         -0.99949
0.37000         0.81000        0.0000         -0.99950
0.38000         0.81000        0.0000         -0.99951
0.39000         0.81000        0.0000         -0.99953
0.40000         0.81000        0.0000         -0.99954
0.41000         0.81000        0.0000         -0.99955
0.42000         0.81000        0.0000         -0.99957
0.43000         0.81000        0.0000         -0.99958
0.44000         0.81000        0.0000         -0.99960
0.45000         0.81000        0.0000         -0.99961
0.46000         0.81000        0.0000         -0.99963
0.47000         0.81000        0.0000         -0.99965
0.48000         0.81000        0.0000         -0.99966
0.49000         0.81000        0.0000         -0.99968
0.50000         0.81000        0.0000         -0.99969
0.51000         0.81000        0.0000         -0.99971
0.52000         0.81000        0.0000         -0.99973
0.53000         0.81000        0.0000         -0.99974
0.54000         0.81000        0.0000         -0.99976
0.55000         0.81000        0.0000         -0.99977
0.56000         0.81000        0.0000         -0.99979
0.57000         0.81000        0.0000         -0.99980
0.58000         0.81000        0.0000         -0.99981
0.59000         0.81000        0.0000         -0.99983
0.60000         0.81000        0.0000         -0.99984
0.61000         0.81000        0.0000         -0.99985
0.62000         0.81000        0.0000         -0.99986
0.63000         0.81000        0.0000         -0.99987
0.64000         0.81000        0.0000         -0.99988
0.65000         0.81000        0.0000         -0.99989
0.66000         0.81000        0.0000         -0.99990
0.67000         0.81000        0.0000         -0.99991
0.68000         0.81000        0.0000         -0.99992
0.69000         0.81000        0.0000         -0.99992
0.70000         0.81000        0.0000         -0.99993
0.71000         0.81000        0.0000         -0.99994
0.72000         0.81000        0.0000         -0.99994
0.73000         0.81000        0.0000         -0.99995
0.74000         0.81000        0.0000         -0.99995
0.75000         0.81000        0.0000         -0.99996
0.76000         0.81000        0.0000         -0.99996
0.77000         0.81000        0.0000         -0.99996
0.78000         0.81000        0.0000         -0.99997
0.79000         0.81000        0.0000         -0.99997
0.80000         0.81000        0.0000         -0.99997
0.81000         0.81000        0.0000         -0.99998
0.82000         0.81000        0.0000         -0.99998
0.83000         0.81000        0.0000         -0.99998
0.84000         0.81000        0.0000         -0.99998
0.85000         0.81000        0.0000         -0.99999
0.86000         0.81000        0.0000         -0.99999
0.87000         0.81000        0.0000         -0.99999
0.88000         0.81000        0.0000         -0.99999
0.89000         0.81000        0.0000         -0.99999
0.90000         0.81000        0.0000         -0.99999
0.91000         0.81000        0.0000         -0.99999
0.92000         0.81000        0.0000         -0.99999
0.93000         0.81000        0.0000         -0.99999
0.94000         0.81000        0.0000         -0.99999
0.95000         0.81000        0.0000         -1.0000
0.96000         0.81000        0.0000         -1.0000
0.97000         0.81000        0.0000         -1.0000
0.98000         0.81000        0.0000         -1.0000
0.99000         0.81000        0.0000         -1.0000
1.0000          0.81000        0.0000         -1.0000
0.0000          0.82000        0.0000         -0.99982
0.010000        0.82000        0.0000         -0.99981
0.020000        0.82000        0.0000         -0.99980
0.030000        0.82000        0.0000         -0.99979
0.040000        0.82000        0.0000         -0.99977
0.050000        0.82000        0.0000         -0.99976
0.060000        0.82000        0.0000         -0.99975
0.070000        0.82000        0.0000         -0.99973
0.080000        0.82000        0.0000         -0.99972
0.090000        0.82000        0.0000         -0.99971
0.10000         0.82000        0.0000         -0.99970
0.11000         0.82000        0.0000         -0.99968
0.12000         0.82000        0.0000         -0.99967
0.13000         0.82000        0.0000         -0.99966
0.14000         0.82000        0.0000         -0.99965
0.15000         0.82000        0.0000         -0.99963
0.16000         0.82000        0.0000         -0.99962
0.17000         0.82000        0.0000         -0.99961
0.18000         0.82000        0.0000         -0.99960
0.19000         0.82000        0.0000         -0.99959
0.20000         0.82000        0.0000         -0.99958
0.21000         0.82000        0.0000         -0.99958
0.22000         0.82000        0.0000         -0.99957
0.23000         0.82000        0.0000         -0.99956
0.24000         0.82000        0.0000         -0.99956
0.25000         0.82000        0.0000         -0.99956
0.26000         0.82000        0.0000         -0.99955
0.27000         0.82000        0.0000         -0.99955
0.28000         0.82000        0.0000         -0.99955
0.29000         0.82000        0.0000         -0.99955
0.30000         0.82000        0.0000         -0.99955
0.31000         0.82000        0.0000         -0.99956
0.32000         0.82000        0.0000         -0.99956
0.33000         0.82000        0.0000         -0.99956
0.34000         0.82000        0.0000         -0.99957
0.35000         0.82000        0.0000         -0.99958
0.36000         0.82000        0.0000         -0.99958
0.37000         0.82000        0.0000         -0.99959
0.38000         0.82000        0.0000         -0.99960
0.39000         0.82000        0.0000         -0.99961
0.40000         0.82000        0.0000         -0.99962
0.41000         0.82000        0.0000         -0.99963
0.42000         0.82000        0.0000         -0.99965
0.43000         0.82000        0.0000         -0.99966
0.44000         0.82000        0.0000         -0.99967
0.45000         0.82000        0.0000         -0.99968
0.46000         0.82000        0.0000         -0.99970
0.47000         0.82000        0.0000         -0.99971
0.48000         0.82000        0.0000         -0.99972
0.49000         0.82000        0.0000         -0.99973
0.50000         0.82000        0.0000         -0.99975
0.51000         0.82000        0.0000         -0.99976
0.52000         0.82000        0.0000         -0.99977
0.53000         0.82000        0.0000         -0.99979
0.54000         0.82000        0.0000         -0.99980
0.55000         0.82000        0.0000         -0.99981
0.56000         0.82000        0.0000         -0.99982
0.57000         0.82000        0.0000         -0.99983
0.58000         0.82000        0.0000         -0.99984
0.59000         0.82000        0.0000         -0.99986
0.60000         0.82000        0.0000         -0.99987
0.61000         0.82000        0.0000         -0.99987
0.62000         0.82000        0.0000         -0.99988
0.63000         0.82000        0.0000         -0.99989
0.64000         0.82000        0.0000         -0.99990
0.65000         0.82000        0.0000         -0.99991
0.66000         0.82000        0.0000         -0.99992
0.67000         0.82000        0.0000         -0.99992
0.68000         0.82000        0.0000         -0.99993
0.69000         0.82000        0.0000         -0.99994
0.70000         0.82000        0.0000         -0.99994
0.71000         0.82000        0.0000         -0.99995
0.72000         0.82000        0.0000         -0.99995
0.73000         0.82000        0.0000         -0.99996
0.74000         0.82000        0.0000         -0.99996
0.75000         0.82000        0.0000         -0.99996
0.76000         0.82000        0.0000         -0.99997
0.77000         0.82000        0.0000         -0.99997
0.78000         0.82000        0.0000         -0.99997
0.79000         0.82000        0.0000         -0.99998
0.80000         0.82000        0.0000         -0.99998
0.81000         0.82000        0.0000         -0.99998
0.82000         0.82000        0.0000         -0.99998
0.83000         0.82000        0.0000         -0.99998
0.84000         0.82000        0.0000         -0.99999
0.85000         0.82000        0.0000         -0.99999
0.86000         0.82000        0.0000         -0.99999
0.87000         0.82000        0.0000         -0.99999
0.88000         0.82000        0.0000         -0.99999
0.89000         0.82000        0.0000         -0.99999
0.90000         0.82000        0.0000         -0.99999
0.91000         0.82000        0.0000         -0.99999
0.92000         0.82000        0.0000         -0.99999
0.93000         0.82000        0.0000         -1.0000
0.94000         0.82000        0.0000         -1.0000
0.95000         0.82000        0.0000         -1.0000
0.96000         0.82000        0.0000         -1.0000
0.97000         0.82000        0.0000         -1.0000
0.98000         0.82000        0.0000         -1.0000
0.99000         0.82000        0.0000         -1.0000
1.0000          0.82000        0.0000         -1.0000
0.0000          0.83000        0.0000         -0.99985
0.010000        0.83000        0.0000         -0.99984
0.020000        0.83000        0.0000         -0.99984
0.030000        0.83000        0.0000         -0.99982
0.040000        0.83000        0.0000         -0.99981
0.050000        0.83000        0.0000         -0.99980
0.060000        0.83000        0.0000         -0.99979
0.070000        0.83000        0.0000         -0.99978
0.080000        0.83000        0.0000         -0.99977
0.090000        0.83000        0.0000         -0.99976
0.10000         0.83000        0.0000         -0.99975
0.11000         0.83000        0.0000         -0.99974
0.12000         0.83000        0.0000         -0.99973
0.13000         0.83000        0.0000         -0.99972
0.14000         0.83000        0.0000         -0.99971
0.15000         0.83000        0.0000         -0.99970
0.16000         0.83000        0.0000         -0.99969
0.17000         0.83000        0.0000         -0.99968
0.18000         0.83000        0.0000         -0.99967
0.19000         0.83000        0.0000         -0.99967
0.20000         0.83000        0.0000         -0.99966
0.21000         0.83000        0.0000         -0.99965
0.22000         0.83000        0.0000         -0.99965
0.23000         0.83000        0.0000         -0.99964
0.24000         0.83000        0.0000         -0.99964
0.25000         0.83000        0.0000         -0.99964
0.26000         0.83000        0.0000         -0.99963
0.27000         0.83000        0.0000         -0.99963
0.28000         0.83000        0.0000         -0.99963
0.29000         0.83000        0.0000         -0.99963
0.30000         0.83000        0.0000         -0.99963
0.31000         0.83000        0.0000         -0.99964
0.32000         0.83000        0.0000         -0.99964
0.33000         0.83000        0.0000         -0.99964
0.34000         0.83000        0.0000         -0.99965
0.35000         0.83000        0.0000         -0.99965
0.36000         0.83000        0.0000         -0.99966
0.37000         0.83000        0.0000         -0.99967
0.38000         0.83000        0.0000         -0.99967
0.39000         0.83000        0.0000         -0.99968
0.40000         0.83000        0.0000         -0.99969
0.41000         0.83000        0.0000         -0.99970
0.42000         0.83000        0.0000         -0.99971
0.43000         0.83000        0.0000         -0.99972
0.44000         0.83000        0.0000         -0.99973
0.45000         0.83000        0.0000         -0.99974
0.46000         0.83000        0.0000         -0.99975
0.47000         0.83000        0.0000         -0.99976
0.48000         0.83000        0.0000         -0.99977
0.49000         0.83000        0.0000         -0.99978
0.50000         0.83000        0.0000         -0.99979
0.51000         0.83000        0.0000         -0.99980
0.52000         0.83000        0.0000         -0.99981
0.53000         0.83000        0.0000         -0.99982
0.54000         0.83000        0.0000         -0.99983
0.55000         0.83000        0.0000         -0.99984
0.56000         0.83000        0.0000         -0.99985
0.57000         0.83000        0.0000         -0.99986
0.58000         0.83000        0.0000         -0.99987
0.59000         0.83000        0.0000         -0.99988
0.60000         0.83000        0.0000         -0.99989
0.61000         0.83000        0.0000         -0.99990
0.62000         0.83000        0.0000         -0.99990
0.63000         0.83000        0.0000         -0.99991
0.64000         0.83000        0.0000         -0.99992
0.65000         0.83000        0.0000         -0.99992
0.66000         0.83000        0.0000         -0.99993
0.67000         0.83000        0.0000         -0.99994
0.68000         0.83000        0.0000         -0.99994
0.69000         0.83000        0.0000         -0.99995
0.70000         0.83000        0.0000         -0.99995
0.71000         0.83000        0.0000         -0.99995
0.72000         0.83000        0.0000         -0.99996
0.73000         0.83000        0.0000         -0.99996
0.74000         0.83000        0.0000         -0.99997
0.75000         0.83000        0.0000         -0.99997
0.76000         0.83000        0.0000         -0.99997
0.77000         0.83000        0.0000         -0.99997
0.78000         0.83000        0.0000         -0.99998
0.79000         0.83000        0.0000         -0.99998
0.80000         0.83000        0.0000         -0.99998
0.81000         0.83000        0.0000         -0.99998
0.82000         0.83000        0.0000         -0.99999
0.83000         0.83000        0.0000         -0.99999
0.84000         0.83000        0.0000         -0.99999
0.85000         0.83000        0.0000         -0.99999
0.86000         0.83000        0.0000         -0.99999
0.87000         0.83000        0.0000         -0.99999
0.88000         0.83000        0.0000         -0.99999
0.89000         0.83000        0.0000         -0.99999
0.90000         0.83000        0.0000         -0.99999
0.91000         0.83000        0.0000         -0.99999
0.92000         0.83000        0.0000         -1.0000
0.93000         0.83000        0.0000         -1.0000
0.94000         0.83000        0.0000         -1.0000
0.95000         0.83000        0.0000         -1.0000
0.96000         0.83000        0.0000         -1.0000
0.97000         0.83000        0.0000         -1.0000
0.98000         0.83000        0.0000         -1.0000
0.99000         0.83000        0.0000         -1.0000
1.0000          0.83000        0.0000         -1.0000
0.0000          0.84000        0.0000         -0.99987
0.010000        0.84000        0.0000         -0.99987
0.020000        0.84000        0.0000         -0.99986
0.030000        0.84000        0.0000         -0.99985
0.040000        0.84000        0.0000         -0.99985
0.050000        0.84000        0.0000         -0.99984
0.060000        0.84000        0.0000         -0.99983
0.070000        0.84000        0.0000         -0.99982
0.080000        0.84000        0.0000         -0.99981
0.090000        0.84000        0.0000         -0.99980
0.10000         0.84000        0.0000         -0.99979
0.11000         0.84000        0.0000         -0.99979
0.12000         0.84000        0.0000         -0.99978
0.13000         0.84000        0.0000         -0.99977
0.14000         0.84000        0.0000         -0.99976
0.15000         0.84000        0.0000         -0.99975
0.16000         0.84000        0.0000         -0.99975
0.17000         0.84000        0.0000         -0.99974
0.18000         0.84000        0.0000         -0.99973
0.19000         0.84000        0.0000         -0.99973
0.20000         0.84000        0.0000         -0.99972
0.21000         0.84000        0.0000         -0.99972
0.22000         0.84000        0.0000         -0.99971
0.23000         0.84000        0.0000         -0.99971
0.24000         0.84000        0.0000         -0.99970
0.25000         0.84000        0.0000         -0.99970
0.26000         0.84000        0.0000         -0.99970
0.27000         0.84000        0.0000         -0.99970
0.28000         0.84000        0.0000         -0.99970
0.29000         0.84000        0.0000         -0.99970
0.30000         0.84000        0.0000         -0.99970
0.31000         0.84000        0.0000         -0.99970
0.32000         0.84000        0.0000         -0.99970
0.33000         0.84000        0.0000         -0.99971
0.34000         0.84000        0.0000         -0.99971
0.35000         0.84000        0.0000         -0.99972
0.36000         0.84000        0.0000         -0.99972
0.37000         0.84000        0.0000         -0.99973
0.38000         0.84000        0.0000         -0.99973
0.39000         0.84000        0.0000         -0.99974
0.40000         0.84000        0.0000         -0.99975
0.41000         0.84000        0.0000         -0.99975
0.42000         0.84000        0.0000         -0.99976
0.43000         0.84000        0.0000         -0.99977
0.44000         0.84000        0.0000         -0.99978
0.45000         0.84000        0.0000         -0.99979
0.46000         0.84000        0.0000         -0.99979
0.47000         0.84000        0.0000         -0.99980
0.48000         0.84000        0.0000         -0.99981
0.49000         0.84000        0.0000         -0.99982
0.50000         0.84000        0.0000         -0.99983
0.51000         0.84000        0.0000         -0.99984
0.52000         0.84000        0.0000         -0.99985
0.53000         0.84000        0.0000         -0.99985
0.54000         0.84000        0.0000         -0.99986
0.55000         0.84000        0.0000         -0.99987
0.56000         0.84000        0.0000         -0.99988
0.57000         0.84000        0.0000         -0.99989
0.58000         0.84000        0.0000         -0.99989
0.59000         0.84000        0.0000         -0.99990
0.60000         0.84000        0.0000         -0.99991
0.61000         0.84000        0.0000         -0.99991
0.62000         0.84000        0.0000         -0.99992
0.63000         0.84000        0.0000         -0.99993
0.64000         0.84000        0.0000         -0.99993
0.65000         0.84000        0.0000         -0.99994
0.66000         0.84000        0.0000         -0.99994
0.67000         0.84000        0.0000         -0.99995
0.68000         0.84000        0.0000         -0.99995
0.69000         0.84000        0.0000         -0.99995
0.70000         0.84000        0.0000         -0.99996
0.71000         0.84000        0.0000         -0.99996
0.72000         0.84000        0.0000         -0.99997
0.73000         0.84000        0.0000         -0.99997
0.74000         0.84000        0.0000         -0.99997
0.75000         0.84000        0.0000         -0.99997
0.76000         0.84000        0.0000         -0.99998
0.77000         0.84000        0.0000         -0.99998
0.78000         0.84000        0.0000         -0.99998
0.79000         0.84000        0.0000         -0.99998
0.80000         0.84000        0.0000         -0.99998
0.81000         0.84000        0.0000         -0.99999
0.82000         0.84000        0.0000         -0.99999
0.83000         0.84000        0.0000         -0.99999
0.84000         0.84000        0.0000         -0.99999
0.85000         0.84000        0.0000         -0.99999
0.86000         0.84000        0.0000         -0.99999
0.87000         0.84000        0.0000         -0.99999
0.88000         0.84000        0.0000         -0.99999
0.89000         0.84000        0.0000         -0.99999
0.90000         0.84000        0.0000         -0.99999
0.91000         0.84000        0.0000         -1.0000
0.92000         0.84000        0.0000         -1.0000
0.93000         0.84000        0.0000         -1.0000
0.94000         0.84000        0.0000         -1.0000
0.95000         0.84000        0.0000         -1.0000
0.96000         0.84000        0.0000         -1.0000
0.97000         0.84000        0.0000         -1.0000
0.98000         0.84000        0.0000         -1.0000
0.99000         0.84000        0.0000         -1.0000
1.0000          0.84000        0.0000         -1.0000
0.0000          0.85000        0.0000         -0.99990
0.010000        0.85000        0.0000         -0.99989
0.020000        0.85000        0.0000         -0.99989
0.030000        0.85000        0.0000         -0.99988
0.040000        0.85000        0.0000         -0.99987
0.050000        0.85000        0.0000         -0.99987
0.060000        0.85000        0.0000         -0.99986
0.070000        0.85000        0.0000         -0.99985
0.080000        0.85000        0.0000         -0.99984
0.090000        0.85000        0.0000         -0.99984
0.10000         0.85000        0.0000         -0.99983
0.11000         0.85000        0.0000         -0.99982
0.12000         0.85000        0.0000         -0.99982
0.13000         0.85000        0.0000         -0.99981
0.14000         0.85000        0.0000         -0.99980
0.15000         0.85000        0.0000         -0.99980
0.16000         0.85000        0.0000         -0.99979
0.17000         0.85000        0.0000         -0.99979
0.18000         0.85000        0.0000         -0.99978
0.19000         0.85000        0.0000         -0.99978
0.20000         0.85000        0.0000         -0.99977
0.21000         0.85000        0.0000         -0.99977
0.22000         0.85000        0.0000         -0.99976
0.23000         0.85000        0.0000         -0.99976
0.24000         0.85000        0.0000         -0.99976
0.25000         0.85000        0.0000         -0.99976
0.26000         0.85000        0.0000         -0.99975
0.27000         0.85000        0.0000         -0.99975
0.28000         0.85000        0.0000         -0.99975
0.29000         0.85000        0.0000         -0.99975
0.30000         0.85000        0.0000         -0.99975
0.31000         0.85000        0.0000         -0.99976
0.32000         0.85000        0.0000         -0.99976
0.33000         0.85000        0.0000         -0.99976
0.34000         0.85000        0.0000         -0.99976
0.35000         0.85000        0.0000         -0.99977
0.36000         0.85000        0.0000         -0.99977
0.37000         0.85000        0.0000         -0.99978
0.38000         0.85000        0.0000         -0.99978
0.39000         0.85000        0.0000         -0.99979
0.40000         0.85000        0.0000         -0.99979
0.41000         0.85000        0.0000         -0.99980
0.42000         0.85000        0.0000         -0.99980
0.43000         0.85000        0.0000         -0.99981
0.44000         0.85000        0.0000         -0.99982
0.45000         0.85000        0.0000         -0.99982
0.46000         0.85000        0.0000         -0.99983
0.47000         0.85000        0.0000         -0.99984
0.48000         0.85000        0.0000         -0.99984
0.49000         0.85000        0.0000         -0.99985
0.50000         0.85000        0.0000         -0.99986
0.51000         0.85000        0.0000         -0.99987
0.52000         0.85000        0.0000         -0.99987
0.53000         0.85000        0.0000         -0.99988
0.54000         0.85000        0.0000         -0.99989
0.55000         0.85000        0.0000         -0.99989
0.56000         0.85000        0.0000         -0.99990
0.57000         0.85000        0.0000         -0.99991
0.58000         0.85000        0.0000         -0.99991
0.59000         0.85000        0.0000         -0.99992
0.60000         0.85000        0.0000         -0.99992
0.61000         0.85000        0.0000         -0.99993
0.62000         0.85000        0.0000         -0.99993
0.63000         0.85000        0.0000         -0.99994
0.64000         0.85000        0.0000         -0.99994
0.65000         0.85000        0.0000         -0.99995
0.66000         0.85000        0.0000         -0.99995
0.67000         0.85000        0.0000         -0.99996
0.68000         0.85000        0.0000         -0.99996
0.69000         0.85000        0.0000         -0.99996
0.70000         0.85000        0.0000         -0.99997
0.71000         0.85000        0.0000         -0.99997
0.72000         0.85000        0.0000         -0.99997
0.73000         0.85000        0.0000         -0.99997
0.74000         0.85000        0.0000         -0.99998
0.75000         0.85000        0.0000         -0.99998
0.76000         0.85000        0.0000         -0.99998
0.77000         0.85000        0.0000         -0.99998
0.78000         0.85000        0.0000         -0.99998
0.79000         0.85000        0.0000         -0.99999
0.80000         0.85000        0.0000         -0.99999
0.81000         0.85000        0.0000         -0.99999
0.82000         0.85000        0.0000         -0.99999
0.83000         0.85000        0.0000         -0.99999
0.84000         0.85000        0.0000         -0.99999
0.85000         0.85000        0.0000         -0.99999
0.86000         0.85000        0.0000         -0.99999
0.87000         0.85000        0.0000         -0.99999
0.88000         0.85000        0.0000         -0.99999
0.89000         0.85000        0.0000         -1.0000
0.90000         0.85000        0.0000         -1.0000
0.91000         0.85000        0.0000         -1.0000
0.92000         0.85000        0.0000         -1.0000
0.93000         0.85000        0.0000         -1.0000
0.94000         0.85000        0.0000         -1.0000
0.95000         0.85000        0.0000         -1.0000
0.96000         0.85000        0.0000         -1.0000
0.97000         0.85000        0.0000         -1.0000
0.98000         0.85000        0.0000         -1.0000
0.99000         0.85000        0.0000         -1.0000
1.0000          0.85000        0.0000         -1.0000
0.0000          0.86000        0.0000         -0.99991
0.010000        0.86000        0.0000         -0.99991
0.020000        0.86000        0.0000         -0.99991
0.030000        0.86000        0.0000         -0.99990
0.040000        0.86000        0.0000         -0.99990
0.050000        0.86000        0.0000         -0.99989
0.060000        0.86000        0.0000         -0.99988
0.070000        0.86000        0.0000         -0.99988
0.080000        0.86000        0.0000         -0.99987
0.090000        0.86000        0.0000         -0.99987
0.10000         0.86000        0.0000         -0.99986
0.11000         0.86000        0.0000         -0.99986
0.12000         0.86000        0.0000         -0.99985
0.13000         0.86000        0.0000         -0.99984
0.14000         0.86000        0.0000         -0.99984
0.15000         0.86000        0.0000         -0.99983
0.16000         0.86000        0.0000         -0.99983
0.17000         0.86000        0.0000         -0.99982
0.18000         0.86000        0.0000         -0.99982
0.19000         0.86000        0.0000         -0.99982
0.20000         0.86000        0.0000         -0.99981
0.21000         0.86000        0.0000         -0.99981
0.22000         0.86000        0.0000         -0.99981
0.23000         0.86000        0.0000         -0.99980
0.24000         0.86000        0.0000         -0.99980
0.25000         0.86000        0.0000         -0.99980
0.26000         0.86000        0.0000         -0.99980
0.27000         0.86000        0.0000         -0.99980
0.28000         0.86000        0.0000         -0.99980
0.29000         0.86000        0.0000         -0.99980
0.30000         0.86000        0.0000         -0.99980
0.31000         0.86000        0.0000         -0.99980
0.32000         0.86000        0.0000         -0.99980
0.33000         0.86000        0.0000         -0.99980
0.34000         0.86000        0.0000         -0.99981
0.35000         0.86000        0.0000         -0.99981
0.36000         0.86000        0.0000         -0.99981
0.37000         0.86000        0.0000         -0.99982
0.38000         0.86000        0.0000         -0.99982
0.39000         0.86000        0.0000         -0.99982
0.40000         0.86000        0.0000         -0.99983
0.41000         0.86000        0.0000         -0.99983
0.42000         0.86000        0.0000         -0.99984
0.43000         0.86000        0.0000         -0.99984
0.44000         0.86000        0.0000         -0.99985
0.45000         0.86000        0.0000         -0.99986
0.46000         0.86000        0.0000         -0.99986
0.47000         0.86000        0.0000         -0.99987
0.48000         0.86000        0.0000         -0.99987
0.49000         0.86000        0.0000         -0.99988
0.50000         0.86000        0.0000         -0.99988
0.51000         0.86000        0.0000         -0.99989
0.52000         0.86000        0.0000         -0.99990
0.53000         0.86000        0.0000         -0.99990
0.54000         0.86000        0.0000         -0.99991
0.55000         0.86000        0.0000         -0.99991
0.56000         0.86000        0.0000         -0.99992
0.57000         0.86000        0.0000         -0.99992
0.58000         0.86000        0.0000         -0.99993
0.59000         0.86000        0.0000         -0.99993
0.60000         0.86000        0.0000         -0.99994
0.61000         0.86000        0.0000         -0.99994
0.62000         0.86000        0.0000         -0.99994
0.63000         0.86000        0.0000         -0.99995
0.64000         0.86000        0.0000         -0.99995
0.65000         0.86000        0.0000         -0.99996
0.66000         0.86000        0.0000         -0.99996
0.67000         0.86000        0.0000         -0.99996
0.68000         0.86000        0.0000         -0.99997
0.69000         0.86000        0.0000         -0.99997
0.70000         0.86000        0.0000         -0.99997
0.71000         0.86000        0.0000         -0.99997
0.72000         0.86000        0.0000         -0.99998
0.73000         0.86000        0.0000         -0.99998
0.74000         0.86000        0.0000         -0.99998
0.75000         0.86000        0.0000         -0.99998
0.76000         0.86000        0.0000         -0.99998
0.77000         0.86000        0.0000         -0.99998
0.78000         0.86000        0.0000         -0.99999
0.79000         0.86000        0.0000         -0.99999
0.80000         0.86000        0.0000         -0.99999
0.81000         0.86000        0.0000         -0.99999
0.82000         0.86000        0.0000         -0.99999
0.83000         0.86000        0.0000         -0.99999
0.84000         0.86000        0.0000         -0.99999
0.85000         0.86000        0.0000         -0.99999
0.86000         0.86000        0.0000         -0.99999
0.87000         0.86000        0.0000         -0.99999
0.88000         0.86000        0.0000         -1.0000
0.89000         0.86000        0.0000         -1.0000
0.90000         0.86000        0.0000         -1.0000
0.91000         0.86000        0.0000         -1.0000
0.92000         0.86000        0.0000         -1.0000
0.93000         0.86000        0.0000         -1.0000
0.94000         0.86000        0.0000         -1.0000
0.95000         0.86000        0.0000         -1.0000
0.96000         0.86000        0.0000         -1.0000
0.97000         0.86000        0.0000         -1.0000
0.98000         0.86000        0.0000         -1.0000
0.99000         0.86000        0.0000         -1.0000
1.0000          0.86000        0.0000         -1.0000
0.0000          0.87000        0.0000         -0.99993
0.010000        0.87000        0.0000         -0.99993
0.020000        0.87000        0.0000         -0.99992
0.030000        0.87000        0.0000         -0.99992
0.040000        0.87000        0.0000         -0.99991
0.050000        0.87000        0.0000         -0.99991
0.060000        0.87000        0.0000         -0.99990
0.070000        0.87000        0.0000         -0.99990
0.080000        0.87000        0.0000         -0.99989
0.090000        0.87000        0.0000         -0.99989
0.10000         0.87000        0.0000         -0.99989
0.11000         0.87000        0.0000         -0.99988
0.12000         0.87000        0.0000         -0.99988
0.13000         0.87000        0.0000         -0.99987
0.14000         0.87000        0.0000         -0.99987
0.15000         0.87000        0.0000         -0.99986
0.16000         0.87000        0.0000         -0.99986
0.17000         0.87000        0.0000         -0.99986
0.18000         0.87000        0.0000         -0.99985
0.19000         0.87000        0.0000         -0.99985
0.20000         0.87000        0.0000         -0.99985
0.21000         0.87000        0.0000         -0.99984
0.22000         0.87000        0.0000         -0.99984
0.23000         0.87000        0.0000         -0.99984
0.24000         0.87000        0.0000         -0.99984
0.25000         0.87000        0.0000         -0.99984
0.26000         0.87000        0.0000         -0.99984
0.27000         0.87000        0.0000         -0.99983
0.28000         0.87000        0.0000         -0.99983
0.29000         0.87000        0.0000         -0.99983
0.30000         0.87000        0.0000         -0.99984
0.31000         0.87000        0.0000         -0.99984
0.32000         0.87000        0.0000         -0.99984
0.33000         0.87000        0.0000         -0.99984
0.34000         0.87000        0.0000         -0.99984
0.35000         0.87000        0.0000         -0.99984
0.36000         0.87000        0.0000         -0.99985
0.37000         0.87000        0.0000         -0.99985
0.38000         0.87000        0.0000         -0.99985
0.39000         0.87000        0.0000         -0.99986
0.40000         0.87000        0.0000         -0.99986
0.41000         0.87000        0.0000         -0.99986
0.42000         0.87000        0.0000         -0.99987
0.43000         0.87000        0.0000         -0.99987
0.44000         0.87000        0.0000         -0.99988
0.45000         0.87000        0.0000         -0.99988
0.46000         0.87000        0.0000         -0.99989
0.47000         0.87000        0.0000         -0.99989
0.48000         0.87000        0.0000         -0.99989
0.49000         0.87000        0.0000         -0.99990
0.50000         0.87000        0.0000         -0.99990
0.51000         0.87000        0.0000         -0.99991
0.52000         0.87000        0.0000         -0.99991
0.53000         0.87000        0.0000         -0.99992
0.54000         0.87000        0.0000         -0.99992
0.55000         0.87000        0.0000         -0.99993
0.56000         0.87000        0.0000         -0.99993
0.57000         0.87000        0.0000         -0.99994
0.58000         0.87000        0.0000         -0.99994
0.59000         0.87000        0.0000         -0.99994
0.60000         0.87000        0.0000         -0.99995
0.61000         0.87000        0.0000         -0.99995
0.62000         0.87000        0.0000         -0.99995
0.63000         0.87000        0.0000         -0.99996
0.64000         0.87000        0.0000         -0.99996
0.65000         0.87000        0.0000         -0.99996
0.66000         0.87000        0.0000         -0.99997
0.67000         0.87000        0.0000         -0.99997
0.68000         0.87000        0.0000         -0.99997
0.69000         0.87000        0.0000         -0.99997
0.70000         0.87000        0.0000         -0.99998
0.71000         0.87000        0.0000         -0.99998
0.72000         0.87000        0.0000         -0.99998
0.73000         0.87000        0.0000         -0.99998
0.74000         0.87000        0.0000         -0.99998
0.75000         0.87000        0.0000         -0.99998
0.76000         0.87000        0.0000         -0.99999
0.77000         0.87000        0.0000         -0.99999
0.78000         0.87000        0.0000         -0.99999
0.79000         0.87000        0.0000         -0.99999
0.80000         0.87000        0.0000         -0.99999
0.81000         0.87000        0.0000         -0.99999
0.82000         0.87000        0.0000         -0.99999
0.83000         0.87000        0.0000         -0.99999
0.84000         0.87000        0.0000         -0.99999
0.85000         0.87000        0.0000         -0.99999
0.86000         0.87000        0.0000         -1.0000
0.87000         0.87000        0.0000         -1.0000
0.88000         0.87000        0.0000         -1.0000
0.89000         0.87000        0.0000         -1.0000
0.90000         0.87000        0.0000         -1.0000
0.91000         0.87000        0.0000         -1.0000
0.92000         0.87000        0.0000         -1.0000
0.93000         0.87000        0.0000         -1.0000
0.94000         0.87000        0.0000         -1.0000
0.95000         0.87000        0.0000         -1.0000
0.96000         0.87000        0.0000         -1.0000
0.97000         0.87000        0.0000         -1.0000
0.98000         0.87000        0.0000         -1.0000
0.99000         0.87000        0.0000         -1.0000
1.0000          0.87000        0.0000         -1.0000
0.0000          0.88000        0.0000         -0.99994
0.010000        0.88000        0.0000         -0.99994
0.020000        0.88000        0.0000         -0.99994
0.030000        0.88000        0.0000         -0.99993
0.040000        0.88000        0.0000         -0.99993
0.050000        0.88000        0.0000         -0.99992
0.060000        0.88000        0.0000         -0.99992
0.070000        0.88000        0.0000         -0.99992
0.080000        0.88000        0.0000         -0.99991
0.090000        0.88000        0.0000         -0.99991
0.10000         0.88000        0.0000         -0.99991
0.11000         0.88000        0.0000         -0.99990
0.12000         0.88000        0.0000         -0.99990
0.13000         0.88000        0.0000         -0.99989
0.14000         0.88000        0.0000         -0.99989
0.15000         0.88000        0.0000         -0.99989
0.16000         0.88000        0.0000         -0.99988
0.17000         0.88000        0.0000         -0.99988
0.18000         0.88000        0.0000         -0.99988
0.19000         0.88000        0.0000         -0.99988
0.20000         0.88000        0.0000         -0.99987
0.21000         0.88000        0.0000         -0.99987
0.22000         0.88000        0.0000         -0.99987
0.23000         0.88000        0.0000         -0.99987
0.24000         0.88000        0.0000         -0.99987
0.25000         0.88000        0.0000         -0.99987
0.26000         0.88000        0.0000         -0.99987
0.27000         0.88000        0.0000         -0.99986
0.28000         0.88000        0.0000         -0.99986
0.29000         0.88000        0.0000         -0.99986
0.30000         0.88000        0.0000         -0.99987
0.31000         0.88000        0.0000         -0.99987
0.32000         0.88000        0.0000         -0.99987
0.33000         0.88000        0.0000         -0.99987
0.34000         0.88000        0.0000         -0.99987
0.35000         0.88000        0.0000         -0.99987
0.36000         0.88000        0.0000         -0.99987
0.37000         0.88000        0.0000         -0.99988
0.38000         0.88000        0.0000         -0.99988
0.39000         0.88000        0.0000         -0.99988
0.40000         0.88000        0.0000         -0.99988
0.41000         0.88000        0.0000         -0.99989
0.42000         0.88000        0.0000         -0.99989
0.43000         0.88000        0.0000         -0.99989
0.44000         0.88000        0.0000         -0.99990
0.45000         0.88000        0.0000         -0.99990
0.46000         0.88000        0.0000         -0.99991
0.47000         0.88000        0.0000         -0.99991
0.48000         0.88000        0.0000         -0.99991
0.49000         0.88000        0.0000         -0.99992
0.50000         0.88000        0.0000         -0.99992
0.51000         0.88000        0.0000         -0.99992
0.52000         0.88000        0.0000         -0.99993
0.53000         0.88000        0.0000         -0.99993
0.54000         0.88000        0.0000         -0.99994
0.55000         0.88000        0.0000         -0.99994
0.56000         0.88000        0.0000         -0.99994
0.57000         0.88000        0.0000         -0.99995
0.58000         0.88000        0.0000         -0.99995
0.59000         0.88000        0.0000         -0.99995
0.60000         0.88000        0.0000         -0.99996
0.61000         0.88000        0.0000         -0.99996
0.62000         0.88000        0.0000         -0.99996
0.63000         0.88000        0.0000         -0.99996
0.64000         0.88000        0.0000         -0.99997
0.65000         0.88000        0.0000         -0.99997
0.66000         0.88000        0.0000         -0.99997
0.67000         0.88000        0.0000         -0.99997
0.68000         0.88000        0.0000         -0.99998
0.69000         0.88000        0.0000         -0.99998
0.70000         0.88000        0.0000         -0.99998
0.71000         0.88000        0.0000         -0.99998
0.72000         0.88000        0.0000         -0.99998
0.73000         0.88000        0.0000         -0.99998
0.74000         0.88000        0.0000         -0.99999
0.75000         0.88000        0.0000         -0.99999
0.76000         0.88000        0.0000         -0.99999
0.77000         0.88000        0.0000         -0.99999
0.78000         0.88000        0.0000         -0.99999
0.79000         0.88000        0.0000         -0.99999
0.80000         0.88000        0.0000         -0.99999
0.81000         0.88000        0.0000         -0.99999
0.82000         0.88000        0.0000         -0.99999
0.83000         0.88000        0.0000         -0.99999
0.84000         0.88000        0.0000         -0.99999
0.85000         0.88000        0.0000         -1.0000
0.86000         0.88000        0.0000         -1.0000
0.87000         0.88000        0.0000         -1.0000
0.88000         0.88000        0.0000         -1.0000
0.89000         0.88000        0.0000         -1.0000
0.90000         0.88000        0.0000         -1.0000
0.91000         0.88000        0.0000         -1.0000
0.92000         0.88000        0.0000         -1.0000
0.93000         0.88000        0.0000         -1.0000
0.94000         0.88000        0.0000         -1.0000
0.95000         0.88000        0.0000         -1.0000
0.96000         0.88000        0.0000         -1.0000
0.97000         0.88000        0.0000         -1.0000
0.98000         0.88000        0.0000         -1.0000
0.99000         0.88000        0.0000         -1.0000
1.0000          0.88000        0.0000         -1.0000
0.0000          0.89000        0.0000         -0.99995
0.010000        0.89000        0.0000         -0.99995
0.020000        0.89000        0.0000         -0.99995
0.030000        0.89000        0.0000         -0.99994
0.040000        0.89000        0.0000         -0.99994
0.050000        0.89000        0.0000         -0.99994
0.060000        0.89000        0.0000         -0.99994
0.070000        0.89000        0.0000         -0.99993
0.080000        0.89000        0.0000         -0.99993
0.090000        0.89000        0.0000         -0.99993
0.10000         0.89000        0.0000         -0.99992
0.11000         0.89000        0.0000         -0.99992
0.12000         0.89000        0.0000         -0.99992
0.13000         0.89000        0.0000         -0.99991
0.14000         0.89000        0.0000         -0.99991
0.15000         0.89000        0.0000         -0.99991
0.16000         0.89000        0.0000         -0.99991
0.17000         0.89000        0.0000         -0.99990
0.18000         0.89000        0.0000         -0.99990
0.19000         0.89000        0.0000         -0.99990
0.20000         0.89000        0.0000         -0.99990
0.21000         0.89000        0.0000         -0.99989
0.22000         0.89000        0.0000         -0.99989
0.23000         0.89000        0.0000         -0.99989
0.24000         0.89000        0.0000         -0.99989
0.25000         0.89000        0.0000         -0.99989
0.26000         0.89000        0.0000         -0.99989
0.27000         0.89000        0.0000         -0.99989
0.28000         0.89000        0.0000         -0.99989
0.29000         0.89000        0.0000         -0.99989
0.30000         0.89000        0.0000         -0.99989
0.31000         0.89000        0.0000         -0.99989
0.32000         0.89000        0.0000         -0.99989
0.33000         0.89000        0.0000         -0.99989
0.34000         0.89000        0.0000         -0.99989
0.35000         0.89000        0.0000         -0.99989
0.36000         0.89000        0.0000         -0.99990
0.37000         0.89000        0.0000         -0.99990
0.38000         0.89000        0.0000         -0.99990
0.39000         0.89000        0.0000         -0.99990
0.40000         0.89000        0.0000         -0.99991
0.41000         0.89000        0.0000         -0.99991
0.42000         0.89000        0.0000         -0.99991
0.43000         0.89000        0.0000         -0.99991
0.44000         0.89000        0.0000         -0.99992
0.45000         0.89000        0.0000         -0.99992
0.46000         0.89000        0.0000         -0.99992
0.47000         0.89000        0.0000         -0.99993
0.48000         0.89000        0.0000         -0.99993
0.49000         0.89000        0.0000         -0.99993
0.50000         0.89000        0.0000         -0.99994
0.51000         0.89000        0.0000         -0.99994
0.52000         0.89000        0.0000         -0.99994
0.53000         0.89000        0.0000         -0.99994
0.54000         0.89000        0.0000         -0.99995
0.55000         0.89000        0.0000         -0.99995
0.56000         0.89000        0.0000         -0.99995
0.57000         0.89000        0.0000         -0.99996
0.58000         0.89000        0.0000         -0.99996
0.59000         0.89000        0.0000         -0.99996
0.60000         0.89000        0.0000         -0.99996
0.61000         0.89000        0.0000         -0.99997
0.62000         0.89000        0.0000         -0.99997
0.63000         0.89000        0.0000         -0.99997
0.64000         0.89000        0.0000         -0.99997
0.65000         0.89000        0.0000         -0.99997
0.66000         0.89000        0.0000         -0.99998
0.67000         0.89000        0.0000         -0.99998
0.68000         0.89000        0.0000         -0.99998
0.69000         0.89000        0.0000         -0.99998
0.70000         0.89000        0.0000         -0.99998
0.71000         0.89000        0.0000         -0.99998
0.72000         0.89000        0.0000         -0.99999
0.73000         0.89000        0.0000         -0.99999
0.74000         0.89000        0.0000         -0.99999
0.75000         0.89000        0.0000         -0.99999
0.76000         0.89000        0.0000         -0.99999
0.77000         0.89000        0.0000         -0.99999
0.78000         0.89000        0.0000         -0.99999
0.79000         0.89000        0.0000         -0.99999
0.80000         0.89000        0.0000         -0.99999
0.81000         0.89000        0.0000         -0.99999
0.82000         0.89000        0.0000         -0.99999
0.83000         0.89000        0.0000         -1.0000
0.84000         0.89000        0.0000         -1.0000
0.85000         0.89000        0.0000         -1.0000
0.86000         0.89000        0.0000         -1.0000
0.87000         0.89000        0.0000         -1.0000
0.88000         0.89000        0.0000         -1.0000
0.89000         0.89000        0.0000         -1.0000
0.90000         0.89000        0.0000         -1.0000
0.91000         0.89000        0.0000         -1.0000
0.92000         0.89000        0.0000         -1.0000
0.93000         0.89000        0.0000         -1.0000
0.94000         0.89000        0.0000         -1.0000
0.95000         0.89000        0.0000         -1.0000
0.96000         0.89000        0.0000         -1.0000
0.97000         0.89000        0.0000         -1.0000
0.98000         0.89000        0.0000         -1.0000
0.99000         0.89000        0.0000         -1.0000
1.0000          0.89000        0.0000         -1.0000
0.0000          0.90000        0.0000         -0.99996
0.010000        0.90000        0.0000         -0.99996
0.020000        0.90000        0.0000         -0.99996
0.030000        0.90000        0.0000         -0.99995
0.040000        0.90000        0.0000         -0.99995
0.050000        0.90000        0.0000         -0.99995
0.060000        0.90000        0.0000         -0.99995
0.070000        0.90000        0.0000         -0.99994
0.080000        0.90000        0.0000         -0.99994
0.090000        0.90000        0.0000         -0.99994
0.10000         0.90000        0.0000         -0.99994
0.11000         0.90000        0.0000         -0.99993
0.12000         0.90000        0.0000         -0.99993
0.13000         0.90000        0.0000         -0.99993
0.14000         0.90000        0.0000         -0.99993
0.15000         0.90000        0.0000         -0.99992
0.16000         0.90000        0.0000         -0.99992
0.17000         0.90000        0.0000         -0.99992
0.18000         0.90000        0.0000         -0.99992
0.19000         0.90000        0.0000         -0.99992
0.20000         0.90000        0.0000         -0.99992
0.21000         0.90000        0.0000         -0.99991
0.22000         0.90000        0.0000         -0.99991
0.23000         0.90000        0.0000         -0.99991
0.24000         0.90000        0.0000         -0.99991
0.25000         0.90000        0.0000         -0.99991
0.26000         0.90000        0.0000         -0.99991
0.27000         0.90000        0.0000         -0.99991
0.28000         0.90000        0.0000         -0.99991
0.29000         0.90000        0.0000         -0.99991
0.30000         0.90000        0.0000         -0.99991
0.31000         0.90000        0.0000         -0.99991
0.32000         0.90000        0.0000         -0.99991
0.33000         0.90000        0.0000         -0.99991
0.34000         0.90000        0.0000         -0.99991
0.35000         0.90000        0.0000         -0.99991
0.36000         0.90000        0.0000         -0.99992
0.37000         0.90000        0.0000         -0.99992
0.38000         0.90000        0.0000         -0.99992
0.39000         0.90000        0.0000         -0.99992
0.40000         0.90000        0.0000         -0.99992
0.41000         0.90000        0.0000         -0.99992
0.42000         0.90000        0.0000         -0.99993
0.43000         0.90000        0.0000         -0.99993
0.44000         0.90000        0.0000         -0.99993
0.45000         0.90000        0.0000         -0.99993
0.46000         0.90000        0.0000         -0.99994
0.47000         0.90000        0.0000         -0.99994
0.48000         0.90000        0.0000         -0.99994
0.49000         0.90000        0.0000         -0.99994
0.50000         0.90000        0.0000         -0.99995
0.51000         0.90000        0.0000         -0.99995
0.52000         0.90000        0.0000         -0.99995
0.53000         0.90000        0.0000         -0.99995
0.54000         0.90000        0.0000         -0.99996
0.55000         0.90000        0.0000         -0.99996
0.56000         0.90000        0.0000         -0.99996
0.57000         0.90000        0.0000         -0.99996
0.58000         0.90000        0.0000         -0.99997
0.59000         0.90000        0.0000         -0.99997
0.60000         0.90000        0.0000         -0.99997
0.61000         0.90000        0.0000         -0.99997
0.62000         0.90000        0.0000         -0.99997
0.63000         0.90000        0.0000         -0.99998
0.64000         0.90000        0.0000         -0.99998
0.65000         0.90000        0.0000         -0.99998
0.66000         0.90000        0.0000         -0.99998
0.67000         0.90000        0.0000         -0.99998
0.68000         0.90000        0.0000         -0.99998
0.69000         0.90000        0.0000         -0.99998
0.70000         0.90000        0.0000         -0.99999
0.71000         0.90000        0.0000         -0.99999
0.72000         0.90000        0.0000         -0.99999
0.73000         0.90000        0.0000         -0.99999
0.74000         0.90000        0.0000         -0.99999
0.75000         0.90000        0.0000         -0.99999
0.76000         0.90000        0.0000         -0.99999
0.77000         0.90000        0.0000         -0.99999
0.78000         0.90000        0.0000         -0.99999
0.79000         0.90000        0.0000         -0.99999
0.80000         0.90000        0.0000         -0.99999
0.81000         0.90000        0.0000         -0.99999
0.82000         0.90000        0.0000         -1.0000
0.83000         0.90000        0.0000         -1.0000
0.84000         0.90000        0.0000         -1.0000
0.85000         0.90000        0.0000         -1.0000
0.86000         0.90000        0.0000         -1.0000
0.87000         0.90000        0.0000         -1.0000
0.88000         0.90000        0.0000         -1.0000
0.89000         0.90000        0.0000         -1.0000
0.90000         0.90000        0.0000         -1.0000
0.91000         0.90000        0.0000         -1.0000
0.92000         0.90000        0.0000         -1.0000
0.93000         0.90000        0.0000         -1.0000
0.94000         0.90000        0.0000         -1.0000
0.95000         0.90000        0.0000         -1.0000
0.96000         0.90000        0.0000         -1.0000
0.97000         0.90000        0.0000         -1.0000
0.98000         0.90000        0.0000         -1.0000
0.99000         0.90000        0.0000         -1.0000
1.0000          0.90000        0.0000         -1.0000
0.0000          0.91000        0.0000         -0.99997
0.010000        0.91000        0.0000         -0.99997
0.020000        0.91000        0.0000         -0.99996
0.030000        0.91000        0.0000         -0.99996
0.040000        0.91000        0.0000         -0.99996
0.050000        0.91000        0.0000         -0.99996
0.060000        0.91000        0.0000         -0.99996
0.070000        0.91000        0.0000         -0.99995
0.080000        0.91000        0.0000         -0.99995
0.090000        0.91000        0.0000         -0.99995
0.10000         0.91000        0.0000         -0.99995
0.11000         0.91000        0.0000         -0.99995
0.12000         0.91000        0.0000         -0.99994
0.13000         0.91000        0.0000         -0.99994
0.14000         0.91000        0.0000         -0.99994
0.15000         0.91000        0.0000         -0.99994
0.16000         0.91000        0.0000         -0.99994
0.17000         0.91000        0.0000         -0.99993
0.18000         0.91000        0.0000         -0.99993
0.19000         0.91000        0.0000         -0.99993
0.20000         0.91000        0.0000         -0.99993
0.21000         0.91000        0.0000         -0.99993
0.22000         0.91000        0.0000         -0.99993
0.23000         0.91000        0.0000         -0.99993
0.24000         0.91000        0.0000         -0.99993
0.25000         0.91000        0.0000         -0.99993
0.26000         0.91000        0.0000         -0.99993
0.27000         0.91000        0.0000         -0.99993
0.28000         0.91000        0.0000         -0.99993
0.29000         0.91000        0.0000         -0.99993
0.30000         0.91000        0.0000         -0.99993
0.31000         0.91000        0.0000         -0.99993
0.32000         0.91000        0.0000         -0.99993
0.33000         0.91000        0.0000         -0.99993
0.34000         0.91000        0.0000         -0.99993
0.35000         0.91000        0.0000         -0.99993
0.36000         0.91000        0.0000         -0.99993
0.37000         0.91000        0.0000         -0.99993
0.38000         0.91000        0.0000         -0.99993
0.39000         0.91000        0.0000         -0.99993
0.40000         0.91000        0.0000         -0.99994
0.41000         0.91000        0.0000         -0.99994
0.42000         0.91000        0.0000         -0.99994
0.43000         0.91000        0.0000         -0.99994
0.44000         0.91000        0.0000         -0.99994
0.45000         0.91000        0.0000         -0.99995
0.46000         0.91000        0.0000         -0.99995
0.47000         0.91000        0.0000         -0.99995
0.48000         0.91000        0.0000         -0.99995
0.49000         0.91000        0.0000         -0.99995
0.50000         0.91000        0.0000         -0.99996
0.51000         0.91000        0.0000         -0.99996
0.52000         0.91000        0.0000         -0.99996
0.53000         0.91000        0.0000         -0.99996
0.54000         0.91000        0.0000         -0.99996
0.55000         0.91000        0.0000         -0.99997
0.56000         0.91000        0.0000         -0.99997
0.57000         0.91000        0.0000         -0.99997
0.58000         0.91000        0.0000         -0.99997
0.59000         0.91000        0.0000         -0.99997
0.60000         0.91000        0.0000         -0.99998
0.61000         0.91000        0.0000         -0.99998
0.62000         0.91000        0.0000         -0.99998
0.63000         0.91000        0.0000         -0.99998
0.64000         0.91000        0.0000         -0.99998
0.65000         0.91000        0.0000         -0.99998
0.66000         0.91000        0.0000         -0.99998
0.67000         0.91000        0.0000         -0.99998
0.68000         0.91000        0.0000         -0.99999
0.69000         0.91000        0.0000         -0.99999
0.70000         0.91000        0.0000         -0.99999
0.71000         0.91000        0.0000         -0.99999
0.72000         0.91000        0.0000         -0.99999
0.73000         0.91000        0.0000         -0.99999
0.74000         0.91000        0.0000         -0.99999
0.75000         0.91000        0.0000         -0.99999
0.76000         0.91000        0.0000         -0.99999
0.77000         0.91000        0.0000         -0.99999
0.78000         0.91000        0.0000         -0.99999
0.79000         0.91000        0.0000         -0.99999
0.80000         0.91000        0.0000         -1.0000
0.81000         0.91000        0.0000         -1.0000
0.82000         0.91000        0.0000         -1.0000
0.83000         0.91000        0.0000         -1.0000
0.84000         0.91000        0.0000         -1.0000
0.85000         0.91000        0.0000         -1.0000
0.86000         0.91000        0.0000         -1.0000
0.87000         0.91000        0.0000         -1.0000
0.88000         0.91000        0.0000         -1.0000
0.89000         0.91000        0.0000         -1.0000
0.90000         0.91000        0.0000         -1.0000
0.91000         0.91000        0.0000         -1.0000
0.92000         0.91000        0.0000         -1.0000
0.93000         0.91000        0.0000         -1.0000
0.94000         0.91000        0.0000         -1.0000
0.95000         0.91000        0.0000         -1.0000
0.96000         0.91000        0.0000         -1.0000
0.97000         0.91000        0.0000         -1.0000
0.98000         0.91000        0.0000         -1.0000
0.99000         0.91000        0.0000         -1.0000
1.0000          0.91000        0.0000         -1.0000
0.0000          0.92000        0.0000         -0.99997
0.010000        0.92000        0.0000         -0.99997
0.020000        0.92000        0.0000         -0.99997
0.030000        0.92000        0.0000         -0.99997
0.040000        0.92000        0.0000         -0.99997
0.050000        0.92000        0.0000         -0.99997
0.060000        0.92000        0.0000         -0.99996
0.070000        0.92000        0.0000         -0.99996
0.080000        0.92000        0.0000         -0.99996
0.090000        0.92000        0.0000         -0.99996
0.10000         0.92000        0.0000         -0.99996
0.11000         0.92000        0.0000         -0.99996
0.12000         0.92000        0.0000         -0.99995
0.13000         0.92000        0.0000         -0.99995
0.14000         0.92000        0.0000         -0.99995
0.15000         0.92000        0.0000         -0.99995
0.16000         0.92000        0.0000         -0.99995
0.17000         0.92000        0.0000         -0.99995
0.18000         0.92000        0.0000         -0.99995
0.19000         0.92000        0.0000         -0.99994
0.20000         0.92000        0.0000         -0.99994
0.21000         0.92000        0.0000         -0.99994
0.22000         0.92000        0.0000         -0.99994
0.23000         0.92000        0.0000         -0.99994
0.24000         0.92000        0.0000         -0.99994
0.25000         0.92000        0.0000         -0.99994
0.26000         0.92000        0.0000         -0.99994
0.27000         0.92000        0.0000         -0.99994
0.28000         0.92000        0.0000         -0.99994
0.29000         0.92000        0.0000         -0.99994
0.30000         0.92000        0.0000         -0.99994
0.31000         0.92000        0.0000         -0.99994
0.32000         0.92000        0.0000         -0.99994
0.33000         0.92000        0.0000         -0.99994
0.34000         0.92000        0.0000         -0.99994
0.35000         0.92000        0.0000         -0.99994
0.36000         0.92000        0.0000         -0.99994
0.37000         0.92000        0.0000         -0.99994
0.38000         0.92000        0.0000         -0.99995
0.39000         0.92000        0.0000         -0.99995
0.40000         0.92000        0.0000         -0.99995
0.41000         0.92000        0.0000         -0.99995
0.42000         0.92000        0.0000         -0.99995
0.43000         0.92000        0.0000         -0.99995
0.44000         0.92000        0.0000         -0.99995
0.45000         0.92000        0.0000         -0.99996
0.46000         0.92000        0.0000         -0.99996
0.47000         0.92000        0.0000         -0.99996
0.48000         0.92000        0.0000         -0.99996
0.49000         0.92000        0.0000         -0.99996
0.50000         0.92000        0.0000         -0.99996
0.51000         0.92000        0.0000         -0.99997
0.52000         0.92000        0.0000         -0.99997
0.53000         0.92000        0.0000         -0.99997
0.54000         0.92000        0.0000         -0.99997
0.55000         0.92000        0.0000         -0.99997
0.56000         0.92000        0.0000         -0.99997
0.57000         0.92000        0.0000         -0.99998
0.58000         0.92000        0.0000         -0.99998
0.59000         0.92000        0.0000         -0.99998
0.60000         0.92000        0.0000         -0.99998
0.61000         0.92000        0.0000         -0.99998
0.62000         0.92000        0.0000         -0.99998
0.63000         0.92000        0.0000         -0.99998
0.64000         0.92000        0.0000         -0.99998
0.65000         0.92000        0.0000         -0.99999
0.66000         0.92000        0.0000         -0.99999
0.67000         0.92000        0.0000         -0.99999
0.68000         0.92000        0.0000         -0.99999
0.69000         0.92000        0.0000         -0.99999
0.70000         0.92000        0.0000         -0.99999
0.71000         0.92000        0.0000         -0.99999
0.72000         0.92000        0.0000         -0.99999
0.73000         0.92000        0.0000         -0.99999
0.74000         0.92000        0.0000         -0.99999
0.75000         0.92000        0.0000         -0.99999
0.76000         0.92000        0.0000         -0.99999
0.77000         0.92000        0.0000         -0.99999
0.78000         0.92000        0.0000         -1.0000
0.79000         0.92000        0.0000         -1.0000
0.80000         0.92000        0.0000         -1.0000
0.81000         0.92000        0.0000         -1.0000
0.82000         0.92000        0.0000         -1.0000
0.83000         0.92000        0.0000         -1.0000
0.84000         0.92000        0.0000         -1.0000
0.85000         0.92000        0.0000         -1.0000
0.86000         0.92000        0.0000         -1.0000
0.87000         0.92000        0.0000         -1.0000
0.88000         0.92000        0.0000         -1.0000
0.89000         0.92000        0.0000         -1.0000
0.90000         0.92000        0.0000         -1.0000
0.91000         0.92000        0.0000         -1.0000
0.92000         0.92000        0.0000         -1.0000
0.93000         0.92000        0.0000         -1.0000
0.94000         0.92000        0.0000         -1.0000
0.95000         0.92000        0.0000         -1.0000
0.96000         0.92000        0.0000         -1.0000
0.97000         0.92000        0.0000         -1.0000
0.98000         0.92000        0.0000         -1.0000
0.99000         0.92000        0.0000         -1.0000
1.0000          0.92000        0.0000         -1.0000
0.0000          0.93000        0.0000         -0.99998
0.010000        0.93000        0.0000         -0.99998
0.020000        0.93000        0.0000         -0.99998
0.030000        0.93000        0.0000         -0.99997
0.040000        0.93000        0.0000         -0.99997
0.050000        0.93000        0.0000         -0.99997
0.060000        0.93000        0.0000         -0.99997
0.070000        0.93000        0.0000         -0.99997
0.080000        0.93000        0.0000         -0.99997
0.090000        0.93000        0.0000         -0.99997
0.10000         0.93000        0.0000         -0.99996
0.11000         0.93000        0.0000         -0.99996
0.12000         0.93000        0.0000         -0.99996
0.13000         0.93000        0.0000         -0.99996
0.14000         0.93000        0.0000         -0.99996
0.15000         0.93000        0.0000         -0.99996
0.16000         0.93000        0.0000         -0.99996
0.17000         0.93000        0.0000         -0.99996
0.18000         0.93000        0.0000         -0.99996
0.19000         0.93000        0.0000         -0.99995
0.20000         0.93000        0.0000         -0.99995
0.21000         0.93000        0.0000         -0.99995
0.22000         0.93000        0.0000         -0.99995
0.23000         0.93000        0.0000         -0.99995
0.24000         0.93000        0.0000         -0.99995
0.25000         0.93000        0.0000         -0.99995
0.26000         0.93000        0.0000         -0.99995
0.27000         0.93000        0.0000         -0.99995
0.28000         0.93000        0.0000         -0.99995
0.29000         0.93000        0.0000         -0.99995
0.30000         0.93000        0.0000         -0.99995
0.31000         0.93000        0.0000         -0.99995
0.32000         0.93000        0.0000         -0.99995
0.33000         0.93000        0.0000         -0.99995
0.34000         0.93000        0.0000         -0.99995
0.35000         0.93000        0.0000         -0.99995
0.36000         0.93000        0.0000         -0.99995
0.37000         0.93000        0.0000         -0.99995
0.38000         0.93000        0.0000         -0.99996
0.39000         0.93000        0.0000         -0.99996
0.40000         0.93000        0.0000         -0.99996
0.41000         0.93000        0.0000         -0.99996
0.42000         0.93000        0.0000         -0.99996
0.43000         0.93000        0.0000         -0.99996
0.44000         0.93000        0.0000         -0.99996
0.45000         0.93000        0.0000         -0.99996
0.46000         0.93000        0.0000         -0.99996
0.47000         0.93000        0.0000         -0.99997
0.48000         0.93000        0.0000         -0.99997
0.49000         0.93000        0.0000         -0.99997
0.50000         0.93000        0.0000         -0.99997
0.51000         0.93000        0.0000         -0.99997
0.52000         0.93000        0.0000         -0.99997
0.53000         0.93000        0.0000         -0.99997
0.54000         0.93000        0.0000         -0.99998
0.55000         0.93000        0.0000         -0.99998
0.56000         0.93000        0.0000         -0.99998
0.57000         0.93000        0.0000         -0.99998
0.58000         0.93000        0.0000         -0.99998
0.59000         0.93000        0.0000         -0.99998
0.60000         0.93000        0.0000         -0.99998
0.61000         0.93000        0.0000         -0.99998
0.62000         0.93000        0.0000         -0.99999
0.63000         0.93000        0.0000         -0.99999
0.64000         0.93000        0.0000         -0.99999
0.65000         0.93000        0.0000         -0.99999
0.66000         0.93000        0.0000         -0.99999
0.67000         0.93000        0.0000         -0.99999
0.68000         0.93000        0.0000         -0.99999
0.69000         0.93000        0.0000         -0.99999
0.70000         0.93000        0.0000         -0.99999
0.71000         0.93000        0.0000         -0.99999
0.72000         0.93000        0.0000         -0.99999
0.73000         0.93000        0.0000         -0.99999
0.74000         0.93000        0.0000         -0.99999
0.75000         0.93000        0.0000         -0.99999
0.76000         0.93000        0.0000         -1.0000
0.77000         0.93000        0.0000         -1.0000
0.78000         0.93000        0.0000         -1.0000
0.79000         0.93000        0.0000         -1.0000
0.80000         0.93000        0.0000         -1.0000
0.81000         0.93000        0.0000         -1.0000
0.82000         0.93000        0.0000         -1.0000
0.83000         0.93000        0.0000         -1.0000
0.84000         0.93000        0.0000         -1.0000
0.85000         0.93000        0.0000         -1.0000
0.86000         0.93000        0.0000         -1.0000
0.87000         0.93000        0.0000         -1.0000
0.88000         0.93000        0.0000         -1.0000
0.89000         0.93000        0.0000         -1.0000
0.90000         0.93000        0.0000         -1.0000
0.91000         0.93000        0.0000         -1.0000
0.92000         0.93000        0.0000         -1.0000
0.93000         0.93000        0.0000         -1.0000
0.94000         0.93000        0.0000         -1.0000
0.95000         0.93000        0.0000         -1.0000
0.96000         0.93000        0.0000         -1.0000
0.97000         0.93000        0.0000         -1.0000
0.98000         0.93000        0.0000         -1.0000
0.99000         0.93000        0.0000         -1.0000
1.0000          0.93000        0.0000         -1.0000
0.0000          0.94000        0.0000         -0.99998
0.010000        0.94000        0.0000         -0.99998
0.020000        0.94000        0.0000         -0.99998
0.030000        0.94000        0.0000         -0.99998
0.040000        0.94000        0.0000         -0.99998
0.050000        0.94000        0.0000         -0.99998
0.060000        0.94000        0.0000         -0.99998
0.070000        0.94000        0.0000         -0.99997
0.080000        0.94000        0.0000         -0.99997
0.090000        0.94000        0.0000         -0.99997
0.10000         0.94000        0.0000         -0.99997
0.11000         0.94000        0.0000         -0.99997
0.12000         0.94000        0.0000         -0.99997
0.13000         0.94000        0.0000         -0.99997
0.14000         0.94000        0.0000         -0.99997
0.15000         0.94000        0.0000         -0.99997
0.16000         0.94000        0.0000         -0.99996
0.17000         0.94000        0.0000         -0.99996
0.18000         0.94000        0.0000         -0.99996
0.19000         0.94000        0.0000         -0.99996
0.20000         0.94000        0.0000         -0.99996
0.21000         0.94000        0.0000         -0.99996
0.22000         0.94000        0.0000         -0.99996
0.23000         0.94000        0.0000         -0.99996
0.24000         0.94000        0.0000         -0.99996
0.25000         0.94000        0.0000         -0.99996
0.26000         0.94000        0.0000         -0.99996
0.27000         0.94000        0.0000         -0.99996
0.28000         0.94000        0.0000         -0.99996
0.29000         0.94000        0.0000         -0.99996
0.30000         0.94000        0.0000         -0.99996
0.31000         0.94000        0.0000         -0.99996
0.32000         0.94000        0.0000         -0.99996
0.33000         0.94000        0.0000         -0.99996
0.34000         0.94000        0.0000         -0.99996
0.35000         0.94000        0.0000         -0.99996
0.36000         0.94000        0.0000         -0.99996
0.37000         0.94000        0.0000         -0.99996
0.38000         0.94000        0.0000         -0.99996
0.39000         0.94000        0.0000         -0.99996
0.40000         0.94000        0.0000         -0.99996
0.41000         0.94000        0.0000         -0.99997
0.42000         0.94000        0.0000         -0.99997
0.43000         0.94000        0.0000         -0.99997
0.44000         0.94000        0.0000         -0.99997
0.45000         0.94000        0.0000         -0.99997
0.46000         0.94000        0.0000         -0.99997
0.47000         0.94000        0.0000         -0.99997
0.48000         0.94000        0.0000         -0.99997
0.49000         0.94000        0.0000         -0.99997
0.50000         0.94000        0.0000         -0.99998
0.51000         0.94000        0.0000         -0.99998
0.52000         0.94000        0.0000         -0.99998
0.53000         0.94000        0.0000         -0.99998
0.54000         0.94000        0.0000         -0.99998
0.55000         0.94000        0.0000         -0.99998
0.56000         0.94000        0.0000         -0.99998
0.57000         0.94000        0.0000         -0.99998
0.58000         0.94000        0.0000         -0.99998
0.59000         0.94000        0.0000         -0.99998
0.60000         0.94000        0.0000         -0.99999
0.61000         0.94000        0.0000         -0.99999
0.62000         0.94000        0.0000         -0.99999
0.63000         0.94000        0.0000         -0.99999
0.64000         0.94000        0.0000         -0.99999
0.65000         0.94000        0.0000         -0.99999
0.66000         0.94000        0.0000         -0.99999
0.67000         0.94000        0.0000         -0.99999
0.68000         0.94000        0.0000         -0.99999
0.69000         0.94000        0.0000         -0.99999
0.70000         0.94000        0.0000         -0.99999
0.71000         0.94000        0.0000         -0.99999
0.72000         0.94000        0.0000         -0.99999
0.73000         0.94000        0.0000         -0.99999
0.74000         0.94000        0.0000         -1.0000
0.75000         0.94000        0.0000         -1.0000
0.76000         0.94000        0.0000         -1.0000
0.77000         0.94000        0.0000         -1.0000
0.78000         0.94000        0.0000         -1.0000
0.79000         0.94000        0.0000         -1.0000
0.80000         0.94000        0.0000         -1.0000
0.81000         0.94000        0.0000         -1.0000
0.82000         0.94000        0.0000         -1.0000
0.83000         0.94000        0.0000         -1.0000
0.84000         0.94000        0.0000         -1.0000
0.85000         0.94000        0.0000         -1.0000
0.86000         0.94000        0.0000         -1.0000
0.87000         0.94000        0.0000         -1.0000
0.88000         0.94000        0.0000         -1.0000
0.89000         0.94000        0.0000         -1.0000
0.90000         0.94000        0.0000         -1.0000
0.91000         0.94000        0.0000         -1.0000
0.92000         0.94000        0.0000         -1.0000
0.93000         0.94000        0.0000         -1.0000
0.94000         0.94000        0.0000         -1.0000
0.95000         0.94000        0.0000         -1.0000
0.96000         0.94000        0.0000         -1.0000
0.97000         0.94000        0.0000         -1.0000
0.98000         0.94000        0.0000         -1.0000
0.99000         0.94000        0.0000         -1.0000
1.0000          0.94000        0.0000         -1.0000
0.0000          0.95000        0.0000         -0.99998
0.010000        0.95000        0.0000         -0.99998
0.020000        0.95000        0.0000         -0.99998
0.030000        0.95000        0.0000         -0.99998
0.040000        0.95000        0.0000         -0.99998
0.050000        0.95000        0.0000         -0.99998
0.060000        0.95000        0.0000         -0.99998
0.070000        0.95000        0.0000         -0.99998
0.080000        0.95000        0.0000         -0.99998
0.090000        0.95000        0.0000         -0.99998
0.10000         0.95000        0.0000         -0.99998
0.11000         0.95000        0.0000         -0.99998
0.12000         0.95000        0.0000         -0.99997
0.13000         0.95000        0.0000         -0.99997
0.14000         0.95000        0.0000         -0.99997
0.15000         0.95000        0.0000         -0.99997
0.16000         0.95000        0.0000         -0.99997
0.17000         0.95000        0.0000         -0.99997
0.18000         0.95000        0.0000         -0.99997
0.19000         0.95000        0.0000         -0.99997
0.20000         0.95000        0.0000         -0.99997
0.21000         0.95000        0.0000         -0.99997
0.22000         0.95000        0.0000         -0.99997
0.23000         0.95000        0.0000         -0.99997
0.24000         0.95000        0.0000         -0.99997
0.25000         0.95000        0.0000         -0.99997
0.26000         0.95000        0.0000         -0.99997
0.27000         0.95000        0.0000         -0.99997
0.28000         0.95000        0.0000         -0.99997
0.29000         0.95000        0.0000         -0.99997
0.30000         0.95000        0.0000         -0.99997
0.31000         0.95000        0.0000         -0.99997
0.32000         0.95000        0.0000         -0.99997
0.33000         0.95000        0.0000         -0.99997
0.34000         0.95000        0.0000         -0.99997
0.35000         0.95000        0.0000         -0.99997
0.36000         0.95000        0.0000         -0.99997
0.37000         0.95000        0.0000         -0.99997
0.38000         0.95000        0.0000         -0.99997
0.39000         0.95000        0.0000         -0.99997
0.40000         0.95000        0.0000         -0.99997
0.41000         0.95000        0.0000         -0.99997
0.42000         0.95000        0.0000         -0.99997
0.43000         0.95000        0.0000         -0.99997
0.44000         0.95000        0.0000         -0.99997
0.45000         0.95000        0.0000         -0.99998
0.46000         0.95000        0.0000         -0.99998
0.47000         0.95000        0.0000         -0.99998
0.48000         0.95000        0.0000         -0.99998
0.49000         0.95000        0.0000         -0.99998
0.50000         0.95000        0.0000         -0.99998
0.51000         0.95000        0.0000         -0.99998
0.52000         0.95000        0.0000         -0.99998
0.53000         0.95000        0.0000         -0.99998
0.54000         0.95000        0.0000         -0.99998
0.55000         0.95000        0.0000         -0.99998
0.56000         0.95000        0.0000         -0.99999
0.57000         0.95000        0.0000         -0.99999
0.58000         0.95000        0.0000         -0.99999
0.59000         0.95000        0.0000         -0.99999
0.60000         0.95000        0.0000         -0.99999
0.61000         0.95000        0.0000         -0.99999
0.62000         0.95000        0.0000         -0.99999
0.63000         0.95000        0.0000         -0.99999
0.64000         0.95000        0.0000         -0.99999
0.65000         0.95000        0.0000         -0.99999
0.66000         0.95000        0.0000         -0.99999
0.67000         0.95000        0.0000         -0.99999
0.68000         0.95000        0.0000         -0.99999
0.69000         0.95000        0.0000         -0.99999
0.70000         0.95000        0.0000         -0.99999
0.71000         0.95000        0.0000         -0.99999
0.72000         0.95000        0.0000         -1.0000
0.73000         0.95000        0.0000         -1.0000
0.74000         0.95000        0.0000         -1.0000
0.75000         0.95000        0.0000         -1.0000
0.76000         0.95000        0.0000         -1.0000
0.77000         0.95000        0.0000         -1.0000
0.78000         0.95000        0.0000         -1.0000
0.79000         0.95000        0.0000         -1.0000
0.80000         0.95000        0.0000         -1.0000
0.81000         0.95000        0.0000         -1.0000
0.82000         0.95000        0.0000         -1.0000
0.83000         0.95000        0.0000         -1.0000
0.84000         0.95000        0.0000         -1.0000
0.85000         0.95000        0.0000         -1.0000
0.86000         0.95000        0.0000         -1.0000
0.87000         0.95000        0.0000         -1.0000
0.88000         0.95000        0.0000         -1.0000
0.89000         0.95000        0.0000         -1.0000
0.90000         0.95000        0.0000         -1.0000
0.91000         0.95000        0.0000         -1.0000
0.92000         0.95000        0.0000         -1.0000
0.93000         0.95000        0.0000         -1.0000
0.94000         0.95000        0.0000         -1.0000
0.95000         0.95000        0.0000         -1.0000
0.96000         0.95000        0.0000         -1.0000
0.97000         0.95000        0.0000         -1.0000
0.98000         0.95000        0.0000         -1.0000
0.99000         0.95000        0.0000         -1.0000
1.0000          0.95000        0.0000         -1.0000
0.0000          0.96000        0.0000         -0.99999
0.010000        0.96000        0.0000         -0.99999
0.020000        0.96000        0.0000         -0.99999
0.030000        0.96000        0.0000         -0.99999
0.040000        0.96000        0.0000         -0.99998
0.050000        0.96000        0.0000         -0.99998
0.060000        0.96000        0.0000         -0.99998
0.070000        0.96000        0.0000         -0.99998
0.080000        0.96000        0.0000         -0.99998
0.090000        0.96000        0.0000         -0.99998
0.10000         0.96000        0.0000         -0.99998
0.11000         0.96000        0.0000         -0.99998
0.12000         0.96000        0.0000         -0.99998
0.13000         0.96000        0.0000         -0.99998
0.14000         0.96000        0.0000         -0.99998
0.15000         0.96000        0.0000         -0.99998
0.16000         0.96000        0.0000         -0.99998
0.17000         0.96000        0.0000         -0.99998
0.18000         0.96000        0.0000         -0.99998
0.19000         0.96000        0.0000         -0.99997
0.20000         0.96000        0.0000         -0.99997
0.21000         0.96000        0.0000         -0.99997
0.22000         0.96000        0.0000         -0.99997
0.23000         0.96000        0.0000         -0.99997
0.24000         0.96000        0.0000         -0.99997
0.25000         0.96000        0.0000         -0.99997
0.26000         0.96000        0.0000         -0.99997
0.27000         0.96000        0.0000         -0.99997
0.28000         0.96000        0.0000         -0.99997
0.29000         0.96000        0.0000         -0.99997
0.30000         0.96000        0.0000         -0.99997
0.31000         0.96000        0.0000         -0.99997
0.32000         0.96000        0.0000         -0.99997
0.33000         0.96000        0.0000         -0.99997
0.34000         0.96000        0.0000         -0.99997
0.35000         0.96000        0.0000         -0.99997
0.36000         0.96000        0.0000         -0.99997
0.37000         0.96000        0.0000         -0.99997
0.38000         0.96000        0.0000         -0.99998
0.39000         0.96000        0.0000         -0.99998
0.40000         0.96000        0.0000         -0.99998
0.41000         0.96000        0.0000         -0.99998
0.42000         0.96000        0.0000         -0.99998
0.43000         0.96000        0.0000         -0.99998
0.44000         0.96000        0.0000         -0.99998
0.45000         0.96000        0.0000         -0.99998
0.46000         0.96000        0.0000         -0.99998
0.47000         0.96000        0.0000         -0.99998
0.48000         0.96000        0.0000         -0.99998
0.49000         0.96000        0.0000         -0.99998
0.50000         0.96000        0.0000         -0.99998
0.51000         0.96000        0.0000         -0.99998
0.52000         0.96000        0.0000         -0.99998
0.53000         0.96000        0.0000         -0.99999
0.54000         0.96000        0.0000         -0.99999
0.55000         0.96000        0.0000         -0.99999
0.56000         0.96000        0.0000         -0.99999
0.57000         0.96000        0.0000         -0.99999
0.58000         0.96000        0.0000         -0.99999
0.59000         0.96000        0.0000         -0.99999
0.60000         0.96000        0.0000         -0.99999
0.61000         0.96000        0.0000         -0.99999
0.62000         0.96000        0.0000         -0.99999
0.63000         0.96000        0.0000         -0.99999
0.64000         0.96000        0.0000         -0.99999
0.65000         0.96000        0.0000         -0.99999
0.66000         0.96000        0.0000         -0.99999
0.67000         0.96000        0.0000         -0.99999
0.68000         0.96000        0.0000         -0.99999
0.69000         0.96000        0.0000         -0.99999
0.70000         0.96000        0.0000         -1.0000
0.71000         0.96000        0.0000         -1.0000
0.72000         0.96000        0.0000         -1.0000
0.73000         0.96000        0.0000         -1.0000
0.74000         0.96000        0.0000         -1.0000
0.75000         0.96000        0.0000         -1.0000
0.76000         0.96000        0.0000         -1.0000
0.77000         0.96000        0.0000         -1.0000
0.78000         0.96000        0.0000         -1.0000
0.79000         0.96000        0.0000         -1.0000
0.80000         0.96000        0.0000         -1.0000
0.81000         0.96000        0.0000         -1.0000
0.82000         0.96000        0.0000         -1.0000
0.83000         0.96000        0.0000         -1.0000
0.84000         0.96000        0.0000         -1.0000
0.85000         0.96000        0.0000         -1.0000
0.86000         0.96000        0.0000         -1.0000
0.87000         0.96000        0.0000         -1.0000
0.88000         0.96000        0.0000         -1.0000
0.89000         0.96000        0.0000         -1.0000
0.90000         0.96000        0.0000         -1.0000
0.91000         0.96000        0.0000         -1.0000
0.92000         0.96000        0.0000         -1.0000
0.93000         0.96000        0.0000         -1.0000
0.94000         0.96000        0.0000         -1.0000
0.95000         0.96000        0.0000         -1.0000
0.96000         0.96000        0.0000         -1.0000
0.97000         0.96000        0.0000         -1.0000
0.98000         0.96000        0.0000         -1.0000
0.99000         0.96000        0.0000         -1.0000
1.0000          0.96000        0.0000         -1.0000
0.0000          0.97000        0.0000         -0.99999
0.010000        0.97000        0.0000         -0.99999
0.020000        0.97000        0.0000         -0.99999
0.030000        0.97000        0.0000         -0.99999
0.040000        0.97000        0.0000         -0.99999
0.050000        0.97000        0.0000         -0.99999
0.060000        0.97000        0.0000         -0.99999
0.070000        0.97000        0.0000         -0.99999
0.080000        0.97000        0.0000         -0.99999
0.090000        0.97000        0.0000         -0.99998
0.10000         0.97000        0.0000         -0.99998
0.11000         0.97000        0.0000         -0.99998
0.12000         0.97000        0.0000         -0.99998
0.13000         0.97000        0.0000         -0.99998
0.14000         0.97000        0.0000         -0.99998
0.15000         0.97000        0.0000         -0.99998
0.16000         0.97000        0.0000         -0.99998
0.17000         0.97000        0.0000         -0.99998
0.18000         0.97000        0.0000         -0.99998
0.19000         0.97000        0.0000         -0.99998
0.20000         0.97000        0.0000         -0.99998
0.21000         0.97000        0.0000         -0.99998
0.22000         0.97000        0.0000         -0.99998
0.23000         0.97000        0.0000         -0.99998
0.24000         0.97000        0.0000         -0.99998
0.25000         0.97000        0.0000         -0.99998
0.26000         0.97000        0.0000         -0.99998
0.27000         0.97000        0.0000         -0.99998
0.28000         0.97000        0.0000         -0.99998
0.29000         0.97000        0.0000         -0.99998
0.30000         0.97000        0.0000         -0.99998
0.31000         0.97000        0.0000         -0.99998
0.32000         0.97000        0.0000         -0.99998
0.33000         0.97000        0.0000         -0.99998
0.34000         0.97000        0.0000         -0.99998
0.35000         0.97000        0.0000         -0.99998
0.36000         0.97000        0.0000         -0.99998
0.37000         0.97000        0.0000         -0.99998
0.38000         0.97000        0.0000         -0.99998
0.39000         0.97000        0.0000         -0.99998
0.40000         0.97000        0.0000         -0.99998
0.41000         0.97000        0.0000         -0.99998
0.42000         0.97000        0.0000         -0.99998
0.43000         0.97000        0.0000         -0.99998
0.44000         0.97000        0.0000         -0.99998
0.45000         0.97000        0.0000         -0.99998
0.46000         0.97000        0.0000         -0.99998
0.47000         0.97000        0.0000         -0.99998
0.48000         0.97000        0.0000         -0.99999
0.49000         0.97000        0.0000         -0.99999
0.50000         0.97000        0.0000         -0.99999
0.51000         0.97000        0.0000         -0.99999
0.52000         0.97000        0.0000         -0.99999
0.53000         0.97000        0.0000         -0.99999
0.54000         0.97000        0.0000         -0.99999
0.55000         0.97000        0.0000         -0.99999
0.56000         0.97000        0.0000         -0.99999
0.57000         0.97000        0.0000         -0.99999
0.58000         0.97000        0.0000         -0.99999
0.59000         0.97000        0.0000         -0.99999
0.60000         0.97000        0.0000         -0.99999
0.61000         0.97000        0.0000         -0.99999
0.62000         0.97000        0.0000         -0.99999
0.63000         0.97000        0.0000         -0.99999
0.64000         0.97000        0.0000         -0.99999
0.65000         0.97000        0.0000         -0.99999
0.66000         0.97000        0.0000         -0.99999
0.67000         0.97000        0.0000         -1.0000
0.68000         0.97000        0.0000         -1.0000
0.69000         0.97000        0.0000         -1.0000
0.70000         0.97000        0.0000         -1.0000
0.71000         0.97000        0.0000         -1.0000
0.72000         0.97000        0.0000         -1.0000
0.73000         0.97000        0.0000         -1.0000
0.74000         0.97000        0.0000         -1.0000
0.75000         0.97000        0.0000         -1.0000
0.76000         0.97000        0.0000         -1.0000
0.77000         0.97000        0.0000         -1.0000
0.78000         0.97000        0.0000         -1.0000
0.79000         0.97000        0.0000         -1.0000
0.80000         0.97000        0.0000         -1.0000
0.81000         0.97000        0.0000         -1.0000
0.82000         0.97000        0.0000         -1.0000
0.83000         0.97000        0.0000         -1.0000
0.84000         0.97000        0.0000         -1.0000
0.85000         0.97000        0.0000         -1.0000
0.86000         0.97000        0.0000         -1.0000
0.87000         0.97000        0.0000         -1.0000
0.88000         0.97000        0.0000         -1.0000
0.89000         0.97000        0.0000         -1.0000
0.90000         0.97000        0.0000         -1.0000
0.91000         0.97000        0.0000         -1.0000
0.92000         0.97000        0.0000         -1.0000
0.93000         0.97000        0.0000         -1.0000
0.94000         0.97000        0.0000         -1.0000
0.95000         0.97000        0.0000         -1.0000
0.96000         0.97000        0.0000         -1.0000
0.97000         0.97000        0.0000         -1.0000
0.98000         0.97000        0.0000         -1.0000
0.99000         0.97000        0.0000         -1.0000
1.0000          0.97000        0.0000         -1.0000
0.0000          0.98000        0.0000         -0.99999
0.010000        0.98000        0.0000         -0.99999
0.020000        0.98000        0.0000         -0.99999
0.030000        0.98000        0.0000         -0.99999
0.040000        0.98000        0.0000         -0.99999
0.050000        0.98000        0.0000         -0.99999
0.060000        0.98000        0.0000         -0.99999
0.070000        0.98000        0.0000         -0.99999
0.080000        0.98000        0.0000         -0.99999
0.090000        0.98000        0.0000         -0.99999
0.10000         0.98000        0.0000         -0.99999
0.11000         0.98000        0.0000         -0.99999
0.12000         0.98000        0.0000         -0.99999
0.13000         0.98000        0.0000         -0.99999
0.14000         0.98000        0.0000         -0.99999
0.15000         0.98000        0.0000         -0.99998
0.16000         0.98000        0.0000         -0.99998
0.17000         0.98000        0.0000         -0.99998
0.18000         0.98000        0.0000         -0.99998
0.19000         0.98000        0.0000         -0.99998
0.20000         0.98000        0.0000         -0.99998
0.21000         0.98000        0.0000         -0.99998
0.22000         0.98000        0.0000         -0.99998
0.23000         0.98000        0.0000         -0.99998
0.24000         0.98000        0.0000         -0.99998
0.25000         0.98000        0.0000         -0.99998
0.26000         0.98000        0.0000         -0.99998
0.27000         0.98000        0.0000         -0.99998
0.28000         0.98000        0.0000         -0.99998
0.29000         0.98000        0.0000         -0.99998
0.30000         0.98000        0.0000         -0.99998
0.31000         0.98000        0.0000         -0.99998
0.32000         0.98000        0.0000         -0.99998
0.33000         0.98000        0.0000         -0.99998
0.34000         0.98000        0.0000         -0.99998
0.35000         0.98000        0.0000         -0.99998
0.36000         0.98000        0.0000         -0.99998
0.37000         0.98000        0.0000         -0.99998
0.38000         0.98000        0.0000         -0.99998
0.39000         0.98000        0.0000         -0.99998
0.40000         0.98000        0.0000         -0.99998
0.41000         0.98000        0.0000         -0.99998
0.42000         0.98000        0.0000         -0.99999
0.43000         0.98000        0.0000         -0.99999
0.44000         0.98000        0.0000         -0.99999
0.45000         0.98000        0.0000         -0.99999
0.46000         0.98000        0.0000         -0.99999
0.47000         0.98000        0.0000         -0.99999
0.48000         0.98000        0.0000         -0.99999
0.49000         0.98000        0.0000         -0.99999
0.50000         0.98000        0.0000         -0.99999
0.51000         0.98000        0.0000         -0.99999
0.52000         0.98000        0.0000         -0.99999
0.53000         0.98000        0.0000         -0.99999
0.54000         0.98000        0.0000         -0.99999
0.55000         0.98000        0.0000         -0.99999
0.56000         0.98000        0.0000         -0.99999
0.57000         0.98000        0.0000         -0.99999
0.58000         0.98000        0.0000         -0.99999
0.59000         0.98000        0.0000         -0.99999
0.60000         0.98000        0.0000         -0.99999
0.61000         0.98000        0.0000         -0.99999
0.62000         0.98000        0.0000         -0.99999
0.63000         0.98000        0.0000         -0.99999
0.64000         0.98000        0.0000         -0.99999
0.65000         0.98000        0.0000         -1.0000
0.66000         0.98000        0.0000         -1.0000
0.67000         0.98000        0.0000         -1.0000
0.68000         0.98000        0.0000         -1.0000
0.69000         0.98000        0.0000         -1.0000
0.70000         0.98000        0.0000         -1.0000
0.71000         0.98000        0.0000         -1.0000
0.72000         0.98000        0.0000         -1.0000
0.73000         0.98000        0.0000         -1.0000
0.74000         0.98000        0.0000         -1.0000
0.75000         0.98000        0.0000         -1.0000
0.76000         0.98000        0.0000         -1.0000
0.77000         0.98000        0.0000         -1.0000
0.78000         0.98000        0.0000         -1.0000
0.79000         0.98000        0.0000         -1.0000
0.80000         0.98000        0.0000         -1.0000
0.81000         0.98000        0.0000         -1.0000
0.82000         0.98000        0.0000         -1.0000
0.83000         0.98000        0.0000         -1.0000
0.84000         0.98000        0.0000         -1.0000
0.85000         0.98000        0.0000         -1.0000
0.86000         0.98000        0.0000         -1.0000
0.87000         0.98000        0.0000         -1.0000
0.88000         0.98000        0.0000         -1.0000
0.89000         0.98000        0.0000         -1.0000
0.90000         0.98000        0.0000         -1.0000
0.91000         0.98000        0.0000         -1.0000
0.92000         0.98000        0.0000         -1.0000
0.93000         0.98000        0.0000         -1.0000
0.94000         0.98000        0.0000         -1.0000
0.95000         0.98000        0.0000         -1.0000
0.96000         0.98000        0.0000         -1.0000
0.97000         0.98000        0.0000         -1.0000
0.98000         0.98000        0.0000         -1.0000
0.99000         0.98000        0.0000         -1.0000
1.0000          0.98000        0.0000         -1.0000
0.0000          0.99000        0.0000         -0.99999
0.010000        0.99000        0.0000         -0.99999
0.020000        0.99000        0.0000         -0.99999
0.030000        0.99000        0.0000         -0.99999
0.040000        0.99000        0.0000         -0.99999
0.050000        0.99000        0.0000         -0.99999
0.060000        0.99000        0.0000         -0.99999
0.070000        0.99000        0.0000         -0.99999
0.080000        0.99000        0.0000         -0.99999
0.090000        0.99000        0.0000         -0.99999
0.10000         0.99000        0.0000         -0.99999
0.11000         0.99000        0.0000         -0.99999
0.12000         0.99000        0.0000         -0.99999
0.13000         0.99000        0.0000         -0.99999
0.14000         0.99000        0.0000         -0.99999
0.15000         0.99000        0.0000         -0.99999
0.16000         0.99000        0.0000         -0.99999
0.17000         0.99000        0.0000         -0.99999
0.18000         0.99000        0.0000         -0.99999
0.19000         0.99000        0.0000         -0.99999
0.20000         0.99000        0.0000         -0.99999
0.21000         0.99000        0.0000         -0.99999
0.22000         0.99000        0.0000         -0.99999
0.23000         0.99000        0.0000         -0.99999
0.24000         0.99000        0.0000         -0.99999
0.25000         0.99000        0.0000         -0.99999
0.26000         0.99000        0.0000         -0.99999
0.27000         0.99000        0.0000         -0.99999
0.28000         0.99000        0.0000         -0.99999
0.29000         0.99000        0.0000         -0.99999
0.30000         0.99000        0.0000         -0.99999
0.31000         0.99000        0.0000         -0.99999
0.32000         0.99000        0.0000         -0.99999
0.33000         0.99000        0.0000         -0.99999
0.34000         0.99000        0.0000         -0.99999
0.35000         0.99000        0.0000         -0.99999
0.36000         0.99000        0.0000         -0.99999
0.37000         0.99000        0.0000         -0.99999
0.38000         0.99000        0.0000         -0.99999
0.39000         0.99000        0.0000         -0.99999
0.40000         0.99000        0.0000         -0.99999
0.41000         0.99000        0.0000         -0.99999
0.42000         0.99000        0.0000         -0.99999
0.43000         0.99000        0.0000         -0.99999
0.44000         0.99000        0.0000         -0.99999
0.45000         0.99000        0.0000         -0.99999
0.46000         0.99000        0.0000         -0.99999
0.47000         0.99000        0.0000         -0.99999
0.48000         0.99000        0.0000         -0.99999
0.49000         0.99000        0.0000         -0.99999
0.50000         0.99000        0.0000         -0.99999
0.51000         0.99000        0.0000         -0.99999
0.52000         0.99000        0.0000         -0.99999
0.53000         0.99000        0.0000         -0.99999
0.54000         0.99000        0.0000         -0.99999
0.55000         0.99000        0.0000         -0.99999
0.56000         0.99000        0.0000         -0.99999
0.57000         0.99000        0.0000         -0.99999
0.58000         0.99000        0.0000         -0.99999
0.59000         0.99000        0.0000         -0.99999
0.60000         0.99000        0.0000         -0.99999
0.61000         0.99000        0.0000         -0.99999
0.62000         0.99000        0.0000         -1.0000
0.63000         0.99000        0.0000         -1.0000
0.64000         0.99000        0.0000         -1.0000
0.65000         0.99000        0.0000         -1.0000
0.66000         0.99000        0.0000         -1.0000
0.67000         0.99000        0.0000         -1.0000
0.68000         0.99000        0.0000         -1.0000
0.69000         0.99000        0.0000         -1.0000
0.70000         0.99000        0.0000         -1.0000
0.71000         0.99000        0.0000         -1.0000
0.72000         0.99000        0.0000         -1.0000
0.73000         0.99000        0.0000         -1.0000
0.74000         0.99000        0.0000         -1.0000
0.75000         0.99000        0.0000         -1.0000
0.76000         0.99000        0.0000         -1.0000
0.77000         0.99000        0.0000         -1.0000
0.78000         0.99000        0.0000         -1.0000
0.79000         0.99000        0.0000         -1.0000
0.80000         0.99000        0.0000         -1.0000
0.81000         0.99000        0.0000         -1.0000
0.82000         0.99000        0.0000         -1.0000
0.83000         0.99000        0.0000         -1.0000
0.84000         0.99000        0.0000         -1.0000
0.85000         0.99000        0.0000         -1.0000
0.86000         0.99000        0.0000         -1.0000
0.87000         0.99000        0.0000         -1.0000
0.88000         0.99000        0.0000         -1.0000
0.89000         0.99000        0.0000         -1.0000
0.90000         0.99000        0.0000         -1.0000
0.91000         0.99000        0.0000         -1.0000
0.92000         0.99000        0.0000         -1.0000
0.93000         0.99000        0.0000         -1.0000
0.94000         0.99000        0.0000         -1.0000
0.95000         0.99000        0.0000         -1.0000
0.96000         0.99000        0.0000         -1.0000
0.97000         0.99000        0.0000         -1.0000
0.98000         0.99000        0.0000         -1.0000
0.99000         0.99000        0.0000         -1.0000
1.0000          0.99000        0.0000         -1.0000
0.0000          1.0000         0.0000         -0.99999
0.010000        1.0000         0.0000         -0.99999
0.020000        1.0000         0.0000         -0.99999
0.030000        1.0000         0.0000         -0.99999
0.040000        1.0000         0.0000         -0.99999
0.050000        1.0000         0.0000         -0.99999
0.060000        1.0000         0.0000         -0.99999
0.070000        1.0000         0.0000         -0.99999
0.080000        1.0000         0.0000         -0.99999
0.090000        1.0000         0.0000         -0.99999
0.10000         1.0000         0.0000         -0.99999
0.11000         1.0000         0.0000         -0.99999
0.12000         1.0000         0.0000         -0.99999
0.13000         1.0000         0.0000         -0.99999
0.14000         1.0000         0.0000         -0.99999
0.15000         1.0000         0.0000         -0.99999
0.16000         1.0000         0.0000         -0.99999
0.17000         1.0000         0.0000         -0.99999
0.18000         1.0000         0.0000         -0.99999
0.19000         1.0000         0.0000         -0.99999
0.20000         1.0000         0.0000         -0.99999
0.21000         1.0000         0.0000         -0.99999
0.22000         1.0000         0.0000         -0.99999
0.23000         1.0000         0.0000         -0.99999
0.24000         1.0000         0.0000         -0.99999
0.25000         1.0000         0.0000         -0.99999
0.26000         1.0000         0.0000         -0.99999
0.27000         1.0000         0.0000         -0.99999
0.28000         1.0000         0.0000         -0.99999
0.29000         1.0000         0.0000         -0.99999
0.30000         1.0000         0.0000         -0.99999
0.31000         1.0000         0.0000         -0.99999
0.32000         1.0000         0.0000         -0.99999
0.33000         1.0000         0.0000         -0.99999
0.34000         1.0000         0.0000         -0.99999
0.35000         1.0000         0.0000         -0.99999
0.36000         1.0000         0.0000         -0.99999
0.37000         1.0000         0.0000         -0.99999
0.38000         1.0000         0.0000         -0.99999
0.39000         1.0000         0.0000         -0.99999
0.40000         1.0000         0.0000         -0.99999
0.41000         1.0000         0.0000         -0.99999
0.42000         1.0000         0.0000         -0.99999
0.43000         1.0000         0.0000         -0.99999
0.44000         1.0000         0.0000         -0.99999
0.45000         1.0000         0.0000         -0.99999
0.46000         1.0000         0.0000         -0.99999
0.47000         1.0000         0.0000         -0.99999
0.48000         1.0000         0.0000         -0.99999
0.49000         1.0000         0.0000         -0.99999
0.50000         1.0000         0.0000         -0.99999
0.51000         1.0000         0.0000         -0.99999
0.52000         1.0000         0.0000         -0.99999
0.53000         1.0000         0.0000         -0.99999
0.54000         1.0000         0.0000         -0.99999
0.55000         1.0000         0.0000         -0.99999
0.56000         1.0000         0.0000         -0.99999
0.57000         1.0000         0.0000         -0.99999
0.58000         1.0000         0.0000         -0.99999
0.59000         1.0000         0.0000         -0.99999
0.60000         1.0000         0.0000         -0.99999
0.61000         1.0000         0.0000         -1.0000
0.62000         1.0000         0.0000         -1.0000
0.63000         1.0000         0.0000         -1.0000
0.64000         1.0000         0.0000         -1.0000
0.65000         1.0000         0.0000         -1.0000
0.66000         1.0000         0.0000         -1.0000
0.67000         1.0000         0.0000         -1.0000
0.68000         1.0000         0.0000         -1.0000
0.69000         1.0000         0.0000         -1.0000
0.70000         1.0000         0.0000         -1.0000
0.71000         1.0000         0.0000         -1.0000
0.72000         1.0000         0.0000         -1.0000
0.73000         1.0000         0.0000         -1.0000
0.74000         1.0000         0.0000         -1.0000
0.75000         1.0000         0.0000         -1.0000
0.76000         1.0000         0.0000         -1.0000
0.77000         1.0000         0.0000         -1.0000
0.78000         1.0000         0.0000         -1.0000
0.79000         1.0000         0.0000         -1.0000
0.80000         1.0000         0.0000         -1.0000
0.81000         1.0000         0.0000         -1.0000
0.82000         1.0000         0.0000         -1.0000
0.83000         1.0000         0.0000         -1.0000
0.84000         1.0000         0.0000         -1.0000
0.85000         1.0000         0.0000         -1.0000
0.86000         1.0000         0.0000         -1.0000
0.87000         1.0000         0.0000         -1.0000
0.88000         1.0000         0.0000         -1.0000
0.89000         1.0000         0.0000         -1.0000
0.90000         1.0000         0.0000         -1.0000
0.91000         1.0000         0.0000         -1.0000
0.92000         1.0000         0.0000         -1.0000
0.93000         1.0000         0.0000         -1.0000
0.94000         1.0000         0.0000         -1.0000
0.95000         1.0000         0.0000         -1.0000
0.96000         1.0000         0.0000         -1.0000
0.97000         1.0000         0.0000         -1.0000
0.98000         1.0000         0.0000         -1.0000
0.99000         1.0000         0.0000         -1.0000
1.0000          1.0000         0.0000         -1.0000
