0.0000          0.0000         0.25000        0.0000
0.010000        0.0000         0.25000        -1.0147E-17
0.020000        0.0000         0.25000        -7.5244E-18
0.030000        0.0000         0.25000        -7.4755E-18
0.040000        0.0000         0.25000        -6.3757E-18
0.050000        0.0000         0.25000        -5.3048E-18
0.060000        0.0000         0.25000        -4.4791E-18
0.070000        0.0000         0.25000        -3.7093E-18
0.080000        0.0000         0.25000        -2.9996E-18
0.090000        0.0000         0.25000        -2.3300E-18
0.10000         0.0000         0.25000        -1.7034E-18
0.11000         0.0000         0.25000        -1.1153E-18
0.12000         0.0000         0.25000        -5.5392E-19
0.13000         0.0000         0.25000        -1.8354E-20
0.14000         0.0000         0.25000        4.8958E-19
0.15000         0.0000         0.25000        9.7267E-19
0.16000         0.0000         0.25000        1.4257E-18
0.17000         0.0000         0.25000        1.8495E-18
0.18000         0.0000         0.25000        2.2506E-18
0.19000         0.0000         0.25000        2.6144E-18
0.20000         0.0000         0.25000        2.9457E-18
0.21000         0.0000         0.25000        3.2543E-18
0.22000         0.0000         0.25000        3.5174E-18
0.23000         0.0000         0.25000        3.7433E-18
0.24000         0.0000         0.25000        3.9441E-18
0.25000         0.0000         0.25000        -2.0261E-20
0.26000         0.0000         0.25000        4.1929E-18
0.27000         0.0000         0.25000        4.2498E-18
0.28000         0.0000         0.25000        4.2584E-18
0.29000         0.0000         0.25000        4.2489E-18
0.30000         0.0000         0.25000        4.1539E-18
0.31000         0.0000         0.25000        4.0034E-18
0.32000         0.0000         0.25000        3.7956E-18
0.33000         0.0000         0.25000        3.5291E-18
0.34000         0.0000         0.25000        3.2031E-18
0.35000         0.0000         0.25000        2.8176E-18
0.36000         0.0000         0.25000        2.3944E-18
0.37000         0.0000         0.25000        1.8915E-18
0.38000         0.0000         0.25000        1.3374E-18
0.39000         0.0000         0.25000        7.3884E-19
0.40000         0.0000         0.25000        1.0542E-19
0.41000         0.0000         0.25000        -5.5038E-19
0.42000         0.0000         0.25000        -1.2243E-18
0.43000         0.0000         0.25000        -1.8812E-18
0.44000         0.0000         0.25000        -2.5043E-18
0.45000         0.0000         0.25000        -3.0698E-18
0.46000         0.0000         0.25000        -3.5535E-18
0.47000         0.0000         0.25000        -3.9323E-18
0.48000         0.0000         0.25000        -4.2311E-18
0.49000         0.0000         0.25000        -4.3512E-18
0.50000         0.0000         0.25000        1.1638E-22
0.51000         0.0000         0.25000        -4.1660E-18
0.52000         0.0000         0.25000        -3.8786E-18
0.53000         0.0000         0.25000        -3.4864E-18
0.54000         0.0000         0.25000        -3.0151E-18
0.55000         0.0000         0.25000        -2.4923E-18
0.56000         0.0000         0.25000        -1.9451E-18
0.57000         0.0000         0.25000        -1.3975E-18
0.58000         0.0000         0.25000        -8.9249E-19
0.59000         0.0000         0.25000        -3.8730E-19
0.60000         0.0000         0.25000        7.0917E-20
0.61000         0.0000         0.25000        4.7497E-19
0.62000         0.0000         0.25000        8.2120E-19
0.63000         0.0000         0.25000        1.1088E-18
0.64000         0.0000         0.25000        1.3392E-18
0.65000         0.0000         0.25000        1.5154E-18
0.66000         0.0000         0.25000        1.6412E-18
0.67000         0.0000         0.25000        1.7215E-18
0.68000         0.0000         0.25000        1.7612E-18
0.69000         0.0000         0.25000        1.7653E-18
0.70000         0.0000         0.25000        1.7388E-18
0.71000         0.0000         0.25000        1.7515E-18
0.72000         0.0000         0.25000        1.6776E-18
0.73000         0.0000         0.25000        1.5857E-18
0.74000         0.0000         0.25000        1.4799E-18
0.75000         0.0000         0.25000        -1.7516E-18
0.76000         0.0000         0.25000        1.2396E-18
0.77000         0.0000         0.25000        1.1111E-18
0.78000         0.0000         0.25000        9.8047E-19
0.79000         0.0000         0.25000        8.4993E-19
0.80000         0.0000         0.25000        7.2139E-19
0.81000         0.0000         0.25000        5.9657E-19
0.82000         0.0000         0.25000        4.7694E-19
0.83000         0.0000         0.25000        3.6383E-19
0.84000         0.0000         0.25000        2.7683E-19
0.85000         0.0000         0.25000        1.7402E-19
0.86000         0.0000         0.25000        8.0564E-20
0.87000         0.0000         0.25000        -2.7535E-21
0.88000         0.0000         0.25000        -7.5223E-20
0.89000         0.0000         0.25000        -1.3623E-19
0.90000         0.0000         0.25000        -1.8540E-19
0.91000         0.0000         0.25000        -2.2231E-19
0.92000         0.0000         0.25000        -2.4593E-19
0.93000         0.0000         0.25000        -2.5434E-19
0.94000         0.0000         0.25000        -2.4583E-19
0.95000         0.0000         0.25000        -2.2742E-19
0.96000         0.0000         0.25000        -2.5159E-19
0.97000         0.0000         0.25000        -2.1728E-19
0.98000         0.0000         0.25000        -1.4632E-19
0.99000         0.0000         0.25000        -1.1658E-19
1.0000          0.0000         0.25000        0.0000
0.0000          0.010000       0.25000        7.3250E-20
0.010000        0.010000       0.25000        0.0025263
0.020000        0.010000       0.25000        0.0050284
0.030000        0.010000       0.25000        0.0074823
0.040000        0.010000       0.25000        0.0098767
0.050000        0.010000       0.25000        0.012202
0.060000        0.010000       0.25000        0.014450
0.070000        0.010000       0.25000        0.016618
0.080000        0.010000       0.25000        0.018701
0.090000        0.010000       0.25000        0.020697
0.10000         0.010000       0.25000        0.022603
0.11000         0.010000       0.25000        0.024417
0.12000         0.010000       0.25000        0.026137
0.13000         0.010000       0.25000        0.027761
0.14000         0.010000       0.25000        0.029286
0.15000         0.010000       0.25000        0.030711
0.16000         0.010000       0.25000        0.032033
0.17000         0.010000       0.25000        0.033249
0.18000         0.010000       0.25000        0.034357
0.19000         0.010000       0.25000        0.035355
0.20000         0.010000       0.25000        0.036240
0.21000         0.010000       0.25000        0.037008
0.22000         0.010000       0.25000        0.037657
0.23000         0.010000       0.25000        0.038184
0.24000         0.010000       0.25000        0.038587
0.25000         0.010000       0.25000        0.038861
0.26000         0.010000       0.25000        0.039003
0.27000         0.010000       0.25000        0.039011
0.28000         0.010000       0.25000        0.038882
0.29000         0.010000       0.25000        0.038612
0.30000         0.010000       0.25000        0.038199
0.31000         0.010000       0.25000        0.037639
0.32000         0.010000       0.25000        0.036930
0.33000         0.010000       0.25000        0.036070
0.34000         0.010000       0.25000        0.035056
0.35000         0.010000       0.25000        0.033888
0.36000         0.010000       0.25000        0.032564
0.37000         0.010000       0.25000        0.031085
0.38000         0.010000       0.25000        0.029451
0.39000         0.010000       0.25000        0.027664
0.40000         0.010000       0.25000        0.025727
0.41000         0.010000       0.25000        0.023644
0.42000         0.010000       0.25000        0.021422
0.43000         0.010000       0.25000        0.019069
0.44000         0.010000       0.25000        0.016593
0.45000         0.010000       0.25000        0.014009
0.46000         0.010000       0.25000        0.011329
0.47000         0.010000       0.25000        0.0085688
0.48000         0.010000       0.25000        0.0057476
0.49000         0.010000       0.25000        0.0028844
0.50000         0.010000       0.25000        -1.0015E-17
0.51000         0.010000       0.25000        -0.0028844
0.52000         0.010000       0.25000        -0.0057476
0.53000         0.010000       0.25000        -0.0085688
0.54000         0.010000       0.25000        -0.011329
0.55000         0.010000       0.25000        -0.014009
0.56000         0.010000       0.25000        -0.016593
0.57000         0.010000       0.25000        -0.019069
0.58000         0.010000       0.25000        -0.021422
0.59000         0.010000       0.25000        -0.023644
0.60000         0.010000       0.25000        -0.025727
0.61000         0.010000       0.25000        -0.027664
0.62000         0.010000       0.25000        -0.029451
0.63000         0.010000       0.25000        -0.031085
0.64000         0.010000       0.25000        -0.032564
0.65000         0.010000       0.25000        -0.033888
0.66000         0.010000       0.25000        -0.035056
0.67000         0.010000       0.25000        -0.036070
0.68000         0.010000       0.25000        -0.036930
0.69000         0.010000       0.25000        -0.037639
0.70000         0.010000       0.25000        -0.038199
0.71000         0.010000       0.25000        -0.038612
0.72000         0.010000       0.25000        -0.038882
0.73000         0.010000       0.25000        -0.039011
0.74000         0.010000       0.25000        -0.039003
0.75000         0.010000       0.25000        -0.038861
0.76000         0.010000       0.25000        -0.038587
0.77000         0.010000       0.25000        -0.038184
0.78000         0.010000       0.25000        -0.037657
0.79000         0.010000       0.25000        -0.037008
0.80000         0.010000       0.25000        -0.036240
0.81000         0.010000       0.25000        -0.035355
0.82000         0.010000       0.25000        -0.034357
0.83000         0.010000       0.25000        -0.033249
0.84000         0.010000       0.25000        -0.032033
0.85000         0.010000       0.25000        -0.030711
0.86000         0.010000       0.25000        -0.029286
0.87000         0.010000       0.25000        -0.027761
0.88000         0.010000       0.25000        -0.026137
0.89000         0.010000       0.25000        -0.024417
0.90000         0.010000       0.25000        -0.022603
0.91000         0.010000       0.25000        -0.020697
0.92000         0.010000       0.25000        -0.018701
0.93000         0.010000       0.25000        -0.016618
0.94000         0.010000       0.25000        -0.014450
0.95000         0.010000       0.25000        -0.012201
0.96000         0.010000       0.25000        -0.0098765
0.97000         0.010000       0.25000        -0.0074821
0.98000         0.010000       0.25000        -0.0050274
0.99000         0.010000       0.25000        -0.0025267
1.0000          0.010000       0.25000        0.0000
0.0000          0.020000       0.25000        2.4444E-21
0.010000        0.020000       0.25000        0.0049522
0.020000        0.020000       0.25000        0.0098598
0.030000        0.020000       0.25000        0.014676
0.040000        0.020000       0.25000        0.019382
0.050000        0.020000       0.25000        0.023956
0.060000        0.020000       0.25000        0.028387
0.070000        0.020000       0.25000        0.032665
0.080000        0.020000       0.25000        0.036783
0.090000        0.020000       0.25000        0.040736
0.10000         0.020000       0.25000        0.044517
0.11000         0.020000       0.25000        0.048124
0.12000         0.020000       0.25000        0.051551
0.13000         0.020000       0.25000        0.054793
0.14000         0.020000       0.25000        0.057847
0.15000         0.020000       0.25000        0.060708
0.16000         0.020000       0.25000        0.063371
0.17000         0.020000       0.25000        0.065830
0.18000         0.020000       0.25000        0.068081
0.19000         0.020000       0.25000        0.070117
0.20000         0.020000       0.25000        0.071933
0.21000         0.020000       0.25000        0.073524
0.22000         0.020000       0.25000        0.074882
0.23000         0.020000       0.25000        0.076001
0.24000         0.020000       0.25000        0.076875
0.25000         0.020000       0.25000        0.077497
0.26000         0.020000       0.25000        0.077860
0.27000         0.020000       0.25000        0.077958
0.28000         0.020000       0.25000        0.077782
0.29000         0.020000       0.25000        0.077326
0.30000         0.020000       0.25000        0.076584
0.31000         0.020000       0.25000        0.075547
0.32000         0.020000       0.25000        0.074211
0.33000         0.020000       0.25000        0.072569
0.34000         0.020000       0.25000        0.070616
0.35000         0.020000       0.25000        0.068347
0.36000         0.020000       0.25000        0.065759
0.37000         0.020000       0.25000        0.062851
0.38000         0.020000       0.25000        0.059622
0.39000         0.020000       0.25000        0.056074
0.40000         0.020000       0.25000        0.052211
0.41000         0.020000       0.25000        0.048042
0.42000         0.020000       0.25000        0.043578
0.43000         0.020000       0.25000        0.038833
0.44000         0.020000       0.25000        0.033826
0.45000         0.020000       0.25000        0.028583
0.46000         0.020000       0.25000        0.023133
0.47000         0.020000       0.25000        0.017508
0.48000         0.020000       0.25000        0.011749
0.49000         0.020000       0.25000        0.0058981
0.50000         0.020000       0.25000        -3.2418E-17
0.51000         0.020000       0.25000        -0.0058981
0.52000         0.020000       0.25000        -0.011749
0.53000         0.020000       0.25000        -0.017508
0.54000         0.020000       0.25000        -0.023133
0.55000         0.020000       0.25000        -0.028583
0.56000         0.020000       0.25000        -0.033826
0.57000         0.020000       0.25000        -0.038833
0.58000         0.020000       0.25000        -0.043578
0.59000         0.020000       0.25000        -0.048042
0.60000         0.020000       0.25000        -0.052211
0.61000         0.020000       0.25000        -0.056074
0.62000         0.020000       0.25000        -0.059622
0.63000         0.020000       0.25000        -0.062851
0.64000         0.020000       0.25000        -0.065759
0.65000         0.020000       0.25000        -0.068347
0.66000         0.020000       0.25000        -0.070616
0.67000         0.020000       0.25000        -0.072569
0.68000         0.020000       0.25000        -0.074211
0.69000         0.020000       0.25000        -0.075547
0.70000         0.020000       0.25000        -0.076584
0.71000         0.020000       0.25000        -0.077326
0.72000         0.020000       0.25000        -0.077782
0.73000         0.020000       0.25000        -0.077958
0.74000         0.020000       0.25000        -0.077860
0.75000         0.020000       0.25000        -0.077497
0.76000         0.020000       0.25000        -0.076875
0.77000         0.020000       0.25000        -0.076001
0.78000         0.020000       0.25000        -0.074882
0.79000         0.020000       0.25000        -0.073524
0.80000         0.020000       0.25000        -0.071933
0.81000         0.020000       0.25000        -0.070117
0.82000         0.020000       0.25000        -0.068081
0.83000         0.020000       0.25000        -0.065830
0.84000         0.020000       0.25000        -0.063371
0.85000         0.020000       0.25000        -0.060708
0.86000         0.020000       0.25000        -0.057847
0.87000         0.020000       0.25000        -0.054793
0.88000         0.020000       0.25000        -0.051551
0.89000         0.020000       0.25000        -0.048124
0.90000         0.020000       0.25000        -0.044517
0.91000         0.020000       0.25000        -0.040736
0.92000         0.020000       0.25000        -0.036783
0.93000         0.020000       0.25000        -0.032665
0.94000         0.020000       0.25000        -0.028387
0.95000         0.020000       0.25000        -0.023956
0.96000         0.020000       0.25000        -0.019382
0.97000         0.020000       0.25000        -0.014676
0.98000         0.020000       0.25000        -0.0098591
0.99000         0.020000       0.25000        -0.0049531
1.0000          0.020000       0.25000        0.0000
0.0000          0.030000       0.25000        3.5241E-19
0.010000        0.030000       0.25000        0.0072135
0.020000        0.030000       0.25000        0.014365
0.030000        0.030000       0.25000        0.021392
0.040000        0.030000       0.25000        0.028269
0.050000        0.030000       0.25000        0.034967
0.060000        0.030000       0.25000        0.041468
0.070000        0.030000       0.25000        0.047758
0.080000        0.030000       0.25000        0.053827
0.090000        0.030000       0.25000        0.059666
0.10000         0.030000       0.25000        0.065268
0.11000         0.030000       0.25000        0.070625
0.12000         0.030000       0.25000        0.075731
0.13000         0.030000       0.25000        0.080579
0.14000         0.030000       0.25000        0.085161
0.15000         0.030000       0.25000        0.089471
0.16000         0.030000       0.25000        0.093500
0.17000         0.030000       0.25000        0.097240
0.18000         0.030000       0.25000        0.10068
0.19000         0.030000       0.25000        0.10382
0.20000         0.030000       0.25000        0.10664
0.21000         0.030000       0.25000        0.10914
0.22000         0.030000       0.25000        0.11130
0.23000         0.030000       0.25000        0.11312
0.24000         0.030000       0.25000        0.11458
0.25000         0.030000       0.25000        0.11567
0.26000         0.030000       0.25000        0.11638
0.27000         0.030000       0.25000        0.11670
0.28000         0.030000       0.25000        0.11662
0.29000         0.030000       0.25000        0.11612
0.30000         0.030000       0.25000        0.11520
0.31000         0.030000       0.25000        0.11383
0.32000         0.030000       0.25000        0.11201
0.33000         0.030000       0.25000        0.10972
0.34000         0.030000       0.25000        0.10696
0.35000         0.030000       0.25000        0.10372
0.36000         0.030000       0.25000        0.099979
0.37000         0.030000       0.25000        0.095738
0.38000         0.030000       0.25000        0.090992
0.39000         0.030000       0.25000        0.085741
0.40000         0.030000       0.25000        0.079986
0.41000         0.030000       0.25000        0.073736
0.42000         0.030000       0.25000        0.067003
0.43000         0.030000       0.25000        0.059809
0.44000         0.030000       0.25000        0.052182
0.45000         0.030000       0.25000        0.044157
0.46000         0.030000       0.25000        0.035781
0.47000         0.030000       0.25000        0.027109
0.48000         0.030000       0.25000        0.018206
0.49000         0.030000       0.25000        0.0091434
0.50000         0.030000       0.25000        -8.3809E-17
0.51000         0.030000       0.25000        -0.0091434
0.52000         0.030000       0.25000        -0.018206
0.53000         0.030000       0.25000        -0.027109
0.54000         0.030000       0.25000        -0.035781
0.55000         0.030000       0.25000        -0.044157
0.56000         0.030000       0.25000        -0.052182
0.57000         0.030000       0.25000        -0.059809
0.58000         0.030000       0.25000        -0.067003
0.59000         0.030000       0.25000        -0.073736
0.60000         0.030000       0.25000        -0.079986
0.61000         0.030000       0.25000        -0.085741
0.62000         0.030000       0.25000        -0.090992
0.63000         0.030000       0.25000        -0.095738
0.64000         0.030000       0.25000        -0.099979
0.65000         0.030000       0.25000        -0.10372
0.66000         0.030000       0.25000        -0.10696
0.67000         0.030000       0.25000        -0.10972
0.68000         0.030000       0.25000        -0.11201
0.69000         0.030000       0.25000        -0.11383
0.70000         0.030000       0.25000        -0.11520
0.71000         0.030000       0.25000        -0.11612
0.72000         0.030000       0.25000        -0.11662
0.73000         0.030000       0.25000        -0.11670
0.74000         0.030000       0.25000        -0.11638
0.75000         0.030000       0.25000        -0.11567
0.76000         0.030000       0.25000        -0.11458
0.77000         0.030000       0.25000        -0.11312
0.78000         0.030000       0.25000        -0.11130
0.79000         0.030000       0.25000        -0.10914
0.80000         0.030000       0.25000        -0.10664
0.81000         0.030000       0.25000        -0.10382
0.82000         0.030000       0.25000        -0.10068
0.83000         0.030000       0.25000        -0.097240
0.84000         0.030000       0.25000        -0.093500
0.85000         0.030000       0.25000        -0.089471
0.86000         0.030000       0.25000        -0.085161
0.87000         0.030000       0.25000        -0.080579
0.88000         0.030000       0.25000        -0.075731
0.89000         0.030000       0.25000        -0.070625
0.90000         0.030000       0.25000        -0.065268
0.91000         0.030000       0.25000        -0.059666
0.92000         0.030000       0.25000        -0.053827
0.93000         0.030000       0.25000        -0.047758
0.94000         0.030000       0.25000        -0.041468
0.95000         0.030000       0.25000        -0.034967
0.96000         0.030000       0.25000        -0.028269
0.97000         0.030000       0.25000        -0.021392
0.98000         0.030000       0.25000        -0.014365
0.99000         0.030000       0.25000        -0.0072141
1.0000          0.030000       0.25000        -5.6328E-19
0.0000          0.040000       0.25000        8.2738E-19
0.010000        0.040000       0.25000        0.0092765
0.020000        0.040000       0.25000        0.018480
0.030000        0.040000       0.25000        0.027535
0.040000        0.040000       0.25000        0.036416
0.050000        0.040000       0.25000        0.045081
0.060000        0.040000       0.25000        0.053511
0.070000        0.040000       0.25000        0.061688
0.080000        0.040000       0.25000        0.069600
0.090000        0.040000       0.25000        0.077233
0.10000         0.040000       0.25000        0.084579
0.11000         0.040000       0.25000        0.091628
0.12000         0.040000       0.25000        0.098370
0.13000         0.040000       0.25000        0.10480
0.14000         0.040000       0.25000        0.11090
0.15000         0.040000       0.25000        0.11666
0.16000         0.040000       0.25000        0.12208
0.17000         0.040000       0.25000        0.12713
0.18000         0.040000       0.25000        0.13182
0.19000         0.040000       0.25000        0.13613
0.20000         0.040000       0.25000        0.14003
0.21000         0.040000       0.25000        0.14353
0.22000         0.040000       0.25000        0.14661
0.23000         0.040000       0.25000        0.14925
0.24000         0.040000       0.25000        0.15143
0.25000         0.040000       0.25000        0.15314
0.26000         0.040000       0.25000        0.15436
0.27000         0.040000       0.25000        0.15507
0.28000         0.040000       0.25000        0.15526
0.29000         0.040000       0.25000        0.15490
0.30000         0.040000       0.25000        0.15398
0.31000         0.040000       0.25000        0.15247
0.32000         0.040000       0.25000        0.15036
0.33000         0.040000       0.25000        0.14762
0.34000         0.040000       0.25000        0.14423
0.35000         0.040000       0.25000        0.14019
0.36000         0.040000       0.25000        0.13546
0.37000         0.040000       0.25000        0.13003
0.38000         0.040000       0.25000        0.12389
0.39000         0.040000       0.25000        0.11703
0.40000         0.040000       0.25000        0.10945
0.41000         0.040000       0.25000        0.10115
0.42000         0.040000       0.25000        0.092136
0.43000         0.040000       0.25000        0.082435
0.44000         0.040000       0.25000        0.072079
0.45000         0.040000       0.25000        0.061116
0.46000         0.040000       0.25000        0.049609
0.47000         0.040000       0.25000        0.037640
0.48000         0.040000       0.25000        0.025305
0.49000         0.040000       0.25000        0.012717
0.50000         0.040000       0.25000        -1.7551E-16
0.51000         0.040000       0.25000        -0.012717
0.52000         0.040000       0.25000        -0.025305
0.53000         0.040000       0.25000        -0.037640
0.54000         0.040000       0.25000        -0.049609
0.55000         0.040000       0.25000        -0.061116
0.56000         0.040000       0.25000        -0.072079
0.57000         0.040000       0.25000        -0.082435
0.58000         0.040000       0.25000        -0.092136
0.59000         0.040000       0.25000        -0.10115
0.60000         0.040000       0.25000        -0.10945
0.61000         0.040000       0.25000        -0.11703
0.62000         0.040000       0.25000        -0.12389
0.63000         0.040000       0.25000        -0.13003
0.64000         0.040000       0.25000        -0.13546
0.65000         0.040000       0.25000        -0.14019
0.66000         0.040000       0.25000        -0.14423
0.67000         0.040000       0.25000        -0.14762
0.68000         0.040000       0.25000        -0.15036
0.69000         0.040000       0.25000        -0.15247
0.70000         0.040000       0.25000        -0.15398
0.71000         0.040000       0.25000        -0.15490
0.72000         0.040000       0.25000        -0.15526
0.73000         0.040000       0.25000        -0.15507
0.74000         0.040000       0.25000        -0.15436
0.75000         0.040000       0.25000        -0.15314
0.76000         0.040000       0.25000        -0.15143
0.77000         0.040000       0.25000        -0.14925
0.78000         0.040000       0.25000        -0.14661
0.79000         0.040000       0.25000        -0.14353
0.80000         0.040000       0.25000        -0.14003
0.81000         0.040000       0.25000        -0.13613
0.82000         0.040000       0.25000        -0.13182
0.83000         0.040000       0.25000        -0.12713
0.84000         0.040000       0.25000        -0.12208
0.85000         0.040000       0.25000        -0.11666
0.86000         0.040000       0.25000        -0.11090
0.87000         0.040000       0.25000        -0.10480
0.88000         0.040000       0.25000        -0.098370
0.89000         0.040000       0.25000        -0.091628
0.90000         0.040000       0.25000        -0.084579
0.91000         0.040000       0.25000        -0.077233
0.92000         0.040000       0.25000        -0.069600
0.93000         0.040000       0.25000        -0.061688
0.94000         0.040000       0.25000        -0.053511
0.95000         0.040000       0.25000        -0.045081
0.96000         0.040000       0.25000        -0.036416
0.97000         0.040000       0.25000        -0.027534
0.98000         0.040000       0.25000        -0.018480
0.99000         0.040000       0.25000        -0.0092768
1.0000          0.040000       0.25000        3.7056E-19
0.0000          0.050000       0.25000        1.1546E-18
0.010000        0.050000       0.25000        0.011132
0.020000        0.050000       0.25000        0.022183
0.030000        0.050000       0.25000        0.033075
0.040000        0.050000       0.25000        0.043774
0.050000        0.050000       0.25000        0.054238
0.060000        0.050000       0.25000        0.064441
0.070000        0.050000       0.25000        0.074366
0.080000        0.050000       0.25000        0.083996
0.090000        0.050000       0.25000        0.093316
0.10000         0.050000       0.25000        0.10231
0.11000         0.050000       0.25000        0.11098
0.12000         0.050000       0.25000        0.11930
0.13000         0.050000       0.25000        0.12726
0.14000         0.050000       0.25000        0.13485
0.15000         0.050000       0.25000        0.14206
0.16000         0.050000       0.25000        0.14887
0.17000         0.050000       0.25000        0.15527
0.18000         0.050000       0.25000        0.16124
0.19000         0.050000       0.25000        0.16677
0.20000         0.050000       0.25000        0.17184
0.21000         0.050000       0.25000        0.17643
0.22000         0.050000       0.25000        0.18053
0.23000         0.050000       0.25000        0.18411
0.24000         0.050000       0.25000        0.18715
0.25000         0.050000       0.25000        0.18963
0.26000         0.050000       0.25000        0.19152
0.27000         0.050000       0.25000        0.19281
0.28000         0.050000       0.25000        0.19346
0.29000         0.050000       0.25000        0.19344
0.30000         0.050000       0.25000        0.19274
0.31000         0.050000       0.25000        0.19131
0.32000         0.050000       0.25000        0.18913
0.33000         0.050000       0.25000        0.18616
0.34000         0.050000       0.25000        0.18238
0.35000         0.050000       0.25000        0.17775
0.36000         0.050000       0.25000        0.17224
0.37000         0.050000       0.25000        0.16582
0.38000         0.050000       0.25000        0.15847
0.39000         0.050000       0.25000        0.15015
0.40000         0.050000       0.25000        0.14085
0.41000         0.050000       0.25000        0.13057
0.42000         0.050000       0.25000        0.11930
0.43000         0.050000       0.25000        0.10705
0.44000         0.050000       0.25000        0.093868
0.45000         0.050000       0.25000        0.079797
0.46000         0.050000       0.25000        0.064922
0.47000         0.050000       0.25000        0.049353
0.48000         0.050000       0.25000        0.033227
0.49000         0.050000       0.25000        0.016714
0.50000         0.050000       0.25000        -4.1417E-16
0.51000         0.050000       0.25000        -0.016714
0.52000         0.050000       0.25000        -0.033227
0.53000         0.050000       0.25000        -0.049353
0.54000         0.050000       0.25000        -0.064922
0.55000         0.050000       0.25000        -0.079797
0.56000         0.050000       0.25000        -0.093868
0.57000         0.050000       0.25000        -0.10705
0.58000         0.050000       0.25000        -0.11930
0.59000         0.050000       0.25000        -0.13057
0.60000         0.050000       0.25000        -0.14085
0.61000         0.050000       0.25000        -0.15015
0.62000         0.050000       0.25000        -0.15847
0.63000         0.050000       0.25000        -0.16582
0.64000         0.050000       0.25000        -0.17224
0.65000         0.050000       0.25000        -0.17775
0.66000         0.050000       0.25000        -0.18238
0.67000         0.050000       0.25000        -0.18616
0.68000         0.050000       0.25000        -0.18913
0.69000         0.050000       0.25000        -0.19131
0.70000         0.050000       0.25000        -0.19274
0.71000         0.050000       0.25000        -0.19344
0.72000         0.050000       0.25000        -0.19346
0.73000         0.050000       0.25000        -0.19281
0.74000         0.050000       0.25000        -0.19152
0.75000         0.050000       0.25000        -0.18963
0.76000         0.050000       0.25000        -0.18715
0.77000         0.050000       0.25000        -0.18411
0.78000         0.050000       0.25000        -0.18053
0.79000         0.050000       0.25000        -0.17643
0.80000         0.050000       0.25000        -0.17184
0.81000         0.050000       0.25000        -0.16677
0.82000         0.050000       0.25000        -0.16124
0.83000         0.050000       0.25000        -0.15527
0.84000         0.050000       0.25000        -0.14887
0.85000         0.050000       0.25000        -0.14206
0.86000         0.050000       0.25000        -0.13485
0.87000         0.050000       0.25000        -0.12726
0.88000         0.050000       0.25000        -0.11930
0.89000         0.050000       0.25000        -0.11098
0.90000         0.050000       0.25000        -0.10231
0.91000         0.050000       0.25000        -0.093316
0.92000         0.050000       0.25000        -0.083996
0.93000         0.050000       0.25000        -0.074367
0.94000         0.050000       0.25000        -0.064441
0.95000         0.050000       0.25000        -0.054237
0.96000         0.050000       0.25000        -0.043774
0.97000         0.050000       0.25000        -0.033074
0.98000         0.050000       0.25000        -0.022183
0.99000         0.050000       0.25000        -0.011132
1.0000          0.050000       0.25000        -1.0935E-18
0.0000          0.060000       0.25000        1.2359E-18
0.010000        0.060000       0.25000        0.012785
0.020000        0.060000       0.25000        0.025486
0.030000        0.060000       0.25000        0.038023
0.040000        0.060000       0.25000        0.050359
0.050000        0.060000       0.25000        0.062452
0.060000        0.060000       0.25000        0.074271
0.070000        0.060000       0.25000        0.085799
0.080000        0.060000       0.25000        0.097014
0.090000        0.060000       0.25000        0.10790
0.10000         0.060000       0.25000        0.11845
0.11000         0.060000       0.25000        0.12864
0.12000         0.060000       0.25000        0.13846
0.13000         0.060000       0.25000        0.14790
0.14000         0.060000       0.25000        0.15694
0.15000         0.060000       0.25000        0.16556
0.16000         0.060000       0.25000        0.17376
0.17000         0.060000       0.25000        0.18150
0.18000         0.060000       0.25000        0.18878
0.19000         0.060000       0.25000        0.19558
0.20000         0.060000       0.25000        0.20187
0.21000         0.060000       0.25000        0.20762
0.22000         0.060000       0.25000        0.21283
0.23000         0.060000       0.25000        0.21746
0.24000         0.060000       0.25000        0.22148
0.25000         0.060000       0.25000        0.22488
0.26000         0.060000       0.25000        0.22760
0.27000         0.060000       0.25000        0.22964
0.28000         0.060000       0.25000        0.23094
0.29000         0.060000       0.25000        0.23147
0.30000         0.060000       0.25000        0.23121
0.31000         0.060000       0.25000        0.23009
0.32000         0.060000       0.25000        0.22808
0.33000         0.060000       0.25000        0.22514
0.34000         0.060000       0.25000        0.22122
0.35000         0.060000       0.25000        0.21627
0.36000         0.060000       0.25000        0.21023
0.37000         0.060000       0.25000        0.20307
0.38000         0.060000       0.25000        0.19473
0.39000         0.060000       0.25000        0.18516
0.40000         0.060000       0.25000        0.17432
0.41000         0.060000       0.25000        0.16219
0.42000         0.060000       0.25000        0.14873
0.43000         0.060000       0.25000        0.13395
0.44000         0.060000       0.25000        0.11786
0.45000         0.060000       0.25000        0.10052
0.46000         0.060000       0.25000        0.082026
0.47000         0.060000       0.25000        0.062509
0.48000         0.060000       0.25000        0.042165
0.49000         0.060000       0.25000        0.021235
0.50000         0.060000       0.25000        -8.7300E-16
0.51000         0.060000       0.25000        -0.021235
0.52000         0.060000       0.25000        -0.042165
0.53000         0.060000       0.25000        -0.062509
0.54000         0.060000       0.25000        -0.082026
0.55000         0.060000       0.25000        -0.10052
0.56000         0.060000       0.25000        -0.11786
0.57000         0.060000       0.25000        -0.13395
0.58000         0.060000       0.25000        -0.14873
0.59000         0.060000       0.25000        -0.16219
0.60000         0.060000       0.25000        -0.17432
0.61000         0.060000       0.25000        -0.18516
0.62000         0.060000       0.25000        -0.19473
0.63000         0.060000       0.25000        -0.20307
0.64000         0.060000       0.25000        -0.21023
0.65000         0.060000       0.25000        -0.21627
0.66000         0.060000       0.25000        -0.22122
0.67000         0.060000       0.25000        -0.22514
0.68000         0.060000       0.25000        -0.22808
0.69000         0.060000       0.25000        -0.23009
0.70000         0.060000       0.25000        -0.23121
0.71000         0.060000       0.25000        -0.23147
0.72000         0.060000       0.25000        -0.23094
0.73000         0.060000       0.25000        -0.22964
0.74000         0.060000       0.25000        -0.22760
0.75000         0.060000       0.25000        -0.22488
0.76000         0.060000       0.25000        -0.22148
0.77000         0.060000       0.25000        -0.21746
0.78000         0.060000       0.25000        -0.21283
0.79000         0.060000       0.25000        -0.20762
0.80000         0.060000       0.25000        -0.20187
0.81000         0.060000       0.25000        -0.19558
0.82000         0.060000       0.25000        -0.18878
0.83000         0.060000       0.25000        -0.18150
0.84000         0.060000       0.25000        -0.17376
0.85000         0.060000       0.25000        -0.16556
0.86000         0.060000       0.25000        -0.15694
0.87000         0.060000       0.25000        -0.14790
0.88000         0.060000       0.25000        -0.13846
0.89000         0.060000       0.25000        -0.12864
0.90000         0.060000       0.25000        -0.11845
0.91000         0.060000       0.25000        -0.10790
0.92000         0.060000       0.25000        -0.097014
0.93000         0.060000       0.25000        -0.085798
0.94000         0.060000       0.25000        -0.074271
0.95000         0.060000       0.25000        -0.062451
0.96000         0.060000       0.25000        -0.050360
0.97000         0.060000       0.25000        -0.038023
0.98000         0.060000       0.25000        -0.025486
0.99000         0.060000       0.25000        -0.012785
1.0000          0.060000       0.25000        0.0000
0.0000          0.070000       0.25000        -1.2223E-18
0.010000        0.070000       0.25000        0.014250
0.020000        0.070000       0.25000        0.028416
0.030000        0.070000       0.25000        0.042418
0.040000        0.070000       0.25000        0.056220
0.050000        0.070000       0.25000        0.069777
0.060000        0.070000       0.25000        0.083056
0.070000        0.070000       0.25000        0.096042
0.080000        0.070000       0.25000        0.10871
0.090000        0.070000       0.25000        0.12105
0.10000         0.070000       0.25000        0.13303
0.11000         0.070000       0.25000        0.14465
0.12000         0.070000       0.25000        0.15589
0.13000         0.070000       0.25000        0.16673
0.14000         0.070000       0.25000        0.17716
0.15000         0.070000       0.25000        0.18716
0.16000         0.070000       0.25000        0.19671
0.17000         0.070000       0.25000        0.20579
0.18000         0.070000       0.25000        0.21437
0.19000         0.070000       0.25000        0.22245
0.20000         0.070000       0.25000        0.22999
0.21000         0.070000       0.25000        0.23696
0.22000         0.070000       0.25000        0.24335
0.23000         0.070000       0.25000        0.24911
0.24000         0.070000       0.25000        0.25422
0.25000         0.070000       0.25000        0.25865
0.26000         0.070000       0.25000        0.26235
0.27000         0.070000       0.25000        0.26529
0.28000         0.070000       0.25000        0.26742
0.29000         0.070000       0.25000        0.26871
0.30000         0.070000       0.25000        0.26909
0.31000         0.070000       0.25000        0.26852
0.32000         0.070000       0.25000        0.26694
0.33000         0.070000       0.25000        0.26428
0.34000         0.070000       0.25000        0.26050
0.35000         0.070000       0.25000        0.25551
0.36000         0.070000       0.25000        0.24924
0.37000         0.070000       0.25000        0.24162
0.38000         0.070000       0.25000        0.23258
0.39000         0.070000       0.25000        0.22203
0.40000         0.070000       0.25000        0.20989
0.41000         0.070000       0.25000        0.19611
0.42000         0.070000       0.25000        0.18062
0.43000         0.070000       0.25000        0.16337
0.44000         0.070000       0.25000        0.14437
0.45000         0.070000       0.25000        0.12363
0.46000         0.070000       0.25000        0.10126
0.47000         0.070000       0.25000        0.077418
0.48000         0.070000       0.25000        0.052352
0.49000         0.070000       0.25000        0.026407
0.50000         0.070000       0.25000        -1.8880E-15
0.51000         0.070000       0.25000        -0.026407
0.52000         0.070000       0.25000        -0.052352
0.53000         0.070000       0.25000        -0.077418
0.54000         0.070000       0.25000        -0.10126
0.55000         0.070000       0.25000        -0.12363
0.56000         0.070000       0.25000        -0.14437
0.57000         0.070000       0.25000        -0.16337
0.58000         0.070000       0.25000        -0.18062
0.59000         0.070000       0.25000        -0.19611
0.60000         0.070000       0.25000        -0.20989
0.61000         0.070000       0.25000        -0.22203
0.62000         0.070000       0.25000        -0.23258
0.63000         0.070000       0.25000        -0.24162
0.64000         0.070000       0.25000        -0.24924
0.65000         0.070000       0.25000        -0.25551
0.66000         0.070000       0.25000        -0.26050
0.67000         0.070000       0.25000        -0.26428
0.68000         0.070000       0.25000        -0.26694
0.69000         0.070000       0.25000        -0.26852
0.70000         0.070000       0.25000        -0.26909
0.71000         0.070000       0.25000        -0.26871
0.72000         0.070000       0.25000        -0.26742
0.73000         0.070000       0.25000        -0.26529
0.74000         0.070000       0.25000        -0.26235
0.75000         0.070000       0.25000        -0.25865
0.76000         0.070000       0.25000        -0.25422
0.77000         0.070000       0.25000        -0.24911
0.78000         0.070000       0.25000        -0.24335
0.79000         0.070000       0.25000        -0.23696
0.80000         0.070000       0.25000        -0.22999
0.81000         0.070000       0.25000        -0.22245
0.82000         0.070000       0.25000        -0.21437
0.83000         0.070000       0.25000        -0.20579
0.84000         0.070000       0.25000        -0.19671
0.85000         0.070000       0.25000        -0.18716
0.86000         0.070000       0.25000        -0.17716
0.87000         0.070000       0.25000        -0.16673
0.88000         0.070000       0.25000        -0.15589
0.89000         0.070000       0.25000        -0.14465
0.90000         0.070000       0.25000        -0.13303
0.91000         0.070000       0.25000        -0.12104
0.92000         0.070000       0.25000        -0.10871
0.93000         0.070000       0.25000        -0.096043
0.94000         0.070000       0.25000        -0.083056
0.95000         0.070000       0.25000        -0.069776
0.96000         0.070000       0.25000        -0.056220
0.97000         0.070000       0.25000        -0.042418
0.98000         0.070000       0.25000        -0.028416
0.99000         0.070000       0.25000        -0.014250
1.0000          0.070000       0.25000        2.0507E-18
0.0000          0.080000       0.25000        -3.1474E-21
0.010000        0.080000       0.25000        0.015545
0.020000        0.080000       0.25000        0.031008
0.030000        0.080000       0.25000        0.046311
0.040000        0.080000       0.25000        0.061418
0.050000        0.080000       0.25000        0.076285
0.060000        0.080000       0.25000        0.090879
0.070000        0.080000       0.25000        0.10519
0.080000        0.080000       0.25000        0.11917
0.090000        0.080000       0.25000        0.13283
0.10000         0.080000       0.25000        0.14614
0.11000         0.080000       0.25000        0.15909
0.12000         0.080000       0.25000        0.17165
0.13000         0.080000       0.25000        0.18382
0.14000         0.080000       0.25000        0.19557
0.15000         0.080000       0.25000        0.20688
0.16000         0.080000       0.25000        0.21774
0.17000         0.080000       0.25000        0.22811
0.18000         0.080000       0.25000        0.23799
0.19000         0.080000       0.25000        0.24734
0.20000         0.080000       0.25000        0.25614
0.21000         0.080000       0.25000        0.26436
0.22000         0.080000       0.25000        0.27196
0.23000         0.080000       0.25000        0.27892
0.24000         0.080000       0.25000        0.28519
0.25000         0.080000       0.25000        0.29074
0.26000         0.080000       0.25000        0.29553
0.27000         0.080000       0.25000        0.29951
0.28000         0.080000       0.25000        0.30263
0.29000         0.080000       0.25000        0.30483
0.30000         0.080000       0.25000        0.30606
0.31000         0.080000       0.25000        0.30624
0.32000         0.080000       0.25000        0.30532
0.33000         0.080000       0.25000        0.30322
0.34000         0.080000       0.25000        0.29984
0.35000         0.080000       0.25000        0.29511
0.36000         0.080000       0.25000        0.28892
0.37000         0.080000       0.25000        0.28118
0.38000         0.080000       0.25000        0.27175
0.39000         0.080000       0.25000        0.26055
0.40000         0.080000       0.25000        0.24743
0.41000         0.080000       0.25000        0.23228
0.42000         0.080000       0.25000        0.21498
0.43000         0.080000       0.25000        0.19544
0.44000         0.080000       0.25000        0.17358
0.45000         0.080000       0.25000        0.14939
0.46000         0.080000       0.25000        0.12293
0.47000         0.080000       0.25000        0.094361
0.48000         0.080000       0.25000        0.064014
0.49000         0.080000       0.25000        0.032356
0.50000         0.080000       0.25000        -4.1709E-15
0.51000         0.080000       0.25000        -0.032356
0.52000         0.080000       0.25000        -0.064014
0.53000         0.080000       0.25000        -0.094361
0.54000         0.080000       0.25000        -0.12293
0.55000         0.080000       0.25000        -0.14939
0.56000         0.080000       0.25000        -0.17358
0.57000         0.080000       0.25000        -0.19544
0.58000         0.080000       0.25000        -0.21498
0.59000         0.080000       0.25000        -0.23228
0.60000         0.080000       0.25000        -0.24743
0.61000         0.080000       0.25000        -0.26055
0.62000         0.080000       0.25000        -0.27175
0.63000         0.080000       0.25000        -0.28118
0.64000         0.080000       0.25000        -0.28892
0.65000         0.080000       0.25000        -0.29511
0.66000         0.080000       0.25000        -0.29984
0.67000         0.080000       0.25000        -0.30322
0.68000         0.080000       0.25000        -0.30532
0.69000         0.080000       0.25000        -0.30624
0.70000         0.080000       0.25000        -0.30606
0.71000         0.080000       0.25000        -0.30483
0.72000         0.080000       0.25000        -0.30263
0.73000         0.080000       0.25000        -0.29951
0.74000         0.080000       0.25000        -0.29553
0.75000         0.080000       0.25000        -0.29074
0.76000         0.080000       0.25000        -0.28519
0.77000         0.080000       0.25000        -0.27892
0.78000         0.080000       0.25000        -0.27196
0.79000         0.080000       0.25000        -0.26436
0.80000         0.080000       0.25000        -0.25614
0.81000         0.080000       0.25000        -0.24734
0.82000         0.080000       0.25000        -0.23799
0.83000         0.080000       0.25000        -0.22811
0.84000         0.080000       0.25000        -0.21774
0.85000         0.080000       0.25000        -0.20688
0.86000         0.080000       0.25000        -0.19557
0.87000         0.080000       0.25000        -0.18382
0.88000         0.080000       0.25000        -0.17165
0.89000         0.080000       0.25000        -0.15909
0.90000         0.080000       0.25000        -0.14614
0.91000         0.080000       0.25000        -0.13283
0.92000         0.080000       0.25000        -0.11917
0.93000         0.080000       0.25000        -0.10518
0.94000         0.080000       0.25000        -0.090879
0.95000         0.080000       0.25000        -0.076285
0.96000         0.080000       0.25000        -0.061418
0.97000         0.080000       0.25000        -0.046311
0.98000         0.080000       0.25000        -0.031008
0.99000         0.080000       0.25000        -0.015545
1.0000          0.080000       0.25000        -5.1745E-19
0.0000          0.090000       0.25000        2.6338E-18
0.010000        0.090000       0.25000        0.016688
0.020000        0.090000       0.25000        0.033297
0.030000        0.090000       0.25000        0.049754
0.040000        0.090000       0.25000        0.066022
0.050000        0.090000       0.25000        0.082058
0.060000        0.090000       0.25000        0.097832
0.070000        0.090000       0.25000        0.11333
0.080000        0.090000       0.25000        0.12851
0.090000        0.090000       0.25000        0.14338
0.10000         0.090000       0.25000        0.15790
0.11000         0.090000       0.25000        0.17207
0.12000         0.090000       0.25000        0.18586
0.13000         0.090000       0.25000        0.19926
0.14000         0.090000       0.25000        0.21225
0.15000         0.090000       0.25000        0.22481
0.16000         0.090000       0.25000        0.23691
0.17000         0.090000       0.25000        0.24854
0.18000         0.090000       0.25000        0.25967
0.19000         0.090000       0.25000        0.27027
0.20000         0.090000       0.25000        0.28031
0.21000         0.090000       0.25000        0.28977
0.22000         0.090000       0.25000        0.29860
0.23000         0.090000       0.25000        0.30678
0.24000         0.090000       0.25000        0.31426
0.25000         0.090000       0.25000        0.32101
0.26000         0.090000       0.25000        0.32696
0.27000         0.090000       0.25000        0.33208
0.28000         0.090000       0.25000        0.33630
0.29000         0.090000       0.25000        0.33957
0.30000         0.090000       0.25000        0.34180
0.31000         0.090000       0.25000        0.34294
0.32000         0.090000       0.25000        0.34290
0.33000         0.090000       0.25000        0.34158
0.34000         0.090000       0.25000        0.33889
0.35000         0.090000       0.25000        0.33470
0.36000         0.090000       0.25000        0.32891
0.37000         0.090000       0.25000        0.32137
0.38000         0.090000       0.25000        0.31194
0.39000         0.090000       0.25000        0.30044
0.40000         0.090000       0.25000        0.28672
0.41000         0.090000       0.25000        0.27056
0.42000         0.090000       0.25000        0.25180
0.43000         0.090000       0.25000        0.23023
0.44000         0.090000       0.25000        0.20570
0.45000         0.090000       0.25000        0.17809
0.46000         0.090000       0.25000        0.14738
0.47000         0.090000       0.25000        0.11372
0.48000         0.090000       0.25000        0.077464
0.49000         0.090000       0.25000        0.039260
0.50000         0.090000       0.25000        -8.7963E-15
0.51000         0.090000       0.25000        -0.039260
0.52000         0.090000       0.25000        -0.077464
0.53000         0.090000       0.25000        -0.11372
0.54000         0.090000       0.25000        -0.14738
0.55000         0.090000       0.25000        -0.17809
0.56000         0.090000       0.25000        -0.20570
0.57000         0.090000       0.25000        -0.23023
0.58000         0.090000       0.25000        -0.25180
0.59000         0.090000       0.25000        -0.27056
0.60000         0.090000       0.25000        -0.28672
0.61000         0.090000       0.25000        -0.30044
0.62000         0.090000       0.25000        -0.31194
0.63000         0.090000       0.25000        -0.32137
0.64000         0.090000       0.25000        -0.32891
0.65000         0.090000       0.25000        -0.33470
0.66000         0.090000       0.25000        -0.33889
0.67000         0.090000       0.25000        -0.34158
0.68000         0.090000       0.25000        -0.34290
0.69000         0.090000       0.25000        -0.34294
0.70000         0.090000       0.25000        -0.34180
0.71000         0.090000       0.25000        -0.33957
0.72000         0.090000       0.25000        -0.33630
0.73000         0.090000       0.25000        -0.33208
0.74000         0.090000       0.25000        -0.32696
0.75000         0.090000       0.25000        -0.32101
0.76000         0.090000       0.25000        -0.31426
0.77000         0.090000       0.25000        -0.30678
0.78000         0.090000       0.25000        -0.29860
0.79000         0.090000       0.25000        -0.28977
0.80000         0.090000       0.25000        -0.28031
0.81000         0.090000       0.25000        -0.27027
0.82000         0.090000       0.25000        -0.25967
0.83000         0.090000       0.25000        -0.24854
0.84000         0.090000       0.25000        -0.23691
0.85000         0.090000       0.25000        -0.22481
0.86000         0.090000       0.25000        -0.21225
0.87000         0.090000       0.25000        -0.19926
0.88000         0.090000       0.25000        -0.18586
0.89000         0.090000       0.25000        -0.17207
0.90000         0.090000       0.25000        -0.15790
0.91000         0.090000       0.25000        -0.14338
0.92000         0.090000       0.25000        -0.12851
0.93000         0.090000       0.25000        -0.11333
0.94000         0.090000       0.25000        -0.097832
0.95000         0.090000       0.25000        -0.082058
0.96000         0.090000       0.25000        -0.066022
0.97000         0.090000       0.25000        -0.049754
0.98000         0.090000       0.25000        -0.033297
0.99000         0.090000       0.25000        -0.016688
1.0000          0.090000       0.25000        0.0000
0.0000          0.10000        0.25000        -1.5537E-18
0.010000        0.10000        0.25000        0.017697
0.020000        0.10000        0.25000        0.035318
0.030000        0.10000        0.25000        0.052797
0.040000        0.10000        0.25000        0.070096
0.050000        0.10000        0.25000        0.087175
0.060000        0.10000        0.25000        0.10400
0.070000        0.10000        0.25000        0.12056
0.080000        0.10000        0.25000        0.13683
0.090000        0.10000        0.25000        0.15279
0.10000         0.10000        0.25000        0.16842
0.11000         0.10000        0.25000        0.18371
0.12000         0.10000        0.25000        0.19863
0.13000         0.10000        0.25000        0.21318
0.14000         0.10000        0.25000        0.22732
0.15000         0.10000        0.25000        0.24104
0.16000         0.10000        0.25000        0.25432
0.17000         0.10000        0.25000        0.26714
0.18000         0.10000        0.25000        0.27946
0.19000         0.10000        0.25000        0.29127
0.20000         0.10000        0.25000        0.30253
0.21000         0.10000        0.25000        0.31320
0.22000         0.10000        0.25000        0.32326
0.23000         0.10000        0.25000        0.33267
0.24000         0.10000        0.25000        0.34137
0.25000         0.10000        0.25000        0.34934
0.26000         0.10000        0.25000        0.35651
0.27000         0.10000        0.25000        0.36283
0.28000         0.10000        0.25000        0.36824
0.29000         0.10000        0.25000        0.37268
0.30000         0.10000        0.25000        0.37606
0.31000         0.10000        0.25000        0.37830
0.32000         0.10000        0.25000        0.37931
0.33000         0.10000        0.25000        0.37899
0.34000         0.10000        0.25000        0.37721
0.35000         0.10000        0.25000        0.37385
0.36000         0.10000        0.25000        0.36876
0.37000         0.10000        0.25000        0.36177
0.38000         0.10000        0.25000        0.35269
0.39000         0.10000        0.25000        0.34131
0.40000         0.10000        0.25000        0.32740
0.41000         0.10000        0.25000        0.31069
0.42000         0.10000        0.25000        0.29089
0.43000         0.10000        0.25000        0.26770
0.44000         0.10000        0.25000        0.24081
0.45000         0.10000        0.25000        0.20996
0.46000         0.10000        0.25000        0.17498
0.47000         0.10000        0.25000        0.13589
0.48000         0.10000        0.25000        0.093069
0.49000         0.10000        0.25000        0.047340
0.50000         0.10000        0.25000        -1.8446E-14
0.51000         0.10000        0.25000        -0.047340
0.52000         0.10000        0.25000        -0.093069
0.53000         0.10000        0.25000        -0.13589
0.54000         0.10000        0.25000        -0.17498
0.55000         0.10000        0.25000        -0.20996
0.56000         0.10000        0.25000        -0.24081
0.57000         0.10000        0.25000        -0.26770
0.58000         0.10000        0.25000        -0.29089
0.59000         0.10000        0.25000        -0.31069
0.60000         0.10000        0.25000        -0.32740
0.61000         0.10000        0.25000        -0.34131
0.62000         0.10000        0.25000        -0.35269
0.63000         0.10000        0.25000        -0.36177
0.64000         0.10000        0.25000        -0.36876
0.65000         0.10000        0.25000        -0.37385
0.66000         0.10000        0.25000        -0.37721
0.67000         0.10000        0.25000        -0.37899
0.68000         0.10000        0.25000        -0.37931
0.69000         0.10000        0.25000        -0.37830
0.70000         0.10000        0.25000        -0.37606
0.71000         0.10000        0.25000        -0.37268
0.72000         0.10000        0.25000        -0.36824
0.73000         0.10000        0.25000        -0.36283
0.74000         0.10000        0.25000        -0.35651
0.75000         0.10000        0.25000        -0.34934
0.76000         0.10000        0.25000        -0.34137
0.77000         0.10000        0.25000        -0.33267
0.78000         0.10000        0.25000        -0.32326
0.79000         0.10000        0.25000        -0.31320
0.80000         0.10000        0.25000        -0.30253
0.81000         0.10000        0.25000        -0.29127
0.82000         0.10000        0.25000        -0.27946
0.83000         0.10000        0.25000        -0.26714
0.84000         0.10000        0.25000        -0.25433
0.85000         0.10000        0.25000        -0.24104
0.86000         0.10000        0.25000        -0.22732
0.87000         0.10000        0.25000        -0.21318
0.88000         0.10000        0.25000        -0.19863
0.89000         0.10000        0.25000        -0.18371
0.90000         0.10000        0.25000        -0.16842
0.91000         0.10000        0.25000        -0.15279
0.92000         0.10000        0.25000        -0.13683
0.93000         0.10000        0.25000        -0.12056
0.94000         0.10000        0.25000        -0.10400
0.95000         0.10000        0.25000        -0.087174
0.96000         0.10000        0.25000        -0.070096
0.97000         0.10000        0.25000        -0.052797
0.98000         0.10000        0.25000        -0.035318
0.99000         0.10000        0.25000        -0.017697
1.0000          0.10000        0.25000        -1.3821E-18
0.0000          0.11000        0.25000        -3.6421E-21
0.010000        0.11000        0.25000        0.018587
0.020000        0.11000        0.25000        0.037103
0.030000        0.11000        0.25000        0.055486
0.040000        0.11000        0.25000        0.073700
0.050000        0.11000        0.25000        0.091706
0.060000        0.11000        0.25000        0.10948
0.070000        0.11000        0.25000        0.12700
0.080000        0.11000        0.25000        0.14423
0.090000        0.11000        0.25000        0.16118
0.10000         0.11000        0.25000        0.17782
0.11000         0.11000        0.25000        0.19412
0.12000         0.11000        0.25000        0.21009
0.13000         0.11000        0.25000        0.22568
0.14000         0.11000        0.25000        0.24090
0.15000         0.11000        0.25000        0.25571
0.16000         0.11000        0.25000        0.27009
0.17000         0.11000        0.25000        0.28402
0.18000         0.11000        0.25000        0.29748
0.19000         0.11000        0.25000        0.31043
0.20000         0.11000        0.25000        0.32286
0.21000         0.11000        0.25000        0.33471
0.22000         0.11000        0.25000        0.34596
0.23000         0.11000        0.25000        0.35657
0.24000         0.11000        0.25000        0.36650
0.25000         0.11000        0.25000        0.37569
0.26000         0.11000        0.25000        0.38409
0.27000         0.11000        0.25000        0.39165
0.28000         0.11000        0.25000        0.39831
0.29000         0.11000        0.25000        0.40398
0.30000         0.11000        0.25000        0.40859
0.31000         0.11000        0.25000        0.41205
0.32000         0.11000        0.25000        0.41426
0.33000         0.11000        0.25000        0.41510
0.34000         0.11000        0.25000        0.41444
0.35000         0.11000        0.25000        0.41214
0.36000         0.11000        0.25000        0.40802
0.37000         0.11000        0.25000        0.40189
0.38000         0.11000        0.25000        0.39352
0.39000         0.11000        0.25000        0.38266
0.40000         0.11000        0.25000        0.36901
0.41000         0.11000        0.25000        0.35222
0.42000         0.11000        0.25000        0.33189
0.43000         0.11000        0.25000        0.30758
0.44000         0.11000        0.25000        0.27880
0.45000         0.11000        0.25000        0.24506
0.46000         0.11000        0.25000        0.20592
0.47000         0.11000        0.25000        0.16120
0.48000         0.11000        0.25000        0.11116
0.49000         0.11000        0.25000        0.056806
0.50000         0.11000        0.25000        -3.9354E-14
0.51000         0.11000        0.25000        -0.056806
0.52000         0.11000        0.25000        -0.11116
0.53000         0.11000        0.25000        -0.16120
0.54000         0.11000        0.25000        -0.20592
0.55000         0.11000        0.25000        -0.24506
0.56000         0.11000        0.25000        -0.27880
0.57000         0.11000        0.25000        -0.30758
0.58000         0.11000        0.25000        -0.33189
0.59000         0.11000        0.25000        -0.35222
0.60000         0.11000        0.25000        -0.36901
0.61000         0.11000        0.25000        -0.38266
0.62000         0.11000        0.25000        -0.39352
0.63000         0.11000        0.25000        -0.40189
0.64000         0.11000        0.25000        -0.40802
0.65000         0.11000        0.25000        -0.41214
0.66000         0.11000        0.25000        -0.41444
0.67000         0.11000        0.25000        -0.41510
0.68000         0.11000        0.25000        -0.41426
0.69000         0.11000        0.25000        -0.41205
0.70000         0.11000        0.25000        -0.40859
0.71000         0.11000        0.25000        -0.40398
0.72000         0.11000        0.25000        -0.39831
0.73000         0.11000        0.25000        -0.39165
0.74000         0.11000        0.25000        -0.38409
0.75000         0.11000        0.25000        -0.37569
0.76000         0.11000        0.25000        -0.36650
0.77000         0.11000        0.25000        -0.35657
0.78000         0.11000        0.25000        -0.34596
0.79000         0.11000        0.25000        -0.33471
0.80000         0.11000        0.25000        -0.32286
0.81000         0.11000        0.25000        -0.31043
0.82000         0.11000        0.25000        -0.29748
0.83000         0.11000        0.25000        -0.28402
0.84000         0.11000        0.25000        -0.27009
0.85000         0.11000        0.25000        -0.25571
0.86000         0.11000        0.25000        -0.24090
0.87000         0.11000        0.25000        -0.22568
0.88000         0.11000        0.25000        -0.21009
0.89000         0.11000        0.25000        -0.19412
0.90000         0.11000        0.25000        -0.17782
0.91000         0.11000        0.25000        -0.16118
0.92000         0.11000        0.25000        -0.14424
0.93000         0.11000        0.25000        -0.12700
0.94000         0.11000        0.25000        -0.10948
0.95000         0.11000        0.25000        -0.091706
0.96000         0.11000        0.25000        -0.073700
0.97000         0.11000        0.25000        -0.055486
0.98000         0.11000        0.25000        -0.037103
0.99000         0.11000        0.25000        -0.018587
1.0000          0.11000        0.25000        -5.9090E-19
0.0000          0.12000        0.25000        -2.6091E-18
0.010000        0.12000        0.25000        0.019372
0.020000        0.12000        0.25000        0.038679
0.030000        0.12000        0.25000        0.057861
0.040000        0.12000        0.25000        0.076886
0.050000        0.12000        0.25000        0.095718
0.060000        0.12000        0.25000        0.11433
0.070000        0.12000        0.25000        0.13270
0.080000        0.12000        0.25000        0.15082
0.090000        0.12000        0.25000        0.16865
0.10000         0.12000        0.25000        0.18620
0.11000         0.12000        0.25000        0.20343
0.12000         0.12000        0.25000        0.22034
0.13000         0.12000        0.25000        0.23690
0.14000         0.12000        0.25000        0.25310
0.15000         0.12000        0.25000        0.26891
0.16000         0.12000        0.25000        0.28432
0.17000         0.12000        0.25000        0.29929
0.18000         0.12000        0.25000        0.31381
0.19000         0.12000        0.25000        0.32785
0.20000         0.12000        0.25000        0.34138
0.21000         0.12000        0.25000        0.35436
0.22000         0.12000        0.25000        0.36676
0.23000         0.12000        0.25000        0.37854
0.24000         0.12000        0.25000        0.38965
0.25000         0.12000        0.25000        0.40005
0.26000         0.12000        0.25000        0.40968
0.27000         0.12000        0.25000        0.41849
0.28000         0.12000        0.25000        0.42640
0.29000         0.12000        0.25000        0.43335
0.30000         0.12000        0.25000        0.43925
0.31000         0.12000        0.25000        0.44400
0.32000         0.12000        0.25000        0.44750
0.33000         0.12000        0.25000        0.44963
0.34000         0.12000        0.25000        0.45025
0.35000         0.12000        0.25000        0.44919
0.36000         0.12000        0.25000        0.44627
0.37000         0.12000        0.25000        0.44128
0.38000         0.12000        0.25000        0.43395
0.39000         0.12000        0.25000        0.42399
0.40000         0.12000        0.25000        0.41105
0.41000         0.12000        0.25000        0.39469
0.42000         0.12000        0.25000        0.37440
0.43000         0.12000        0.25000        0.34959
0.44000         0.12000        0.25000        0.31955
0.45000         0.12000        0.25000        0.28347
0.46000         0.12000        0.25000        0.24056
0.47000         0.12000        0.25000        0.19018
0.48000         0.12000        0.25000        0.13231
0.49000         0.12000        0.25000        0.068045
0.50000         0.12000        0.25000        -8.0994E-14
0.51000         0.12000        0.25000        -0.068045
0.52000         0.12000        0.25000        -0.13231
0.53000         0.12000        0.25000        -0.19018
0.54000         0.12000        0.25000        -0.24056
0.55000         0.12000        0.25000        -0.28347
0.56000         0.12000        0.25000        -0.31955
0.57000         0.12000        0.25000        -0.34959
0.58000         0.12000        0.25000        -0.37440
0.59000         0.12000        0.25000        -0.39469
0.60000         0.12000        0.25000        -0.41105
0.61000         0.12000        0.25000        -0.42399
0.62000         0.12000        0.25000        -0.43395
0.63000         0.12000        0.25000        -0.44128
0.64000         0.12000        0.25000        -0.44627
0.65000         0.12000        0.25000        -0.44919
0.66000         0.12000        0.25000        -0.45025
0.67000         0.12000        0.25000        -0.44963
0.68000         0.12000        0.25000        -0.44750
0.69000         0.12000        0.25000        -0.44400
0.70000         0.12000        0.25000        -0.43925
0.71000         0.12000        0.25000        -0.43335
0.72000         0.12000        0.25000        -0.42640
0.73000         0.12000        0.25000        -0.41849
0.74000         0.12000        0.25000        -0.40968
0.75000         0.12000        0.25000        -0.40005
0.76000         0.12000        0.25000        -0.38965
0.77000         0.12000        0.25000        -0.37854
0.78000         0.12000        0.25000        -0.36676
0.79000         0.12000        0.25000        -0.35436
0.80000         0.12000        0.25000        -0.34138
0.81000         0.12000        0.25000        -0.32785
0.82000         0.12000        0.25000        -0.31381
0.83000         0.12000        0.25000        -0.29929
0.84000         0.12000        0.25000        -0.28432
0.85000         0.12000        0.25000        -0.26891
0.86000         0.12000        0.25000        -0.25310
0.87000         0.12000        0.25000        -0.23690
0.88000         0.12000        0.25000        -0.22034
0.89000         0.12000        0.25000        -0.20343
0.90000         0.12000        0.25000        -0.18620
0.91000         0.12000        0.25000        -0.16865
0.92000         0.12000        0.25000        -0.15082
0.93000         0.12000        0.25000        -0.13270
0.94000         0.12000        0.25000        -0.11433
0.95000         0.12000        0.25000        -0.095718
0.96000         0.12000        0.25000        -0.076886
0.97000         0.12000        0.25000        -0.057861
0.98000         0.12000        0.25000        -0.038679
0.99000         0.12000        0.25000        -0.019372
1.0000          0.12000        0.25000        3.4873E-18
0.0000          0.13000        0.25000        1.8325E-18
0.010000        0.13000        0.25000        0.020065
0.020000        0.13000        0.25000        0.040070
0.030000        0.13000        0.25000        0.059959
0.040000        0.13000        0.25000        0.079703
0.050000        0.13000        0.25000        0.099268
0.060000        0.13000        0.25000        0.11863
0.070000        0.13000        0.25000        0.13777
0.080000        0.13000        0.25000        0.15666
0.090000        0.13000        0.25000        0.17530
0.10000         0.13000        0.25000        0.19366
0.11000         0.13000        0.25000        0.21173
0.12000         0.13000        0.25000        0.22950
0.13000         0.13000        0.25000        0.24694
0.14000         0.13000        0.25000        0.26404
0.15000         0.13000        0.25000        0.28077
0.16000         0.13000        0.25000        0.29712
0.17000         0.13000        0.25000        0.31307
0.18000         0.13000        0.25000        0.32858
0.19000         0.13000        0.25000        0.34363
0.20000         0.13000        0.25000        0.35820
0.21000         0.13000        0.25000        0.37224
0.22000         0.13000        0.25000        0.38573
0.23000         0.13000        0.25000        0.39862
0.24000         0.13000        0.25000        0.41088
0.25000         0.13000        0.25000        0.42245
0.26000         0.13000        0.25000        0.43328
0.27000         0.13000        0.25000        0.44331
0.28000         0.13000        0.25000        0.45248
0.29000         0.13000        0.25000        0.46071
0.30000         0.13000        0.25000        0.46791
0.31000         0.13000        0.25000        0.47399
0.32000         0.13000        0.25000        0.47885
0.33000         0.13000        0.25000        0.48235
0.34000         0.13000        0.25000        0.48434
0.35000         0.13000        0.25000        0.48467
0.36000         0.13000        0.25000        0.48314
0.37000         0.13000        0.25000        0.47950
0.38000         0.13000        0.25000        0.47349
0.39000         0.13000        0.25000        0.46477
0.40000         0.13000        0.25000        0.45293
0.41000         0.13000        0.25000        0.43748
0.42000         0.13000        0.25000        0.41782
0.43000         0.13000        0.25000        0.39317
0.44000         0.13000        0.25000        0.36259
0.45000         0.13000        0.25000        0.32492
0.46000         0.13000        0.25000        0.27885
0.47000         0.13000        0.25000        0.22306
0.48000         0.13000        0.25000        0.15691
0.49000         0.13000        0.25000        0.081354
0.50000         0.13000        0.25000        -1.6653E-13
0.51000         0.13000        0.25000        -0.081354
0.52000         0.13000        0.25000        -0.15691
0.53000         0.13000        0.25000        -0.22306
0.54000         0.13000        0.25000        -0.27885
0.55000         0.13000        0.25000        -0.32492
0.56000         0.13000        0.25000        -0.36259
0.57000         0.13000        0.25000        -0.39317
0.58000         0.13000        0.25000        -0.41782
0.59000         0.13000        0.25000        -0.43748
0.60000         0.13000        0.25000        -0.45293
0.61000         0.13000        0.25000        -0.46477
0.62000         0.13000        0.25000        -0.47349
0.63000         0.13000        0.25000        -0.47950
0.64000         0.13000        0.25000        -0.48314
0.65000         0.13000        0.25000        -0.48467
0.66000         0.13000        0.25000        -0.48434
0.67000         0.13000        0.25000        -0.48235
0.68000         0.13000        0.25000        -0.47885
0.69000         0.13000        0.25000        -0.47399
0.70000         0.13000        0.25000        -0.46791
0.71000         0.13000        0.25000        -0.46071
0.72000         0.13000        0.25000        -0.45248
0.73000         0.13000        0.25000        -0.44331
0.74000         0.13000        0.25000        -0.43328
0.75000         0.13000        0.25000        -0.42245
0.76000         0.13000        0.25000        -0.41088
0.77000         0.13000        0.25000        -0.39862
0.78000         0.13000        0.25000        -0.38573
0.79000         0.13000        0.25000        -0.37224
0.80000         0.13000        0.25000        -0.35820
0.81000         0.13000        0.25000        -0.34363
0.82000         0.13000        0.25000        -0.32858
0.83000         0.13000        0.25000        -0.31307
0.84000         0.13000        0.25000        -0.29712
0.85000         0.13000        0.25000        -0.28077
0.86000         0.13000        0.25000        -0.26404
0.87000         0.13000        0.25000        -0.24694
0.88000         0.13000        0.25000        -0.22950
0.89000         0.13000        0.25000        -0.21173
0.90000         0.13000        0.25000        -0.19366
0.91000         0.13000        0.25000        -0.17530
0.92000         0.13000        0.25000        -0.15666
0.93000         0.13000        0.25000        -0.13777
0.94000         0.13000        0.25000        -0.11863
0.95000         0.13000        0.25000        -0.099268
0.96000         0.13000        0.25000        -0.079703
0.97000         0.13000        0.25000        -0.059959
0.98000         0.13000        0.25000        -0.040070
0.99000         0.13000        0.25000        -0.020065
1.0000          0.13000        0.25000        2.7161E-18
0.0000          0.14000        0.25000        -2.9739E-21
0.010000        0.14000        0.25000        0.020675
0.020000        0.14000        0.25000        0.041295
0.030000        0.14000        0.25000        0.061809
0.040000        0.14000        0.25000        0.082189
0.050000        0.14000        0.25000        0.10240
0.060000        0.14000        0.25000        0.12243
0.070000        0.14000        0.25000        0.14225
0.080000        0.14000        0.25000        0.16184
0.090000        0.14000        0.25000        0.18120
0.10000         0.14000        0.25000        0.20030
0.11000         0.14000        0.25000        0.21913
0.12000         0.14000        0.25000        0.23767
0.13000         0.14000        0.25000        0.25591
0.14000         0.14000        0.25000        0.27383
0.15000         0.14000        0.25000        0.29141
0.16000         0.14000        0.25000        0.30862
0.17000         0.14000        0.25000        0.32546
0.18000         0.14000        0.25000        0.34189
0.19000         0.14000        0.25000        0.35788
0.20000         0.14000        0.25000        0.37342
0.21000         0.14000        0.25000        0.38846
0.22000         0.14000        0.25000        0.40297
0.23000         0.14000        0.25000        0.41692
0.24000         0.14000        0.25000        0.43027
0.25000         0.14000        0.25000        0.44295
0.26000         0.14000        0.25000        0.45494
0.27000         0.14000        0.25000        0.46616
0.28000         0.14000        0.25000        0.47655
0.29000         0.14000        0.25000        0.48603
0.30000         0.14000        0.25000        0.49453
0.31000         0.14000        0.25000        0.50195
0.32000         0.14000        0.25000        0.50818
0.33000         0.14000        0.25000        0.51308
0.34000         0.14000        0.25000        0.51653
0.35000         0.14000        0.25000        0.51833
0.36000         0.14000        0.25000        0.51830
0.37000         0.14000        0.25000        0.51618
0.38000         0.14000        0.25000        0.51169
0.39000         0.14000        0.25000        0.50448
0.40000         0.14000        0.25000        0.49410
0.41000         0.14000        0.25000        0.48001
0.42000         0.14000        0.25000        0.46150
0.43000         0.14000        0.25000        0.43769
0.44000         0.14000        0.25000        0.40738
0.45000         0.14000        0.25000        0.36903
0.46000         0.14000        0.25000        0.32069
0.47000         0.14000        0.25000        0.26009
0.48000         0.14000        0.25000        0.18545
0.49000         0.14000        0.25000        0.097164
0.50000         0.14000        0.25000        -3.3873E-13
0.51000         0.14000        0.25000        -0.097164
0.52000         0.14000        0.25000        -0.18545
0.53000         0.14000        0.25000        -0.26009
0.54000         0.14000        0.25000        -0.32069
0.55000         0.14000        0.25000        -0.36903
0.56000         0.14000        0.25000        -0.40738
0.57000         0.14000        0.25000        -0.43769
0.58000         0.14000        0.25000        -0.46150
0.59000         0.14000        0.25000        -0.48001
0.60000         0.14000        0.25000        -0.49410
0.61000         0.14000        0.25000        -0.50448
0.62000         0.14000        0.25000        -0.51169
0.63000         0.14000        0.25000        -0.51618
0.64000         0.14000        0.25000        -0.51830
0.65000         0.14000        0.25000        -0.51833
0.66000         0.14000        0.25000        -0.51653
0.67000         0.14000        0.25000        -0.51308
0.68000         0.14000        0.25000        -0.50818
0.69000         0.14000        0.25000        -0.50195
0.70000         0.14000        0.25000        -0.49453
0.71000         0.14000        0.25000        -0.48603
0.72000         0.14000        0.25000        -0.47655
0.73000         0.14000        0.25000        -0.46616
0.74000         0.14000        0.25000        -0.45494
0.75000         0.14000        0.25000        -0.44295
0.76000         0.14000        0.25000        -0.43027
0.77000         0.14000        0.25000        -0.41692
0.78000         0.14000        0.25000        -0.40297
0.79000         0.14000        0.25000        -0.38846
0.80000         0.14000        0.25000        -0.37342
0.81000         0.14000        0.25000        -0.35788
0.82000         0.14000        0.25000        -0.34189
0.83000         0.14000        0.25000        -0.32546
0.84000         0.14000        0.25000        -0.30862
0.85000         0.14000        0.25000        -0.29141
0.86000         0.14000        0.25000        -0.27383
0.87000         0.14000        0.25000        -0.25591
0.88000         0.14000        0.25000        -0.23767
0.89000         0.14000        0.25000        -0.21913
0.90000         0.14000        0.25000        -0.20030
0.91000         0.14000        0.25000        -0.18120
0.92000         0.14000        0.25000        -0.16184
0.93000         0.14000        0.25000        -0.14225
0.94000         0.14000        0.25000        -0.12243
0.95000         0.14000        0.25000        -0.10240
0.96000         0.14000        0.25000        -0.082189
0.97000         0.14000        0.25000        -0.061809
0.98000         0.14000        0.25000        -0.041295
0.99000         0.14000        0.25000        -0.020675
1.0000          0.14000        0.25000        -4.6989E-19
0.0000          0.15000        0.25000        1.6687E-18
0.010000        0.15000        0.25000        0.021212
0.020000        0.15000        0.25000        0.042373
0.030000        0.15000        0.25000        0.063437
0.040000        0.15000        0.25000        0.084379
0.050000        0.15000        0.25000        0.10517
0.060000        0.15000        0.25000        0.12578
0.070000        0.15000        0.25000        0.14621
0.080000        0.15000        0.25000        0.16643
0.090000        0.15000        0.25000        0.18643
0.10000         0.15000        0.25000        0.20619
0.11000         0.15000        0.25000        0.22570
0.12000         0.15000        0.25000        0.24495
0.13000         0.15000        0.25000        0.26391
0.14000         0.15000        0.25000        0.28257
0.15000         0.15000        0.25000        0.30092
0.16000         0.15000        0.25000        0.31893
0.17000         0.15000        0.25000        0.33658
0.18000         0.15000        0.25000        0.35385
0.19000         0.15000        0.25000        0.37071
0.20000         0.15000        0.25000        0.38714
0.21000         0.15000        0.25000        0.40311
0.22000         0.15000        0.25000        0.41858
0.23000         0.15000        0.25000        0.43352
0.24000         0.15000        0.25000        0.44789
0.25000         0.15000        0.25000        0.46164
0.26000         0.15000        0.25000        0.47472
0.27000         0.15000        0.25000        0.48707
0.28000         0.15000        0.25000        0.49864
0.29000         0.15000        0.25000        0.50934
0.30000         0.15000        0.25000        0.51911
0.31000         0.15000        0.25000        0.52784
0.32000         0.15000        0.25000        0.53542
0.33000         0.15000        0.25000        0.54174
0.34000         0.15000        0.25000        0.54665
0.35000         0.15000        0.25000        0.54997
0.36000         0.15000        0.25000        0.55151
0.37000         0.15000        0.25000        0.55102
0.38000         0.15000        0.25000        0.54820
0.39000         0.15000        0.25000        0.54269
0.40000         0.15000        0.25000        0.53404
0.41000         0.15000        0.25000        0.52166
0.42000         0.15000        0.25000        0.50480
0.43000         0.15000        0.25000        0.48245
0.44000         0.15000        0.25000        0.45323
0.45000         0.15000        0.25000        0.41524
0.46000         0.15000        0.25000        0.36583
0.47000         0.15000        0.25000        0.30152
0.48000         0.15000        0.25000        0.21868
0.49000         0.15000        0.25000        0.11621
0.50000         0.15000        0.25000        -6.6674E-13
0.51000         0.15000        0.25000        -0.11621
0.52000         0.15000        0.25000        -0.21868
0.53000         0.15000        0.25000        -0.30152
0.54000         0.15000        0.25000        -0.36583
0.55000         0.15000        0.25000        -0.41524
0.56000         0.15000        0.25000        -0.45323
0.57000         0.15000        0.25000        -0.48245
0.58000         0.15000        0.25000        -0.50480
0.59000         0.15000        0.25000        -0.52166
0.60000         0.15000        0.25000        -0.53404
0.61000         0.15000        0.25000        -0.54269
0.62000         0.15000        0.25000        -0.54820
0.63000         0.15000        0.25000        -0.55102
0.64000         0.15000        0.25000        -0.55151
0.65000         0.15000        0.25000        -0.54997
0.66000         0.15000        0.25000        -0.54665
0.67000         0.15000        0.25000        -0.54174
0.68000         0.15000        0.25000        -0.53542
0.69000         0.15000        0.25000        -0.52784
0.70000         0.15000        0.25000        -0.51911
0.71000         0.15000        0.25000        -0.50934
0.72000         0.15000        0.25000        -0.49864
0.73000         0.15000        0.25000        -0.48707
0.74000         0.15000        0.25000        -0.47472
0.75000         0.15000        0.25000        -0.46164
0.76000         0.15000        0.25000        -0.44789
0.77000         0.15000        0.25000        -0.43352
0.78000         0.15000        0.25000        -0.41858
0.79000         0.15000        0.25000        -0.40311
0.80000         0.15000        0.25000        -0.38714
0.81000         0.15000        0.25000        -0.37071
0.82000         0.15000        0.25000        -0.35385
0.83000         0.15000        0.25000        -0.33658
0.84000         0.15000        0.25000        -0.31893
0.85000         0.15000        0.25000        -0.30092
0.86000         0.15000        0.25000        -0.28257
0.87000         0.15000        0.25000        -0.26391
0.88000         0.15000        0.25000        -0.24495
0.89000         0.15000        0.25000        -0.22570
0.90000         0.15000        0.25000        -0.20619
0.91000         0.15000        0.25000        -0.18643
0.92000         0.15000        0.25000        -0.16643
0.93000         0.15000        0.25000        -0.14621
0.94000         0.15000        0.25000        -0.12578
0.95000         0.15000        0.25000        -0.10517
0.96000         0.15000        0.25000        -0.084379
0.97000         0.15000        0.25000        -0.063437
0.98000         0.15000        0.25000        -0.042373
0.99000         0.15000        0.25000        -0.021212
1.0000          0.15000        0.25000        1.9085E-18
0.0000          0.16000        0.25000        1.9686E-18
0.010000        0.16000        0.25000        0.021682
0.020000        0.16000        0.25000        0.043318
0.030000        0.16000        0.25000        0.064866
0.040000        0.16000        0.25000        0.086302
0.050000        0.16000        0.25000        0.10760
0.060000        0.16000        0.25000        0.12874
0.070000        0.16000        0.25000        0.14971
0.080000        0.16000        0.25000        0.17048
0.090000        0.16000        0.25000        0.19105
0.10000         0.16000        0.25000        0.21141
0.11000         0.16000        0.25000        0.23153
0.12000         0.16000        0.25000        0.25140
0.13000         0.16000        0.25000        0.27102
0.14000         0.16000        0.25000        0.29036
0.15000         0.16000        0.25000        0.30940
0.16000         0.16000        0.25000        0.32813
0.17000         0.16000        0.25000        0.34652
0.18000         0.16000        0.25000        0.36457
0.19000         0.16000        0.25000        0.38223
0.20000         0.16000        0.25000        0.39949
0.21000         0.16000        0.25000        0.41631
0.22000         0.16000        0.25000        0.43267
0.23000         0.16000        0.25000        0.44853
0.24000         0.16000        0.25000        0.46385
0.25000         0.16000        0.25000        0.47860
0.26000         0.16000        0.25000        0.49271
0.27000         0.16000        0.25000        0.50613
0.28000         0.16000        0.25000        0.51882
0.29000         0.16000        0.25000        0.53069
0.30000         0.16000        0.25000        0.54166
0.31000         0.16000        0.25000        0.55166
0.32000         0.16000        0.25000        0.56057
0.33000         0.16000        0.25000        0.56827
0.34000         0.16000        0.25000        0.57463
0.35000         0.16000        0.25000        0.57948
0.36000         0.16000        0.25000        0.58261
0.37000         0.16000        0.25000        0.58379
0.38000         0.16000        0.25000        0.58272
0.39000         0.16000        0.25000        0.57905
0.40000         0.16000        0.25000        0.57231
0.41000         0.16000        0.25000        0.56191
0.42000         0.16000        0.25000        0.54706
0.43000         0.16000        0.25000        0.52669
0.44000         0.16000        0.25000        0.49930
0.45000         0.16000        0.25000        0.46265
0.46000         0.16000        0.25000        0.41342
0.47000         0.16000        0.25000        0.34674
0.48000         0.16000        0.25000        0.25643
0.49000         0.16000        0.25000        0.13860
0.50000         0.16000        0.25000        -1.3157E-12
0.51000         0.16000        0.25000        -0.13860
0.52000         0.16000        0.25000        -0.25643
0.53000         0.16000        0.25000        -0.34674
0.54000         0.16000        0.25000        -0.41342
0.55000         0.16000        0.25000        -0.46265
0.56000         0.16000        0.25000        -0.49930
0.57000         0.16000        0.25000        -0.52669
0.58000         0.16000        0.25000        -0.54706
0.59000         0.16000        0.25000        -0.56191
0.60000         0.16000        0.25000        -0.57231
0.61000         0.16000        0.25000        -0.57905
0.62000         0.16000        0.25000        -0.58272
0.63000         0.16000        0.25000        -0.58379
0.64000         0.16000        0.25000        -0.58261
0.65000         0.16000        0.25000        -0.57948
0.66000         0.16000        0.25000        -0.57463
0.67000         0.16000        0.25000        -0.56827
0.68000         0.16000        0.25000        -0.56057
0.69000         0.16000        0.25000        -0.55166
0.70000         0.16000        0.25000        -0.54166
0.71000         0.16000        0.25000        -0.53069
0.72000         0.16000        0.25000        -0.51882
0.73000         0.16000        0.25000        -0.50613
0.74000         0.16000        0.25000        -0.49271
0.75000         0.16000        0.25000        -0.47860
0.76000         0.16000        0.25000        -0.46385
0.77000         0.16000        0.25000        -0.44853
0.78000         0.16000        0.25000        -0.43267
0.79000         0.16000        0.25000        -0.41631
0.80000         0.16000        0.25000        -0.39949
0.81000         0.16000        0.25000        -0.38223
0.82000         0.16000        0.25000        -0.36457
0.83000         0.16000        0.25000        -0.34652
0.84000         0.16000        0.25000        -0.32813
0.85000         0.16000        0.25000        -0.30940
0.86000         0.16000        0.25000        -0.29036
0.87000         0.16000        0.25000        -0.27102
0.88000         0.16000        0.25000        -0.25140
0.89000         0.16000        0.25000        -0.23153
0.90000         0.16000        0.25000        -0.21141
0.91000         0.16000        0.25000        -0.19105
0.92000         0.16000        0.25000        -0.17048
0.93000         0.16000        0.25000        -0.14971
0.94000         0.16000        0.25000        -0.12874
0.95000         0.16000        0.25000        -0.10760
0.96000         0.16000        0.25000        -0.086302
0.97000         0.16000        0.25000        -0.064866
0.98000         0.16000        0.25000        -0.043318
0.99000         0.16000        0.25000        -0.021682
1.0000          0.16000        0.25000        1.2281E-18
0.0000          0.17000        0.25000        -1.2007E-21
0.010000        0.17000        0.25000        0.022092
0.020000        0.17000        0.25000        0.044143
0.030000        0.17000        0.25000        0.066114
0.040000        0.17000        0.25000        0.087984
0.050000        0.17000        0.25000        0.10973
0.060000        0.17000        0.25000        0.13133
0.070000        0.17000        0.25000        0.15277
0.080000        0.17000        0.25000        0.17404
0.090000        0.17000        0.25000        0.19512
0.10000         0.17000        0.25000        0.21601
0.11000         0.17000        0.25000        0.23667
0.12000         0.17000        0.25000        0.25712
0.13000         0.17000        0.25000        0.27732
0.14000         0.17000        0.25000        0.29726
0.15000         0.17000        0.25000        0.31694
0.16000         0.17000        0.25000        0.33632
0.17000         0.17000        0.25000        0.35539
0.18000         0.17000        0.25000        0.37414
0.19000         0.17000        0.25000        0.39253
0.20000         0.17000        0.25000        0.41055
0.21000         0.17000        0.25000        0.42816
0.22000         0.17000        0.25000        0.44534
0.23000         0.17000        0.25000        0.46205
0.24000         0.17000        0.25000        0.47826
0.25000         0.17000        0.25000        0.49392
0.26000         0.17000        0.25000        0.50899
0.27000         0.17000        0.25000        0.52343
0.28000         0.17000        0.25000        0.53716
0.29000         0.17000        0.25000        0.55013
0.30000         0.17000        0.25000        0.56226
0.31000         0.17000        0.25000        0.57346
0.32000         0.17000        0.25000        0.58364
0.33000         0.17000        0.25000        0.59269
0.34000         0.17000        0.25000        0.60045
0.35000         0.17000        0.25000        0.60679
0.36000         0.17000        0.25000        0.61150
0.37000         0.17000        0.25000        0.61435
0.38000         0.17000        0.25000        0.61506
0.39000         0.17000        0.25000        0.61328
0.40000         0.17000        0.25000        0.60856
0.41000         0.17000        0.25000        0.60031
0.42000         0.17000        0.25000        0.58774
0.43000         0.17000        0.25000        0.56976
0.44000         0.17000        0.25000        0.54480
0.45000         0.17000        0.25000        0.51044
0.46000         0.17000        0.25000        0.46281
0.47000         0.17000        0.25000        0.39560
0.48000         0.17000        0.25000        0.29940
0.49000         0.17000        0.25000        0.16542
0.50000         0.17000        0.25000        -2.4974E-12
0.51000         0.17000        0.25000        -0.16542
0.52000         0.17000        0.25000        -0.29940
0.53000         0.17000        0.25000        -0.39560
0.54000         0.17000        0.25000        -0.46281
0.55000         0.17000        0.25000        -0.51044
0.56000         0.17000        0.25000        -0.54480
0.57000         0.17000        0.25000        -0.56976
0.58000         0.17000        0.25000        -0.58774
0.59000         0.17000        0.25000        -0.60031
0.60000         0.17000        0.25000        -0.60856
0.61000         0.17000        0.25000        -0.61328
0.62000         0.17000        0.25000        -0.61506
0.63000         0.17000        0.25000        -0.61435
0.64000         0.17000        0.25000        -0.61150
0.65000         0.17000        0.25000        -0.60679
0.66000         0.17000        0.25000        -0.60045
0.67000         0.17000        0.25000        -0.59269
0.68000         0.17000        0.25000        -0.58364
0.69000         0.17000        0.25000        -0.57346
0.70000         0.17000        0.25000        -0.56226
0.71000         0.17000        0.25000        -0.55013
0.72000         0.17000        0.25000        -0.53716
0.73000         0.17000        0.25000        -0.52343
0.74000         0.17000        0.25000        -0.50899
0.75000         0.17000        0.25000        -0.49392
0.76000         0.17000        0.25000        -0.47826
0.77000         0.17000        0.25000        -0.46205
0.78000         0.17000        0.25000        -0.44534
0.79000         0.17000        0.25000        -0.42816
0.80000         0.17000        0.25000        -0.41055
0.81000         0.17000        0.25000        -0.39253
0.82000         0.17000        0.25000        -0.37414
0.83000         0.17000        0.25000        -0.35539
0.84000         0.17000        0.25000        -0.33632
0.85000         0.17000        0.25000        -0.31694
0.86000         0.17000        0.25000        -0.29726
0.87000         0.17000        0.25000        -0.27732
0.88000         0.17000        0.25000        -0.25712
0.89000         0.17000        0.25000        -0.23667
0.90000         0.17000        0.25000        -0.21600
0.91000         0.17000        0.25000        -0.19512
0.92000         0.17000        0.25000        -0.17404
0.93000         0.17000        0.25000        -0.15277
0.94000         0.17000        0.25000        -0.13133
0.95000         0.17000        0.25000        -0.10973
0.96000         0.17000        0.25000        -0.087984
0.97000         0.17000        0.25000        -0.066114
0.98000         0.17000        0.25000        -0.044143
0.99000         0.17000        0.25000        -0.022092
1.0000          0.17000        0.25000        -3.6620E-19
0.0000          0.18000        0.25000        0.0000
0.010000        0.18000        0.25000        0.022448
0.020000        0.18000        0.25000        0.044859
0.030000        0.18000        0.25000        0.067198
0.040000        0.18000        0.25000        0.089446
0.050000        0.18000        0.25000        0.11158
0.060000        0.18000        0.25000        0.13359
0.070000        0.18000        0.25000        0.15545
0.080000        0.18000        0.25000        0.17715
0.090000        0.18000        0.25000        0.19869
0.10000         0.18000        0.25000        0.22004
0.11000         0.18000        0.25000        0.24120
0.12000         0.18000        0.25000        0.26215
0.13000         0.18000        0.25000        0.28287
0.14000         0.18000        0.25000        0.30337
0.15000         0.18000        0.25000        0.32361
0.16000         0.18000        0.25000        0.34358
0.17000         0.18000        0.25000        0.36327
0.18000         0.18000        0.25000        0.38265
0.19000         0.18000        0.25000        0.40171
0.20000         0.18000        0.25000        0.42042
0.21000         0.18000        0.25000        0.43875
0.22000         0.18000        0.25000        0.45668
0.23000         0.18000        0.25000        0.47417
0.24000         0.18000        0.25000        0.49120
0.25000         0.18000        0.25000        0.50771
0.26000         0.18000        0.25000        0.52368
0.27000         0.18000        0.25000        0.53905
0.28000         0.18000        0.25000        0.55376
0.29000         0.18000        0.25000        0.56776
0.30000         0.18000        0.25000        0.58097
0.31000         0.18000        0.25000        0.59332
0.32000         0.18000        0.25000        0.60470
0.33000         0.18000        0.25000        0.61501
0.34000         0.18000        0.25000        0.62413
0.35000         0.18000        0.25000        0.63190
0.36000         0.18000        0.25000        0.63814
0.37000         0.18000        0.25000        0.64263
0.38000         0.18000        0.25000        0.64510
0.39000         0.18000        0.25000        0.64521
0.40000         0.18000        0.25000        0.64253
0.41000         0.18000        0.25000        0.63650
0.42000         0.18000        0.25000        0.62636
0.43000         0.18000        0.25000        0.61104
0.44000         0.18000        0.25000        0.58896
0.45000         0.18000        0.25000        0.55762
0.46000         0.18000        0.25000        0.51281
0.47000         0.18000        0.25000        0.44700
0.48000         0.18000        0.25000        0.34711
0.49000         0.18000        0.25000        0.19701
0.50000         0.18000        0.25000        -4.6218E-12
0.51000         0.18000        0.25000        -0.19701
0.52000         0.18000        0.25000        -0.34711
0.53000         0.18000        0.25000        -0.44700
0.54000         0.18000        0.25000        -0.51281
0.55000         0.18000        0.25000        -0.55762
0.56000         0.18000        0.25000        -0.58896
0.57000         0.18000        0.25000        -0.61104
0.58000         0.18000        0.25000        -0.62636
0.59000         0.18000        0.25000        -0.63650
0.60000         0.18000        0.25000        -0.64253
0.61000         0.18000        0.25000        -0.64521
0.62000         0.18000        0.25000        -0.64510
0.63000         0.18000        0.25000        -0.64263
0.64000         0.18000        0.25000        -0.63814
0.65000         0.18000        0.25000        -0.63190
0.66000         0.18000        0.25000        -0.62413
0.67000         0.18000        0.25000        -0.61501
0.68000         0.18000        0.25000        -0.60470
0.69000         0.18000        0.25000        -0.59332
0.70000         0.18000        0.25000        -0.58097
0.71000         0.18000        0.25000        -0.56776
0.72000         0.18000        0.25000        -0.55376
0.73000         0.18000        0.25000        -0.53905
0.74000         0.18000        0.25000        -0.52368
0.75000         0.18000        0.25000        -0.50771
0.76000         0.18000        0.25000        -0.49120
0.77000         0.18000        0.25000        -0.47417
0.78000         0.18000        0.25000        -0.45668
0.79000         0.18000        0.25000        -0.43875
0.80000         0.18000        0.25000        -0.42042
0.81000         0.18000        0.25000        -0.40171
0.82000         0.18000        0.25000        -0.38265
0.83000         0.18000        0.25000        -0.36327
0.84000         0.18000        0.25000        -0.34358
0.85000         0.18000        0.25000        -0.32361
0.86000         0.18000        0.25000        -0.30337
0.87000         0.18000        0.25000        -0.28287
0.88000         0.18000        0.25000        -0.26215
0.89000         0.18000        0.25000        -0.24120
0.90000         0.18000        0.25000        -0.22004
0.91000         0.18000        0.25000        -0.19869
0.92000         0.18000        0.25000        -0.17715
0.93000         0.18000        0.25000        -0.15545
0.94000         0.18000        0.25000        -0.13359
0.95000         0.18000        0.25000        -0.11158
0.96000         0.18000        0.25000        -0.089446
0.97000         0.18000        0.25000        -0.067198
0.98000         0.18000        0.25000        -0.044859
0.99000         0.18000        0.25000        -0.022448
1.0000          0.18000        0.25000        -1.6313E-20
0.0000          0.19000        0.25000        0.0000
0.010000        0.19000        0.25000        0.022754
0.020000        0.19000        0.25000        0.045474
0.030000        0.19000        0.25000        0.068131
0.040000        0.19000        0.25000        0.090707
0.050000        0.19000        0.25000        0.11318
0.060000        0.19000        0.25000        0.13554
0.070000        0.19000        0.25000        0.15777
0.080000        0.19000        0.25000        0.17986
0.090000        0.19000        0.25000        0.20179
0.10000         0.19000        0.25000        0.22356
0.11000         0.19000        0.25000        0.24515
0.12000         0.19000        0.25000        0.26655
0.13000         0.19000        0.25000        0.28775
0.14000         0.19000        0.25000        0.30873
0.15000         0.19000        0.25000        0.32949
0.16000         0.19000        0.25000        0.34999
0.17000         0.19000        0.25000        0.37023
0.18000         0.19000        0.25000        0.39020
0.19000         0.19000        0.25000        0.40985
0.20000         0.19000        0.25000        0.42919
0.21000         0.19000        0.25000        0.44818
0.22000         0.19000        0.25000        0.46679
0.23000         0.19000        0.25000        0.48500
0.24000         0.19000        0.25000        0.50278
0.25000         0.19000        0.25000        0.52008
0.26000         0.19000        0.25000        0.53687
0.27000         0.19000        0.25000        0.55310
0.28000         0.19000        0.25000        0.56872
0.29000         0.19000        0.25000        0.58367
0.30000         0.19000        0.25000        0.59789
0.31000         0.19000        0.25000        0.61130
0.32000         0.19000        0.25000        0.62381
0.33000         0.19000        0.25000        0.63532
0.34000         0.19000        0.25000        0.64572
0.35000         0.19000        0.25000        0.65485
0.36000         0.19000        0.25000        0.66254
0.37000         0.19000        0.25000        0.66860
0.38000         0.19000        0.25000        0.67277
0.39000         0.19000        0.25000        0.67473
0.40000         0.19000        0.25000        0.67408
0.41000         0.19000        0.25000        0.67027
0.42000         0.19000        0.25000        0.66261
0.43000         0.19000        0.25000        0.65007
0.44000         0.19000        0.25000        0.63113
0.45000         0.19000        0.25000        0.60334
0.46000         0.19000        0.25000        0.56234
0.47000         0.19000        0.25000        0.49968
0.48000         0.19000        0.25000        0.39849
0.49000         0.19000        0.25000        0.23289
0.50000         0.19000        0.25000        -8.3700E-12
0.51000         0.19000        0.25000        -0.23289
0.52000         0.19000        0.25000        -0.39849
0.53000         0.19000        0.25000        -0.49968
0.54000         0.19000        0.25000        -0.56234
0.55000         0.19000        0.25000        -0.60334
0.56000         0.19000        0.25000        -0.63113
0.57000         0.19000        0.25000        -0.65007
0.58000         0.19000        0.25000        -0.66261
0.59000         0.19000        0.25000        -0.67027
0.60000         0.19000        0.25000        -0.67408
0.61000         0.19000        0.25000        -0.67473
0.62000         0.19000        0.25000        -0.67277
0.63000         0.19000        0.25000        -0.66860
0.64000         0.19000        0.25000        -0.66254
0.65000         0.19000        0.25000        -0.65485
0.66000         0.19000        0.25000        -0.64572
0.67000         0.19000        0.25000        -0.63532
0.68000         0.19000        0.25000        -0.62381
0.69000         0.19000        0.25000        -0.61130
0.70000         0.19000        0.25000        -0.59789
0.71000         0.19000        0.25000        -0.58367
0.72000         0.19000        0.25000        -0.56872
0.73000         0.19000        0.25000        -0.55310
0.74000         0.19000        0.25000        -0.53687
0.75000         0.19000        0.25000        -0.52008
0.76000         0.19000        0.25000        -0.50278
0.77000         0.19000        0.25000        -0.48500
0.78000         0.19000        0.25000        -0.46679
0.79000         0.19000        0.25000        -0.44818
0.80000         0.19000        0.25000        -0.42919
0.81000         0.19000        0.25000        -0.40985
0.82000         0.19000        0.25000        -0.39020
0.83000         0.19000        0.25000        -0.37023
0.84000         0.19000        0.25000        -0.34999
0.85000         0.19000        0.25000        -0.32949
0.86000         0.19000        0.25000        -0.30873
0.87000         0.19000        0.25000        -0.28775
0.88000         0.19000        0.25000        -0.26655
0.89000         0.19000        0.25000        -0.24515
0.90000         0.19000        0.25000        -0.22356
0.91000         0.19000        0.25000        -0.20179
0.92000         0.19000        0.25000        -0.17986
0.93000         0.19000        0.25000        -0.15777
0.94000         0.19000        0.25000        -0.13554
0.95000         0.19000        0.25000        -0.11318
0.96000         0.19000        0.25000        -0.090707
0.97000         0.19000        0.25000        -0.068131
0.98000         0.19000        0.25000        -0.045474
0.99000         0.19000        0.25000        -0.022754
1.0000          0.19000        0.25000        -3.0518E-18
0.0000          0.20000        0.25000        0.0000
0.010000        0.20000        0.25000        0.023013
0.020000        0.20000        0.25000        0.045997
0.030000        0.20000        0.25000        0.068925
0.040000        0.20000        0.25000        0.091781
0.050000        0.20000        0.25000        0.11455
0.060000        0.20000        0.25000        0.13721
0.070000        0.20000        0.25000        0.15976
0.080000        0.20000        0.25000        0.18218
0.090000        0.20000        0.25000        0.20447
0.10000         0.20000        0.25000        0.22660
0.11000         0.20000        0.25000        0.24858
0.12000         0.20000        0.25000        0.27038
0.13000         0.20000        0.25000        0.29200
0.14000         0.20000        0.25000        0.31342
0.15000         0.20000        0.25000        0.33463
0.16000         0.20000        0.25000        0.35561
0.17000         0.20000        0.25000        0.37635
0.18000         0.20000        0.25000        0.39683
0.19000         0.20000        0.25000        0.41704
0.20000         0.20000        0.25000        0.43694
0.21000         0.20000        0.25000        0.45653
0.22000         0.20000        0.25000        0.47576
0.23000         0.20000        0.25000        0.49463
0.24000         0.20000        0.25000        0.51309
0.25000         0.20000        0.25000        0.53111
0.26000         0.20000        0.25000        0.54865
0.27000         0.20000        0.25000        0.56567
0.28000         0.20000        0.25000        0.58213
0.29000         0.20000        0.25000        0.59796
0.30000         0.20000        0.25000        0.61311
0.31000         0.20000        0.25000        0.62751
0.32000         0.20000        0.25000        0.64107
0.33000         0.20000        0.25000        0.65370
0.34000         0.20000        0.25000        0.66528
0.35000         0.20000        0.25000        0.67569
0.36000         0.20000        0.25000        0.68476
0.37000         0.20000        0.25000        0.69231
0.38000         0.20000        0.25000        0.69809
0.39000         0.20000        0.25000        0.70181
0.40000         0.20000        0.25000        0.70311
0.41000         0.20000        0.25000        0.70147
0.42000         0.20000        0.25000        0.69624
0.43000         0.20000        0.25000        0.68648
0.44000         0.20000        0.25000        0.67078
0.45000         0.20000        0.25000        0.64682
0.46000         0.20000        0.25000        0.61035
0.47000         0.20000        0.25000        0.55255
0.48000         0.20000        0.25000        0.45353
0.49000         0.20000        0.25000        0.27512
0.50000         0.20000        0.25000        -1.4535E-11
0.51000         0.20000        0.25000        -0.27512
0.52000         0.20000        0.25000        -0.45353
0.53000         0.20000        0.25000        -0.55255
0.54000         0.20000        0.25000        -0.61035
0.55000         0.20000        0.25000        -0.64682
0.56000         0.20000        0.25000        -0.67078
0.57000         0.20000        0.25000        -0.68648
0.58000         0.20000        0.25000        -0.69624
0.59000         0.20000        0.25000        -0.70147
0.60000         0.20000        0.25000        -0.70311
0.61000         0.20000        0.25000        -0.70181
0.62000         0.20000        0.25000        -0.69809
0.63000         0.20000        0.25000        -0.69231
0.64000         0.20000        0.25000        -0.68476
0.65000         0.20000        0.25000        -0.67569
0.66000         0.20000        0.25000        -0.66528
0.67000         0.20000        0.25000        -0.65370
0.68000         0.20000        0.25000        -0.64107
0.69000         0.20000        0.25000        -0.62751
0.70000         0.20000        0.25000        -0.61311
0.71000         0.20000        0.25000        -0.59796
0.72000         0.20000        0.25000        -0.58213
0.73000         0.20000        0.25000        -0.56567
0.74000         0.20000        0.25000        -0.54865
0.75000         0.20000        0.25000        -0.53111
0.76000         0.20000        0.25000        -0.51309
0.77000         0.20000        0.25000        -0.49463
0.78000         0.20000        0.25000        -0.47576
0.79000         0.20000        0.25000        -0.45653
0.80000         0.20000        0.25000        -0.43694
0.81000         0.20000        0.25000        -0.41704
0.82000         0.20000        0.25000        -0.39683
0.83000         0.20000        0.25000        -0.37635
0.84000         0.20000        0.25000        -0.35561
0.85000         0.20000        0.25000        -0.33463
0.86000         0.20000        0.25000        -0.31342
0.87000         0.20000        0.25000        -0.29200
0.88000         0.20000        0.25000        -0.27038
0.89000         0.20000        0.25000        -0.24858
0.90000         0.20000        0.25000        -0.22660
0.91000         0.20000        0.25000        -0.20447
0.92000         0.20000        0.25000        -0.18218
0.93000         0.20000        0.25000        -0.15976
0.94000         0.20000        0.25000        -0.13721
0.95000         0.20000        0.25000        -0.11455
0.96000         0.20000        0.25000        -0.091781
0.97000         0.20000        0.25000        -0.068925
0.98000         0.20000        0.25000        -0.045997
0.99000         0.20000        0.25000        -0.023013
1.0000          0.20000        0.25000        1.2768E-20
0.0000          0.21000        0.25000        -1.8266E-18
0.010000        0.21000        0.25000        0.023229
0.020000        0.21000        0.25000        0.046433
0.030000        0.21000        0.25000        0.069589
0.040000        0.21000        0.25000        0.092683
0.050000        0.21000        0.25000        0.11570
0.060000        0.21000        0.25000        0.13862
0.070000        0.21000        0.25000        0.16145
0.080000        0.21000        0.25000        0.18416
0.090000        0.21000        0.25000        0.20675
0.10000         0.21000        0.25000        0.22920
0.11000         0.21000        0.25000        0.25151
0.12000         0.21000        0.25000        0.27367
0.13000         0.21000        0.25000        0.29566
0.14000         0.21000        0.25000        0.31747
0.15000         0.21000        0.25000        0.33908
0.16000         0.21000        0.25000        0.36049
0.17000         0.21000        0.25000        0.38168
0.18000         0.21000        0.25000        0.40263
0.19000         0.21000        0.25000        0.42333
0.20000         0.21000        0.25000        0.44375
0.21000         0.21000        0.25000        0.46387
0.22000         0.21000        0.25000        0.48367
0.23000         0.21000        0.25000        0.50313
0.24000         0.21000        0.25000        0.52221
0.25000         0.21000        0.25000        0.54088
0.26000         0.21000        0.25000        0.55911
0.27000         0.21000        0.25000        0.57686
0.28000         0.21000        0.25000        0.59409
0.29000         0.21000        0.25000        0.61073
0.30000         0.21000        0.25000        0.62674
0.31000         0.21000        0.25000        0.64204
0.32000         0.21000        0.25000        0.65657
0.33000         0.21000        0.25000        0.67023
0.34000         0.21000        0.25000        0.68292
0.35000         0.21000        0.25000        0.69451
0.36000         0.21000        0.25000        0.70487
0.37000         0.21000        0.25000        0.71380
0.38000         0.21000        0.25000        0.72110
0.39000         0.21000        0.25000        0.72649
0.40000         0.21000        0.25000        0.72963
0.41000         0.21000        0.25000        0.73005
0.42000         0.21000        0.25000        0.72717
0.43000         0.21000        0.25000        0.72012
0.44000         0.21000        0.25000        0.70762
0.45000         0.21000        0.25000        0.68757
0.46000         0.21000        0.25000        0.65595
0.47000         0.21000        0.25000        0.60395
0.48000         0.21000        0.25000        0.50941
0.49000         0.21000        0.25000        0.32118
0.50000         0.21000        0.25000        -2.4356E-11
0.51000         0.21000        0.25000        -0.32118
0.52000         0.21000        0.25000        -0.50941
0.53000         0.21000        0.25000        -0.60395
0.54000         0.21000        0.25000        -0.65595
0.55000         0.21000        0.25000        -0.68757
0.56000         0.21000        0.25000        -0.70762
0.57000         0.21000        0.25000        -0.72012
0.58000         0.21000        0.25000        -0.72717
0.59000         0.21000        0.25000        -0.73005
0.60000         0.21000        0.25000        -0.72963
0.61000         0.21000        0.25000        -0.72649
0.62000         0.21000        0.25000        -0.72110
0.63000         0.21000        0.25000        -0.71380
0.64000         0.21000        0.25000        -0.70487
0.65000         0.21000        0.25000        -0.69451
0.66000         0.21000        0.25000        -0.68292
0.67000         0.21000        0.25000        -0.67023
0.68000         0.21000        0.25000        -0.65657
0.69000         0.21000        0.25000        -0.64204
0.70000         0.21000        0.25000        -0.62674
0.71000         0.21000        0.25000        -0.61073
0.72000         0.21000        0.25000        -0.59409
0.73000         0.21000        0.25000        -0.57686
0.74000         0.21000        0.25000        -0.55911
0.75000         0.21000        0.25000        -0.54088
0.76000         0.21000        0.25000        -0.52221
0.77000         0.21000        0.25000        -0.50313
0.78000         0.21000        0.25000        -0.48367
0.79000         0.21000        0.25000        -0.46387
0.80000         0.21000        0.25000        -0.44375
0.81000         0.21000        0.25000        -0.42333
0.82000         0.21000        0.25000        -0.40263
0.83000         0.21000        0.25000        -0.38168
0.84000         0.21000        0.25000        -0.36049
0.85000         0.21000        0.25000        -0.33908
0.86000         0.21000        0.25000        -0.31747
0.87000         0.21000        0.25000        -0.29566
0.88000         0.21000        0.25000        -0.27367
0.89000         0.21000        0.25000        -0.25151
0.90000         0.21000        0.25000        -0.22920
0.91000         0.21000        0.25000        -0.20675
0.92000         0.21000        0.25000        -0.18416
0.93000         0.21000        0.25000        -0.16145
0.94000         0.21000        0.25000        -0.13862
0.95000         0.21000        0.25000        -0.11570
0.96000         0.21000        0.25000        -0.092683
0.97000         0.21000        0.25000        -0.069589
0.98000         0.21000        0.25000        -0.046433
0.99000         0.21000        0.25000        -0.023229
1.0000          0.21000        0.25000        2.0792E-18
0.0000          0.22000        0.25000        -8.4309E-18
0.010000        0.22000        0.25000        0.023404
0.020000        0.22000        0.25000        0.046788
0.030000        0.22000        0.25000        0.070131
0.040000        0.22000        0.25000        0.093422
0.050000        0.22000        0.25000        0.11665
0.060000        0.22000        0.25000        0.13979
0.070000        0.22000        0.25000        0.16285
0.080000        0.22000        0.25000        0.18581
0.090000        0.22000        0.25000        0.20866
0.10000         0.22000        0.25000        0.23139
0.11000         0.22000        0.25000        0.25400
0.12000         0.22000        0.25000        0.27646
0.13000         0.22000        0.25000        0.29878
0.14000         0.22000        0.25000        0.32093
0.15000         0.22000        0.25000        0.34291
0.16000         0.22000        0.25000        0.36470
0.17000         0.22000        0.25000        0.38628
0.18000         0.22000        0.25000        0.40765
0.19000         0.22000        0.25000        0.42879
0.20000         0.22000        0.25000        0.44967
0.21000         0.22000        0.25000        0.47028
0.22000         0.22000        0.25000        0.49059
0.23000         0.22000        0.25000        0.51058
0.24000         0.22000        0.25000        0.53022
0.25000         0.22000        0.25000        0.54949
0.26000         0.22000        0.25000        0.56835
0.27000         0.22000        0.25000        0.58676
0.28000         0.22000        0.25000        0.60468
0.29000         0.22000        0.25000        0.62206
0.30000         0.22000        0.25000        0.63885
0.31000         0.22000        0.25000        0.65499
0.32000         0.22000        0.25000        0.67041
0.33000         0.22000        0.25000        0.68501
0.34000         0.22000        0.25000        0.69872
0.35000         0.22000        0.25000        0.71141
0.36000         0.22000        0.25000        0.72295
0.37000         0.22000        0.25000        0.73317
0.38000         0.22000        0.25000        0.74188
0.39000         0.22000        0.25000        0.74882
0.40000         0.22000        0.25000        0.75367
0.41000         0.22000        0.25000        0.75603
0.42000         0.22000        0.25000        0.75535
0.43000         0.22000        0.25000        0.75087
0.44000         0.22000        0.25000        0.74144
0.45000         0.22000        0.25000        0.72522
0.46000         0.22000        0.25000        0.69859
0.47000         0.22000        0.25000        0.65317
0.48000         0.22000        0.25000        0.56566
0.49000         0.22000        0.25000        0.37079
0.50000         0.22000        0.25000        -3.9043E-11
0.51000         0.22000        0.25000        -0.37079
0.52000         0.22000        0.25000        -0.56566
0.53000         0.22000        0.25000        -0.65317
0.54000         0.22000        0.25000        -0.69859
0.55000         0.22000        0.25000        -0.72522
0.56000         0.22000        0.25000        -0.74144
0.57000         0.22000        0.25000        -0.75087
0.58000         0.22000        0.25000        -0.75535
0.59000         0.22000        0.25000        -0.75603
0.60000         0.22000        0.25000        -0.75367
0.61000         0.22000        0.25000        -0.74882
0.62000         0.22000        0.25000        -0.74188
0.63000         0.22000        0.25000        -0.73317
0.64000         0.22000        0.25000        -0.72295
0.65000         0.22000        0.25000        -0.71141
0.66000         0.22000        0.25000        -0.69872
0.67000         0.22000        0.25000        -0.68501
0.68000         0.22000        0.25000        -0.67041
0.69000         0.22000        0.25000        -0.65499
0.70000         0.22000        0.25000        -0.63885
0.71000         0.22000        0.25000        -0.62206
0.72000         0.22000        0.25000        -0.60468
0.73000         0.22000        0.25000        -0.58676
0.74000         0.22000        0.25000        -0.56835
0.75000         0.22000        0.25000        -0.54949
0.76000         0.22000        0.25000        -0.53022
0.77000         0.22000        0.25000        -0.51058
0.78000         0.22000        0.25000        -0.49059
0.79000         0.22000        0.25000        -0.47028
0.80000         0.22000        0.25000        -0.44967
0.81000         0.22000        0.25000        -0.42879
0.82000         0.22000        0.25000        -0.40765
0.83000         0.22000        0.25000        -0.38628
0.84000         0.22000        0.25000        -0.36470
0.85000         0.22000        0.25000        -0.34291
0.86000         0.22000        0.25000        -0.32093
0.87000         0.22000        0.25000        -0.29878
0.88000         0.22000        0.25000        -0.27646
0.89000         0.22000        0.25000        -0.25400
0.90000         0.22000        0.25000        -0.23139
0.91000         0.22000        0.25000        -0.20866
0.92000         0.22000        0.25000        -0.18581
0.93000         0.22000        0.25000        -0.16285
0.94000         0.22000        0.25000        -0.13979
0.95000         0.22000        0.25000        -0.11665
0.96000         0.22000        0.25000        -0.093422
0.97000         0.22000        0.25000        -0.070131
0.98000         0.22000        0.25000        -0.046788
0.99000         0.22000        0.25000        -0.023404
1.0000          0.22000        0.25000        -7.6998E-19
0.0000          0.23000        0.25000        -8.4766E-18
0.010000        0.23000        0.25000        0.023542
0.020000        0.23000        0.25000        0.047067
0.030000        0.23000        0.25000        0.070558
0.040000        0.23000        0.25000        0.094007
0.050000        0.23000        0.25000        0.11740
0.060000        0.23000        0.25000        0.14073
0.070000        0.23000        0.25000        0.16398
0.080000        0.23000        0.25000        0.18715
0.090000        0.23000        0.25000        0.21022
0.10000         0.23000        0.25000        0.23319
0.11000         0.23000        0.25000        0.25605
0.12000         0.23000        0.25000        0.27879
0.13000         0.23000        0.25000        0.30138
0.14000         0.23000        0.25000        0.32384
0.15000         0.23000        0.25000        0.34613
0.16000         0.23000        0.25000        0.36826
0.17000         0.23000        0.25000        0.39020
0.18000         0.23000        0.25000        0.41194
0.19000         0.23000        0.25000        0.43347
0.20000         0.23000        0.25000        0.45476
0.21000         0.23000        0.25000        0.47581
0.22000         0.23000        0.25000        0.49658
0.23000         0.23000        0.25000        0.51705
0.24000         0.23000        0.25000        0.53720
0.25000         0.23000        0.25000        0.55701
0.26000         0.23000        0.25000        0.57643
0.27000         0.23000        0.25000        0.59544
0.28000         0.23000        0.25000        0.61399
0.29000         0.23000        0.25000        0.63205
0.30000         0.23000        0.25000        0.64955
0.31000         0.23000        0.25000        0.66645
0.32000         0.23000        0.25000        0.68267
0.33000         0.23000        0.25000        0.69815
0.34000         0.23000        0.25000        0.71279
0.35000         0.23000        0.25000        0.72648
0.36000         0.23000        0.25000        0.73910
0.37000         0.23000        0.25000        0.75051
0.38000         0.23000        0.25000        0.76051
0.39000         0.23000        0.25000        0.76887
0.40000         0.23000        0.25000        0.77532
0.41000         0.23000        0.25000        0.77947
0.42000         0.23000        0.25000        0.78082
0.43000         0.23000        0.25000        0.77871
0.44000         0.23000        0.25000        0.77215
0.45000         0.23000        0.25000        0.75952
0.46000         0.23000        0.25000        0.73768
0.47000         0.23000        0.25000        0.69895
0.48000         0.23000        0.25000        0.62008
0.49000         0.23000        0.25000        0.42459
0.50000         0.23000        0.25000        -6.0335E-11
0.51000         0.23000        0.25000        -0.42459
0.52000         0.23000        0.25000        -0.62008
0.53000         0.23000        0.25000        -0.69895
0.54000         0.23000        0.25000        -0.73768
0.55000         0.23000        0.25000        -0.75952
0.56000         0.23000        0.25000        -0.77215
0.57000         0.23000        0.25000        -0.77871
0.58000         0.23000        0.25000        -0.78082
0.59000         0.23000        0.25000        -0.77947
0.60000         0.23000        0.25000        -0.77532
0.61000         0.23000        0.25000        -0.76887
0.62000         0.23000        0.25000        -0.76051
0.63000         0.23000        0.25000        -0.75051
0.64000         0.23000        0.25000        -0.73910
0.65000         0.23000        0.25000        -0.72648
0.66000         0.23000        0.25000        -0.71279
0.67000         0.23000        0.25000        -0.69815
0.68000         0.23000        0.25000        -0.68267
0.69000         0.23000        0.25000        -0.66645
0.70000         0.23000        0.25000        -0.64955
0.71000         0.23000        0.25000        -0.63205
0.72000         0.23000        0.25000        -0.61399
0.73000         0.23000        0.25000        -0.59544
0.74000         0.23000        0.25000        -0.57643
0.75000         0.23000        0.25000        -0.55701
0.76000         0.23000        0.25000        -0.53720
0.77000         0.23000        0.25000        -0.51705
0.78000         0.23000        0.25000        -0.49658
0.79000         0.23000        0.25000        -0.47581
0.80000         0.23000        0.25000        -0.45476
0.81000         0.23000        0.25000        -0.43347
0.82000         0.23000        0.25000        -0.41194
0.83000         0.23000        0.25000        -0.39020
0.84000         0.23000        0.25000        -0.36826
0.85000         0.23000        0.25000        -0.34613
0.86000         0.23000        0.25000        -0.32384
0.87000         0.23000        0.25000        -0.30138
0.88000         0.23000        0.25000        -0.27879
0.89000         0.23000        0.25000        -0.25605
0.90000         0.23000        0.25000        -0.23319
0.91000         0.23000        0.25000        -0.21022
0.92000         0.23000        0.25000        -0.18715
0.93000         0.23000        0.25000        -0.16398
0.94000         0.23000        0.25000        -0.14073
0.95000         0.23000        0.25000        -0.11740
0.96000         0.23000        0.25000        -0.094007
0.97000         0.23000        0.25000        -0.070558
0.98000         0.23000        0.25000        -0.047067
0.99000         0.23000        0.25000        -0.023542
1.0000          0.23000        0.25000        2.3955E-18
0.0000          0.24000        0.25000        -1.0682E-18
0.010000        0.24000        0.25000        0.023642
0.020000        0.24000        0.25000        0.047271
0.030000        0.24000        0.25000        0.070875
0.040000        0.24000        0.25000        0.094445
0.050000        0.24000        0.25000        0.11797
0.060000        0.24000        0.25000        0.14144
0.070000        0.24000        0.25000        0.16486
0.080000        0.24000        0.25000        0.18819
0.090000        0.24000        0.25000        0.21146
0.10000         0.24000        0.25000        0.23463
0.11000         0.24000        0.25000        0.25770
0.12000         0.24000        0.25000        0.28066
0.13000         0.24000        0.25000        0.30351
0.14000         0.24000        0.25000        0.32622
0.15000         0.24000        0.25000        0.34880
0.16000         0.24000        0.25000        0.37122
0.17000         0.24000        0.25000        0.39347
0.18000         0.24000        0.25000        0.41554
0.19000         0.24000        0.25000        0.43742
0.20000         0.24000        0.25000        0.45908
0.21000         0.24000        0.25000        0.48051
0.22000         0.24000        0.25000        0.50169
0.23000         0.24000        0.25000        0.52260
0.24000         0.24000        0.25000        0.54321
0.25000         0.24000        0.25000        0.56350
0.26000         0.24000        0.25000        0.58343
0.27000         0.24000        0.25000        0.60298
0.28000         0.24000        0.25000        0.62211
0.29000         0.24000        0.25000        0.64077
0.30000         0.24000        0.25000        0.65892
0.31000         0.24000        0.25000        0.67651
0.32000         0.24000        0.25000        0.69347
0.33000         0.24000        0.25000        0.70973
0.34000         0.24000        0.25000        0.72522
0.35000         0.24000        0.25000        0.73982
0.36000         0.24000        0.25000        0.75344
0.37000         0.24000        0.25000        0.76592
0.38000         0.24000        0.25000        0.77710
0.39000         0.24000        0.25000        0.78678
0.40000         0.24000        0.25000        0.79467
0.41000         0.24000        0.25000        0.80046
0.42000         0.24000        0.25000        0.80369
0.43000         0.24000        0.25000        0.80376
0.44000         0.24000        0.25000        0.79982
0.45000         0.24000        0.25000        0.79052
0.46000         0.24000        0.25000        0.77320
0.47000         0.24000        0.25000        0.74101
0.48000         0.24000        0.25000        0.67117
0.49000         0.24000        0.25000        0.47701
0.50000         0.24000        0.25000        -8.7805E-11
0.51000         0.24000        0.25000        -0.47701
0.52000         0.24000        0.25000        -0.67117
0.53000         0.24000        0.25000        -0.74101
0.54000         0.24000        0.25000        -0.77320
0.55000         0.24000        0.25000        -0.79052
0.56000         0.24000        0.25000        -0.79982
0.57000         0.24000        0.25000        -0.80376
0.58000         0.24000        0.25000        -0.80369
0.59000         0.24000        0.25000        -0.80046
0.60000         0.24000        0.25000        -0.79467
0.61000         0.24000        0.25000        -0.78678
0.62000         0.24000        0.25000        -0.77710
0.63000         0.24000        0.25000        -0.76592
0.64000         0.24000        0.25000        -0.75344
0.65000         0.24000        0.25000        -0.73982
0.66000         0.24000        0.25000        -0.72522
0.67000         0.24000        0.25000        -0.70973
0.68000         0.24000        0.25000        -0.69347
0.69000         0.24000        0.25000        -0.67651
0.70000         0.24000        0.25000        -0.65892
0.71000         0.24000        0.25000        -0.64077
0.72000         0.24000        0.25000        -0.62211
0.73000         0.24000        0.25000        -0.60298
0.74000         0.24000        0.25000        -0.58343
0.75000         0.24000        0.25000        -0.56350
0.76000         0.24000        0.25000        -0.54321
0.77000         0.24000        0.25000        -0.52260
0.78000         0.24000        0.25000        -0.50169
0.79000         0.24000        0.25000        -0.48051
0.80000         0.24000        0.25000        -0.45908
0.81000         0.24000        0.25000        -0.43742
0.82000         0.24000        0.25000        -0.41554
0.83000         0.24000        0.25000        -0.39347
0.84000         0.24000        0.25000        -0.37122
0.85000         0.24000        0.25000        -0.34880
0.86000         0.24000        0.25000        -0.32622
0.87000         0.24000        0.25000        -0.30351
0.88000         0.24000        0.25000        -0.28066
0.89000         0.24000        0.25000        -0.25770
0.90000         0.24000        0.25000        -0.23463
0.91000         0.24000        0.25000        -0.21146
0.92000         0.24000        0.25000        -0.18819
0.93000         0.24000        0.25000        -0.16486
0.94000         0.24000        0.25000        -0.14144
0.95000         0.24000        0.25000        -0.11797
0.96000         0.24000        0.25000        -0.094445
0.97000         0.24000        0.25000        -0.070875
0.98000         0.24000        0.25000        -0.047271
0.99000         0.24000        0.25000        -0.023642
1.0000          0.24000        0.25000        4.2473E-18
0.0000          0.25000        0.25000        0.0000
0.010000        0.25000        0.25000        0.023706
0.020000        0.25000        0.25000        0.047405
0.030000        0.25000        0.25000        0.071085
0.040000        0.25000        0.25000        0.094741
0.050000        0.25000        0.25000        0.11836
0.060000        0.25000        0.25000        0.14195
0.070000        0.25000        0.25000        0.16548
0.080000        0.25000        0.25000        0.18896
0.090000        0.25000        0.25000        0.21237
0.10000         0.25000        0.25000        0.23571
0.11000         0.25000        0.25000        0.25896
0.12000         0.25000        0.25000        0.28212
0.13000         0.25000        0.25000        0.30517
0.14000         0.25000        0.25000        0.32811
0.15000         0.25000        0.25000        0.35093
0.16000         0.25000        0.25000        0.37360
0.17000         0.25000        0.25000        0.39613
0.18000         0.25000        0.25000        0.41849
0.19000         0.25000        0.25000        0.44067
0.20000         0.25000        0.25000        0.46266
0.21000         0.25000        0.25000        0.48444
0.22000         0.25000        0.25000        0.50598
0.23000         0.25000        0.25000        0.52728
0.24000         0.25000        0.25000        0.54830
0.25000         0.25000        0.25000        0.56902
0.26000         0.25000        0.25000        0.58941
0.27000         0.25000        0.25000        0.60945
0.28000         0.25000        0.25000        0.62909
0.29000         0.25000        0.25000        0.64830
0.30000         0.25000        0.25000        0.66704
0.31000         0.25000        0.25000        0.68525
0.32000         0.25000        0.25000        0.70287
0.33000         0.25000        0.25000        0.71985
0.34000         0.25000        0.25000        0.73610
0.35000         0.25000        0.25000        0.75153
0.36000         0.25000        0.25000        0.76605
0.37000         0.25000        0.25000        0.77951
0.38000         0.25000        0.25000        0.79176
0.39000         0.25000        0.25000        0.80262
0.40000         0.25000        0.25000        0.81184
0.41000         0.25000        0.25000        0.81911
0.42000         0.25000        0.25000        0.82402
0.43000         0.25000        0.25000        0.82606
0.44000         0.25000        0.25000        0.82449
0.45000         0.25000        0.25000        0.81817
0.46000         0.25000        0.25000        0.80494
0.47000         0.25000        0.25000        0.77896
0.48000         0.25000        0.25000        0.71868
0.49000         0.25000        0.25000        0.53145
0.50000         0.25000        0.25000        -1.2318E-10
0.51000         0.25000        0.25000        -0.53145
0.52000         0.25000        0.25000        -0.71868
0.53000         0.25000        0.25000        -0.77896
0.54000         0.25000        0.25000        -0.80494
0.55000         0.25000        0.25000        -0.81817
0.56000         0.25000        0.25000        -0.82449
0.57000         0.25000        0.25000        -0.82606
0.58000         0.25000        0.25000        -0.82402
0.59000         0.25000        0.25000        -0.81911
0.60000         0.25000        0.25000        -0.81184
0.61000         0.25000        0.25000        -0.80262
0.62000         0.25000        0.25000        -0.79176
0.63000         0.25000        0.25000        -0.77951
0.64000         0.25000        0.25000        -0.76605
0.65000         0.25000        0.25000        -0.75153
0.66000         0.25000        0.25000        -0.73610
0.67000         0.25000        0.25000        -0.71985
0.68000         0.25000        0.25000        -0.70287
0.69000         0.25000        0.25000        -0.68525
0.70000         0.25000        0.25000        -0.66704
0.71000         0.25000        0.25000        -0.64830
0.72000         0.25000        0.25000        -0.62909
0.73000         0.25000        0.25000        -0.60945
0.74000         0.25000        0.25000        -0.58941
0.75000         0.25000        0.25000        -0.56902
0.76000         0.25000        0.25000        -0.54830
0.77000         0.25000        0.25000        -0.52728
0.78000         0.25000        0.25000        -0.50598
0.79000         0.25000        0.25000        -0.48444
0.80000         0.25000        0.25000        -0.46266
0.81000         0.25000        0.25000        -0.44067
0.82000         0.25000        0.25000        -0.41849
0.83000         0.25000        0.25000        -0.39613
0.84000         0.25000        0.25000        -0.37360
0.85000         0.25000        0.25000        -0.35093
0.86000         0.25000        0.25000        -0.32811
0.87000         0.25000        0.25000        -0.30517
0.88000         0.25000        0.25000        -0.28212
0.89000         0.25000        0.25000        -0.25896
0.90000         0.25000        0.25000        -0.23571
0.91000         0.25000        0.25000        -0.21237
0.92000         0.25000        0.25000        -0.18896
0.93000         0.25000        0.25000        -0.16548
0.94000         0.25000        0.25000        -0.14195
0.95000         0.25000        0.25000        -0.11836
0.96000         0.25000        0.25000        -0.094741
0.97000         0.25000        0.25000        -0.071085
0.98000         0.25000        0.25000        -0.047405
0.99000         0.25000        0.25000        -0.023706
1.0000          0.25000        0.25000        4.2755E-18
0.0000          0.26000        0.25000        0.0000
0.010000        0.26000        0.25000        0.023736
0.020000        0.26000        0.25000        0.047469
0.030000        0.26000        0.25000        0.071190
0.040000        0.26000        0.25000        0.094899
0.050000        0.26000        0.25000        0.11859
0.060000        0.26000        0.25000        0.14224
0.070000        0.26000        0.25000        0.16587
0.080000        0.26000        0.25000        0.18945
0.090000        0.26000        0.25000        0.21298
0.10000         0.26000        0.25000        0.23645
0.11000         0.26000        0.25000        0.25985
0.12000         0.26000        0.25000        0.28317
0.13000         0.26000        0.25000        0.30640
0.14000         0.26000        0.25000        0.32953
0.15000         0.26000        0.25000        0.35255
0.16000         0.26000        0.25000        0.37544
0.17000         0.26000        0.25000        0.39821
0.18000         0.26000        0.25000        0.42082
0.19000         0.26000        0.25000        0.44327
0.20000         0.26000        0.25000        0.46555
0.21000         0.26000        0.25000        0.48763
0.22000         0.26000        0.25000        0.50950
0.23000         0.26000        0.25000        0.53113
0.24000         0.26000        0.25000        0.55252
0.25000         0.26000        0.25000        0.57362
0.26000         0.26000        0.25000        0.59443
0.27000         0.26000        0.25000        0.61490
0.28000         0.26000        0.25000        0.63500
0.29000         0.26000        0.25000        0.65471
0.30000         0.26000        0.25000        0.67397
0.31000         0.26000        0.25000        0.69273
0.32000         0.26000        0.25000        0.71096
0.33000         0.26000        0.25000        0.72858
0.34000         0.26000        0.25000        0.74552
0.35000         0.26000        0.25000        0.76171
0.36000         0.26000        0.25000        0.77703
0.37000         0.26000        0.25000        0.79137
0.38000         0.26000        0.25000        0.80460
0.39000         0.26000        0.25000        0.81652
0.40000         0.26000        0.25000        0.82693
0.41000         0.26000        0.25000        0.83553
0.42000         0.26000        0.25000        0.84197
0.43000         0.26000        0.25000        0.84578
0.44000         0.26000        0.25000        0.84632
0.45000         0.26000        0.25000        0.84265
0.46000         0.26000        0.25000        0.83303
0.47000         0.26000        0.25000        0.81266
0.48000         0.26000        0.25000        0.76081
0.49000         0.26000        0.25000        0.58253
0.50000         0.26000        0.25000        -1.6465E-10
0.51000         0.26000        0.25000        -0.58253
0.52000         0.26000        0.25000        -0.76081
0.53000         0.26000        0.25000        -0.81266
0.54000         0.26000        0.25000        -0.83303
0.55000         0.26000        0.25000        -0.84265
0.56000         0.26000        0.25000        -0.84632
0.57000         0.26000        0.25000        -0.84578
0.58000         0.26000        0.25000        -0.84197
0.59000         0.26000        0.25000        -0.83553
0.60000         0.26000        0.25000        -0.82693
0.61000         0.26000        0.25000        -0.81652
0.62000         0.26000        0.25000        -0.80460
0.63000         0.26000        0.25000        -0.79137
0.64000         0.26000        0.25000        -0.77703
0.65000         0.26000        0.25000        -0.76171
0.66000         0.26000        0.25000        -0.74552
0.67000         0.26000        0.25000        -0.72858
0.68000         0.26000        0.25000        -0.71096
0.69000         0.26000        0.25000        -0.69273
0.70000         0.26000        0.25000        -0.67397
0.71000         0.26000        0.25000        -0.65471
0.72000         0.26000        0.25000        -0.63500
0.73000         0.26000        0.25000        -0.61490
0.74000         0.26000        0.25000        -0.59443
0.75000         0.26000        0.25000        -0.57362
0.76000         0.26000        0.25000        -0.55252
0.77000         0.26000        0.25000        -0.53113
0.78000         0.26000        0.25000        -0.50950
0.79000         0.26000        0.25000        -0.48763
0.80000         0.26000        0.25000        -0.46555
0.81000         0.26000        0.25000        -0.44327
0.82000         0.26000        0.25000        -0.42082
0.83000         0.26000        0.25000        -0.39821
0.84000         0.26000        0.25000        -0.37544
0.85000         0.26000        0.25000        -0.35255
0.86000         0.26000        0.25000        -0.32953
0.87000         0.26000        0.25000        -0.30640
0.88000         0.26000        0.25000        -0.28317
0.89000         0.26000        0.25000        -0.25985
0.90000         0.26000        0.25000        -0.23645
0.91000         0.26000        0.25000        -0.21298
0.92000         0.26000        0.25000        -0.18945
0.93000         0.26000        0.25000        -0.16587
0.94000         0.26000        0.25000        -0.14224
0.95000         0.26000        0.25000        -0.11859
0.96000         0.26000        0.25000        -0.094899
0.97000         0.26000        0.25000        -0.071190
0.98000         0.26000        0.25000        -0.047469
0.99000         0.26000        0.25000        -0.023736
1.0000          0.26000        0.25000        5.4839E-19
0.0000          0.27000        0.25000        5.3617E-19
0.010000        0.27000        0.25000        0.023731
0.020000        0.27000        0.25000        0.047463
0.030000        0.27000        0.25000        0.071193
0.040000        0.27000        0.25000        0.094920
0.050000        0.27000        0.25000        0.11864
0.060000        0.27000        0.25000        0.14234
0.070000        0.27000        0.25000        0.16602
0.080000        0.27000        0.25000        0.18967
0.090000        0.27000        0.25000        0.21329
0.10000         0.27000        0.25000        0.23686
0.11000         0.27000        0.25000        0.26037
0.12000         0.27000        0.25000        0.28382
0.13000         0.27000        0.25000        0.30719
0.14000         0.27000        0.25000        0.33048
0.15000         0.27000        0.25000        0.35367
0.16000         0.27000        0.25000        0.37676
0.17000         0.27000        0.25000        0.39972
0.18000         0.27000        0.25000        0.42255
0.19000         0.27000        0.25000        0.44524
0.20000         0.27000        0.25000        0.46776
0.21000         0.27000        0.25000        0.49011
0.22000         0.27000        0.25000        0.51226
0.23000         0.27000        0.25000        0.53420
0.24000         0.27000        0.25000        0.55591
0.25000         0.27000        0.25000        0.57735
0.26000         0.27000        0.25000        0.59852
0.27000         0.27000        0.25000        0.61938
0.28000         0.27000        0.25000        0.63990
0.29000         0.27000        0.25000        0.66004
0.30000         0.27000        0.25000        0.67977
0.31000         0.27000        0.25000        0.69904
0.32000         0.27000        0.25000        0.71781
0.33000         0.27000        0.25000        0.73600
0.34000         0.27000        0.25000        0.75357
0.35000         0.27000        0.25000        0.77042
0.36000         0.27000        0.25000        0.78647
0.37000         0.27000        0.25000        0.80161
0.38000         0.27000        0.25000        0.81571
0.39000         0.27000        0.25000        0.82859
0.40000         0.27000        0.25000        0.84007
0.41000         0.27000        0.25000        0.84987
0.42000         0.27000        0.25000        0.85767
0.43000         0.27000        0.25000        0.86305
0.44000         0.27000        0.25000        0.86547
0.45000         0.27000        0.25000        0.86414
0.46000         0.27000        0.25000        0.85771
0.47000         0.27000        0.25000        0.84265
0.48000         0.27000        0.25000        0.79982
0.49000         0.27000        0.25000        0.62859
0.50000         0.27000        0.25000        -2.0294E-10
0.51000         0.27000        0.25000        -0.62859
0.52000         0.27000        0.25000        -0.79982
0.53000         0.27000        0.25000        -0.84265
0.54000         0.27000        0.25000        -0.85771
0.55000         0.27000        0.25000        -0.86414
0.56000         0.27000        0.25000        -0.86547
0.57000         0.27000        0.25000        -0.86305
0.58000         0.27000        0.25000        -0.85767
0.59000         0.27000        0.25000        -0.84987
0.60000         0.27000        0.25000        -0.84007
0.61000         0.27000        0.25000        -0.82859
0.62000         0.27000        0.25000        -0.81571
0.63000         0.27000        0.25000        -0.80161
0.64000         0.27000        0.25000        -0.78647
0.65000         0.27000        0.25000        -0.77042
0.66000         0.27000        0.25000        -0.75357
0.67000         0.27000        0.25000        -0.73600
0.68000         0.27000        0.25000        -0.71781
0.69000         0.27000        0.25000        -0.69904
0.70000         0.27000        0.25000        -0.67977
0.71000         0.27000        0.25000        -0.66004
0.72000         0.27000        0.25000        -0.63990
0.73000         0.27000        0.25000        -0.61938
0.74000         0.27000        0.25000        -0.59852
0.75000         0.27000        0.25000        -0.57735
0.76000         0.27000        0.25000        -0.55591
0.77000         0.27000        0.25000        -0.53420
0.78000         0.27000        0.25000        -0.51226
0.79000         0.27000        0.25000        -0.49011
0.80000         0.27000        0.25000        -0.46776
0.81000         0.27000        0.25000        -0.44524
0.82000         0.27000        0.25000        -0.42255
0.83000         0.27000        0.25000        -0.39972
0.84000         0.27000        0.25000        -0.37676
0.85000         0.27000        0.25000        -0.35367
0.86000         0.27000        0.25000        -0.33048
0.87000         0.27000        0.25000        -0.30719
0.88000         0.27000        0.25000        -0.28382
0.89000         0.27000        0.25000        -0.26037
0.90000         0.27000        0.25000        -0.23686
0.91000         0.27000        0.25000        -0.21329
0.92000         0.27000        0.25000        -0.18967
0.93000         0.27000        0.25000        -0.16602
0.94000         0.27000        0.25000        -0.14234
0.95000         0.27000        0.25000        -0.11864
0.96000         0.27000        0.25000        -0.094920
0.97000         0.27000        0.25000        -0.071193
0.98000         0.27000        0.25000        -0.047463
0.99000         0.27000        0.25000        -0.023731
1.0000          0.27000        0.25000        4.2206E-22
0.0000          0.28000        0.25000        5.3525E-19
0.010000        0.28000        0.25000        0.023691
0.020000        0.28000        0.25000        0.047389
0.030000        0.28000        0.25000        0.071093
0.040000        0.28000        0.25000        0.094805
0.050000        0.28000        0.25000        0.11852
0.060000        0.28000        0.25000        0.14223
0.070000        0.28000        0.25000        0.16594
0.080000        0.28000        0.25000        0.18963
0.090000        0.28000        0.25000        0.21330
0.10000         0.28000        0.25000        0.23694
0.11000         0.28000        0.25000        0.26054
0.12000         0.28000        0.25000        0.28408
0.13000         0.28000        0.25000        0.30757
0.14000         0.28000        0.25000        0.33098
0.15000         0.28000        0.25000        0.35432
0.16000         0.28000        0.25000        0.37756
0.17000         0.28000        0.25000        0.40069
0.18000         0.28000        0.25000        0.42371
0.19000         0.28000        0.25000        0.44659
0.20000         0.28000        0.25000        0.46933
0.21000         0.28000        0.25000        0.49191
0.22000         0.28000        0.25000        0.51431
0.23000         0.28000        0.25000        0.53651
0.24000         0.28000        0.25000        0.55850
0.25000         0.28000        0.25000        0.58025
0.26000         0.28000        0.25000        0.60174
0.27000         0.28000        0.25000        0.62294
0.28000         0.28000        0.25000        0.64383
0.29000         0.28000        0.25000        0.66436
0.30000         0.28000        0.25000        0.68451
0.31000         0.28000        0.25000        0.70423
0.32000         0.28000        0.25000        0.72347
0.33000         0.28000        0.25000        0.74218
0.34000         0.28000        0.25000        0.76030
0.35000         0.28000        0.25000        0.77775
0.36000         0.28000        0.25000        0.79446
0.37000         0.28000        0.25000        0.81030
0.38000         0.28000        0.25000        0.82518
0.39000         0.28000        0.25000        0.83892
0.40000         0.28000        0.25000        0.85135
0.41000         0.28000        0.25000        0.86221
0.42000         0.28000        0.25000        0.87122
0.43000         0.28000        0.25000        0.87799
0.44000         0.28000        0.25000        0.88206
0.45000         0.28000        0.25000        0.88277
0.46000         0.28000        0.25000        0.87897
0.47000         0.28000        0.25000        0.86843
0.48000         0.28000        0.25000        0.83362
0.49000         0.28000        0.25000        0.67266
0.50000         0.28000        0.25000        -2.4216E-10
0.51000         0.28000        0.25000        -0.67266
0.52000         0.28000        0.25000        -0.83362
0.53000         0.28000        0.25000        -0.86843
0.54000         0.28000        0.25000        -0.87897
0.55000         0.28000        0.25000        -0.88277
0.56000         0.28000        0.25000        -0.88206
0.57000         0.28000        0.25000        -0.87799
0.58000         0.28000        0.25000        -0.87122
0.59000         0.28000        0.25000        -0.86221
0.60000         0.28000        0.25000        -0.85135
0.61000         0.28000        0.25000        -0.83892
0.62000         0.28000        0.25000        -0.82518
0.63000         0.28000        0.25000        -0.81030
0.64000         0.28000        0.25000        -0.79446
0.65000         0.28000        0.25000        -0.77775
0.66000         0.28000        0.25000        -0.76030
0.67000         0.28000        0.25000        -0.74218
0.68000         0.28000        0.25000        -0.72347
0.69000         0.28000        0.25000        -0.70423
0.70000         0.28000        0.25000        -0.68451
0.71000         0.28000        0.25000        -0.66436
0.72000         0.28000        0.25000        -0.64383
0.73000         0.28000        0.25000        -0.62294
0.74000         0.28000        0.25000        -0.60174
0.75000         0.28000        0.25000        -0.58025
0.76000         0.28000        0.25000        -0.55850
0.77000         0.28000        0.25000        -0.53651
0.78000         0.28000        0.25000        -0.51431
0.79000         0.28000        0.25000        -0.49191
0.80000         0.28000        0.25000        -0.46933
0.81000         0.28000        0.25000        -0.44659
0.82000         0.28000        0.25000        -0.42371
0.83000         0.28000        0.25000        -0.40069
0.84000         0.28000        0.25000        -0.37756
0.85000         0.28000        0.25000        -0.35432
0.86000         0.28000        0.25000        -0.33098
0.87000         0.28000        0.25000        -0.30757
0.88000         0.28000        0.25000        -0.28408
0.89000         0.28000        0.25000        -0.26054
0.90000         0.28000        0.25000        -0.23694
0.91000         0.28000        0.25000        -0.21330
0.92000         0.28000        0.25000        -0.18963
0.93000         0.28000        0.25000        -0.16594
0.94000         0.28000        0.25000        -0.14223
0.95000         0.28000        0.25000        -0.11852
0.96000         0.28000        0.25000        -0.094805
0.97000         0.28000        0.25000        -0.071093
0.98000         0.28000        0.25000        -0.047389
0.99000         0.28000        0.25000        -0.023691
1.0000          0.28000        0.25000        0.0000
0.0000          0.29000        0.25000        -4.2462E-18
0.010000        0.29000        0.25000        0.023617
0.020000        0.29000        0.25000        0.047245
0.030000        0.29000        0.25000        0.070889
0.040000        0.29000        0.25000        0.094553
0.050000        0.29000        0.25000        0.11823
0.060000        0.29000        0.25000        0.14193
0.070000        0.29000        0.25000        0.16563
0.080000        0.29000        0.25000        0.18933
0.090000        0.29000        0.25000        0.21303
0.10000         0.29000        0.25000        0.23670
0.11000         0.29000        0.25000        0.26035
0.12000         0.29000        0.25000        0.28397
0.13000         0.29000        0.25000        0.30754
0.14000         0.29000        0.25000        0.33105
0.15000         0.29000        0.25000        0.35449
0.16000         0.29000        0.25000        0.37786
0.17000         0.29000        0.25000        0.40113
0.18000         0.29000        0.25000        0.42430
0.19000         0.29000        0.25000        0.44735
0.20000         0.29000        0.25000        0.47027
0.21000         0.29000        0.25000        0.49305
0.22000         0.29000        0.25000        0.51566
0.23000         0.29000        0.25000        0.53810
0.24000         0.29000        0.25000        0.56033
0.25000         0.29000        0.25000        0.58234
0.26000         0.29000        0.25000        0.60411
0.27000         0.29000        0.25000        0.62562
0.28000         0.29000        0.25000        0.64682
0.29000         0.29000        0.25000        0.66770
0.30000         0.29000        0.25000        0.68822
0.31000         0.29000        0.25000        0.70834
0.32000         0.29000        0.25000        0.72800
0.33000         0.29000        0.25000        0.74717
0.34000         0.29000        0.25000        0.76579
0.35000         0.29000        0.25000        0.78377
0.36000         0.29000        0.25000        0.80105
0.37000         0.29000        0.25000        0.81753
0.38000         0.29000        0.25000        0.83310
0.39000         0.29000        0.25000        0.84760
0.40000         0.29000        0.25000        0.86087
0.41000         0.29000        0.25000        0.87269
0.42000         0.29000        0.25000        0.88276
0.43000         0.29000        0.25000        0.89075
0.44000         0.29000        0.25000        0.89627
0.45000         0.29000        0.25000        0.89876
0.46000         0.29000        0.25000        0.89719
0.47000         0.29000        0.25000        0.89045
0.48000         0.29000        0.25000        0.86245
0.49000         0.29000        0.25000        0.71018
0.50000         0.29000        0.25000        -2.6797E-10
0.51000         0.29000        0.25000        -0.71018
0.52000         0.29000        0.25000        -0.86245
0.53000         0.29000        0.25000        -0.89045
0.54000         0.29000        0.25000        -0.89719
0.55000         0.29000        0.25000        -0.89876
0.56000         0.29000        0.25000        -0.89627
0.57000         0.29000        0.25000        -0.89075
0.58000         0.29000        0.25000        -0.88276
0.59000         0.29000        0.25000        -0.87269
0.60000         0.29000        0.25000        -0.86087
0.61000         0.29000        0.25000        -0.84760
0.62000         0.29000        0.25000        -0.83310
0.63000         0.29000        0.25000        -0.81753
0.64000         0.29000        0.25000        -0.80105
0.65000         0.29000        0.25000        -0.78377
0.66000         0.29000        0.25000        -0.76579
0.67000         0.29000        0.25000        -0.74717
0.68000         0.29000        0.25000        -0.72800
0.69000         0.29000        0.25000        -0.70834
0.70000         0.29000        0.25000        -0.68822
0.71000         0.29000        0.25000        -0.66770
0.72000         0.29000        0.25000        -0.64682
0.73000         0.29000        0.25000        -0.62562
0.74000         0.29000        0.25000        -0.60411
0.75000         0.29000        0.25000        -0.58234
0.76000         0.29000        0.25000        -0.56033
0.77000         0.29000        0.25000        -0.53810
0.78000         0.29000        0.25000        -0.51566
0.79000         0.29000        0.25000        -0.49305
0.80000         0.29000        0.25000        -0.47027
0.81000         0.29000        0.25000        -0.44735
0.82000         0.29000        0.25000        -0.42430
0.83000         0.29000        0.25000        -0.40113
0.84000         0.29000        0.25000        -0.37786
0.85000         0.29000        0.25000        -0.35449
0.86000         0.29000        0.25000        -0.33105
0.87000         0.29000        0.25000        -0.30754
0.88000         0.29000        0.25000        -0.28397
0.89000         0.29000        0.25000        -0.26035
0.90000         0.29000        0.25000        -0.23670
0.91000         0.29000        0.25000        -0.21303
0.92000         0.29000        0.25000        -0.18933
0.93000         0.29000        0.25000        -0.16563
0.94000         0.29000        0.25000        -0.14193
0.95000         0.29000        0.25000        -0.11823
0.96000         0.29000        0.25000        -0.094553
0.97000         0.29000        0.25000        -0.070889
0.98000         0.29000        0.25000        -0.047245
0.99000         0.29000        0.25000        -0.023617
1.0000          0.29000        0.25000        3.7244E-18
0.0000          0.30000        0.25000        3.7008E-18
0.010000        0.30000        0.25000        0.023506
0.020000        0.30000        0.25000        0.047030
0.030000        0.30000        0.25000        0.070579
0.040000        0.30000        0.25000        0.094161
0.050000        0.30000        0.25000        0.11777
0.060000        0.30000        0.25000        0.14142
0.070000        0.30000        0.25000        0.16508
0.080000        0.30000        0.25000        0.18876
0.090000        0.30000        0.25000        0.21245
0.10000         0.30000        0.25000        0.23614
0.11000         0.30000        0.25000        0.25982
0.12000         0.30000        0.25000        0.28347
0.13000         0.30000        0.25000        0.30709
0.14000         0.30000        0.25000        0.33067
0.15000         0.30000        0.25000        0.35420
0.16000         0.30000        0.25000        0.37766
0.17000         0.30000        0.25000        0.40105
0.18000         0.30000        0.25000        0.42434
0.19000         0.30000        0.25000        0.44753
0.20000         0.30000        0.25000        0.47060
0.21000         0.30000        0.25000        0.49354
0.22000         0.30000        0.25000        0.51634
0.23000         0.30000        0.25000        0.53897
0.24000         0.30000        0.25000        0.56141
0.25000         0.30000        0.25000        0.58365
0.26000         0.30000        0.25000        0.60567
0.27000         0.30000        0.25000        0.62744
0.28000         0.30000        0.25000        0.64893
0.29000         0.30000        0.25000        0.67011
0.30000         0.30000        0.25000        0.69095
0.31000         0.30000        0.25000        0.71141
0.32000         0.30000        0.25000        0.73145
0.33000         0.30000        0.25000        0.75103
0.34000         0.30000        0.25000        0.77008
0.35000         0.30000        0.25000        0.78853
0.36000         0.30000        0.25000        0.80633
0.37000         0.30000        0.25000        0.82336
0.38000         0.30000        0.25000        0.83954
0.39000         0.30000        0.25000        0.85472
0.40000         0.30000        0.25000        0.86873
0.41000         0.30000        0.25000        0.88138
0.42000         0.30000        0.25000        0.89239
0.43000         0.30000        0.25000        0.90145
0.44000         0.30000        0.25000        0.90824
0.45000         0.30000        0.25000        0.91228
0.46000         0.30000        0.25000        0.91251
0.47000         0.30000        0.25000        0.90901
0.48000         0.30000        0.25000        0.88866
0.49000         0.30000        0.25000        0.74517
0.50000         0.30000        0.25000        -2.6529E-10
0.51000         0.30000        0.25000        -0.74517
0.52000         0.30000        0.25000        -0.88866
0.53000         0.30000        0.25000        -0.90901
0.54000         0.30000        0.25000        -0.91251
0.55000         0.30000        0.25000        -0.91228
0.56000         0.30000        0.25000        -0.90824
0.57000         0.30000        0.25000        -0.90145
0.58000         0.30000        0.25000        -0.89239
0.59000         0.30000        0.25000        -0.88138
0.60000         0.30000        0.25000        -0.86873
0.61000         0.30000        0.25000        -0.85472
0.62000         0.30000        0.25000        -0.83954
0.63000         0.30000        0.25000        -0.82336
0.64000         0.30000        0.25000        -0.80633
0.65000         0.30000        0.25000        -0.78853
0.66000         0.30000        0.25000        -0.77008
0.67000         0.30000        0.25000        -0.75103
0.68000         0.30000        0.25000        -0.73145
0.69000         0.30000        0.25000        -0.71141
0.70000         0.30000        0.25000        -0.69095
0.71000         0.30000        0.25000        -0.67011
0.72000         0.30000        0.25000        -0.64893
0.73000         0.30000        0.25000        -0.62744
0.74000         0.30000        0.25000        -0.60567
0.75000         0.30000        0.25000        -0.58365
0.76000         0.30000        0.25000        -0.56141
0.77000         0.30000        0.25000        -0.53897
0.78000         0.30000        0.25000        -0.51634
0.79000         0.30000        0.25000        -0.49354
0.80000         0.30000        0.25000        -0.47060
0.81000         0.30000        0.25000        -0.44753
0.82000         0.30000        0.25000        -0.42434
0.83000         0.30000        0.25000        -0.40105
0.84000         0.30000        0.25000        -0.37766
0.85000         0.30000        0.25000        -0.35420
0.86000         0.30000        0.25000        -0.33067
0.87000         0.30000        0.25000        -0.30709
0.88000         0.30000        0.25000        -0.28347
0.89000         0.30000        0.25000        -0.25982
0.90000         0.30000        0.25000        -0.23614
0.91000         0.30000        0.25000        -0.21245
0.92000         0.30000        0.25000        -0.18876
0.93000         0.30000        0.25000        -0.16508
0.94000         0.30000        0.25000        -0.14142
0.95000         0.30000        0.25000        -0.11777
0.96000         0.30000        0.25000        -0.094161
0.97000         0.30000        0.25000        -0.070579
0.98000         0.30000        0.25000        -0.047030
0.99000         0.30000        0.25000        -0.023506
1.0000          0.30000        0.25000        2.1131E-18
0.0000          0.31000        0.25000        -5.2015E-19
0.010000        0.31000        0.25000        0.023358
0.020000        0.31000        0.25000        0.046741
0.030000        0.31000        0.25000        0.070160
0.040000        0.31000        0.25000        0.093625
0.050000        0.31000        0.25000        0.11714
0.060000        0.31000        0.25000        0.14069
0.070000        0.31000        0.25000        0.16429
0.080000        0.31000        0.25000        0.18792
0.090000        0.31000        0.25000        0.21158
0.10000         0.31000        0.25000        0.23525
0.11000         0.31000        0.25000        0.25892
0.12000         0.31000        0.25000        0.28259
0.13000         0.31000        0.25000        0.30624
0.14000         0.31000        0.25000        0.32986
0.15000         0.31000        0.25000        0.35345
0.16000         0.31000        0.25000        0.37698
0.17000         0.31000        0.25000        0.40044
0.18000         0.31000        0.25000        0.42383
0.19000         0.31000        0.25000        0.44713
0.20000         0.31000        0.25000        0.47033
0.21000         0.31000        0.25000        0.49341
0.22000         0.31000        0.25000        0.51635
0.23000         0.31000        0.25000        0.53915
0.24000         0.31000        0.25000        0.56177
0.25000         0.31000        0.25000        0.58421
0.26000         0.31000        0.25000        0.60643
0.27000         0.31000        0.25000        0.62842
0.28000         0.31000        0.25000        0.65016
0.29000         0.31000        0.25000        0.67160
0.30000         0.31000        0.25000        0.69273
0.31000         0.31000        0.25000        0.71349
0.32000         0.31000        0.25000        0.73386
0.33000         0.31000        0.25000        0.75379
0.34000         0.31000        0.25000        0.77322
0.35000         0.31000        0.25000        0.79209
0.36000         0.31000        0.25000        0.81033
0.37000         0.31000        0.25000        0.82786
0.38000         0.31000        0.25000        0.84457
0.39000         0.31000        0.25000        0.86033
0.40000         0.31000        0.25000        0.87500
0.41000         0.31000        0.25000        0.88838
0.42000         0.31000        0.25000        0.90021
0.43000         0.31000        0.25000        0.91020
0.44000         0.31000        0.25000        0.91808
0.45000         0.31000        0.25000        0.92348
0.46000         0.31000        0.25000        0.92518
0.47000         0.31000        0.25000        0.92396
0.48000         0.31000        0.25000        0.91052
0.49000         0.31000        0.25000        0.77255
0.50000         0.31000        0.25000        -2.2965E-10
0.51000         0.31000        0.25000        -0.77255
0.52000         0.31000        0.25000        -0.91052
0.53000         0.31000        0.25000        -0.92396
0.54000         0.31000        0.25000        -0.92518
0.55000         0.31000        0.25000        -0.92348
0.56000         0.31000        0.25000        -0.91808
0.57000         0.31000        0.25000        -0.91020
0.58000         0.31000        0.25000        -0.90021
0.59000         0.31000        0.25000        -0.88838
0.60000         0.31000        0.25000        -0.87500
0.61000         0.31000        0.25000        -0.86033
0.62000         0.31000        0.25000        -0.84457
0.63000         0.31000        0.25000        -0.82786
0.64000         0.31000        0.25000        -0.81033
0.65000         0.31000        0.25000        -0.79209
0.66000         0.31000        0.25000        -0.77322
0.67000         0.31000        0.25000        -0.75379
0.68000         0.31000        0.25000        -0.73386
0.69000         0.31000        0.25000        -0.71349
0.70000         0.31000        0.25000        -0.69272
0.71000         0.31000        0.25000        -0.67160
0.72000         0.31000        0.25000        -0.65016
0.73000         0.31000        0.25000        -0.62842
0.74000         0.31000        0.25000        -0.60643
0.75000         0.31000        0.25000        -0.58421
0.76000         0.31000        0.25000        -0.56177
0.77000         0.31000        0.25000        -0.53914
0.78000         0.31000        0.25000        -0.51635
0.79000         0.31000        0.25000        -0.49341
0.80000         0.31000        0.25000        -0.47033
0.81000         0.31000        0.25000        -0.44713
0.82000         0.31000        0.25000        -0.42383
0.83000         0.31000        0.25000        -0.40044
0.84000         0.31000        0.25000        -0.37698
0.85000         0.31000        0.25000        -0.35345
0.86000         0.31000        0.25000        -0.32986
0.87000         0.31000        0.25000        -0.30624
0.88000         0.31000        0.25000        -0.28259
0.89000         0.31000        0.25000        -0.25892
0.90000         0.31000        0.25000        -0.23525
0.91000         0.31000        0.25000        -0.21158
0.92000         0.31000        0.25000        -0.18792
0.93000         0.31000        0.25000        -0.16429
0.94000         0.31000        0.25000        -0.14069
0.95000         0.31000        0.25000        -0.11714
0.96000         0.31000        0.25000        -0.093625
0.97000         0.31000        0.25000        -0.070160
0.98000         0.31000        0.25000        -0.046741
0.99000         0.31000        0.25000        -0.023358
1.0000          0.31000        0.25000        7.2244E-21
0.0000          0.32000        0.25000        -4.1654E-18
0.010000        0.32000        0.25000        0.023172
0.020000        0.32000        0.25000        0.046375
0.030000        0.32000        0.25000        0.069627
0.040000        0.32000        0.25000        0.092940
0.050000        0.32000        0.25000        0.11632
0.060000        0.32000        0.25000        0.13976
0.070000        0.32000        0.25000        0.16326
0.080000        0.32000        0.25000        0.18681
0.090000        0.32000        0.25000        0.21040
0.10000         0.32000        0.25000        0.23403
0.11000         0.32000        0.25000        0.25767
0.12000         0.32000        0.25000        0.28132
0.13000         0.32000        0.25000        0.30497
0.14000         0.32000        0.25000        0.32861
0.15000         0.32000        0.25000        0.35222
0.16000         0.32000        0.25000        0.37580
0.17000         0.32000        0.25000        0.39932
0.18000         0.32000        0.25000        0.42278
0.19000         0.32000        0.25000        0.44616
0.20000         0.32000        0.25000        0.46945
0.21000         0.32000        0.25000        0.49264
0.22000         0.32000        0.25000        0.51571
0.23000         0.32000        0.25000        0.53864
0.24000         0.32000        0.25000        0.56141
0.25000         0.32000        0.25000        0.58401
0.26000         0.32000        0.25000        0.60641
0.27000         0.32000        0.25000        0.62860
0.28000         0.32000        0.25000        0.65054
0.29000         0.32000        0.25000        0.67221
0.30000         0.32000        0.25000        0.69357
0.31000         0.32000        0.25000        0.71460
0.32000         0.32000        0.25000        0.73526
0.33000         0.32000        0.25000        0.75549
0.34000         0.32000        0.25000        0.77525
0.35000         0.32000        0.25000        0.79448
0.36000         0.32000        0.25000        0.81311
0.37000         0.32000        0.25000        0.83107
0.38000         0.32000        0.25000        0.84824
0.39000         0.32000        0.25000        0.86452
0.40000         0.32000        0.25000        0.87976
0.41000         0.32000        0.25000        0.89377
0.42000         0.32000        0.25000        0.90630
0.43000         0.32000        0.25000        0.91710
0.44000         0.32000        0.25000        0.92593
0.45000         0.32000        0.25000        0.93252
0.46000         0.32000        0.25000        0.93541
0.47000         0.32000        0.25000        0.93600
0.48000         0.32000        0.25000        0.92910
0.49000         0.32000        0.25000        0.79722
0.50000         0.32000        0.25000        -1.4003E-10
0.51000         0.32000        0.25000        -0.79722
0.52000         0.32000        0.25000        -0.92910
0.53000         0.32000        0.25000        -0.93600
0.54000         0.32000        0.25000        -0.93541
0.55000         0.32000        0.25000        -0.93252
0.56000         0.32000        0.25000        -0.92593
0.57000         0.32000        0.25000        -0.91710
0.58000         0.32000        0.25000        -0.90630
0.59000         0.32000        0.25000        -0.89377
0.60000         0.32000        0.25000        -0.87976
0.61000         0.32000        0.25000        -0.86452
0.62000         0.32000        0.25000        -0.84824
0.63000         0.32000        0.25000        -0.83107
0.64000         0.32000        0.25000        -0.81311
0.65000         0.32000        0.25000        -0.79448
0.66000         0.32000        0.25000        -0.77525
0.67000         0.32000        0.25000        -0.75549
0.68000         0.32000        0.25000        -0.73526
0.69000         0.32000        0.25000        -0.71460
0.70000         0.32000        0.25000        -0.69357
0.71000         0.32000        0.25000        -0.67221
0.72000         0.32000        0.25000        -0.65054
0.73000         0.32000        0.25000        -0.62860
0.74000         0.32000        0.25000        -0.60641
0.75000         0.32000        0.25000        -0.58401
0.76000         0.32000        0.25000        -0.56141
0.77000         0.32000        0.25000        -0.53864
0.78000         0.32000        0.25000        -0.51571
0.79000         0.32000        0.25000        -0.49264
0.80000         0.32000        0.25000        -0.46945
0.81000         0.32000        0.25000        -0.44616
0.82000         0.32000        0.25000        -0.42278
0.83000         0.32000        0.25000        -0.39932
0.84000         0.32000        0.25000        -0.37580
0.85000         0.32000        0.25000        -0.35222
0.86000         0.32000        0.25000        -0.32861
0.87000         0.32000        0.25000        -0.30497
0.88000         0.32000        0.25000        -0.28132
0.89000         0.32000        0.25000        -0.25767
0.90000         0.32000        0.25000        -0.23403
0.91000         0.32000        0.25000        -0.21040
0.92000         0.32000        0.25000        -0.18681
0.93000         0.32000        0.25000        -0.16326
0.94000         0.32000        0.25000        -0.13976
0.95000         0.32000        0.25000        -0.11632
0.96000         0.32000        0.25000        -0.092940
0.97000         0.32000        0.25000        -0.069627
0.98000         0.32000        0.25000        -0.046375
0.99000         0.32000        0.25000        -0.023172
1.0000          0.32000        0.25000        -3.1079E-18
0.0000          0.33000        0.25000        6.0031E-21
0.010000        0.33000        0.25000        0.022945
0.020000        0.33000        0.25000        0.045929
0.030000        0.33000        0.25000        0.068974
0.040000        0.33000        0.25000        0.092099
0.050000        0.33000        0.25000        0.11531
0.060000        0.33000        0.25000        0.13860
0.070000        0.33000        0.25000        0.16197
0.080000        0.33000        0.25000        0.18541
0.090000        0.33000        0.25000        0.20891
0.10000         0.33000        0.25000        0.23246
0.11000         0.33000        0.25000        0.25604
0.12000         0.33000        0.25000        0.27966
0.13000         0.33000        0.25000        0.30328
0.14000         0.33000        0.25000        0.32691
0.15000         0.33000        0.25000        0.35053
0.16000         0.33000        0.25000        0.37412
0.17000         0.33000        0.25000        0.39767
0.18000         0.33000        0.25000        0.42118
0.19000         0.33000        0.25000        0.44462
0.20000         0.33000        0.25000        0.46798
0.21000         0.33000        0.25000        0.49125
0.22000         0.33000        0.25000        0.51441
0.23000         0.33000        0.25000        0.53745
0.24000         0.33000        0.25000        0.56034
0.25000         0.33000        0.25000        0.58307
0.26000         0.33000        0.25000        0.60562
0.27000         0.33000        0.25000        0.62797
0.28000         0.33000        0.25000        0.65008
0.29000         0.33000        0.25000        0.67194
0.30000         0.33000        0.25000        0.69352
0.31000         0.33000        0.25000        0.71477
0.32000         0.33000        0.25000        0.73566
0.33000         0.33000        0.25000        0.75616
0.34000         0.33000        0.25000        0.77620
0.35000         0.33000        0.25000        0.79574
0.36000         0.33000        0.25000        0.81471
0.37000         0.33000        0.25000        0.83303
0.38000         0.33000        0.25000        0.85061
0.39000         0.33000        0.25000        0.86733
0.40000         0.33000        0.25000        0.88306
0.41000         0.33000        0.25000        0.89760
0.42000         0.33000        0.25000        0.91074
0.43000         0.33000        0.25000        0.92222
0.44000         0.33000        0.25000        0.93188
0.45000         0.33000        0.25000        0.93952
0.46000         0.33000        0.25000        0.94338
0.47000         0.33000        0.25000        0.94482
0.48000         0.33000        0.25000        0.94432
0.49000         0.33000        0.25000        0.81827
0.50000         0.33000        0.25000        6.8132E-11
0.51000         0.33000        0.25000        -0.81827
0.52000         0.33000        0.25000        -0.94432
0.53000         0.33000        0.25000        -0.94482
0.54000         0.33000        0.25000        -0.94338
0.55000         0.33000        0.25000        -0.93952
0.56000         0.33000        0.25000        -0.93188
0.57000         0.33000        0.25000        -0.92222
0.58000         0.33000        0.25000        -0.91074
0.59000         0.33000        0.25000        -0.89760
0.60000         0.33000        0.25000        -0.88306
0.61000         0.33000        0.25000        -0.86733
0.62000         0.33000        0.25000        -0.85061
0.63000         0.33000        0.25000        -0.83303
0.64000         0.33000        0.25000        -0.81471
0.65000         0.33000        0.25000        -0.79574
0.66000         0.33000        0.25000        -0.77620
0.67000         0.33000        0.25000        -0.75616
0.68000         0.33000        0.25000        -0.73566
0.69000         0.33000        0.25000        -0.71477
0.70000         0.33000        0.25000        -0.69352
0.71000         0.33000        0.25000        -0.67194
0.72000         0.33000        0.25000        -0.65008
0.73000         0.33000        0.25000        -0.62797
0.74000         0.33000        0.25000        -0.60562
0.75000         0.33000        0.25000        -0.58307
0.76000         0.33000        0.25000        -0.56034
0.77000         0.33000        0.25000        -0.53745
0.78000         0.33000        0.25000        -0.51441
0.79000         0.33000        0.25000        -0.49125
0.80000         0.33000        0.25000        -0.46798
0.81000         0.33000        0.25000        -0.44462
0.82000         0.33000        0.25000        -0.42118
0.83000         0.33000        0.25000        -0.39767
0.84000         0.33000        0.25000        -0.37412
0.85000         0.33000        0.25000        -0.35053
0.86000         0.33000        0.25000        -0.32691
0.87000         0.33000        0.25000        -0.30328
0.88000         0.33000        0.25000        -0.27966
0.89000         0.33000        0.25000        -0.25604
0.90000         0.33000        0.25000        -0.23246
0.91000         0.33000        0.25000        -0.20891
0.92000         0.33000        0.25000        -0.18541
0.93000         0.33000        0.25000        -0.16197
0.94000         0.33000        0.25000        -0.13860
0.95000         0.33000        0.25000        -0.11531
0.96000         0.33000        0.25000        -0.092099
0.97000         0.33000        0.25000        -0.068974
0.98000         0.33000        0.25000        -0.045929
0.99000         0.33000        0.25000        -0.022945
1.0000          0.33000        0.25000        -3.6919E-19
0.0000          0.34000        0.25000        3.5767E-18
0.010000        0.34000        0.25000        0.022674
0.020000        0.34000        0.25000        0.045396
0.030000        0.34000        0.25000        0.068195
0.040000        0.34000        0.25000        0.091093
0.050000        0.34000        0.25000        0.11409
0.060000        0.34000        0.25000        0.13720
0.070000        0.34000        0.25000        0.16041
0.080000        0.34000        0.25000        0.18370
0.090000        0.34000        0.25000        0.20708
0.10000         0.34000        0.25000        0.23053
0.11000         0.34000        0.25000        0.25404
0.12000         0.34000        0.25000        0.27758
0.13000         0.34000        0.25000        0.30116
0.14000         0.34000        0.25000        0.32475
0.15000         0.34000        0.25000        0.34835
0.16000         0.34000        0.25000        0.37193
0.17000         0.34000        0.25000        0.39550
0.18000         0.34000        0.25000        0.41902
0.19000         0.34000        0.25000        0.44249
0.20000         0.34000        0.25000        0.46590
0.21000         0.34000        0.25000        0.48923
0.22000         0.34000        0.25000        0.51246
0.23000         0.34000        0.25000        0.53557
0.24000         0.34000        0.25000        0.55856
0.25000         0.34000        0.25000        0.58140
0.26000         0.34000        0.25000        0.60407
0.27000         0.34000        0.25000        0.62654
0.28000         0.34000        0.25000        0.64880
0.29000         0.34000        0.25000        0.67082
0.30000         0.34000        0.25000        0.69256
0.31000         0.34000        0.25000        0.71400
0.32000         0.34000        0.25000        0.73510
0.33000         0.34000        0.25000        0.75582
0.34000         0.34000        0.25000        0.77610
0.35000         0.34000        0.25000        0.79590
0.36000         0.34000        0.25000        0.81516
0.37000         0.34000        0.25000        0.83379
0.38000         0.34000        0.25000        0.85171
0.39000         0.34000        0.25000        0.86880
0.40000         0.34000        0.25000        0.88494
0.41000         0.34000        0.25000        0.89994
0.42000         0.34000        0.25000        0.91359
0.43000         0.34000        0.25000        0.92565
0.44000         0.34000        0.25000        0.93600
0.45000         0.34000        0.25000        0.94456
0.46000         0.34000        0.25000        0.94930
0.47000         0.34000        0.25000        0.95057
0.48000         0.34000        0.25000        0.95458
0.49000         0.34000        0.25000        0.83161
0.50000         0.34000        0.25000        6.3004E-10
0.51000         0.34000        0.25000        -0.83161
0.52000         0.34000        0.25000        -0.95458
0.53000         0.34000        0.25000        -0.95057
0.54000         0.34000        0.25000        -0.94930
0.55000         0.34000        0.25000        -0.94456
0.56000         0.34000        0.25000        -0.93600
0.57000         0.34000        0.25000        -0.92565
0.58000         0.34000        0.25000        -0.91359
0.59000         0.34000        0.25000        -0.89994
0.60000         0.34000        0.25000        -0.88494
0.61000         0.34000        0.25000        -0.86880
0.62000         0.34000        0.25000        -0.85171
0.63000         0.34000        0.25000        -0.83379
0.64000         0.34000        0.25000        -0.81516
0.65000         0.34000        0.25000        -0.79590
0.66000         0.34000        0.25000        -0.77610
0.67000         0.34000        0.25000        -0.75582
0.68000         0.34000        0.25000        -0.73510
0.69000         0.34000        0.25000        -0.71400
0.70000         0.34000        0.25000        -0.69256
0.71000         0.34000        0.25000        -0.67082
0.72000         0.34000        0.25000        -0.64880
0.73000         0.34000        0.25000        -0.62654
0.74000         0.34000        0.25000        -0.60407
0.75000         0.34000        0.25000        -0.58140
0.76000         0.34000        0.25000        -0.55856
0.77000         0.34000        0.25000        -0.53557
0.78000         0.34000        0.25000        -0.51246
0.79000         0.34000        0.25000        -0.48923
0.80000         0.34000        0.25000        -0.46590
0.81000         0.34000        0.25000        -0.44249
0.82000         0.34000        0.25000        -0.41902
0.83000         0.34000        0.25000        -0.39550
0.84000         0.34000        0.25000        -0.37193
0.85000         0.34000        0.25000        -0.34835
0.86000         0.34000        0.25000        -0.32475
0.87000         0.34000        0.25000        -0.30116
0.88000         0.34000        0.25000        -0.27758
0.89000         0.34000        0.25000        -0.25404
0.90000         0.34000        0.25000        -0.23053
0.91000         0.34000        0.25000        -0.20708
0.92000         0.34000        0.25000        -0.18370
0.93000         0.34000        0.25000        -0.16041
0.94000         0.34000        0.25000        -0.13720
0.95000         0.34000        0.25000        -0.11409
0.96000         0.34000        0.25000        -0.091093
0.97000         0.34000        0.25000        -0.068195
0.98000         0.34000        0.25000        -0.045396
0.99000         0.34000        0.25000        -0.022674
1.0000          0.34000        0.25000        2.0244E-18
0.0000          0.35000        0.25000        0.0000
0.010000        0.35000        0.25000        0.022356
0.020000        0.35000        0.25000        0.044772
0.030000        0.35000        0.25000        0.067281
0.040000        0.35000        0.25000        0.089910
0.050000        0.35000        0.25000        0.11267
0.060000        0.35000        0.25000        0.13555
0.070000        0.35000        0.25000        0.15856
0.080000        0.35000        0.25000        0.18169
0.090000        0.35000        0.25000        0.20492
0.10000         0.35000        0.25000        0.22824
0.11000         0.35000        0.25000        0.25163
0.12000         0.35000        0.25000        0.27509
0.13000         0.35000        0.25000        0.29859
0.14000         0.35000        0.25000        0.32212
0.15000         0.35000        0.25000        0.34567
0.16000         0.35000        0.25000        0.36923
0.17000         0.35000        0.25000        0.39278
0.18000         0.35000        0.25000        0.41630
0.19000         0.35000        0.25000        0.43978
0.20000         0.35000        0.25000        0.46321
0.21000         0.35000        0.25000        0.48657
0.22000         0.35000        0.25000        0.50984
0.23000         0.35000        0.25000        0.53302
0.24000         0.35000        0.25000        0.55607
0.25000         0.35000        0.25000        0.57899
0.26000         0.35000        0.25000        0.60174
0.27000         0.35000        0.25000        0.62432
0.28000         0.35000        0.25000        0.64670
0.29000         0.35000        0.25000        0.66884
0.30000         0.35000        0.25000        0.69072
0.31000         0.35000        0.25000        0.71231
0.32000         0.35000        0.25000        0.73358
0.33000         0.35000        0.25000        0.75448
0.34000         0.35000        0.25000        0.77496
0.35000         0.35000        0.25000        0.79498
0.36000         0.35000        0.25000        0.81447
0.37000         0.35000        0.25000        0.83336
0.38000         0.35000        0.25000        0.85156
0.39000         0.35000        0.25000        0.86897
0.40000         0.35000        0.25000        0.88545
0.41000         0.35000        0.25000        0.90083
0.42000         0.35000        0.25000        0.91490
0.43000         0.35000        0.25000        0.92744
0.44000         0.35000        0.25000        0.93840
0.45000         0.35000        0.25000        0.94779
0.46000         0.35000        0.25000        0.95305
0.47000         0.35000        0.25000        0.95480
0.48000         0.35000        0.25000        0.96393
0.49000         0.35000        0.25000        0.84742
0.50000         0.35000        0.25000        2.1036E-9
0.51000         0.35000        0.25000        -0.84742
0.52000         0.35000        0.25000        -0.96393
0.53000         0.35000        0.25000        -0.95480
0.54000         0.35000        0.25000        -0.95305
0.55000         0.35000        0.25000        -0.94779
0.56000         0.35000        0.25000        -0.93840
0.57000         0.35000        0.25000        -0.92744
0.58000         0.35000        0.25000        -0.91490
0.59000         0.35000        0.25000        -0.90083
0.60000         0.35000        0.25000        -0.88545
0.61000         0.35000        0.25000        -0.86897
0.62000         0.35000        0.25000        -0.85156
0.63000         0.35000        0.25000        -0.83336
0.64000         0.35000        0.25000        -0.81447
0.65000         0.35000        0.25000        -0.79498
0.66000         0.35000        0.25000        -0.77496
0.67000         0.35000        0.25000        -0.75448
0.68000         0.35000        0.25000        -0.73358
0.69000         0.35000        0.25000        -0.71231
0.70000         0.35000        0.25000        -0.69072
0.71000         0.35000        0.25000        -0.66884
0.72000         0.35000        0.25000        -0.64670
0.73000         0.35000        0.25000        -0.62432
0.74000         0.35000        0.25000        -0.60174
0.75000         0.35000        0.25000        -0.57899
0.76000         0.35000        0.25000        -0.55607
0.77000         0.35000        0.25000        -0.53302
0.78000         0.35000        0.25000        -0.50984
0.79000         0.35000        0.25000        -0.48657
0.80000         0.35000        0.25000        -0.46321
0.81000         0.35000        0.25000        -0.43978
0.82000         0.35000        0.25000        -0.41630
0.83000         0.35000        0.25000        -0.39278
0.84000         0.35000        0.25000        -0.36923
0.85000         0.35000        0.25000        -0.34567
0.86000         0.35000        0.25000        -0.32212
0.87000         0.35000        0.25000        -0.29859
0.88000         0.35000        0.25000        -0.27509
0.89000         0.35000        0.25000        -0.25163
0.90000         0.35000        0.25000        -0.22824
0.91000         0.35000        0.25000        -0.20492
0.92000         0.35000        0.25000        -0.18169
0.93000         0.35000        0.25000        -0.15856
0.94000         0.35000        0.25000        -0.13555
0.95000         0.35000        0.25000        -0.11267
0.96000         0.35000        0.25000        -0.089910
0.97000         0.35000        0.25000        -0.067281
0.98000         0.35000        0.25000        -0.044772
0.99000         0.35000        0.25000        -0.022356
1.0000          0.35000        0.25000        1.0195E-18
0.0000          0.36000        0.25000        1.3339E-20
0.010000        0.36000        0.25000        0.021988
0.020000        0.36000        0.25000        0.044048
0.030000        0.36000        0.25000        0.066221
0.040000        0.36000        0.25000        0.088538
0.050000        0.36000        0.25000        0.11101
0.060000        0.36000        0.25000        0.13364
0.070000        0.36000        0.25000        0.15642
0.080000        0.36000        0.25000        0.17934
0.090000        0.36000        0.25000        0.20239
0.10000         0.36000        0.25000        0.22555
0.11000         0.36000        0.25000        0.24881
0.12000         0.36000        0.25000        0.27215
0.13000         0.36000        0.25000        0.29555
0.14000         0.36000        0.25000        0.31900
0.15000         0.36000        0.25000        0.34249
0.16000         0.36000        0.25000        0.36599
0.17000         0.36000        0.25000        0.38950
0.18000         0.36000        0.25000        0.41299
0.19000         0.36000        0.25000        0.43646
0.20000         0.36000        0.25000        0.45989
0.21000         0.36000        0.25000        0.48326
0.22000         0.36000        0.25000        0.50656
0.23000         0.36000        0.25000        0.52977
0.24000         0.36000        0.25000        0.55286
0.25000         0.36000        0.25000        0.57583
0.26000         0.36000        0.25000        0.59866
0.27000         0.36000        0.25000        0.62131
0.28000         0.36000        0.25000        0.64377
0.29000         0.36000        0.25000        0.66601
0.30000         0.36000        0.25000        0.68800
0.31000         0.36000        0.25000        0.70971
0.32000         0.36000        0.25000        0.73111
0.33000         0.36000        0.25000        0.75215
0.34000         0.36000        0.25000        0.77280
0.35000         0.36000        0.25000        0.79299
0.36000         0.36000        0.25000        0.81267
0.37000         0.36000        0.25000        0.83177
0.38000         0.36000        0.25000        0.85021
0.39000         0.36000        0.25000        0.86787
0.40000         0.36000        0.25000        0.88462
0.41000         0.36000        0.25000        0.90031
0.42000         0.36000        0.25000        0.91471
0.43000         0.36000        0.25000        0.92765
0.44000         0.36000        0.25000        0.93911
0.45000         0.36000        0.25000        0.94922
0.46000         0.36000        0.25000        0.95500
0.47000         0.36000        0.25000        0.95626
0.48000         0.36000        0.25000        0.96913
0.49000         0.36000        0.25000        0.85432
0.50000         0.36000        0.25000        3.5163E-9
0.51000         0.36000        0.25000        -0.85432
0.52000         0.36000        0.25000        -0.96913
0.53000         0.36000        0.25000        -0.95626
0.54000         0.36000        0.25000        -0.95500
0.55000         0.36000        0.25000        -0.94922
0.56000         0.36000        0.25000        -0.93911
0.57000         0.36000        0.25000        -0.92765
0.58000         0.36000        0.25000        -0.91471
0.59000         0.36000        0.25000        -0.90031
0.60000         0.36000        0.25000        -0.88462
0.61000         0.36000        0.25000        -0.86787
0.62000         0.36000        0.25000        -0.85021
0.63000         0.36000        0.25000        -0.83177
0.64000         0.36000        0.25000        -0.81267
0.65000         0.36000        0.25000        -0.79299
0.66000         0.36000        0.25000        -0.77280
0.67000         0.36000        0.25000        -0.75215
0.68000         0.36000        0.25000        -0.73111
0.69000         0.36000        0.25000        -0.70971
0.70000         0.36000        0.25000        -0.68800
0.71000         0.36000        0.25000        -0.66601
0.72000         0.36000        0.25000        -0.64377
0.73000         0.36000        0.25000        -0.62131
0.74000         0.36000        0.25000        -0.59866
0.75000         0.36000        0.25000        -0.57583
0.76000         0.36000        0.25000        -0.55286
0.77000         0.36000        0.25000        -0.52977
0.78000         0.36000        0.25000        -0.50656
0.79000         0.36000        0.25000        -0.48326
0.80000         0.36000        0.25000        -0.45989
0.81000         0.36000        0.25000        -0.43646
0.82000         0.36000        0.25000        -0.41299
0.83000         0.36000        0.25000        -0.38950
0.84000         0.36000        0.25000        -0.36599
0.85000         0.36000        0.25000        -0.34249
0.86000         0.36000        0.25000        -0.31900
0.87000         0.36000        0.25000        -0.29555
0.88000         0.36000        0.25000        -0.27215
0.89000         0.36000        0.25000        -0.24881
0.90000         0.36000        0.25000        -0.22555
0.91000         0.36000        0.25000        -0.20239
0.92000         0.36000        0.25000        -0.17934
0.93000         0.36000        0.25000        -0.15642
0.94000         0.36000        0.25000        -0.13364
0.95000         0.36000        0.25000        -0.11101
0.96000         0.36000        0.25000        -0.088538
0.97000         0.36000        0.25000        -0.066221
0.98000         0.36000        0.25000        -0.044048
0.99000         0.36000        0.25000        -0.021988
1.0000          0.36000        0.25000        -5.2468E-19
0.0000          0.37000        0.25000        3.8956E-18
0.010000        0.37000        0.25000        0.021566
0.020000        0.37000        0.25000        0.043217
0.030000        0.37000        0.25000        0.065003
0.040000        0.37000        0.25000        0.086963
0.050000        0.37000        0.25000        0.10911
0.060000        0.37000        0.25000        0.13144
0.070000        0.37000        0.25000        0.15395
0.080000        0.37000        0.25000        0.17664
0.090000        0.37000        0.25000        0.19948
0.10000         0.37000        0.25000        0.22245
0.11000         0.37000        0.25000        0.24554
0.12000         0.37000        0.25000        0.26874
0.13000         0.37000        0.25000        0.29202
0.14000         0.37000        0.25000        0.31537
0.15000         0.37000        0.25000        0.33876
0.16000         0.37000        0.25000        0.36219
0.17000         0.37000        0.25000        0.38564
0.18000         0.37000        0.25000        0.40909
0.19000         0.37000        0.25000        0.43253
0.20000         0.37000        0.25000        0.45594
0.21000         0.37000        0.25000        0.47929
0.22000         0.37000        0.25000        0.50259
0.23000         0.37000        0.25000        0.52581
0.24000         0.37000        0.25000        0.54893
0.25000         0.37000        0.25000        0.57193
0.26000         0.37000        0.25000        0.59479
0.27000         0.37000        0.25000        0.61749
0.28000         0.37000        0.25000        0.64001
0.29000         0.37000        0.25000        0.66232
0.30000         0.37000        0.25000        0.68439
0.31000         0.37000        0.25000        0.70619
0.32000         0.37000        0.25000        0.72769
0.33000         0.37000        0.25000        0.74885
0.34000         0.37000        0.25000        0.76961
0.35000         0.37000        0.25000        0.78994
0.36000         0.37000        0.25000        0.80977
0.37000         0.37000        0.25000        0.82904
0.38000         0.37000        0.25000        0.84765
0.39000         0.37000        0.25000        0.86551
0.40000         0.37000        0.25000        0.88248
0.41000         0.37000        0.25000        0.89840
0.42000         0.37000        0.25000        0.91307
0.43000         0.37000        0.25000        0.92632
0.44000         0.37000        0.25000        0.93820
0.45000         0.37000        0.25000        0.94892
0.46000         0.37000        0.25000        0.95509
0.47000         0.37000        0.25000        0.95568
0.48000         0.37000        0.25000        0.97083
0.49000         0.37000        0.25000        0.85898
0.50000         0.37000        0.25000        -2.6279E-8
0.51000         0.37000        0.25000        -0.85898
0.52000         0.37000        0.25000        -0.97083
0.53000         0.37000        0.25000        -0.95568
0.54000         0.37000        0.25000        -0.95509
0.55000         0.37000        0.25000        -0.94892
0.56000         0.37000        0.25000        -0.93820
0.57000         0.37000        0.25000        -0.92632
0.58000         0.37000        0.25000        -0.91307
0.59000         0.37000        0.25000        -0.89840
0.60000         0.37000        0.25000        -0.88248
0.61000         0.37000        0.25000        -0.86551
0.62000         0.37000        0.25000        -0.84765
0.63000         0.37000        0.25000        -0.82904
0.64000         0.37000        0.25000        -0.80977
0.65000         0.37000        0.25000        -0.78994
0.66000         0.37000        0.25000        -0.76961
0.67000         0.37000        0.25000        -0.74885
0.68000         0.37000        0.25000        -0.72769
0.69000         0.37000        0.25000        -0.70619
0.70000         0.37000        0.25000        -0.68439
0.71000         0.37000        0.25000        -0.66232
0.72000         0.37000        0.25000        -0.64001
0.73000         0.37000        0.25000        -0.61749
0.74000         0.37000        0.25000        -0.59479
0.75000         0.37000        0.25000        -0.57193
0.76000         0.37000        0.25000        -0.54893
0.77000         0.37000        0.25000        -0.52581
0.78000         0.37000        0.25000        -0.50259
0.79000         0.37000        0.25000        -0.47929
0.80000         0.37000        0.25000        -0.45594
0.81000         0.37000        0.25000        -0.43253
0.82000         0.37000        0.25000        -0.40909
0.83000         0.37000        0.25000        -0.38564
0.84000         0.37000        0.25000        -0.36219
0.85000         0.37000        0.25000        -0.33876
0.86000         0.37000        0.25000        -0.31537
0.87000         0.37000        0.25000        -0.29202
0.88000         0.37000        0.25000        -0.26874
0.89000         0.37000        0.25000        -0.24554
0.90000         0.37000        0.25000        -0.22245
0.91000         0.37000        0.25000        -0.19948
0.92000         0.37000        0.25000        -0.17664
0.93000         0.37000        0.25000        -0.15395
0.94000         0.37000        0.25000        -0.13144
0.95000         0.37000        0.25000        -0.10911
0.96000         0.37000        0.25000        -0.086963
0.97000         0.37000        0.25000        -0.065003
0.98000         0.37000        0.25000        -0.043217
0.99000         0.37000        0.25000        -0.021566
1.0000          0.37000        0.25000        3.8954E-18
0.0000          0.38000        0.25000        0.0000
0.010000        0.38000        0.25000        0.021083
0.020000        0.38000        0.25000        0.042268
0.030000        0.38000        0.25000        0.063615
0.040000        0.38000        0.25000        0.085167
0.050000        0.38000        0.25000        0.10694
0.060000        0.38000        0.25000        0.12893
0.070000        0.38000        0.25000        0.15115
0.080000        0.38000        0.25000        0.17356
0.090000        0.38000        0.25000        0.19615
0.10000         0.38000        0.25000        0.21891
0.11000         0.38000        0.25000        0.24182
0.12000         0.38000        0.25000        0.26485
0.13000         0.38000        0.25000        0.28798
0.14000         0.38000        0.25000        0.31120
0.15000         0.38000        0.25000        0.33449
0.16000         0.38000        0.25000        0.35782
0.17000         0.38000        0.25000        0.38119
0.18000         0.38000        0.25000        0.40457
0.19000         0.38000        0.25000        0.42796
0.20000         0.38000        0.25000        0.45132
0.21000         0.38000        0.25000        0.47465
0.22000         0.38000        0.25000        0.49792
0.23000         0.38000        0.25000        0.52113
0.24000         0.38000        0.25000        0.54425
0.25000         0.38000        0.25000        0.56726
0.26000         0.38000        0.25000        0.59014
0.27000         0.38000        0.25000        0.61286
0.28000         0.38000        0.25000        0.63542
0.29000         0.38000        0.25000        0.65777
0.30000         0.38000        0.25000        0.67989
0.31000         0.38000        0.25000        0.70175
0.32000         0.38000        0.25000        0.72332
0.33000         0.38000        0.25000        0.74455
0.34000         0.38000        0.25000        0.76541
0.35000         0.38000        0.25000        0.78584
0.36000         0.38000        0.25000        0.80578
0.37000         0.38000        0.25000        0.82516
0.38000         0.38000        0.25000        0.84390
0.39000         0.38000        0.25000        0.86190
0.40000         0.38000        0.25000        0.87903
0.41000         0.38000        0.25000        0.89512
0.42000         0.38000        0.25000        0.90998
0.43000         0.38000        0.25000        0.92347
0.44000         0.38000        0.25000        0.93570
0.45000         0.38000        0.25000        0.94696
0.46000         0.38000        0.25000        0.95331
0.47000         0.38000        0.25000        0.95345
0.48000         0.38000        0.25000        0.97043
0.49000         0.38000        0.25000        0.86195
0.50000         0.38000        0.25000        -1.7944E-6
0.51000         0.38000        0.25000        -0.86195
0.52000         0.38000        0.25000        -0.97043
0.53000         0.38000        0.25000        -0.95345
0.54000         0.38000        0.25000        -0.95331
0.55000         0.38000        0.25000        -0.94696
0.56000         0.38000        0.25000        -0.93570
0.57000         0.38000        0.25000        -0.92347
0.58000         0.38000        0.25000        -0.90998
0.59000         0.38000        0.25000        -0.89512
0.60000         0.38000        0.25000        -0.87903
0.61000         0.38000        0.25000        -0.86190
0.62000         0.38000        0.25000        -0.84390
0.63000         0.38000        0.25000        -0.82516
0.64000         0.38000        0.25000        -0.80578
0.65000         0.38000        0.25000        -0.78584
0.66000         0.38000        0.25000        -0.76541
0.67000         0.38000        0.25000        -0.74455
0.68000         0.38000        0.25000        -0.72332
0.69000         0.38000        0.25000        -0.70175
0.70000         0.38000        0.25000        -0.67989
0.71000         0.38000        0.25000        -0.65777
0.72000         0.38000        0.25000        -0.63542
0.73000         0.38000        0.25000        -0.61286
0.74000         0.38000        0.25000        -0.59014
0.75000         0.38000        0.25000        -0.56726
0.76000         0.38000        0.25000        -0.54425
0.77000         0.38000        0.25000        -0.52113
0.78000         0.38000        0.25000        -0.49792
0.79000         0.38000        0.25000        -0.47465
0.80000         0.38000        0.25000        -0.45132
0.81000         0.38000        0.25000        -0.42796
0.82000         0.38000        0.25000        -0.40457
0.83000         0.38000        0.25000        -0.38119
0.84000         0.38000        0.25000        -0.35782
0.85000         0.38000        0.25000        -0.33449
0.86000         0.38000        0.25000        -0.31120
0.87000         0.38000        0.25000        -0.28798
0.88000         0.38000        0.25000        -0.26485
0.89000         0.38000        0.25000        -0.24182
0.90000         0.38000        0.25000        -0.21891
0.91000         0.38000        0.25000        -0.19615
0.92000         0.38000        0.25000        -0.17356
0.93000         0.38000        0.25000        -0.15115
0.94000         0.38000        0.25000        -0.12893
0.95000         0.38000        0.25000        -0.10694
0.96000         0.38000        0.25000        -0.085167
0.97000         0.38000        0.25000        -0.063615
0.98000         0.38000        0.25000        -0.042268
0.99000         0.38000        0.25000        -0.021083
1.0000          0.38000        0.25000        9.0589E-21
0.0000          0.39000        0.25000        2.1314E-20
0.010000        0.39000        0.25000        0.020535
0.020000        0.39000        0.25000        0.041190
0.030000        0.39000        0.25000        0.062038
0.040000        0.39000        0.25000        0.083129
0.050000        0.39000        0.25000        0.10448
0.060000        0.39000        0.25000        0.12609
0.070000        0.39000        0.25000        0.14796
0.080000        0.39000        0.25000        0.17007
0.090000        0.39000        0.25000        0.19239
0.10000         0.39000        0.25000        0.21491
0.11000         0.39000        0.25000        0.23760
0.12000         0.39000        0.25000        0.26044
0.13000         0.39000        0.25000        0.28340
0.14000         0.39000        0.25000        0.30647
0.15000         0.39000        0.25000        0.32963
0.16000         0.39000        0.25000        0.35285
0.17000         0.39000        0.25000        0.37611
0.18000         0.39000        0.25000        0.39941
0.19000         0.39000        0.25000        0.42272
0.20000         0.39000        0.25000        0.44602
0.21000         0.39000        0.25000        0.46930
0.22000         0.39000        0.25000        0.49254
0.23000         0.39000        0.25000        0.51571
0.24000         0.39000        0.25000        0.53881
0.25000         0.39000        0.25000        0.56180
0.26000         0.39000        0.25000        0.58468
0.27000         0.39000        0.25000        0.60741
0.28000         0.39000        0.25000        0.62997
0.29000         0.39000        0.25000        0.65234
0.30000         0.39000        0.25000        0.67449
0.31000         0.39000        0.25000        0.69638
0.32000         0.39000        0.25000        0.71799
0.33000         0.39000        0.25000        0.73927
0.34000         0.39000        0.25000        0.76018
0.35000         0.39000        0.25000        0.78067
0.36000         0.39000        0.25000        0.80068
0.37000         0.39000        0.25000        0.82014
0.38000         0.39000        0.25000        0.83897
0.39000         0.39000        0.25000        0.85706
0.40000         0.39000        0.25000        0.87428
0.41000         0.39000        0.25000        0.89048
0.42000         0.39000        0.25000        0.90547
0.43000         0.39000        0.25000        0.91913
0.44000         0.39000        0.25000        0.93165
0.45000         0.39000        0.25000        0.94333
0.46000         0.39000        0.25000        0.94980
0.47000         0.39000        0.25000        0.94920
0.48000         0.39000        0.25000        0.96669
0.49000         0.39000        0.25000        0.85585
0.50000         0.39000        0.25000        -2.3277E-6
0.51000         0.39000        0.25000        -0.85585
0.52000         0.39000        0.25000        -0.96669
0.53000         0.39000        0.25000        -0.94920
0.54000         0.39000        0.25000        -0.94980
0.55000         0.39000        0.25000        -0.94333
0.56000         0.39000        0.25000        -0.93165
0.57000         0.39000        0.25000        -0.91913
0.58000         0.39000        0.25000        -0.90547
0.59000         0.39000        0.25000        -0.89048
0.60000         0.39000        0.25000        -0.87428
0.61000         0.39000        0.25000        -0.85706
0.62000         0.39000        0.25000        -0.83897
0.63000         0.39000        0.25000        -0.82014
0.64000         0.39000        0.25000        -0.80068
0.65000         0.39000        0.25000        -0.78067
0.66000         0.39000        0.25000        -0.76018
0.67000         0.39000        0.25000        -0.73927
0.68000         0.39000        0.25000        -0.71799
0.69000         0.39000        0.25000        -0.69638
0.70000         0.39000        0.25000        -0.67449
0.71000         0.39000        0.25000        -0.65234
0.72000         0.39000        0.25000        -0.62997
0.73000         0.39000        0.25000        -0.60741
0.74000         0.39000        0.25000        -0.58468
0.75000         0.39000        0.25000        -0.56180
0.76000         0.39000        0.25000        -0.53881
0.77000         0.39000        0.25000        -0.51571
0.78000         0.39000        0.25000        -0.49254
0.79000         0.39000        0.25000        -0.46930
0.80000         0.39000        0.25000        -0.44602
0.81000         0.39000        0.25000        -0.42272
0.82000         0.39000        0.25000        -0.39941
0.83000         0.39000        0.25000        -0.37611
0.84000         0.39000        0.25000        -0.35285
0.85000         0.39000        0.25000        -0.32963
0.86000         0.39000        0.25000        -0.30647
0.87000         0.39000        0.25000        -0.28340
0.88000         0.39000        0.25000        -0.26044
0.89000         0.39000        0.25000        -0.23760
0.90000         0.39000        0.25000        -0.21491
0.91000         0.39000        0.25000        -0.19239
0.92000         0.39000        0.25000        -0.17007
0.93000         0.39000        0.25000        -0.14796
0.94000         0.39000        0.25000        -0.12609
0.95000         0.39000        0.25000        -0.10448
0.96000         0.39000        0.25000        -0.083129
0.97000         0.39000        0.25000        -0.062038
0.98000         0.39000        0.25000        -0.041190
0.99000         0.39000        0.25000        -0.020535
1.0000          0.39000        0.25000        -7.9573E-19
0.0000          0.40000        0.25000        3.6064E-18
0.010000        0.40000        0.25000        0.019914
0.020000        0.40000        0.25000        0.039970
0.030000        0.40000        0.25000        0.060255
0.040000        0.40000        0.25000        0.080828
0.050000        0.40000        0.25000        0.10171
0.060000        0.40000        0.25000        0.12289
0.070000        0.40000        0.25000        0.14438
0.080000        0.40000        0.25000        0.16615
0.090000        0.40000        0.25000        0.18817
0.10000         0.40000        0.25000        0.21041
0.11000         0.40000        0.25000        0.23286
0.12000         0.40000        0.25000        0.25548
0.13000         0.40000        0.25000        0.27825
0.14000         0.40000        0.25000        0.30115
0.15000         0.40000        0.25000        0.32415
0.16000         0.40000        0.25000        0.34724
0.17000         0.40000        0.25000        0.37039
0.18000         0.40000        0.25000        0.39358
0.19000         0.40000        0.25000        0.41680
0.20000         0.40000        0.25000        0.44002
0.21000         0.40000        0.25000        0.46323
0.22000         0.40000        0.25000        0.48641
0.23000         0.40000        0.25000        0.50953
0.24000         0.40000        0.25000        0.53259
0.25000         0.40000        0.25000        0.55555
0.26000         0.40000        0.25000        0.57840
0.27000         0.40000        0.25000        0.60111
0.28000         0.40000        0.25000        0.62366
0.29000         0.40000        0.25000        0.64603
0.30000         0.40000        0.25000        0.66817
0.31000         0.40000        0.25000        0.69008
0.32000         0.40000        0.25000        0.71169
0.33000         0.40000        0.25000        0.73299
0.34000         0.40000        0.25000        0.75392
0.35000         0.40000        0.25000        0.77444
0.36000         0.40000        0.25000        0.79448
0.37000         0.40000        0.25000        0.81397
0.38000         0.40000        0.25000        0.83284
0.39000         0.40000        0.25000        0.85098
0.40000         0.40000        0.25000        0.86825
0.41000         0.40000        0.25000        0.88449
0.42000         0.40000        0.25000        0.89955
0.43000         0.40000        0.25000        0.91333
0.44000         0.40000        0.25000        0.92607
0.45000         0.40000        0.25000        0.93808
0.46000         0.40000        0.25000        0.94431
0.47000         0.40000        0.25000        0.94390
0.48000         0.40000        0.25000        0.96137
0.49000         0.40000        0.25000        0.85245
0.50000         0.40000        0.25000        1.2641E-6
0.51000         0.40000        0.25000        -0.85245
0.52000         0.40000        0.25000        -0.96136
0.53000         0.40000        0.25000        -0.94390
0.54000         0.40000        0.25000        -0.94431
0.55000         0.40000        0.25000        -0.93808
0.56000         0.40000        0.25000        -0.92607
0.57000         0.40000        0.25000        -0.91333
0.58000         0.40000        0.25000        -0.89955
0.59000         0.40000        0.25000        -0.88449
0.60000         0.40000        0.25000        -0.86825
0.61000         0.40000        0.25000        -0.85098
0.62000         0.40000        0.25000        -0.83284
0.63000         0.40000        0.25000        -0.81397
0.64000         0.40000        0.25000        -0.79448
0.65000         0.40000        0.25000        -0.77444
0.66000         0.40000        0.25000        -0.75392
0.67000         0.40000        0.25000        -0.73299
0.68000         0.40000        0.25000        -0.71169
0.69000         0.40000        0.25000        -0.69008
0.70000         0.40000        0.25000        -0.66817
0.71000         0.40000        0.25000        -0.64603
0.72000         0.40000        0.25000        -0.62366
0.73000         0.40000        0.25000        -0.60111
0.74000         0.40000        0.25000        -0.57840
0.75000         0.40000        0.25000        -0.55555
0.76000         0.40000        0.25000        -0.53259
0.77000         0.40000        0.25000        -0.50953
0.78000         0.40000        0.25000        -0.48641
0.79000         0.40000        0.25000        -0.46323
0.80000         0.40000        0.25000        -0.44002
0.81000         0.40000        0.25000        -0.41680
0.82000         0.40000        0.25000        -0.39358
0.83000         0.40000        0.25000        -0.37039
0.84000         0.40000        0.25000        -0.34724
0.85000         0.40000        0.25000        -0.32415
0.86000         0.40000        0.25000        -0.30115
0.87000         0.40000        0.25000        -0.27825
0.88000         0.40000        0.25000        -0.25548
0.89000         0.40000        0.25000        -0.23286
0.90000         0.40000        0.25000        -0.21041
0.91000         0.40000        0.25000        -0.18817
0.92000         0.40000        0.25000        -0.16615
0.93000         0.40000        0.25000        -0.14438
0.94000         0.40000        0.25000        -0.12289
0.95000         0.40000        0.25000        -0.10171
0.96000         0.40000        0.25000        -0.080828
0.97000         0.40000        0.25000        -0.060255
0.98000         0.40000        0.25000        -0.039970
0.99000         0.40000        0.25000        -0.019914
1.0000          0.40000        0.25000        3.0615E-20
0.0000          0.41000        0.25000        0.0000
0.010000        0.41000        0.25000        0.019212
0.020000        0.41000        0.25000        0.038593
0.030000        0.41000        0.25000        0.058245
0.040000        0.41000        0.25000        0.078235
0.050000        0.41000        0.25000        0.098587
0.060000        0.41000        0.25000        0.11930
0.070000        0.41000        0.25000        0.14037
0.080000        0.41000        0.25000        0.16175
0.090000        0.41000        0.25000        0.18343
0.10000         0.41000        0.25000        0.20538
0.11000         0.41000        0.25000        0.22756
0.12000         0.41000        0.25000        0.24994
0.13000         0.41000        0.25000        0.27250
0.14000         0.41000        0.25000        0.29520
0.15000         0.41000        0.25000        0.31804
0.16000         0.41000        0.25000        0.34097
0.17000         0.41000        0.25000        0.36398
0.18000         0.41000        0.25000        0.38705
0.19000         0.41000        0.25000        0.41016
0.20000         0.41000        0.25000        0.43329
0.21000         0.41000        0.25000        0.45641
0.22000         0.41000        0.25000        0.47951
0.23000         0.41000        0.25000        0.50257
0.24000         0.41000        0.25000        0.52556
0.25000         0.41000        0.25000        0.54847
0.26000         0.41000        0.25000        0.57128
0.27000         0.41000        0.25000        0.59395
0.28000         0.41000        0.25000        0.61647
0.29000         0.41000        0.25000        0.63880
0.30000         0.41000        0.25000        0.66093
0.31000         0.41000        0.25000        0.68281
0.32000         0.41000        0.25000        0.70441
0.33000         0.41000        0.25000        0.72570
0.34000         0.41000        0.25000        0.74662
0.35000         0.41000        0.25000        0.76713
0.36000         0.41000        0.25000        0.78717
0.37000         0.41000        0.25000        0.80666
0.38000         0.41000        0.25000        0.82552
0.39000         0.41000        0.25000        0.84365
0.40000         0.41000        0.25000        0.86091
0.41000         0.41000        0.25000        0.87716
0.42000         0.41000        0.25000        0.89222
0.43000         0.41000        0.25000        0.90606
0.44000         0.41000        0.25000        0.91897
0.45000         0.41000        0.25000        0.93119
0.46000         0.41000        0.25000        0.93704
0.47000         0.41000        0.25000        0.93686
0.48000         0.41000        0.25000        0.95329
0.49000         0.41000        0.25000        0.84146
0.50000         0.41000        0.25000        -8.7045E-5
0.51000         0.41000        0.25000        -0.84140
0.52000         0.41000        0.25000        -0.95326
0.53000         0.41000        0.25000        -0.93686
0.54000         0.41000        0.25000        -0.93704
0.55000         0.41000        0.25000        -0.93119
0.56000         0.41000        0.25000        -0.91897
0.57000         0.41000        0.25000        -0.90606
0.58000         0.41000        0.25000        -0.89222
0.59000         0.41000        0.25000        -0.87716
0.60000         0.41000        0.25000        -0.86092
0.61000         0.41000        0.25000        -0.84365
0.62000         0.41000        0.25000        -0.82552
0.63000         0.41000        0.25000        -0.80666
0.64000         0.41000        0.25000        -0.78717
0.65000         0.41000        0.25000        -0.76713
0.66000         0.41000        0.25000        -0.74662
0.67000         0.41000        0.25000        -0.72570
0.68000         0.41000        0.25000        -0.70441
0.69000         0.41000        0.25000        -0.68281
0.70000         0.41000        0.25000        -0.66093
0.71000         0.41000        0.25000        -0.63880
0.72000         0.41000        0.25000        -0.61647
0.73000         0.41000        0.25000        -0.59395
0.74000         0.41000        0.25000        -0.57128
0.75000         0.41000        0.25000        -0.54847
0.76000         0.41000        0.25000        -0.52556
0.77000         0.41000        0.25000        -0.50257
0.78000         0.41000        0.25000        -0.47951
0.79000         0.41000        0.25000        -0.45641
0.80000         0.41000        0.25000        -0.43329
0.81000         0.41000        0.25000        -0.41016
0.82000         0.41000        0.25000        -0.38705
0.83000         0.41000        0.25000        -0.36398
0.84000         0.41000        0.25000        -0.34097
0.85000         0.41000        0.25000        -0.31804
0.86000         0.41000        0.25000        -0.29520
0.87000         0.41000        0.25000        -0.27250
0.88000         0.41000        0.25000        -0.24994
0.89000         0.41000        0.25000        -0.22756
0.90000         0.41000        0.25000        -0.20538
0.91000         0.41000        0.25000        -0.18343
0.92000         0.41000        0.25000        -0.16175
0.93000         0.41000        0.25000        -0.14037
0.94000         0.41000        0.25000        -0.11930
0.95000         0.41000        0.25000        -0.098587
0.96000         0.41000        0.25000        -0.078235
0.97000         0.41000        0.25000        -0.058245
0.98000         0.41000        0.25000        -0.038593
0.99000         0.41000        0.25000        -0.019212
1.0000          0.41000        0.25000        7.8137E-21
0.0000          0.42000        0.25000        4.8370E-20
0.010000        0.42000        0.25000        0.018420
0.020000        0.42000        0.25000        0.037040
0.030000        0.42000        0.25000        0.055982
0.040000        0.42000        0.25000        0.075323
0.050000        0.42000        0.25000        0.095088
0.060000        0.42000        0.25000        0.11528
0.070000        0.42000        0.25000        0.13587
0.080000        0.42000        0.25000        0.15684
0.090000        0.42000        0.25000        0.17816
0.10000         0.42000        0.25000        0.19977
0.11000         0.42000        0.25000        0.22166
0.12000         0.42000        0.25000        0.24378
0.13000         0.42000        0.25000        0.26610
0.14000         0.42000        0.25000        0.28860
0.15000         0.42000        0.25000        0.31124
0.16000         0.42000        0.25000        0.33400
0.17000         0.42000        0.25000        0.35686
0.18000         0.42000        0.25000        0.37980
0.19000         0.42000        0.25000        0.40278
0.20000         0.42000        0.25000        0.42579
0.21000         0.42000        0.25000        0.44881
0.22000         0.42000        0.25000        0.47182
0.23000         0.42000        0.25000        0.49479
0.24000         0.42000        0.25000        0.51771
0.25000         0.42000        0.25000        0.54055
0.26000         0.42000        0.25000        0.56329
0.27000         0.42000        0.25000        0.58590
0.28000         0.42000        0.25000        0.60837
0.29000         0.42000        0.25000        0.63065
0.30000         0.42000        0.25000        0.65273
0.31000         0.42000        0.25000        0.67457
0.32000         0.42000        0.25000        0.69613
0.33000         0.42000        0.25000        0.71738
0.34000         0.42000        0.25000        0.73827
0.35000         0.42000        0.25000        0.75874
0.36000         0.42000        0.25000        0.77873
0.37000         0.42000        0.25000        0.79818
0.38000         0.42000        0.25000        0.81700
0.39000         0.42000        0.25000        0.83508
0.40000         0.42000        0.25000        0.85228
0.41000         0.42000        0.25000        0.86847
0.42000         0.42000        0.25000        0.88349
0.43000         0.42000        0.25000        0.89734
0.44000         0.42000        0.25000        0.91035
0.45000         0.42000        0.25000        0.92259
0.46000         0.42000        0.25000        0.92814
0.47000         0.42000        0.25000        0.92758
0.48000         0.42000        0.25000        0.94157
0.49000         0.42000        0.25000        0.82696
0.50000         0.42000        0.25000        1.2238E-5
0.51000         0.42000        0.25000        -0.82694
0.52000         0.42000        0.25000        -0.94158
0.53000         0.42000        0.25000        -0.92756
0.54000         0.42000        0.25000        -0.92814
0.55000         0.42000        0.25000        -0.92259
0.56000         0.42000        0.25000        -0.91035
0.57000         0.42000        0.25000        -0.89734
0.58000         0.42000        0.25000        -0.88349
0.59000         0.42000        0.25000        -0.86847
0.60000         0.42000        0.25000        -0.85228
0.61000         0.42000        0.25000        -0.83508
0.62000         0.42000        0.25000        -0.81700
0.63000         0.42000        0.25000        -0.79818
0.64000         0.42000        0.25000        -0.77873
0.65000         0.42000        0.25000        -0.75874
0.66000         0.42000        0.25000        -0.73827
0.67000         0.42000        0.25000        -0.71738
0.68000         0.42000        0.25000        -0.69613
0.69000         0.42000        0.25000        -0.67457
0.70000         0.42000        0.25000        -0.65273
0.71000         0.42000        0.25000        -0.63065
0.72000         0.42000        0.25000        -0.60837
0.73000         0.42000        0.25000        -0.58590
0.74000         0.42000        0.25000        -0.56329
0.75000         0.42000        0.25000        -0.54055
0.76000         0.42000        0.25000        -0.51771
0.77000         0.42000        0.25000        -0.49479
0.78000         0.42000        0.25000        -0.47182
0.79000         0.42000        0.25000        -0.44881
0.80000         0.42000        0.25000        -0.42579
0.81000         0.42000        0.25000        -0.40278
0.82000         0.42000        0.25000        -0.37980
0.83000         0.42000        0.25000        -0.35686
0.84000         0.42000        0.25000        -0.33400
0.85000         0.42000        0.25000        -0.31124
0.86000         0.42000        0.25000        -0.28860
0.87000         0.42000        0.25000        -0.26610
0.88000         0.42000        0.25000        -0.24378
0.89000         0.42000        0.25000        -0.22166
0.90000         0.42000        0.25000        -0.19977
0.91000         0.42000        0.25000        -0.17816
0.92000         0.42000        0.25000        -0.15684
0.93000         0.42000        0.25000        -0.13587
0.94000         0.42000        0.25000        -0.11528
0.95000         0.42000        0.25000        -0.095088
0.96000         0.42000        0.25000        -0.075323
0.97000         0.42000        0.25000        -0.055982
0.98000         0.42000        0.25000        -0.037040
0.99000         0.42000        0.25000        -0.018420
1.0000          0.42000        0.25000        -1.2939E-18
0.0000          0.43000        0.25000        4.3964E-19
0.010000        0.43000        0.25000        0.017527
0.020000        0.43000        0.25000        0.035291
0.030000        0.43000        0.25000        0.053437
0.040000        0.43000        0.25000        0.072054
0.050000        0.43000        0.25000        0.091171
0.060000        0.43000        0.25000        0.11078
0.070000        0.43000        0.25000        0.13087
0.080000        0.43000        0.25000        0.15138
0.090000        0.43000        0.25000        0.17229
0.10000         0.43000        0.25000        0.19355
0.11000         0.43000        0.25000        0.21512
0.12000         0.43000        0.25000        0.23695
0.13000         0.43000        0.25000        0.25902
0.14000         0.43000        0.25000        0.28129
0.15000         0.43000        0.25000        0.30373
0.16000         0.43000        0.25000        0.32631
0.17000         0.43000        0.25000        0.34900
0.18000         0.43000        0.25000        0.37177
0.19000         0.43000        0.25000        0.39462
0.20000         0.43000        0.25000        0.41750
0.21000         0.43000        0.25000        0.44040
0.22000         0.43000        0.25000        0.46330
0.23000         0.43000        0.25000        0.48618
0.24000         0.43000        0.25000        0.50900
0.25000         0.43000        0.25000        0.53175
0.26000         0.43000        0.25000        0.55441
0.27000         0.43000        0.25000        0.57695
0.28000         0.43000        0.25000        0.59934
0.29000         0.43000        0.25000        0.62155
0.30000         0.43000        0.25000        0.64357
0.31000         0.43000        0.25000        0.66534
0.32000         0.43000        0.25000        0.68683
0.33000         0.43000        0.25000        0.70802
0.34000         0.43000        0.25000        0.72883
0.35000         0.43000        0.25000        0.74923
0.36000         0.43000        0.25000        0.76916
0.37000         0.43000        0.25000        0.78853
0.38000         0.43000        0.25000        0.80726
0.39000         0.43000        0.25000        0.82524
0.40000         0.43000        0.25000        0.84234
0.41000         0.43000        0.25000        0.85842
0.42000         0.43000        0.25000        0.87336
0.43000         0.43000        0.25000        0.88716
0.44000         0.43000        0.25000        0.90023
0.45000         0.43000        0.25000        0.91236
0.46000         0.43000        0.25000        0.91711
0.47000         0.43000        0.25000        0.91763
0.48000         0.43000        0.25000        0.92891
0.49000         0.43000        0.25000        0.81282
0.50000         0.43000        0.25000        -4.3606E-4
0.51000         0.43000        0.25000        -0.81254
0.52000         0.43000        0.25000        -0.92882
0.53000         0.43000        0.25000        -0.91763
0.54000         0.43000        0.25000        -0.91712
0.55000         0.43000        0.25000        -0.91236
0.56000         0.43000        0.25000        -0.90023
0.57000         0.43000        0.25000        -0.88716
0.58000         0.43000        0.25000        -0.87336
0.59000         0.43000        0.25000        -0.85842
0.60000         0.43000        0.25000        -0.84234
0.61000         0.43000        0.25000        -0.82524
0.62000         0.43000        0.25000        -0.80726
0.63000         0.43000        0.25000        -0.78853
0.64000         0.43000        0.25000        -0.76916
0.65000         0.43000        0.25000        -0.74923
0.66000         0.43000        0.25000        -0.72883
0.67000         0.43000        0.25000        -0.70802
0.68000         0.43000        0.25000        -0.68683
0.69000         0.43000        0.25000        -0.66534
0.70000         0.43000        0.25000        -0.64357
0.71000         0.43000        0.25000        -0.62155
0.72000         0.43000        0.25000        -0.59934
0.73000         0.43000        0.25000        -0.57695
0.74000         0.43000        0.25000        -0.55441
0.75000         0.43000        0.25000        -0.53175
0.76000         0.43000        0.25000        -0.50900
0.77000         0.43000        0.25000        -0.48618
0.78000         0.43000        0.25000        -0.46330
0.79000         0.43000        0.25000        -0.44040
0.80000         0.43000        0.25000        -0.41750
0.81000         0.43000        0.25000        -0.39462
0.82000         0.43000        0.25000        -0.37177
0.83000         0.43000        0.25000        -0.34900
0.84000         0.43000        0.25000        -0.32631
0.85000         0.43000        0.25000        -0.30373
0.86000         0.43000        0.25000        -0.28129
0.87000         0.43000        0.25000        -0.25902
0.88000         0.43000        0.25000        -0.23695
0.89000         0.43000        0.25000        -0.21512
0.90000         0.43000        0.25000        -0.19355
0.91000         0.43000        0.25000        -0.17229
0.92000         0.43000        0.25000        -0.15138
0.93000         0.43000        0.25000        -0.13087
0.94000         0.43000        0.25000        -0.11078
0.95000         0.43000        0.25000        -0.091171
0.96000         0.43000        0.25000        -0.072054
0.97000         0.43000        0.25000        -0.053437
0.98000         0.43000        0.25000        -0.035291
0.99000         0.43000        0.25000        -0.017527
1.0000          0.43000        0.25000        1.5714E-18
0.0000          0.44000        0.25000        0.0000
0.010000        0.44000        0.25000        0.016520
0.020000        0.44000        0.25000        0.033323
0.030000        0.44000        0.25000        0.050578
0.040000        0.44000        0.25000        0.068392
0.050000        0.44000        0.25000        0.086792
0.060000        0.44000        0.25000        0.10577
0.070000        0.44000        0.25000        0.12530
0.080000        0.44000        0.25000        0.14532
0.090000        0.44000        0.25000        0.16580
0.10000         0.44000        0.25000        0.18667
0.11000         0.44000        0.25000        0.20790
0.12000         0.44000        0.25000        0.22943
0.13000         0.44000        0.25000        0.25122
0.14000         0.44000        0.25000        0.27324
0.15000         0.44000        0.25000        0.29546
0.16000         0.44000        0.25000        0.31783
0.17000         0.44000        0.25000        0.34034
0.18000         0.44000        0.25000        0.36295
0.19000         0.44000        0.25000        0.38564
0.20000         0.44000        0.25000        0.40838
0.21000         0.44000        0.25000        0.43115
0.22000         0.44000        0.25000        0.45393
0.23000         0.44000        0.25000        0.47669
0.24000         0.44000        0.25000        0.49940
0.25000         0.44000        0.25000        0.52206
0.26000         0.44000        0.25000        0.54461
0.27000         0.44000        0.25000        0.56706
0.28000         0.44000        0.25000        0.58936
0.29000         0.44000        0.25000        0.61148
0.30000         0.44000        0.25000        0.63340
0.31000         0.44000        0.25000        0.65509
0.32000         0.44000        0.25000        0.67649
0.33000         0.44000        0.25000        0.69758
0.34000         0.44000        0.25000        0.71830
0.35000         0.44000        0.25000        0.73860
0.36000         0.44000        0.25000        0.75842
0.37000         0.44000        0.25000        0.77767
0.38000         0.44000        0.25000        0.79628
0.39000         0.44000        0.25000        0.81412
0.40000         0.44000        0.25000        0.83108
0.41000         0.44000        0.25000        0.84701
0.42000         0.44000        0.25000        0.86181
0.43000         0.44000        0.25000        0.87552
0.44000         0.44000        0.25000        0.88857
0.45000         0.44000        0.25000        0.90036
0.46000         0.44000        0.25000        0.90439
0.47000         0.44000        0.25000        0.90559
0.48000         0.44000        0.25000        0.91281
0.49000         0.44000        0.25000        0.79033
0.50000         0.44000        0.25000        -7.2449E-5
0.51000         0.44000        0.25000        -0.79024
0.52000         0.44000        0.25000        -0.91286
0.53000         0.44000        0.25000        -0.90565
0.54000         0.44000        0.25000        -0.90436
0.55000         0.44000        0.25000        -0.90036
0.56000         0.44000        0.25000        -0.88857
0.57000         0.44000        0.25000        -0.87552
0.58000         0.44000        0.25000        -0.86181
0.59000         0.44000        0.25000        -0.84701
0.60000         0.44000        0.25000        -0.83108
0.61000         0.44000        0.25000        -0.81412
0.62000         0.44000        0.25000        -0.79628
0.63000         0.44000        0.25000        -0.77767
0.64000         0.44000        0.25000        -0.75842
0.65000         0.44000        0.25000        -0.73860
0.66000         0.44000        0.25000        -0.71830
0.67000         0.44000        0.25000        -0.69758
0.68000         0.44000        0.25000        -0.67649
0.69000         0.44000        0.25000        -0.65509
0.70000         0.44000        0.25000        -0.63340
0.71000         0.44000        0.25000        -0.61148
0.72000         0.44000        0.25000        -0.58936
0.73000         0.44000        0.25000        -0.56706
0.74000         0.44000        0.25000        -0.54461
0.75000         0.44000        0.25000        -0.52206
0.76000         0.44000        0.25000        -0.49940
0.77000         0.44000        0.25000        -0.47669
0.78000         0.44000        0.25000        -0.45393
0.79000         0.44000        0.25000        -0.43115
0.80000         0.44000        0.25000        -0.40838
0.81000         0.44000        0.25000        -0.38564
0.82000         0.44000        0.25000        -0.36295
0.83000         0.44000        0.25000        -0.34034
0.84000         0.44000        0.25000        -0.31783
0.85000         0.44000        0.25000        -0.29546
0.86000         0.44000        0.25000        -0.27324
0.87000         0.44000        0.25000        -0.25122
0.88000         0.44000        0.25000        -0.22943
0.89000         0.44000        0.25000        -0.20790
0.90000         0.44000        0.25000        -0.18667
0.91000         0.44000        0.25000        -0.16580
0.92000         0.44000        0.25000        -0.14532
0.93000         0.44000        0.25000        -0.12530
0.94000         0.44000        0.25000        -0.10577
0.95000         0.44000        0.25000        -0.086792
0.96000         0.44000        0.25000        -0.068392
0.97000         0.44000        0.25000        -0.050578
0.98000         0.44000        0.25000        -0.033323
0.99000         0.44000        0.25000        -0.016520
1.0000          0.44000        0.25000        2.2221E-18
0.0000          0.45000        0.25000        2.7527E-18
0.010000        0.45000        0.25000        0.015384
0.020000        0.45000        0.25000        0.031106
0.030000        0.45000        0.25000        0.047368
0.040000        0.45000        0.25000        0.064290
0.050000        0.45000        0.25000        0.081901
0.060000        0.45000        0.25000        0.10019
0.070000        0.45000        0.25000        0.11911
0.080000        0.45000        0.25000        0.13860
0.090000        0.45000        0.25000        0.15861
0.10000         0.45000        0.25000        0.17908
0.11000         0.45000        0.25000        0.19994
0.12000         0.45000        0.25000        0.22115
0.13000         0.45000        0.25000        0.24265
0.14000         0.45000        0.25000        0.26441
0.15000         0.45000        0.25000        0.28639
0.16000         0.45000        0.25000        0.30855
0.17000         0.45000        0.25000        0.33086
0.18000         0.45000        0.25000        0.35329
0.19000         0.45000        0.25000        0.37581
0.20000         0.45000        0.25000        0.39840
0.21000         0.45000        0.25000        0.42103
0.22000         0.45000        0.25000        0.44367
0.23000         0.45000        0.25000        0.46630
0.24000         0.45000        0.25000        0.48889
0.25000         0.45000        0.25000        0.51143
0.26000         0.45000        0.25000        0.53387
0.27000         0.45000        0.25000        0.55620
0.28000         0.45000        0.25000        0.57839
0.29000         0.45000        0.25000        0.60041
0.30000         0.45000        0.25000        0.62222
0.31000         0.45000        0.25000        0.64380
0.32000         0.45000        0.25000        0.66509
0.33000         0.45000        0.25000        0.68606
0.34000         0.45000        0.25000        0.70666
0.35000         0.45000        0.25000        0.72683
0.36000         0.45000        0.25000        0.74651
0.37000         0.45000        0.25000        0.76561
0.38000         0.45000        0.25000        0.78405
0.39000         0.45000        0.25000        0.80172
0.40000         0.45000        0.25000        0.81848
0.41000         0.45000        0.25000        0.83422
0.42000         0.45000        0.25000        0.84884
0.43000         0.45000        0.25000        0.86242
0.44000         0.45000        0.25000        0.87534
0.45000         0.45000        0.25000        0.88657
0.46000         0.45000        0.25000        0.88986
0.47000         0.45000        0.25000        0.89153
0.48000         0.45000        0.25000        0.89415
0.49000         0.45000        0.25000        0.76890
0.50000         0.45000        0.25000        -1.0362E-4
0.51000         0.45000        0.25000        -0.76879
0.52000         0.45000        0.25000        -0.89408
0.53000         0.45000        0.25000        -0.89150
0.54000         0.45000        0.25000        -0.88989
0.55000         0.45000        0.25000        -0.88656
0.56000         0.45000        0.25000        -0.87534
0.57000         0.45000        0.25000        -0.86242
0.58000         0.45000        0.25000        -0.84884
0.59000         0.45000        0.25000        -0.83422
0.60000         0.45000        0.25000        -0.81848
0.61000         0.45000        0.25000        -0.80172
0.62000         0.45000        0.25000        -0.78405
0.63000         0.45000        0.25000        -0.76561
0.64000         0.45000        0.25000        -0.74651
0.65000         0.45000        0.25000        -0.72683
0.66000         0.45000        0.25000        -0.70666
0.67000         0.45000        0.25000        -0.68606
0.68000         0.45000        0.25000        -0.66509
0.69000         0.45000        0.25000        -0.64380
0.70000         0.45000        0.25000        -0.62222
0.71000         0.45000        0.25000        -0.60041
0.72000         0.45000        0.25000        -0.57839
0.73000         0.45000        0.25000        -0.55620
0.74000         0.45000        0.25000        -0.53387
0.75000         0.45000        0.25000        -0.51143
0.76000         0.45000        0.25000        -0.48889
0.77000         0.45000        0.25000        -0.46630
0.78000         0.45000        0.25000        -0.44367
0.79000         0.45000        0.25000        -0.42103
0.80000         0.45000        0.25000        -0.39840
0.81000         0.45000        0.25000        -0.37581
0.82000         0.45000        0.25000        -0.35329
0.83000         0.45000        0.25000        -0.33086
0.84000         0.45000        0.25000        -0.30855
0.85000         0.45000        0.25000        -0.28639
0.86000         0.45000        0.25000        -0.26441
0.87000         0.45000        0.25000        -0.24265
0.88000         0.45000        0.25000        -0.22115
0.89000         0.45000        0.25000        -0.19994
0.90000         0.45000        0.25000        -0.17908
0.91000         0.45000        0.25000        -0.15861
0.92000         0.45000        0.25000        -0.13860
0.93000         0.45000        0.25000        -0.11911
0.94000         0.45000        0.25000        -0.10019
0.95000         0.45000        0.25000        -0.081901
0.96000         0.45000        0.25000        -0.064290
0.97000         0.45000        0.25000        -0.047368
0.98000         0.45000        0.25000        -0.031106
0.99000         0.45000        0.25000        -0.015384
1.0000          0.45000        0.25000        6.9748E-19
0.0000          0.46000        0.25000        3.8190E-19
0.010000        0.46000        0.25000        0.014102
0.020000        0.46000        0.25000        0.028609
0.030000        0.46000        0.25000        0.043762
0.040000        0.46000        0.25000        0.059697
0.050000        0.46000        0.25000        0.076444
0.060000        0.46000        0.25000        0.093978
0.070000        0.46000        0.25000        0.11225
0.080000        0.46000        0.25000        0.13117
0.090000        0.46000        0.25000        0.15069
0.10000         0.46000        0.25000        0.17072
0.11000         0.46000        0.25000        0.19120
0.12000         0.46000        0.25000        0.21206
0.13000         0.46000        0.25000        0.23326
0.14000         0.46000        0.25000        0.25475
0.15000         0.46000        0.25000        0.27648
0.16000         0.46000        0.25000        0.29841
0.17000         0.46000        0.25000        0.32052
0.18000         0.46000        0.25000        0.34276
0.19000         0.46000        0.25000        0.36510
0.20000         0.46000        0.25000        0.38752
0.21000         0.46000        0.25000        0.40999
0.22000         0.46000        0.25000        0.43249
0.23000         0.46000        0.25000        0.45498
0.24000         0.46000        0.25000        0.47744
0.25000         0.46000        0.25000        0.49984
0.26000         0.46000        0.25000        0.52216
0.27000         0.46000        0.25000        0.54436
0.28000         0.46000        0.25000        0.56643
0.29000         0.46000        0.25000        0.58832
0.30000         0.46000        0.25000        0.61000
0.31000         0.46000        0.25000        0.63144
0.32000         0.46000        0.25000        0.65260
0.33000         0.46000        0.25000        0.67343
0.34000         0.46000        0.25000        0.69388
0.35000         0.46000        0.25000        0.71389
0.36000         0.46000        0.25000        0.73339
0.37000         0.46000        0.25000        0.75231
0.38000         0.46000        0.25000        0.77055
0.39000         0.46000        0.25000        0.78800
0.40000         0.46000        0.25000        0.80453
0.41000         0.46000        0.25000        0.82004
0.42000         0.46000        0.25000        0.83443
0.43000         0.46000        0.25000        0.84783
0.44000         0.46000        0.25000        0.86050
0.45000         0.46000        0.25000        0.87096
0.46000         0.46000        0.25000        0.87357
0.47000         0.46000        0.25000        0.87584
0.48000         0.46000        0.25000        0.87332
0.49000         0.46000        0.25000        0.74288
0.50000         0.46000        0.25000        -7.6656E-4
0.51000         0.46000        0.25000        -0.74244
0.52000         0.46000        0.25000        -0.87297
0.53000         0.46000        0.25000        -0.87575
0.54000         0.46000        0.25000        -0.87351
0.55000         0.46000        0.25000        -0.87097
0.56000         0.46000        0.25000        -0.86050
0.57000         0.46000        0.25000        -0.84783
0.58000         0.46000        0.25000        -0.83443
0.59000         0.46000        0.25000        -0.82004
0.60000         0.46000        0.25000        -0.80453
0.61000         0.46000        0.25000        -0.78800
0.62000         0.46000        0.25000        -0.77055
0.63000         0.46000        0.25000        -0.75231
0.64000         0.46000        0.25000        -0.73339
0.65000         0.46000        0.25000        -0.71389
0.66000         0.46000        0.25000        -0.69388
0.67000         0.46000        0.25000        -0.67343
0.68000         0.46000        0.25000        -0.65260
0.69000         0.46000        0.25000        -0.63144
0.70000         0.46000        0.25000        -0.61000
0.71000         0.46000        0.25000        -0.58832
0.72000         0.46000        0.25000        -0.56643
0.73000         0.46000        0.25000        -0.54436
0.74000         0.46000        0.25000        -0.52216
0.75000         0.46000        0.25000        -0.49984
0.76000         0.46000        0.25000        -0.47744
0.77000         0.46000        0.25000        -0.45498
0.78000         0.46000        0.25000        -0.43249
0.79000         0.46000        0.25000        -0.40999
0.80000         0.46000        0.25000        -0.38752
0.81000         0.46000        0.25000        -0.36510
0.82000         0.46000        0.25000        -0.34276
0.83000         0.46000        0.25000        -0.32052
0.84000         0.46000        0.25000        -0.29841
0.85000         0.46000        0.25000        -0.27648
0.86000         0.46000        0.25000        -0.25475
0.87000         0.46000        0.25000        -0.23326
0.88000         0.46000        0.25000        -0.21206
0.89000         0.46000        0.25000        -0.19120
0.90000         0.46000        0.25000        -0.17072
0.91000         0.46000        0.25000        -0.15069
0.92000         0.46000        0.25000        -0.13117
0.93000         0.46000        0.25000        -0.11225
0.94000         0.46000        0.25000        -0.093978
0.95000         0.46000        0.25000        -0.076444
0.96000         0.46000        0.25000        -0.059697
0.97000         0.46000        0.25000        -0.043762
0.98000         0.46000        0.25000        -0.028609
0.99000         0.46000        0.25000        -0.014102
1.0000          0.46000        0.25000        1.2603E-18
0.0000          0.47000        0.25000        -2.1270E-18
0.010000        0.47000        0.25000        0.012654
0.020000        0.47000        0.25000        0.025795
0.030000        0.47000        0.25000        0.039710
0.040000        0.47000        0.25000        0.054555
0.050000        0.47000        0.25000        0.070358
0.060000        0.47000        0.25000        0.087080
0.070000        0.47000        0.25000        0.10465
0.080000        0.47000        0.25000        0.12297
0.090000        0.47000        0.25000        0.14197
0.10000         0.47000        0.25000        0.16154
0.11000         0.47000        0.25000        0.18162
0.12000         0.47000        0.25000        0.20213
0.13000         0.47000        0.25000        0.22301
0.14000         0.47000        0.25000        0.24421
0.15000         0.47000        0.25000        0.26568
0.16000         0.47000        0.25000        0.28738
0.17000         0.47000        0.25000        0.30927
0.18000         0.47000        0.25000        0.33131
0.19000         0.47000        0.25000        0.35346
0.20000         0.47000        0.25000        0.37571
0.21000         0.47000        0.25000        0.39802
0.22000         0.47000        0.25000        0.42035
0.23000         0.47000        0.25000        0.44269
0.24000         0.47000        0.25000        0.46500
0.25000         0.47000        0.25000        0.48726
0.26000         0.47000        0.25000        0.50944
0.27000         0.47000        0.25000        0.53150
0.28000         0.47000        0.25000        0.55342
0.29000         0.47000        0.25000        0.57517
0.30000         0.47000        0.25000        0.59671
0.31000         0.47000        0.25000        0.61800
0.32000         0.47000        0.25000        0.63900
0.33000         0.47000        0.25000        0.65966
0.34000         0.47000        0.25000        0.67993
0.35000         0.47000        0.25000        0.69976
0.36000         0.47000        0.25000        0.71906
0.37000         0.47000        0.25000        0.73776
0.38000         0.47000        0.25000        0.75576
0.39000         0.47000        0.25000        0.77296
0.40000         0.47000        0.25000        0.78922
0.41000         0.47000        0.25000        0.80445
0.42000         0.47000        0.25000        0.81858
0.43000         0.47000        0.25000        0.83173
0.44000         0.47000        0.25000        0.84401
0.45000         0.47000        0.25000        0.85350
0.46000         0.47000        0.25000        0.85544
0.47000         0.47000        0.25000        0.85692
0.48000         0.47000        0.25000        0.84737
0.49000         0.47000        0.25000        0.71279
0.50000         0.47000        0.25000        7.0635E-4
0.51000         0.47000        0.25000        -0.71317
0.52000         0.47000        0.25000        -0.84783
0.53000         0.47000        0.25000        -0.85699
0.54000         0.47000        0.25000        -0.85545
0.55000         0.47000        0.25000        -0.85350
0.56000         0.47000        0.25000        -0.84402
0.57000         0.47000        0.25000        -0.83173
0.58000         0.47000        0.25000        -0.81858
0.59000         0.47000        0.25000        -0.80445
0.60000         0.47000        0.25000        -0.78922
0.61000         0.47000        0.25000        -0.77296
0.62000         0.47000        0.25000        -0.75576
0.63000         0.47000        0.25000        -0.73776
0.64000         0.47000        0.25000        -0.71906
0.65000         0.47000        0.25000        -0.69976
0.66000         0.47000        0.25000        -0.67993
0.67000         0.47000        0.25000        -0.65966
0.68000         0.47000        0.25000        -0.63900
0.69000         0.47000        0.25000        -0.61800
0.70000         0.47000        0.25000        -0.59671
0.71000         0.47000        0.25000        -0.57517
0.72000         0.47000        0.25000        -0.55342
0.73000         0.47000        0.25000        -0.53150
0.74000         0.47000        0.25000        -0.50944
0.75000         0.47000        0.25000        -0.48726
0.76000         0.47000        0.25000        -0.46500
0.77000         0.47000        0.25000        -0.44269
0.78000         0.47000        0.25000        -0.42035
0.79000         0.47000        0.25000        -0.39802
0.80000         0.47000        0.25000        -0.37571
0.81000         0.47000        0.25000        -0.35346
0.82000         0.47000        0.25000        -0.33131
0.83000         0.47000        0.25000        -0.30927
0.84000         0.47000        0.25000        -0.28738
0.85000         0.47000        0.25000        -0.26568
0.86000         0.47000        0.25000        -0.24421
0.87000         0.47000        0.25000        -0.22301
0.88000         0.47000        0.25000        -0.20213
0.89000         0.47000        0.25000        -0.18162
0.90000         0.47000        0.25000        -0.16154
0.91000         0.47000        0.25000        -0.14197
0.92000         0.47000        0.25000        -0.12297
0.93000         0.47000        0.25000        -0.10465
0.94000         0.47000        0.25000        -0.087080
0.95000         0.47000        0.25000        -0.070358
0.96000         0.47000        0.25000        -0.054555
0.97000         0.47000        0.25000        -0.039710
0.98000         0.47000        0.25000        -0.025795
0.99000         0.47000        0.25000        -0.012654
1.0000          0.47000        0.25000        2.8795E-19
0.0000          0.48000        0.25000        0.0000
0.010000        0.48000        0.25000        0.011015
0.020000        0.48000        0.25000        0.022619
0.030000        0.48000        0.25000        0.035154
0.040000        0.48000        0.25000        0.048800
0.050000        0.48000        0.25000        0.063575
0.060000        0.48000        0.25000        0.079422
0.070000        0.48000        0.25000        0.096248
0.080000        0.48000        0.25000        0.11394
0.090000        0.48000        0.25000        0.13238
0.10000         0.48000        0.25000        0.15148
0.11000         0.48000        0.25000        0.17114
0.12000         0.48000        0.25000        0.19128
0.13000         0.48000        0.25000        0.21184
0.14000         0.48000        0.25000        0.23274
0.15000         0.48000        0.25000        0.25395
0.16000         0.48000        0.25000        0.27540
0.17000         0.48000        0.25000        0.29707
0.18000         0.48000        0.25000        0.31890
0.19000         0.48000        0.25000        0.34086
0.20000         0.48000        0.25000        0.36293
0.21000         0.48000        0.25000        0.38506
0.22000         0.48000        0.25000        0.40723
0.23000         0.48000        0.25000        0.42941
0.24000         0.48000        0.25000        0.45156
0.25000         0.48000        0.25000        0.47366
0.26000         0.48000        0.25000        0.49568
0.27000         0.48000        0.25000        0.51759
0.28000         0.48000        0.25000        0.53936
0.29000         0.48000        0.25000        0.56095
0.30000         0.48000        0.25000        0.58232
0.31000         0.48000        0.25000        0.60344
0.32000         0.48000        0.25000        0.62426
0.33000         0.48000        0.25000        0.64473
0.34000         0.48000        0.25000        0.66480
0.35000         0.48000        0.25000        0.68441
0.36000         0.48000        0.25000        0.70349
0.37000         0.48000        0.25000        0.72194
0.38000         0.48000        0.25000        0.73967
0.39000         0.48000        0.25000        0.75657
0.40000         0.48000        0.25000        0.77254
0.41000         0.48000        0.25000        0.78745
0.42000         0.48000        0.25000        0.80127
0.43000         0.48000        0.25000        0.81408
0.44000         0.48000        0.25000        0.82582
0.45000         0.48000        0.25000        0.83417
0.46000         0.48000        0.25000        0.83550
0.47000         0.48000        0.25000        0.83671
0.48000         0.48000        0.25000        0.82226
0.49000         0.48000        0.25000        0.68287
0.50000         0.48000        0.25000        -9.0914E-4
0.51000         0.48000        0.25000        -0.68276
0.52000         0.48000        0.25000        -0.82237
0.53000         0.48000        0.25000        -0.83644
0.54000         0.48000        0.25000        -0.83550
0.55000         0.48000        0.25000        -0.83416
0.56000         0.48000        0.25000        -0.82582
0.57000         0.48000        0.25000        -0.81408
0.58000         0.48000        0.25000        -0.80127
0.59000         0.48000        0.25000        -0.78745
0.60000         0.48000        0.25000        -0.77254
0.61000         0.48000        0.25000        -0.75657
0.62000         0.48000        0.25000        -0.73967
0.63000         0.48000        0.25000        -0.72194
0.64000         0.48000        0.25000        -0.70349
0.65000         0.48000        0.25000        -0.68441
0.66000         0.48000        0.25000        -0.66480
0.67000         0.48000        0.25000        -0.64473
0.68000         0.48000        0.25000        -0.62426
0.69000         0.48000        0.25000        -0.60344
0.70000         0.48000        0.25000        -0.58232
0.71000         0.48000        0.25000        -0.56095
0.72000         0.48000        0.25000        -0.53936
0.73000         0.48000        0.25000        -0.51759
0.74000         0.48000        0.25000        -0.49568
0.75000         0.48000        0.25000        -0.47366
0.76000         0.48000        0.25000        -0.45156
0.77000         0.48000        0.25000        -0.42941
0.78000         0.48000        0.25000        -0.40723
0.79000         0.48000        0.25000        -0.38506
0.80000         0.48000        0.25000        -0.36293
0.81000         0.48000        0.25000        -0.34086
0.82000         0.48000        0.25000        -0.31890
0.83000         0.48000        0.25000        -0.29707
0.84000         0.48000        0.25000        -0.27540
0.85000         0.48000        0.25000        -0.25395
0.86000         0.48000        0.25000        -0.23274
0.87000         0.48000        0.25000        -0.21184
0.88000         0.48000        0.25000        -0.19128
0.89000         0.48000        0.25000        -0.17114
0.90000         0.48000        0.25000        -0.15148
0.91000         0.48000        0.25000        -0.13238
0.92000         0.48000        0.25000        -0.11394
0.93000         0.48000        0.25000        -0.096248
0.94000         0.48000        0.25000        -0.079422
0.95000         0.48000        0.25000        -0.063575
0.96000         0.48000        0.25000        -0.048800
0.97000         0.48000        0.25000        -0.035154
0.98000         0.48000        0.25000        -0.022619
0.99000         0.48000        0.25000        -0.011015
1.0000          0.48000        0.25000        3.9411E-21
0.0000          0.49000        0.25000        -2.0324E-19
0.010000        0.49000        0.25000        0.0091571
0.020000        0.49000        0.25000        0.019030
0.030000        0.49000        0.25000        0.030029
0.040000        0.49000        0.25000        0.042355
0.050000        0.49000        0.25000        0.056016
0.060000        0.49000        0.25000        0.070929
0.070000        0.49000        0.25000        0.086969
0.080000        0.49000        0.25000        0.10399
0.090000        0.49000        0.25000        0.12187
0.10000         0.49000        0.25000        0.14048
0.11000         0.49000        0.25000        0.15971
0.12000         0.49000        0.25000        0.17948
0.13000         0.49000        0.25000        0.19970
0.14000         0.49000        0.25000        0.22031
0.15000         0.49000        0.25000        0.24124
0.16000         0.49000        0.25000        0.26245
0.17000         0.49000        0.25000        0.28388
0.18000         0.49000        0.25000        0.30550
0.19000         0.49000        0.25000        0.32727
0.20000         0.49000        0.25000        0.34914
0.21000         0.49000        0.25000        0.37109
0.22000         0.49000        0.25000        0.39309
0.23000         0.49000        0.25000        0.41509
0.24000         0.49000        0.25000        0.43708
0.25000         0.49000        0.25000        0.45902
0.26000         0.49000        0.25000        0.48087
0.27000         0.49000        0.25000        0.50261
0.28000         0.49000        0.25000        0.52421
0.29000         0.49000        0.25000        0.54562
0.30000         0.49000        0.25000        0.56681
0.31000         0.49000        0.25000        0.58774
0.32000         0.49000        0.25000        0.60836
0.33000         0.49000        0.25000        0.62863
0.34000         0.49000        0.25000        0.64847
0.35000         0.49000        0.25000        0.66784
0.36000         0.49000        0.25000        0.68665
0.37000         0.49000        0.25000        0.70482
0.38000         0.49000        0.25000        0.72226
0.39000         0.49000        0.25000        0.73884
0.40000         0.49000        0.25000        0.75446
0.41000         0.49000        0.25000        0.76902
0.42000         0.49000        0.25000        0.78247
0.43000         0.49000        0.25000        0.79486
0.44000         0.49000        0.25000        0.80587
0.45000         0.49000        0.25000        0.81295
0.46000         0.49000        0.25000        0.81366
0.47000         0.49000        0.25000        0.81341
0.48000         0.49000        0.25000        0.79294
0.49000         0.49000        0.25000        0.64507
0.50000         0.49000        0.25000        -0.0014875
0.51000         0.49000        0.25000        -0.64589
0.52000         0.49000        0.25000        -0.79307
0.53000         0.49000        0.25000        -0.81315
0.54000         0.49000        0.25000        -0.81367
0.55000         0.49000        0.25000        -0.81294
0.56000         0.49000        0.25000        -0.80587
0.57000         0.49000        0.25000        -0.79486
0.58000         0.49000        0.25000        -0.78247
0.59000         0.49000        0.25000        -0.76902
0.60000         0.49000        0.25000        -0.75446
0.61000         0.49000        0.25000        -0.73884
0.62000         0.49000        0.25000        -0.72226
0.63000         0.49000        0.25000        -0.70482
0.64000         0.49000        0.25000        -0.68665
0.65000         0.49000        0.25000        -0.66784
0.66000         0.49000        0.25000        -0.64847
0.67000         0.49000        0.25000        -0.62863
0.68000         0.49000        0.25000        -0.60836
0.69000         0.49000        0.25000        -0.58774
0.70000         0.49000        0.25000        -0.56681
0.71000         0.49000        0.25000        -0.54562
0.72000         0.49000        0.25000        -0.52421
0.73000         0.49000        0.25000        -0.50261
0.74000         0.49000        0.25000        -0.48087
0.75000         0.49000        0.25000        -0.45902
0.76000         0.49000        0.25000        -0.43708
0.77000         0.49000        0.25000        -0.41509
0.78000         0.49000        0.25000        -0.39309
0.79000         0.49000        0.25000        -0.37109
0.80000         0.49000        0.25000        -0.34914
0.81000         0.49000        0.25000        -0.32727
0.82000         0.49000        0.25000        -0.30550
0.83000         0.49000        0.25000        -0.28388
0.84000         0.49000        0.25000        -0.26245
0.85000         0.49000        0.25000        -0.24124
0.86000         0.49000        0.25000        -0.22031
0.87000         0.49000        0.25000        -0.19970
0.88000         0.49000        0.25000        -0.17948
0.89000         0.49000        0.25000        -0.15971
0.90000         0.49000        0.25000        -0.14048
0.91000         0.49000        0.25000        -0.12187
0.92000         0.49000        0.25000        -0.10399
0.93000         0.49000        0.25000        -0.086969
0.94000         0.49000        0.25000        -0.070929
0.95000         0.49000        0.25000        -0.056016
0.96000         0.49000        0.25000        -0.042355
0.97000         0.49000        0.25000        -0.030029
0.98000         0.49000        0.25000        -0.019030
0.99000         0.49000        0.25000        -0.0091571
1.0000          0.49000        0.25000        -9.6490E-20
0.0000          0.50000        0.25000        1.2306E-18
0.010000        0.50000        0.25000        0.0070467
0.020000        0.50000        0.25000        0.014968
0.030000        0.50000        0.25000        0.024257
0.040000        0.50000        0.25000        0.035138
0.050000        0.50000        0.25000        0.047598
0.060000        0.50000        0.25000        0.061519
0.070000        0.50000        0.25000        0.076736
0.080000        0.50000        0.25000        0.093073
0.090000        0.50000        0.25000        0.11037
0.10000         0.50000        0.25000        0.12848
0.11000         0.50000        0.25000        0.14728
0.12000         0.50000        0.25000        0.16667
0.13000         0.50000        0.25000        0.18655
0.14000         0.50000        0.25000        0.20685
0.15000         0.50000        0.25000        0.22751
0.16000         0.50000        0.25000        0.24847
0.17000         0.50000        0.25000        0.26967
0.18000         0.50000        0.25000        0.29108
0.19000         0.50000        0.25000        0.31264
0.20000         0.50000        0.25000        0.33432
0.21000         0.50000        0.25000        0.35608
0.22000         0.50000        0.25000        0.37790
0.23000         0.50000        0.25000        0.39973
0.24000         0.50000        0.25000        0.42154
0.25000         0.50000        0.25000        0.44330
0.26000         0.50000        0.25000        0.46498
0.27000         0.50000        0.25000        0.48654
0.28000         0.50000        0.25000        0.50795
0.29000         0.50000        0.25000        0.52917
0.30000         0.50000        0.25000        0.55017
0.31000         0.50000        0.25000        0.57089
0.32000         0.50000        0.25000        0.59129
0.33000         0.50000        0.25000        0.61132
0.34000         0.50000        0.25000        0.63092
0.35000         0.50000        0.25000        0.65002
0.36000         0.50000        0.25000        0.66855
0.37000         0.50000        0.25000        0.68641
0.38000         0.50000        0.25000        0.70351
0.39000         0.50000        0.25000        0.71974
0.40000         0.50000        0.25000        0.73498
0.41000         0.50000        0.25000        0.74914
0.42000         0.50000        0.25000        0.76217
0.43000         0.50000        0.25000        0.77403
0.44000         0.50000        0.25000        0.78412
0.45000         0.50000        0.25000        0.78986
0.46000         0.50000        0.25000        0.78988
0.47000         0.50000        0.25000        0.78741
0.48000         0.50000        0.25000        0.76193
0.49000         0.50000        0.25000        0.61184
0.50000         0.50000        0.25000        -0.0024561
0.51000         0.50000        0.25000        -0.61004
0.52000         0.50000        0.25000        -0.76136
0.53000         0.50000        0.25000        -0.78736
0.54000         0.50000        0.25000        -0.78988
0.55000         0.50000        0.25000        -0.78985
0.56000         0.50000        0.25000        -0.78412
0.57000         0.50000        0.25000        -0.77403
0.58000         0.50000        0.25000        -0.76217
0.59000         0.50000        0.25000        -0.74914
0.60000         0.50000        0.25000        -0.73498
0.61000         0.50000        0.25000        -0.71974
0.62000         0.50000        0.25000        -0.70351
0.63000         0.50000        0.25000        -0.68641
0.64000         0.50000        0.25000        -0.66855
0.65000         0.50000        0.25000        -0.65002
0.66000         0.50000        0.25000        -0.63092
0.67000         0.50000        0.25000        -0.61132
0.68000         0.50000        0.25000        -0.59129
0.69000         0.50000        0.25000        -0.57089
0.70000         0.50000        0.25000        -0.55017
0.71000         0.50000        0.25000        -0.52917
0.72000         0.50000        0.25000        -0.50795
0.73000         0.50000        0.25000        -0.48654
0.74000         0.50000        0.25000        -0.46498
0.75000         0.50000        0.25000        -0.44330
0.76000         0.50000        0.25000        -0.42154
0.77000         0.50000        0.25000        -0.39973
0.78000         0.50000        0.25000        -0.37790
0.79000         0.50000        0.25000        -0.35608
0.80000         0.50000        0.25000        -0.33432
0.81000         0.50000        0.25000        -0.31264
0.82000         0.50000        0.25000        -0.29108
0.83000         0.50000        0.25000        -0.26967
0.84000         0.50000        0.25000        -0.24847
0.85000         0.50000        0.25000        -0.22751
0.86000         0.50000        0.25000        -0.20685
0.87000         0.50000        0.25000        -0.18655
0.88000         0.50000        0.25000        -0.16667
0.89000         0.50000        0.25000        -0.14728
0.90000         0.50000        0.25000        -0.12848
0.91000         0.50000        0.25000        -0.11037
0.92000         0.50000        0.25000        -0.093073
0.93000         0.50000        0.25000        -0.076736
0.94000         0.50000        0.25000        -0.061519
0.95000         0.50000        0.25000        -0.047598
0.96000         0.50000        0.25000        -0.035138
0.97000         0.50000        0.25000        -0.024257
0.98000         0.50000        0.25000        -0.014968
0.99000         0.50000        0.25000        -0.0070467
1.0000          0.50000        0.25000        1.0784E-18
0.0000          0.51000        0.25000        7.8974E-19
0.010000        0.51000        0.25000        0.0046441
0.020000        0.51000        0.25000        0.010364
0.030000        0.51000        0.25000        0.017752
0.040000        0.51000        0.25000        0.027053
0.050000        0.51000        0.25000        0.038227
0.060000        0.51000        0.25000        0.051103
0.070000        0.51000        0.25000        0.065466
0.080000        0.51000        0.25000        0.081098
0.090000        0.51000        0.25000        0.097804
0.10000         0.51000        0.25000        0.11541
0.11000         0.51000        0.25000        0.13378
0.12000         0.51000        0.25000        0.15278
0.13000         0.51000        0.25000        0.17233
0.14000         0.51000        0.25000        0.19234
0.15000         0.51000        0.25000        0.21272
0.16000         0.51000        0.25000        0.23343
0.17000         0.51000        0.25000        0.25440
0.18000         0.51000        0.25000        0.27559
0.19000         0.51000        0.25000        0.29694
0.20000         0.51000        0.25000        0.31843
0.21000         0.51000        0.25000        0.34000
0.22000         0.51000        0.25000        0.36163
0.23000         0.51000        0.25000        0.38327
0.24000         0.51000        0.25000        0.40490
0.25000         0.51000        0.25000        0.42648
0.26000         0.51000        0.25000        0.44798
0.27000         0.51000        0.25000        0.46935
0.28000         0.51000        0.25000        0.49056
0.29000         0.51000        0.25000        0.51158
0.30000         0.51000        0.25000        0.53236
0.31000         0.51000        0.25000        0.55286
0.32000         0.51000        0.25000        0.57303
0.33000         0.51000        0.25000        0.59280
0.34000         0.51000        0.25000        0.61213
0.35000         0.51000        0.25000        0.63094
0.36000         0.51000        0.25000        0.64916
0.37000         0.51000        0.25000        0.66668
0.38000         0.51000        0.25000        0.68342
0.39000         0.51000        0.25000        0.69926
0.40000         0.51000        0.25000        0.71409
0.41000         0.51000        0.25000        0.72781
0.42000         0.51000        0.25000        0.74034
0.43000         0.51000        0.25000        0.75154
0.44000         0.51000        0.25000        0.76054
0.45000         0.51000        0.25000        0.76491
0.46000         0.51000        0.25000        0.76407
0.47000         0.51000        0.25000        0.75880
0.48000         0.51000        0.25000        0.72720
0.49000         0.51000        0.25000        0.57108
0.50000         0.51000        0.25000        5.9670E-4
0.51000         0.51000        0.25000        -0.57075
0.52000         0.51000        0.25000        -0.72692
0.53000         0.51000        0.25000        -0.75880
0.54000         0.51000        0.25000        -0.76407
0.55000         0.51000        0.25000        -0.76491
0.56000         0.51000        0.25000        -0.76054
0.57000         0.51000        0.25000        -0.75154
0.58000         0.51000        0.25000        -0.74034
0.59000         0.51000        0.25000        -0.72781
0.60000         0.51000        0.25000        -0.71409
0.61000         0.51000        0.25000        -0.69926
0.62000         0.51000        0.25000        -0.68342
0.63000         0.51000        0.25000        -0.66668
0.64000         0.51000        0.25000        -0.64916
0.65000         0.51000        0.25000        -0.63094
0.66000         0.51000        0.25000        -0.61213
0.67000         0.51000        0.25000        -0.59280
0.68000         0.51000        0.25000        -0.57303
0.69000         0.51000        0.25000        -0.55286
0.70000         0.51000        0.25000        -0.53236
0.71000         0.51000        0.25000        -0.51158
0.72000         0.51000        0.25000        -0.49056
0.73000         0.51000        0.25000        -0.46935
0.74000         0.51000        0.25000        -0.44798
0.75000         0.51000        0.25000        -0.42648
0.76000         0.51000        0.25000        -0.40490
0.77000         0.51000        0.25000        -0.38327
0.78000         0.51000        0.25000        -0.36163
0.79000         0.51000        0.25000        -0.34000
0.80000         0.51000        0.25000        -0.31843
0.81000         0.51000        0.25000        -0.29694
0.82000         0.51000        0.25000        -0.27559
0.83000         0.51000        0.25000        -0.25440
0.84000         0.51000        0.25000        -0.23343
0.85000         0.51000        0.25000        -0.21272
0.86000         0.51000        0.25000        -0.19234
0.87000         0.51000        0.25000        -0.17233
0.88000         0.51000        0.25000        -0.15278
0.89000         0.51000        0.25000        -0.13378
0.90000         0.51000        0.25000        -0.11541
0.91000         0.51000        0.25000        -0.097804
0.92000         0.51000        0.25000        -0.081098
0.93000         0.51000        0.25000        -0.065466
0.94000         0.51000        0.25000        -0.051103
0.95000         0.51000        0.25000        -0.038227
0.96000         0.51000        0.25000        -0.027053
0.97000         0.51000        0.25000        -0.017752
0.98000         0.51000        0.25000        -0.010364
0.99000         0.51000        0.25000        -0.0046441
1.0000          0.51000        0.25000        7.9124E-19
0.0000          0.52000        0.25000        1.8367E-19
0.010000        0.52000        0.25000        0.0019020
0.020000        0.52000        0.25000        0.0051342
0.030000        0.52000        0.25000        0.010412
0.040000        0.52000        0.25000        0.017998
0.050000        0.52000        0.25000        0.027803
0.060000        0.52000        0.25000        0.039588
0.070000        0.52000        0.25000        0.053075
0.080000        0.52000        0.25000        0.067994
0.090000        0.52000        0.25000        0.084108
0.10000         0.52000        0.25000        0.10122
0.11000         0.52000        0.25000        0.11915
0.12000         0.52000        0.25000        0.13779
0.13000         0.52000        0.25000        0.15700
0.14000         0.52000        0.25000        0.17671
0.15000         0.52000        0.25000        0.19683
0.16000         0.52000        0.25000        0.21729
0.17000         0.52000        0.25000        0.23803
0.18000         0.52000        0.25000        0.25900
0.19000         0.52000        0.25000        0.28015
0.20000         0.52000        0.25000        0.30144
0.21000         0.52000        0.25000        0.32282
0.22000         0.52000        0.25000        0.34426
0.23000         0.52000        0.25000        0.36572
0.24000         0.52000        0.25000        0.38716
0.25000         0.52000        0.25000        0.40855
0.26000         0.52000        0.25000        0.42985
0.27000         0.52000        0.25000        0.45102
0.28000         0.52000        0.25000        0.47203
0.29000         0.52000        0.25000        0.49283
0.30000         0.52000        0.25000        0.51338
0.31000         0.52000        0.25000        0.53364
0.32000         0.52000        0.25000        0.55355
0.33000         0.52000        0.25000        0.57306
0.34000         0.52000        0.25000        0.59210
0.35000         0.52000        0.25000        0.61060
0.36000         0.52000        0.25000        0.62848
0.37000         0.52000        0.25000        0.64564
0.38000         0.52000        0.25000        0.66199
0.39000         0.52000        0.25000        0.67741
0.40000         0.52000        0.25000        0.69179
0.41000         0.52000        0.25000        0.70501
0.42000         0.52000        0.25000        0.71696
0.43000         0.52000        0.25000        0.72736
0.44000         0.52000        0.25000        0.73514
0.45000         0.52000        0.25000        0.73814
0.46000         0.52000        0.25000        0.73617
0.47000         0.52000        0.25000        0.72765
0.48000         0.52000        0.25000        0.69051
0.49000         0.52000        0.25000        0.53167
0.50000         0.52000        0.25000        -1.3598E-4
0.51000         0.52000        0.25000        -0.53161
0.52000         0.52000        0.25000        -0.69047
0.53000         0.52000        0.25000        -0.72766
0.54000         0.52000        0.25000        -0.73617
0.55000         0.52000        0.25000        -0.73814
0.56000         0.52000        0.25000        -0.73514
0.57000         0.52000        0.25000        -0.72736
0.58000         0.52000        0.25000        -0.71696
0.59000         0.52000        0.25000        -0.70501
0.60000         0.52000        0.25000        -0.69179
0.61000         0.52000        0.25000        -0.67741
0.62000         0.52000        0.25000        -0.66199
0.63000         0.52000        0.25000        -0.64564
0.64000         0.52000        0.25000        -0.62848
0.65000         0.52000        0.25000        -0.61060
0.66000         0.52000        0.25000        -0.59210
0.67000         0.52000        0.25000        -0.57306
0.68000         0.52000        0.25000        -0.55355
0.69000         0.52000        0.25000        -0.53364
0.70000         0.52000        0.25000        -0.51338
0.71000         0.52000        0.25000        -0.49283
0.72000         0.52000        0.25000        -0.47203
0.73000         0.52000        0.25000        -0.45102
0.74000         0.52000        0.25000        -0.42985
0.75000         0.52000        0.25000        -0.40855
0.76000         0.52000        0.25000        -0.38716
0.77000         0.52000        0.25000        -0.36572
0.78000         0.52000        0.25000        -0.34426
0.79000         0.52000        0.25000        -0.32282
0.80000         0.52000        0.25000        -0.30144
0.81000         0.52000        0.25000        -0.28015
0.82000         0.52000        0.25000        -0.25900
0.83000         0.52000        0.25000        -0.23803
0.84000         0.52000        0.25000        -0.21729
0.85000         0.52000        0.25000        -0.19683
0.86000         0.52000        0.25000        -0.17671
0.87000         0.52000        0.25000        -0.15700
0.88000         0.52000        0.25000        -0.13779
0.89000         0.52000        0.25000        -0.11915
0.90000         0.52000        0.25000        -0.10122
0.91000         0.52000        0.25000        -0.084108
0.92000         0.52000        0.25000        -0.067994
0.93000         0.52000        0.25000        -0.053075
0.94000         0.52000        0.25000        -0.039588
0.95000         0.52000        0.25000        -0.027803
0.96000         0.52000        0.25000        -0.017998
0.97000         0.52000        0.25000        -0.010412
0.98000         0.52000        0.25000        -0.0051342
0.99000         0.52000        0.25000        -0.0019020
1.0000          0.52000        0.25000        -1.4725E-19
0.0000          0.53000        0.25000        -4.4745E-20
0.010000        0.53000        0.25000        -0.0012361
0.020000        0.53000        0.25000        -8.1561E-4
0.030000        0.53000        0.25000        0.0021248
0.040000        0.53000        0.25000        0.0078556
0.050000        0.53000        0.25000        0.016217
0.060000        0.53000        0.25000        0.026879
0.070000        0.53000        0.25000        0.039480
0.080000        0.53000        0.25000        0.053687
0.090000        0.53000        0.25000        0.069218
0.10000         0.53000        0.25000        0.085836
0.11000         0.53000        0.25000        0.10336
0.12000         0.53000        0.25000        0.12163
0.13000         0.53000        0.25000        0.14052
0.14000         0.53000        0.25000        0.15995
0.15000         0.53000        0.25000        0.17980
0.16000         0.53000        0.25000        0.20002
0.17000         0.53000        0.25000        0.22054
0.18000         0.53000        0.25000        0.24130
0.19000         0.53000        0.25000        0.26224
0.20000         0.53000        0.25000        0.28333
0.21000         0.53000        0.25000        0.30452
0.22000         0.53000        0.25000        0.32577
0.23000         0.53000        0.25000        0.34704
0.24000         0.53000        0.25000        0.36829
0.25000         0.53000        0.25000        0.38948
0.26000         0.53000        0.25000        0.41058
0.27000         0.53000        0.25000        0.43154
0.28000         0.53000        0.25000        0.45233
0.29000         0.53000        0.25000        0.47291
0.30000         0.53000        0.25000        0.49322
0.31000         0.53000        0.25000        0.51323
0.32000         0.53000        0.25000        0.53287
0.33000         0.53000        0.25000        0.55208
0.34000         0.53000        0.25000        0.57081
0.35000         0.53000        0.25000        0.58898
0.36000         0.53000        0.25000        0.60650
0.37000         0.53000        0.25000        0.62328
0.38000         0.53000        0.25000        0.63921
0.39000         0.53000        0.25000        0.65418
0.40000         0.53000        0.25000        0.66807
0.41000         0.53000        0.25000        0.68074
0.42000         0.53000        0.25000        0.69201
0.43000         0.53000        0.25000        0.70149
0.44000         0.53000        0.25000        0.70793
0.45000         0.53000        0.25000        0.70957
0.46000         0.53000        0.25000        0.70616
0.47000         0.53000        0.25000        0.69391
0.48000         0.53000        0.25000        0.65083
0.49000         0.53000        0.25000        0.49153
0.50000         0.53000        0.25000        -5.6768E-5
0.51000         0.53000        0.25000        -0.49121
0.52000         0.53000        0.25000        -0.65077
0.53000         0.53000        0.25000        -0.69385
0.54000         0.53000        0.25000        -0.70615
0.55000         0.53000        0.25000        -0.70957
0.56000         0.53000        0.25000        -0.70793
0.57000         0.53000        0.25000        -0.70149
0.58000         0.53000        0.25000        -0.69201
0.59000         0.53000        0.25000        -0.68074
0.60000         0.53000        0.25000        -0.66807
0.61000         0.53000        0.25000        -0.65418
0.62000         0.53000        0.25000        -0.63921
0.63000         0.53000        0.25000        -0.62328
0.64000         0.53000        0.25000        -0.60650
0.65000         0.53000        0.25000        -0.58898
0.66000         0.53000        0.25000        -0.57081
0.67000         0.53000        0.25000        -0.55208
0.68000         0.53000        0.25000        -0.53287
0.69000         0.53000        0.25000        -0.51323
0.70000         0.53000        0.25000        -0.49322
0.71000         0.53000        0.25000        -0.47291
0.72000         0.53000        0.25000        -0.45233
0.73000         0.53000        0.25000        -0.43154
0.74000         0.53000        0.25000        -0.41058
0.75000         0.53000        0.25000        -0.38948
0.76000         0.53000        0.25000        -0.36829
0.77000         0.53000        0.25000        -0.34704
0.78000         0.53000        0.25000        -0.32577
0.79000         0.53000        0.25000        -0.30452
0.80000         0.53000        0.25000        -0.28333
0.81000         0.53000        0.25000        -0.26224
0.82000         0.53000        0.25000        -0.24130
0.83000         0.53000        0.25000        -0.22054
0.84000         0.53000        0.25000        -0.20002
0.85000         0.53000        0.25000        -0.17980
0.86000         0.53000        0.25000        -0.15995
0.87000         0.53000        0.25000        -0.14052
0.88000         0.53000        0.25000        -0.12163
0.89000         0.53000        0.25000        -0.10336
0.90000         0.53000        0.25000        -0.085836
0.91000         0.53000        0.25000        -0.069218
0.92000         0.53000        0.25000        -0.053687
0.93000         0.53000        0.25000        -0.039480
0.94000         0.53000        0.25000        -0.026879
0.95000         0.53000        0.25000        -0.016217
0.96000         0.53000        0.25000        -0.0078556
0.97000         0.53000        0.25000        -0.0021248
0.98000         0.53000        0.25000        8.1561E-4
0.99000         0.53000        0.25000        0.0012361
1.0000          0.53000        0.25000        2.6917E-20
0.0000          0.54000        0.25000        -9.6074E-19
0.010000        0.54000        0.25000        -0.0048373
0.020000        0.54000        0.25000        -0.0075974
0.030000        0.54000        0.25000        -0.0072387
0.040000        0.54000        0.25000        -0.0034989
0.050000        0.54000        0.25000        0.0033571
0.060000        0.54000        0.25000        0.012876
0.070000        0.54000        0.25000        0.024594
0.080000        0.54000        0.25000        0.038105
0.090000        0.54000        0.25000        0.053070
0.10000         0.54000        0.25000        0.069218
0.11000         0.54000        0.25000        0.086339
0.12000         0.54000        0.25000        0.10426
0.13000         0.54000        0.25000        0.12286
0.14000         0.54000        0.25000        0.14200
0.15000         0.54000        0.25000        0.16161
0.16000         0.54000        0.25000        0.18160
0.17000         0.54000        0.25000        0.20190
0.18000         0.54000        0.25000        0.22245
0.19000         0.54000        0.25000        0.24320
0.20000         0.54000        0.25000        0.26409
0.21000         0.54000        0.25000        0.28509
0.22000         0.54000        0.25000        0.30615
0.23000         0.54000        0.25000        0.32722
0.24000         0.54000        0.25000        0.34827
0.25000         0.54000        0.25000        0.36926
0.26000         0.54000        0.25000        0.39015
0.27000         0.54000        0.25000        0.41090
0.28000         0.54000        0.25000        0.43147
0.29000         0.54000        0.25000        0.45181
0.30000         0.54000        0.25000        0.47187
0.31000         0.54000        0.25000        0.49160
0.32000         0.54000        0.25000        0.51096
0.33000         0.54000        0.25000        0.52987
0.34000         0.54000        0.25000        0.54828
0.35000         0.54000        0.25000        0.56609
0.36000         0.54000        0.25000        0.58323
0.37000         0.54000        0.25000        0.59960
0.38000         0.54000        0.25000        0.61509
0.39000         0.54000        0.25000        0.62958
0.40000         0.54000        0.25000        0.64293
0.41000         0.54000        0.25000        0.65498
0.42000         0.54000        0.25000        0.66549
0.43000         0.54000        0.25000        0.67392
0.44000         0.54000        0.25000        0.67898
0.45000         0.54000        0.25000        0.67924
0.46000         0.54000        0.25000        0.67414
0.47000         0.54000        0.25000        0.65852
0.48000         0.54000        0.25000        0.61139
0.49000         0.54000        0.25000        0.44908
0.50000         0.54000        0.25000        1.4945E-4
0.51000         0.54000        0.25000        -0.44914
0.52000         0.54000        0.25000        -0.61152
0.53000         0.54000        0.25000        -0.65857
0.54000         0.54000        0.25000        -0.67409
0.55000         0.54000        0.25000        -0.67923
0.56000         0.54000        0.25000        -0.67898
0.57000         0.54000        0.25000        -0.67392
0.58000         0.54000        0.25000        -0.66549
0.59000         0.54000        0.25000        -0.65498
0.60000         0.54000        0.25000        -0.64293
0.61000         0.54000        0.25000        -0.62958
0.62000         0.54000        0.25000        -0.61509
0.63000         0.54000        0.25000        -0.59960
0.64000         0.54000        0.25000        -0.58323
0.65000         0.54000        0.25000        -0.56609
0.66000         0.54000        0.25000        -0.54828
0.67000         0.54000        0.25000        -0.52987
0.68000         0.54000        0.25000        -0.51096
0.69000         0.54000        0.25000        -0.49160
0.70000         0.54000        0.25000        -0.47187
0.71000         0.54000        0.25000        -0.45181
0.72000         0.54000        0.25000        -0.43147
0.73000         0.54000        0.25000        -0.41090
0.74000         0.54000        0.25000        -0.39015
0.75000         0.54000        0.25000        -0.36926
0.76000         0.54000        0.25000        -0.34827
0.77000         0.54000        0.25000        -0.32722
0.78000         0.54000        0.25000        -0.30615
0.79000         0.54000        0.25000        -0.28509
0.80000         0.54000        0.25000        -0.26409
0.81000         0.54000        0.25000        -0.24320
0.82000         0.54000        0.25000        -0.22245
0.83000         0.54000        0.25000        -0.20190
0.84000         0.54000        0.25000        -0.18160
0.85000         0.54000        0.25000        -0.16161
0.86000         0.54000        0.25000        -0.14200
0.87000         0.54000        0.25000        -0.12286
0.88000         0.54000        0.25000        -0.10426
0.89000         0.54000        0.25000        -0.086339
0.90000         0.54000        0.25000        -0.069218
0.91000         0.54000        0.25000        -0.053070
0.92000         0.54000        0.25000        -0.038105
0.93000         0.54000        0.25000        -0.024594
0.94000         0.54000        0.25000        -0.012876
0.95000         0.54000        0.25000        -0.0033571
0.96000         0.54000        0.25000        0.0034989
0.97000         0.54000        0.25000        0.0072387
0.98000         0.54000        0.25000        0.0075974
0.99000         0.54000        0.25000        0.0048373
1.0000          0.54000        0.25000        -1.6934E-21
0.0000          0.55000        0.25000        1.7232E-20
0.010000        0.55000        0.25000        -0.0089815
0.020000        0.55000        0.25000        -0.015341
0.030000        0.55000        0.25000        -0.017822
0.040000        0.55000        0.25000        -0.016200
0.050000        0.55000        0.25000        -0.010893
0.060000        0.55000        0.25000        -0.0025163
0.070000        0.55000        0.25000        0.0083397
0.080000        0.55000        0.25000        0.021182
0.090000        0.55000        0.25000        0.035610
0.10000         0.55000        0.25000        0.051315
0.11000         0.55000        0.25000        0.068062
0.12000         0.55000        0.25000        0.085661
0.13000         0.55000        0.25000        0.10397
0.14000         0.55000        0.25000        0.12286
0.15000         0.55000        0.25000        0.14222
0.16000         0.55000        0.25000        0.16199
0.17000         0.55000        0.25000        0.18209
0.18000         0.55000        0.25000        0.20244
0.19000         0.55000        0.25000        0.22299
0.20000         0.55000        0.25000        0.24370
0.21000         0.55000        0.25000        0.26451
0.22000         0.55000        0.25000        0.28537
0.23000         0.55000        0.25000        0.30625
0.24000         0.55000        0.25000        0.32711
0.25000         0.55000        0.25000        0.34790
0.26000         0.55000        0.25000        0.36857
0.27000         0.55000        0.25000        0.38910
0.28000         0.55000        0.25000        0.40943
0.29000         0.55000        0.25000        0.42952
0.30000         0.55000        0.25000        0.44932
0.31000         0.55000        0.25000        0.46878
0.32000         0.55000        0.25000        0.48784
0.33000         0.55000        0.25000        0.50644
0.34000         0.55000        0.25000        0.52450
0.35000         0.55000        0.25000        0.54194
0.36000         0.55000        0.25000        0.55869
0.37000         0.55000        0.25000        0.57463
0.38000         0.55000        0.25000        0.58965
0.39000         0.55000        0.25000        0.60362
0.40000         0.55000        0.25000        0.61639
0.41000         0.55000        0.25000        0.62776
0.42000         0.55000        0.25000        0.63741
0.43000         0.55000        0.25000        0.64470
0.44000         0.55000        0.25000        0.64835
0.45000         0.55000        0.25000        0.64720
0.46000         0.55000        0.25000        0.64009
0.47000         0.55000        0.25000        0.62099
0.48000         0.55000        0.25000        0.56909
0.49000         0.55000        0.25000        0.40605
0.50000         0.55000        0.25000        -6.6873E-6
0.51000         0.55000        0.25000        -0.40606
0.52000         0.55000        0.25000        -0.56907
0.53000         0.55000        0.25000        -0.62098
0.54000         0.55000        0.25000        -0.64010
0.55000         0.55000        0.25000        -0.64719
0.56000         0.55000        0.25000        -0.64835
0.57000         0.55000        0.25000        -0.64470
0.58000         0.55000        0.25000        -0.63741
0.59000         0.55000        0.25000        -0.62776
0.60000         0.55000        0.25000        -0.61639
0.61000         0.55000        0.25000        -0.60362
0.62000         0.55000        0.25000        -0.58965
0.63000         0.55000        0.25000        -0.57463
0.64000         0.55000        0.25000        -0.55869
0.65000         0.55000        0.25000        -0.54194
0.66000         0.55000        0.25000        -0.52450
0.67000         0.55000        0.25000        -0.50644
0.68000         0.55000        0.25000        -0.48784
0.69000         0.55000        0.25000        -0.46878
0.70000         0.55000        0.25000        -0.44932
0.71000         0.55000        0.25000        -0.42952
0.72000         0.55000        0.25000        -0.40943
0.73000         0.55000        0.25000        -0.38910
0.74000         0.55000        0.25000        -0.36857
0.75000         0.55000        0.25000        -0.34790
0.76000         0.55000        0.25000        -0.32711
0.77000         0.55000        0.25000        -0.30625
0.78000         0.55000        0.25000        -0.28537
0.79000         0.55000        0.25000        -0.26451
0.80000         0.55000        0.25000        -0.24370
0.81000         0.55000        0.25000        -0.22299
0.82000         0.55000        0.25000        -0.20244
0.83000         0.55000        0.25000        -0.18209
0.84000         0.55000        0.25000        -0.16199
0.85000         0.55000        0.25000        -0.14222
0.86000         0.55000        0.25000        -0.12286
0.87000         0.55000        0.25000        -0.10397
0.88000         0.55000        0.25000        -0.085661
0.89000         0.55000        0.25000        -0.068062
0.90000         0.55000        0.25000        -0.051315
0.91000         0.55000        0.25000        -0.035610
0.92000         0.55000        0.25000        -0.021182
0.93000         0.55000        0.25000        -0.0083397
0.94000         0.55000        0.25000        0.0025163
0.95000         0.55000        0.25000        0.010893
0.96000         0.55000        0.25000        0.016200
0.97000         0.55000        0.25000        0.017822
0.98000         0.55000        0.25000        0.015341
0.99000         0.55000        0.25000        0.0089815
1.0000          0.55000        0.25000        -2.3364E-19
0.0000          0.56000        0.25000        -5.3026E-20
0.010000        0.56000        0.25000        -0.013764
0.020000        0.56000        0.25000        -0.024195
0.030000        0.56000        0.25000        -0.029783
0.040000        0.56000        0.25000        -0.030390
0.050000        0.56000        0.25000        -0.026650
0.060000        0.56000        0.25000        -0.019391
0.070000        0.56000        0.25000        -0.0093576
0.080000        0.56000        0.25000        0.0028580
0.090000        0.56000        0.25000        0.016791
0.10000         0.56000        0.25000        0.032089
0.11000         0.56000        0.25000        0.048492
0.12000         0.56000        0.25000        0.065794
0.13000         0.56000        0.25000        0.083836
0.14000         0.56000        0.25000        0.10249
0.15000         0.56000        0.25000        0.12164
0.16000         0.56000        0.25000        0.14120
0.17000         0.56000        0.25000        0.16110
0.18000         0.56000        0.25000        0.18126
0.19000         0.56000        0.25000        0.20163
0.20000         0.56000        0.25000        0.22215
0.21000         0.56000        0.25000        0.24277
0.22000         0.56000        0.25000        0.26345
0.23000         0.56000        0.25000        0.28414
0.24000         0.56000        0.25000        0.30480
0.25000         0.56000        0.25000        0.32538
0.26000         0.56000        0.25000        0.34584
0.27000         0.56000        0.25000        0.36614
0.28000         0.56000        0.25000        0.38623
0.29000         0.56000        0.25000        0.40607
0.30000         0.56000        0.25000        0.42560
0.31000         0.56000        0.25000        0.44477
0.32000         0.56000        0.25000        0.46352
0.33000         0.56000        0.25000        0.48178
0.34000         0.56000        0.25000        0.49949
0.35000         0.56000        0.25000        0.51655
0.36000         0.56000        0.25000        0.53288
0.37000         0.56000        0.25000        0.54837
0.38000         0.56000        0.25000        0.56290
0.39000         0.56000        0.25000        0.57632
0.40000         0.56000        0.25000        0.58846
0.41000         0.56000        0.25000        0.59909
0.42000         0.56000        0.25000        0.60781
0.43000         0.56000        0.25000        0.61389
0.44000         0.56000        0.25000        0.61615
0.45000         0.56000        0.25000        0.61351
0.46000         0.56000        0.25000        0.60425
0.47000         0.56000        0.25000        0.58185
0.48000         0.56000        0.25000        0.52592
0.49000         0.56000        0.25000        0.36627
0.50000         0.56000        0.25000        2.2590E-5
0.51000         0.56000        0.25000        -0.36627
0.52000         0.56000        0.25000        -0.52592
0.53000         0.56000        0.25000        -0.58185
0.54000         0.56000        0.25000        -0.60426
0.55000         0.56000        0.25000        -0.61351
0.56000         0.56000        0.25000        -0.61615
0.57000         0.56000        0.25000        -0.61389
0.58000         0.56000        0.25000        -0.60781
0.59000         0.56000        0.25000        -0.59909
0.60000         0.56000        0.25000        -0.58846
0.61000         0.56000        0.25000        -0.57632
0.62000         0.56000        0.25000        -0.56290
0.63000         0.56000        0.25000        -0.54837
0.64000         0.56000        0.25000        -0.53288
0.65000         0.56000        0.25000        -0.51655
0.66000         0.56000        0.25000        -0.49949
0.67000         0.56000        0.25000        -0.48178
0.68000         0.56000        0.25000        -0.46352
0.69000         0.56000        0.25000        -0.44477
0.70000         0.56000        0.25000        -0.42560
0.71000         0.56000        0.25000        -0.40607
0.72000         0.56000        0.25000        -0.38623
0.73000         0.56000        0.25000        -0.36614
0.74000         0.56000        0.25000        -0.34584
0.75000         0.56000        0.25000        -0.32538
0.76000         0.56000        0.25000        -0.30480
0.77000         0.56000        0.25000        -0.28414
0.78000         0.56000        0.25000        -0.26345
0.79000         0.56000        0.25000        -0.24277
0.80000         0.56000        0.25000        -0.22215
0.81000         0.56000        0.25000        -0.20163
0.82000         0.56000        0.25000        -0.18126
0.83000         0.56000        0.25000        -0.16110
0.84000         0.56000        0.25000        -0.14120
0.85000         0.56000        0.25000        -0.12164
0.86000         0.56000        0.25000        -0.10249
0.87000         0.56000        0.25000        -0.083836
0.88000         0.56000        0.25000        -0.065794
0.89000         0.56000        0.25000        -0.048492
0.90000         0.56000        0.25000        -0.032089
0.91000         0.56000        0.25000        -0.016791
0.92000         0.56000        0.25000        -0.0028580
0.93000         0.56000        0.25000        0.0093576
0.94000         0.56000        0.25000        0.019391
0.95000         0.56000        0.25000        0.026650
0.96000         0.56000        0.25000        0.030390
0.97000         0.56000        0.25000        0.029783
0.98000         0.56000        0.25000        0.024195
0.99000         0.56000        0.25000        0.013764
1.0000          0.56000        0.25000        -2.3368E-18
0.0000          0.57000        0.25000        -3.6665E-18
0.010000        0.57000        0.25000        -0.019298
0.020000        0.57000        0.25000        -0.034330
0.030000        0.57000        0.25000        -0.043294
0.040000        0.57000        0.25000        -0.046212
0.050000        0.57000        0.25000        -0.044025
0.060000        0.57000        0.25000        -0.037832
0.070000        0.57000        0.25000        -0.028560
0.080000        0.57000        0.25000        -0.016913
0.090000        0.57000        0.25000        -0.0034254
0.10000         0.57000        0.25000        0.011510
0.11000         0.57000        0.25000        0.027607
0.12000         0.57000        0.25000        0.044643
0.13000         0.57000        0.25000        0.062449
0.14000         0.57000        0.25000        0.080884
0.15000         0.57000        0.25000        0.099835
0.16000         0.57000        0.25000        0.11921
0.17000         0.57000        0.25000        0.13892
0.18000         0.57000        0.25000        0.15891
0.19000         0.57000        0.25000        0.17910
0.20000         0.57000        0.25000        0.19944
0.21000         0.57000        0.25000        0.21989
0.22000         0.57000        0.25000        0.24038
0.23000         0.57000        0.25000        0.26088
0.24000         0.57000        0.25000        0.28134
0.25000         0.57000        0.25000        0.30171
0.26000         0.57000        0.25000        0.32196
0.27000         0.57000        0.25000        0.34203
0.28000         0.57000        0.25000        0.36187
0.29000         0.57000        0.25000        0.38145
0.30000         0.57000        0.25000        0.40071
0.31000         0.57000        0.25000        0.41958
0.32000         0.57000        0.25000        0.43801
0.33000         0.57000        0.25000        0.45594
0.34000         0.57000        0.25000        0.47328
0.35000         0.57000        0.25000        0.48994
0.36000         0.57000        0.25000        0.50584
0.37000         0.57000        0.25000        0.52086
0.38000         0.57000        0.25000        0.53487
0.39000         0.57000        0.25000        0.54771
0.40000         0.57000        0.25000        0.55919
0.41000         0.57000        0.25000        0.56902
0.42000         0.57000        0.25000        0.57675
0.43000         0.57000        0.25000        0.58160
0.44000         0.57000        0.25000        0.58249
0.45000         0.57000        0.25000        0.57836
0.46000         0.57000        0.25000        0.56694
0.47000         0.57000        0.25000        0.54152
0.48000         0.57000        0.25000        0.48198
0.49000         0.57000        0.25000        0.32562
0.50000         0.57000        0.25000        3.8540E-5
0.51000         0.57000        0.25000        -0.32563
0.52000         0.57000        0.25000        -0.48202
0.53000         0.57000        0.25000        -0.54155
0.54000         0.57000        0.25000        -0.56696
0.55000         0.57000        0.25000        -0.57836
0.56000         0.57000        0.25000        -0.58250
0.57000         0.57000        0.25000        -0.58160
0.58000         0.57000        0.25000        -0.57675
0.59000         0.57000        0.25000        -0.56902
0.60000         0.57000        0.25000        -0.55919
0.61000         0.57000        0.25000        -0.54771
0.62000         0.57000        0.25000        -0.53487
0.63000         0.57000        0.25000        -0.52086
0.64000         0.57000        0.25000        -0.50584
0.65000         0.57000        0.25000        -0.48994
0.66000         0.57000        0.25000        -0.47328
0.67000         0.57000        0.25000        -0.45594
0.68000         0.57000        0.25000        -0.43801
0.69000         0.57000        0.25000        -0.41958
0.70000         0.57000        0.25000        -0.40071
0.71000         0.57000        0.25000        -0.38145
0.72000         0.57000        0.25000        -0.36187
0.73000         0.57000        0.25000        -0.34203
0.74000         0.57000        0.25000        -0.32196
0.75000         0.57000        0.25000        -0.30171
0.76000         0.57000        0.25000        -0.28134
0.77000         0.57000        0.25000        -0.26088
0.78000         0.57000        0.25000        -0.24038
0.79000         0.57000        0.25000        -0.21989
0.80000         0.57000        0.25000        -0.19944
0.81000         0.57000        0.25000        -0.17910
0.82000         0.57000        0.25000        -0.15891
0.83000         0.57000        0.25000        -0.13892
0.84000         0.57000        0.25000        -0.11921
0.85000         0.57000        0.25000        -0.099835
0.86000         0.57000        0.25000        -0.080884
0.87000         0.57000        0.25000        -0.062449
0.88000         0.57000        0.25000        -0.044643
0.89000         0.57000        0.25000        -0.027607
0.90000         0.57000        0.25000        -0.011510
0.91000         0.57000        0.25000        0.0034254
0.92000         0.57000        0.25000        0.016913
0.93000         0.57000        0.25000        0.028560
0.94000         0.57000        0.25000        0.037832
0.95000         0.57000        0.25000        0.044025
0.96000         0.57000        0.25000        0.046212
0.97000         0.57000        0.25000        0.043294
0.98000         0.57000        0.25000        0.034330
0.99000         0.57000        0.25000        0.019298
1.0000          0.57000        0.25000        -3.6725E-18
0.0000          0.58000        0.25000        3.6761E-18
0.010000        0.58000        0.25000        -0.025719
0.020000        0.58000        0.25000        -0.045939
0.030000        0.58000        0.25000        -0.058537
0.040000        0.58000        0.25000        -0.063807
0.050000        0.58000        0.25000        -0.063119
0.060000        0.58000        0.25000        -0.057909
0.070000        0.58000        0.25000        -0.049316
0.080000        0.58000        0.25000        -0.038165
0.090000        0.58000        0.25000        -0.025061
0.10000         0.58000        0.25000        -0.010438
0.11000         0.58000        0.25000        0.0053957
0.12000         0.58000        0.25000        0.022202
0.13000         0.58000        0.25000        0.039803
0.14000         0.58000        0.25000        0.058049
0.15000         0.58000        0.25000        0.076821
0.16000         0.58000        0.25000        0.096023
0.17000         0.58000        0.25000        0.11557
0.18000         0.58000        0.25000        0.13539
0.19000         0.58000        0.25000        0.15542
0.20000         0.58000        0.25000        0.17559
0.21000         0.58000        0.25000        0.19586
0.22000         0.58000        0.25000        0.21618
0.23000         0.58000        0.25000        0.23649
0.24000         0.58000        0.25000        0.25675
0.25000         0.58000        0.25000        0.27692
0.26000         0.58000        0.25000        0.29695
0.27000         0.58000        0.25000        0.31678
0.28000         0.58000        0.25000        0.33639
0.29000         0.58000        0.25000        0.35570
0.30000         0.58000        0.25000        0.37467
0.31000         0.58000        0.25000        0.39325
0.32000         0.58000        0.25000        0.41136
0.33000         0.58000        0.25000        0.42893
0.34000         0.58000        0.25000        0.44590
0.35000         0.58000        0.25000        0.46216
0.36000         0.58000        0.25000        0.47761
0.37000         0.58000        0.25000        0.49214
0.38000         0.58000        0.25000        0.50561
0.39000         0.58000        0.25000        0.51785
0.40000         0.58000        0.25000        0.52862
0.41000         0.58000        0.25000        0.53762
0.42000         0.58000        0.25000        0.54432
0.43000         0.58000        0.25000        0.54795
0.44000         0.58000        0.25000        0.54753
0.45000         0.58000        0.25000        0.54186
0.46000         0.58000        0.25000        0.52835
0.47000         0.58000        0.25000        0.50015
0.48000         0.58000        0.25000        0.43779
0.49000         0.58000        0.25000        0.28804
0.50000         0.58000        0.25000        -4.4491E-6
0.51000         0.58000        0.25000        -0.28804
0.52000         0.58000        0.25000        -0.43778
0.53000         0.58000        0.25000        -0.50014
0.54000         0.58000        0.25000        -0.52834
0.55000         0.58000        0.25000        -0.54186
0.56000         0.58000        0.25000        -0.54753
0.57000         0.58000        0.25000        -0.54795
0.58000         0.58000        0.25000        -0.54432
0.59000         0.58000        0.25000        -0.53762
0.60000         0.58000        0.25000        -0.52862
0.61000         0.58000        0.25000        -0.51785
0.62000         0.58000        0.25000        -0.50561
0.63000         0.58000        0.25000        -0.49214
0.64000         0.58000        0.25000        -0.47761
0.65000         0.58000        0.25000        -0.46216
0.66000         0.58000        0.25000        -0.44590
0.67000         0.58000        0.25000        -0.42893
0.68000         0.58000        0.25000        -0.41136
0.69000         0.58000        0.25000        -0.39325
0.70000         0.58000        0.25000        -0.37467
0.71000         0.58000        0.25000        -0.35570
0.72000         0.58000        0.25000        -0.33639
0.73000         0.58000        0.25000        -0.31678
0.74000         0.58000        0.25000        -0.29695
0.75000         0.58000        0.25000        -0.27692
0.76000         0.58000        0.25000        -0.25675
0.77000         0.58000        0.25000        -0.23649
0.78000         0.58000        0.25000        -0.21618
0.79000         0.58000        0.25000        -0.19586
0.80000         0.58000        0.25000        -0.17559
0.81000         0.58000        0.25000        -0.15542
0.82000         0.58000        0.25000        -0.13539
0.83000         0.58000        0.25000        -0.11557
0.84000         0.58000        0.25000        -0.096023
0.85000         0.58000        0.25000        -0.076821
0.86000         0.58000        0.25000        -0.058049
0.87000         0.58000        0.25000        -0.039803
0.88000         0.58000        0.25000        -0.022202
0.89000         0.58000        0.25000        -0.0053957
0.90000         0.58000        0.25000        0.010438
0.91000         0.58000        0.25000        0.025061
0.92000         0.58000        0.25000        0.038165
0.93000         0.58000        0.25000        0.049316
0.94000         0.58000        0.25000        0.057909
0.95000         0.58000        0.25000        0.063119
0.96000         0.58000        0.25000        0.063807
0.97000         0.58000        0.25000        0.058537
0.98000         0.58000        0.25000        0.045939
0.99000         0.58000        0.25000        0.025719
1.0000          0.58000        0.25000        -4.7789E-17
0.0000          0.59000        0.25000        -7.9002E-22
0.010000        0.59000        0.25000        -0.033182
0.020000        0.59000        0.25000        -0.059238
0.030000        0.59000        0.25000        -0.075697
0.040000        0.59000        0.25000        -0.083309
0.050000        0.59000        0.25000        -0.084016
0.060000        0.59000        0.25000        -0.079673
0.070000        0.59000        0.25000        -0.071656
0.080000        0.59000        0.25000        -0.060915
0.090000        0.59000        0.25000        -0.048126
0.10000         0.59000        0.25000        -0.033757
0.11000         0.59000        0.25000        -0.018139
0.12000         0.59000        0.25000        -0.0015230
0.13000         0.59000        0.25000        0.015904
0.14000         0.59000        0.25000        0.033989
0.15000         0.59000        0.25000        0.052606
0.16000         0.59000        0.25000        0.071658
0.17000         0.59000        0.25000        0.091055
0.18000         0.59000        0.25000        0.11072
0.19000         0.59000        0.25000        0.13060
0.20000         0.59000        0.25000        0.15061
0.21000         0.59000        0.25000        0.17072
0.22000         0.59000        0.25000        0.19086
0.23000         0.59000        0.25000        0.21099
0.24000         0.59000        0.25000        0.23106
0.25000         0.59000        0.25000        0.25102
0.26000         0.59000        0.25000        0.27083
0.27000         0.59000        0.25000        0.29044
0.28000         0.59000        0.25000        0.30979
0.29000         0.59000        0.25000        0.32884
0.30000         0.59000        0.25000        0.34753
0.31000         0.59000        0.25000        0.36580
0.32000         0.59000        0.25000        0.38358
0.33000         0.59000        0.25000        0.40081
0.34000         0.59000        0.25000        0.41739
0.35000         0.59000        0.25000        0.43323
0.36000         0.59000        0.25000        0.44824
0.37000         0.59000        0.25000        0.46227
0.38000         0.59000        0.25000        0.47519
0.39000         0.59000        0.25000        0.48680
0.40000         0.59000        0.25000        0.49685
0.41000         0.59000        0.25000        0.50498
0.42000         0.59000        0.25000        0.51067
0.43000         0.59000        0.25000        0.51314
0.44000         0.59000        0.25000        0.51146
0.45000         0.59000        0.25000        0.50432
0.46000         0.59000        0.25000        0.48890
0.47000         0.59000        0.25000        0.45843
0.48000         0.59000        0.25000        0.39449
0.49000         0.59000        0.25000        0.25257
0.50000         0.59000        0.25000        6.6877E-6
0.51000         0.59000        0.25000        -0.25257
0.52000         0.59000        0.25000        -0.39450
0.53000         0.59000        0.25000        -0.45844
0.54000         0.59000        0.25000        -0.48891
0.55000         0.59000        0.25000        -0.50432
0.56000         0.59000        0.25000        -0.51146
0.57000         0.59000        0.25000        -0.51314
0.58000         0.59000        0.25000        -0.51067
0.59000         0.59000        0.25000        -0.50498
0.60000         0.59000        0.25000        -0.49685
0.61000         0.59000        0.25000        -0.48680
0.62000         0.59000        0.25000        -0.47519
0.63000         0.59000        0.25000        -0.46227
0.64000         0.59000        0.25000        -0.44824
0.65000         0.59000        0.25000        -0.43323
0.66000         0.59000        0.25000        -0.41739
0.67000         0.59000        0.25000        -0.40081
0.68000         0.59000        0.25000        -0.38358
0.69000         0.59000        0.25000        -0.36580
0.70000         0.59000        0.25000        -0.34753
0.71000         0.59000        0.25000        -0.32884
0.72000         0.59000        0.25000        -0.30979
0.73000         0.59000        0.25000        -0.29044
0.74000         0.59000        0.25000        -0.27083
0.75000         0.59000        0.25000        -0.25102
0.76000         0.59000        0.25000        -0.23106
0.77000         0.59000        0.25000        -0.21099
0.78000         0.59000        0.25000        -0.19086
0.79000         0.59000        0.25000        -0.17072
0.80000         0.59000        0.25000        -0.15061
0.81000         0.59000        0.25000        -0.13060
0.82000         0.59000        0.25000        -0.11072
0.83000         0.59000        0.25000        -0.091055
0.84000         0.59000        0.25000        -0.071658
0.85000         0.59000        0.25000        -0.052606
0.86000         0.59000        0.25000        -0.033989
0.87000         0.59000        0.25000        -0.015904
0.88000         0.59000        0.25000        0.0015230
0.89000         0.59000        0.25000        0.018139
0.90000         0.59000        0.25000        0.033757
0.91000         0.59000        0.25000        0.048126
0.92000         0.59000        0.25000        0.060915
0.93000         0.59000        0.25000        0.071656
0.94000         0.59000        0.25000        0.079673
0.95000         0.59000        0.25000        0.084016
0.96000         0.59000        0.25000        0.083309
0.97000         0.59000        0.25000        0.075697
0.98000         0.59000        0.25000        0.059238
0.99000         0.59000        0.25000        0.033182
1.0000          0.59000        0.25000        -2.6705E-18
0.0000          0.60000        0.25000        0.0000
0.010000        0.60000        0.25000        -0.041874
0.020000        0.60000        0.25000        -0.074459
0.030000        0.60000        0.25000        -0.094959
0.040000        0.60000        0.25000        -0.10483
0.050000        0.60000        0.25000        -0.10678
0.060000        0.60000        0.25000        -0.10315
0.070000        0.60000        0.25000        -0.095589
0.080000        0.60000        0.25000        -0.085162
0.090000        0.60000        0.25000        -0.072610
0.10000         0.60000        0.25000        -0.058435
0.11000         0.60000        0.25000        -0.042983
0.12000         0.60000        0.25000        -0.026516
0.13000         0.60000        0.25000        -0.0092269
0.14000         0.60000        0.25000        0.0087246
0.15000         0.60000        0.25000        0.027212
0.16000         0.60000        0.25000        0.046133
0.17000         0.60000        0.25000        0.065398
0.18000         0.60000        0.25000        0.084930
0.19000         0.60000        0.25000        0.10466
0.20000         0.60000        0.25000        0.12453
0.21000         0.60000        0.25000        0.14448
0.22000         0.60000        0.25000        0.16445
0.23000         0.60000        0.25000        0.18441
0.24000         0.60000        0.25000        0.20429
0.25000         0.60000        0.25000        0.22405
0.26000         0.60000        0.25000        0.24365
0.27000         0.60000        0.25000        0.26302
0.28000         0.60000        0.25000        0.28213
0.29000         0.60000        0.25000        0.30092
0.30000         0.60000        0.25000        0.31933
0.31000         0.60000        0.25000        0.33729
0.32000         0.60000        0.25000        0.35474
0.33000         0.60000        0.25000        0.37161
0.34000         0.60000        0.25000        0.38781
0.35000         0.60000        0.25000        0.40324
0.36000         0.60000        0.25000        0.41778
0.37000         0.60000        0.25000        0.43131
0.38000         0.60000        0.25000        0.44367
0.39000         0.60000        0.25000        0.45464
0.40000         0.60000        0.25000        0.46396
0.41000         0.60000        0.25000        0.47125
0.42000         0.60000        0.25000        0.47595
0.43000         0.60000        0.25000        0.47734
0.44000         0.60000        0.25000        0.47450
0.45000         0.60000        0.25000        0.46600
0.46000         0.60000        0.25000        0.44892
0.47000         0.60000        0.25000        0.41657
0.48000         0.60000        0.25000        0.35181
0.49000         0.60000        0.25000        0.21890
0.50000         0.60000        0.25000        -5.0639E-7
0.51000         0.60000        0.25000        -0.21890
0.52000         0.60000        0.25000        -0.35181
0.53000         0.60000        0.25000        -0.41657
0.54000         0.60000        0.25000        -0.44892
0.55000         0.60000        0.25000        -0.46600
0.56000         0.60000        0.25000        -0.47450
0.57000         0.60000        0.25000        -0.47734
0.58000         0.60000        0.25000        -0.47595
0.59000         0.60000        0.25000        -0.47125
0.60000         0.60000        0.25000        -0.46396
0.61000         0.60000        0.25000        -0.45464
0.62000         0.60000        0.25000        -0.44367
0.63000         0.60000        0.25000        -0.43131
0.64000         0.60000        0.25000        -0.41778
0.65000         0.60000        0.25000        -0.40324
0.66000         0.60000        0.25000        -0.38781
0.67000         0.60000        0.25000        -0.37161
0.68000         0.60000        0.25000        -0.35474
0.69000         0.60000        0.25000        -0.33729
0.70000         0.60000        0.25000        -0.31933
0.71000         0.60000        0.25000        -0.30092
0.72000         0.60000        0.25000        -0.28213
0.73000         0.60000        0.25000        -0.26302
0.74000         0.60000        0.25000        -0.24365
0.75000         0.60000        0.25000        -0.22405
0.76000         0.60000        0.25000        -0.20429
0.77000         0.60000        0.25000        -0.18441
0.78000         0.60000        0.25000        -0.16445
0.79000         0.60000        0.25000        -0.14448
0.80000         0.60000        0.25000        -0.12453
0.81000         0.60000        0.25000        -0.10466
0.82000         0.60000        0.25000        -0.084930
0.83000         0.60000        0.25000        -0.065398
0.84000         0.60000        0.25000        -0.046133
0.85000         0.60000        0.25000        -0.027212
0.86000         0.60000        0.25000        -0.0087246
0.87000         0.60000        0.25000        0.0092269
0.88000         0.60000        0.25000        0.026516
0.89000         0.60000        0.25000        0.042983
0.90000         0.60000        0.25000        0.058435
0.91000         0.60000        0.25000        0.072610
0.92000         0.60000        0.25000        0.085162
0.93000         0.60000        0.25000        0.095589
0.94000         0.60000        0.25000        0.10315
0.95000         0.60000        0.25000        0.10678
0.96000         0.60000        0.25000        0.10483
0.97000         0.60000        0.25000        0.094959
0.98000         0.60000        0.25000        0.074459
0.99000         0.60000        0.25000        0.041874
1.0000          0.60000        0.25000        -6.9949E-18
0.0000          0.61000        0.25000        9.4118E-18
0.010000        0.61000        0.25000        -0.052005
0.020000        0.61000        0.25000        -0.091850
0.030000        0.61000        0.25000        -0.11649
0.040000        0.61000        0.25000        -0.12845
0.050000        0.61000        0.25000        -0.13143
0.060000        0.61000        0.25000        -0.12835
0.070000        0.61000        0.25000        -0.12110
0.080000        0.61000        0.25000        -0.11088
0.090000        0.61000        0.25000        -0.098490
0.10000         0.61000        0.25000        -0.084444
0.11000         0.61000        0.25000        -0.069107
0.12000         0.61000        0.25000        -0.052746
0.13000         0.61000        0.25000        -0.035560
0.14000         0.61000        0.25000        -0.017712
0.15000         0.61000        0.25000        6.7092E-4
0.16000         0.61000        0.25000        0.019484
0.17000         0.61000        0.25000        0.038635
0.18000         0.61000        0.25000        0.058046
0.19000         0.61000        0.25000        0.077649
0.20000         0.61000        0.25000        0.097379
0.21000         0.61000        0.25000        0.11718
0.22000         0.61000        0.25000        0.13700
0.23000         0.61000        0.25000        0.15678
0.24000         0.61000        0.25000        0.17649
0.25000         0.61000        0.25000        0.19605
0.26000         0.61000        0.25000        0.21544
0.27000         0.61000        0.25000        0.23459
0.28000         0.61000        0.25000        0.25346
0.29000         0.61000        0.25000        0.27198
0.30000         0.61000        0.25000        0.29011
0.31000         0.61000        0.25000        0.30777
0.32000         0.61000        0.25000        0.32490
0.33000         0.61000        0.25000        0.34141
0.34000         0.61000        0.25000        0.35723
0.35000         0.61000        0.25000        0.37224
0.36000         0.61000        0.25000        0.38633
0.37000         0.61000        0.25000        0.39936
0.38000         0.61000        0.25000        0.41116
0.39000         0.61000        0.25000        0.42150
0.40000         0.61000        0.25000        0.43011
0.41000         0.61000        0.25000        0.43658
0.42000         0.61000        0.25000        0.44037
0.43000         0.61000        0.25000        0.44078
0.44000         0.61000        0.25000        0.43689
0.45000         0.61000        0.25000        0.42720
0.46000         0.61000        0.25000        0.40877
0.47000         0.61000        0.25000        0.37516
0.48000         0.61000        0.25000        0.31122
0.49000         0.61000        0.25000        0.18937
0.50000         0.61000        0.25000        5.8226E-8
0.51000         0.61000        0.25000        -0.18937
0.52000         0.61000        0.25000        -0.31122
0.53000         0.61000        0.25000        -0.37516
0.54000         0.61000        0.25000        -0.40877
0.55000         0.61000        0.25000        -0.42720
0.56000         0.61000        0.25000        -0.43689
0.57000         0.61000        0.25000        -0.44078
0.58000         0.61000        0.25000        -0.44037
0.59000         0.61000        0.25000        -0.43658
0.60000         0.61000        0.25000        -0.43011
0.61000         0.61000        0.25000        -0.42150
0.62000         0.61000        0.25000        -0.41116
0.63000         0.61000        0.25000        -0.39936
0.64000         0.61000        0.25000        -0.38633
0.65000         0.61000        0.25000        -0.37224
0.66000         0.61000        0.25000        -0.35723
0.67000         0.61000        0.25000        -0.34141
0.68000         0.61000        0.25000        -0.32490
0.69000         0.61000        0.25000        -0.30777
0.70000         0.61000        0.25000        -0.29011
0.71000         0.61000        0.25000        -0.27198
0.72000         0.61000        0.25000        -0.25346
0.73000         0.61000        0.25000        -0.23459
0.74000         0.61000        0.25000        -0.21544
0.75000         0.61000        0.25000        -0.19605
0.76000         0.61000        0.25000        -0.17649
0.77000         0.61000        0.25000        -0.15678
0.78000         0.61000        0.25000        -0.13700
0.79000         0.61000        0.25000        -0.11718
0.80000         0.61000        0.25000        -0.097379
0.81000         0.61000        0.25000        -0.077649
0.82000         0.61000        0.25000        -0.058046
0.83000         0.61000        0.25000        -0.038635
0.84000         0.61000        0.25000        -0.019484
0.85000         0.61000        0.25000        -6.7092E-4
0.86000         0.61000        0.25000        0.017712
0.87000         0.61000        0.25000        0.035560
0.88000         0.61000        0.25000        0.052746
0.89000         0.61000        0.25000        0.069107
0.90000         0.61000        0.25000        0.084444
0.91000         0.61000        0.25000        0.098490
0.92000         0.61000        0.25000        0.11088
0.93000         0.61000        0.25000        0.12110
0.94000         0.61000        0.25000        0.12835
0.95000         0.61000        0.25000        0.13143
0.96000         0.61000        0.25000        0.12845
0.97000         0.61000        0.25000        0.11649
0.98000         0.61000        0.25000        0.091850
0.99000         0.61000        0.25000        0.052005
1.0000          0.61000        0.25000        -1.1294E-16
0.0000          0.62000        0.25000        -1.5382E-21
0.010000        0.62000        0.25000        -0.063816
0.020000        0.62000        0.25000        -0.11166
0.030000        0.62000        0.25000        -0.14043
0.040000        0.62000        0.25000        -0.15422
0.050000        0.62000        0.25000        -0.15797
0.060000        0.62000        0.25000        -0.15523
0.070000        0.62000        0.25000        -0.14815
0.080000        0.62000        0.25000        -0.13804
0.090000        0.62000        0.25000        -0.12572
0.10000         0.62000        0.25000        -0.11174
0.11000         0.62000        0.25000        -0.096467
0.12000         0.62000        0.25000        -0.080170
0.13000         0.62000        0.25000        -0.063052
0.14000         0.62000        0.25000        -0.045277
0.15000         0.62000        0.25000        -0.026974
0.16000         0.62000        0.25000        -0.0082478
0.17000         0.62000        0.25000        0.010808
0.18000         0.62000        0.25000        0.030116
0.19000         0.62000        0.25000        0.049604
0.20000         0.62000        0.25000        0.069210
0.21000         0.62000        0.25000        0.088876
0.22000         0.62000        0.25000        0.10855
0.23000         0.62000        0.25000        0.12817
0.24000         0.62000        0.25000        0.14770
0.25000         0.62000        0.25000        0.16708
0.26000         0.62000        0.25000        0.18626
0.27000         0.62000        0.25000        0.20519
0.28000         0.62000        0.25000        0.22382
0.29000         0.62000        0.25000        0.24209
0.30000         0.62000        0.25000        0.25995
0.31000         0.62000        0.25000        0.27731
0.32000         0.62000        0.25000        0.29412
0.33000         0.62000        0.25000        0.31029
0.34000         0.62000        0.25000        0.32573
0.35000         0.62000        0.25000        0.34033
0.36000         0.62000        0.25000        0.35398
0.37000         0.62000        0.25000        0.36652
0.38000         0.62000        0.25000        0.37777
0.39000         0.62000        0.25000        0.38752
0.40000         0.62000        0.25000        0.39545
0.41000         0.62000        0.25000        0.40116
0.42000         0.62000        0.25000        0.40414
0.43000         0.62000        0.25000        0.40371
0.44000         0.62000        0.25000        0.39894
0.45000         0.62000        0.25000        0.38831
0.46000         0.62000        0.25000        0.36892
0.47000         0.62000        0.25000        0.33470
0.48000         0.62000        0.25000        0.27253
0.49000         0.62000        0.25000        0.16188
0.50000         0.62000        0.25000        2.2991E-8
0.51000         0.62000        0.25000        -0.16188
0.52000         0.62000        0.25000        -0.27253
0.53000         0.62000        0.25000        -0.33470
0.54000         0.62000        0.25000        -0.36892
0.55000         0.62000        0.25000        -0.38831
0.56000         0.62000        0.25000        -0.39894
0.57000         0.62000        0.25000        -0.40371
0.58000         0.62000        0.25000        -0.40414
0.59000         0.62000        0.25000        -0.40116
0.60000         0.62000        0.25000        -0.39545
0.61000         0.62000        0.25000        -0.38752
0.62000         0.62000        0.25000        -0.37777
0.63000         0.62000        0.25000        -0.36652
0.64000         0.62000        0.25000        -0.35398
0.65000         0.62000        0.25000        -0.34033
0.66000         0.62000        0.25000        -0.32573
0.67000         0.62000        0.25000        -0.31029
0.68000         0.62000        0.25000        -0.29412
0.69000         0.62000        0.25000        -0.27731
0.70000         0.62000        0.25000        -0.25995
0.71000         0.62000        0.25000        -0.24209
0.72000         0.62000        0.25000        -0.22382
0.73000         0.62000        0.25000        -0.20519
0.74000         0.62000        0.25000        -0.18626
0.75000         0.62000        0.25000        -0.16708
0.76000         0.62000        0.25000        -0.14770
0.77000         0.62000        0.25000        -0.12817
0.78000         0.62000        0.25000        -0.10855
0.79000         0.62000        0.25000        -0.088876
0.80000         0.62000        0.25000        -0.069210
0.81000         0.62000        0.25000        -0.049604
0.82000         0.62000        0.25000        -0.030116
0.83000         0.62000        0.25000        -0.010808
0.84000         0.62000        0.25000        0.0082478
0.85000         0.62000        0.25000        0.026974
0.86000         0.62000        0.25000        0.045277
0.87000         0.62000        0.25000        0.063052
0.88000         0.62000        0.25000        0.080170
0.89000         0.62000        0.25000        0.096467
0.90000         0.62000        0.25000        0.11174
0.91000         0.62000        0.25000        0.12572
0.92000         0.62000        0.25000        0.13804
0.93000         0.62000        0.25000        0.14815
0.94000         0.62000        0.25000        0.15523
0.95000         0.62000        0.25000        0.15797
0.96000         0.62000        0.25000        0.15422
0.97000         0.62000        0.25000        0.14043
0.98000         0.62000        0.25000        0.11166
0.99000         0.62000        0.25000        0.063816
1.0000          0.62000        0.25000        -8.3845E-19
0.0000          0.63000        0.25000        0.0000
0.010000        0.63000        0.25000        -0.077575
0.020000        0.63000        0.25000        -0.13413
0.030000        0.63000        0.25000        -0.16688
0.040000        0.63000        0.25000        -0.18213
0.050000        0.63000        0.25000        -0.18634
0.060000        0.63000        0.25000        -0.18373
0.070000        0.63000        0.25000        -0.17668
0.080000        0.63000        0.25000        -0.16657
0.090000        0.63000        0.25000        -0.15424
0.10000         0.63000        0.25000        -0.14027
0.11000         0.63000        0.25000        -0.12501
0.12000         0.63000        0.25000        -0.10873
0.13000         0.63000        0.25000        -0.091648
0.14000         0.63000        0.25000        -0.073916
0.15000         0.63000        0.25000        -0.055668
0.16000         0.63000        0.25000        -0.037007
0.17000         0.63000        0.25000        -0.018027
0.18000         0.63000        0.25000        0.0011929
0.19000         0.63000        0.25000        0.020582
0.20000         0.63000        0.25000        0.040077
0.21000         0.63000        0.25000        0.059620
0.22000         0.63000        0.25000        0.079155
0.23000         0.63000        0.25000        0.098629
0.24000         0.63000        0.25000        0.11799
0.25000         0.63000        0.25000        0.13719
0.26000         0.63000        0.25000        0.15618
0.27000         0.63000        0.25000        0.17490
0.28000         0.63000        0.25000        0.19331
0.29000         0.63000        0.25000        0.21133
0.30000         0.63000        0.25000        0.22892
0.31000         0.63000        0.25000        0.24600
0.32000         0.63000        0.25000        0.26249
0.33000         0.63000        0.25000        0.27833
0.34000         0.63000        0.25000        0.29341
0.35000         0.63000        0.25000        0.30762
0.36000         0.63000        0.25000        0.32084
0.37000         0.63000        0.25000        0.33292
0.38000         0.63000        0.25000        0.34366
0.39000         0.63000        0.25000        0.35285
0.40000         0.63000        0.25000        0.36016
0.41000         0.63000        0.25000        0.36522
0.42000         0.63000        0.25000        0.36752
0.43000         0.63000        0.25000        0.36640
0.44000         0.63000        0.25000        0.36095
0.45000         0.63000        0.25000        0.34965
0.46000         0.63000        0.25000        0.32973
0.47000         0.63000        0.25000        0.29558
0.48000         0.63000        0.25000        0.23632
0.49000         0.63000        0.25000        0.13737
0.50000         0.63000        0.25000        5.2298E-9
0.51000         0.63000        0.25000        -0.13737
0.52000         0.63000        0.25000        -0.23632
0.53000         0.63000        0.25000        -0.29558
0.54000         0.63000        0.25000        -0.32973
0.55000         0.63000        0.25000        -0.34965
0.56000         0.63000        0.25000        -0.36095
0.57000         0.63000        0.25000        -0.36640
0.58000         0.63000        0.25000        -0.36752
0.59000         0.63000        0.25000        -0.36522
0.60000         0.63000        0.25000        -0.36016
0.61000         0.63000        0.25000        -0.35285
0.62000         0.63000        0.25000        -0.34366
0.63000         0.63000        0.25000        -0.33292
0.64000         0.63000        0.25000        -0.32084
0.65000         0.63000        0.25000        -0.30762
0.66000         0.63000        0.25000        -0.29341
0.67000         0.63000        0.25000        -0.27833
0.68000         0.63000        0.25000        -0.26249
0.69000         0.63000        0.25000        -0.24600
0.70000         0.63000        0.25000        -0.22892
0.71000         0.63000        0.25000        -0.21133
0.72000         0.63000        0.25000        -0.19331
0.73000         0.63000        0.25000        -0.17490
0.74000         0.63000        0.25000        -0.15618
0.75000         0.63000        0.25000        -0.13719
0.76000         0.63000        0.25000        -0.11799
0.77000         0.63000        0.25000        -0.098629
0.78000         0.63000        0.25000        -0.079155
0.79000         0.63000        0.25000        -0.059620
0.80000         0.63000        0.25000        -0.040077
0.81000         0.63000        0.25000        -0.020582
0.82000         0.63000        0.25000        -0.0011929
0.83000         0.63000        0.25000        0.018027
0.84000         0.63000        0.25000        0.037007
0.85000         0.63000        0.25000        0.055668
0.86000         0.63000        0.25000        0.073916
0.87000         0.63000        0.25000        0.091648
0.88000         0.63000        0.25000        0.10873
0.89000         0.63000        0.25000        0.12501
0.90000         0.63000        0.25000        0.14027
0.91000         0.63000        0.25000        0.15424
0.92000         0.63000        0.25000        0.16657
0.93000         0.63000        0.25000        0.17668
0.94000         0.63000        0.25000        0.18373
0.95000         0.63000        0.25000        0.18634
0.96000         0.63000        0.25000        0.18213
0.97000         0.63000        0.25000        0.16688
0.98000         0.63000        0.25000        0.13413
0.99000         0.63000        0.25000        0.077575
1.0000          0.63000        0.25000        -3.8096E-18
0.0000          0.64000        0.25000        2.4645E-17
0.010000        0.64000        0.25000        -0.093570
0.020000        0.64000        0.25000        -0.15948
0.030000        0.64000        0.25000        -0.19587
0.040000        0.64000        0.25000        -0.21212
0.050000        0.64000        0.25000        -0.21647
0.060000        0.64000        0.25000        -0.21377
0.070000        0.64000        0.25000        -0.20660
0.080000        0.64000        0.25000        -0.19638
0.090000        0.64000        0.25000        -0.18398
0.10000         0.64000        0.25000        -0.16995
0.11000         0.64000        0.25000        -0.15465
0.12000         0.64000        0.25000        -0.13836
0.13000         0.64000        0.25000        -0.12128
0.14000         0.64000        0.25000        -0.10356
0.15000         0.64000        0.25000        -0.085345
0.16000         0.64000        0.25000        -0.066729
0.17000         0.64000        0.25000        -0.047806
0.18000         0.64000        0.25000        -0.028657
0.19000         0.64000        0.25000        -0.0093519
0.20000         0.64000        0.25000        0.010045
0.21000         0.64000        0.25000        0.029478
0.22000         0.64000        0.25000        0.048888
0.23000         0.64000        0.25000        0.068224
0.24000         0.64000        0.25000        0.087435
0.25000         0.64000        0.25000        0.10647
0.26000         0.64000        0.25000        0.12527
0.27000         0.64000        0.25000        0.14380
0.28000         0.64000        0.25000        0.16198
0.29000         0.64000        0.25000        0.17978
0.30000         0.64000        0.25000        0.19711
0.31000         0.64000        0.25000        0.21392
0.32000         0.64000        0.25000        0.23012
0.33000         0.64000        0.25000        0.24564
0.34000         0.64000        0.25000        0.26038
0.35000         0.64000        0.25000        0.27423
0.36000         0.64000        0.25000        0.28706
0.37000         0.64000        0.25000        0.29871
0.38000         0.64000        0.25000        0.30900
0.39000         0.64000        0.25000        0.31769
0.40000         0.64000        0.25000        0.32448
0.41000         0.64000        0.25000        0.32900
0.42000         0.64000        0.25000        0.33077
0.43000         0.64000        0.25000        0.32915
0.44000         0.64000        0.25000        0.32326
0.45000         0.64000        0.25000        0.31163
0.46000         0.64000        0.25000        0.29165
0.47000         0.64000        0.25000        0.25841
0.48000         0.64000        0.25000        0.20319
0.49000         0.64000        0.25000        0.11600
0.50000         0.64000        0.25000        2.7369E-9
0.51000         0.64000        0.25000        -0.11600
0.52000         0.64000        0.25000        -0.20319
0.53000         0.64000        0.25000        -0.25841
0.54000         0.64000        0.25000        -0.29165
0.55000         0.64000        0.25000        -0.31163
0.56000         0.64000        0.25000        -0.32326
0.57000         0.64000        0.25000        -0.32915
0.58000         0.64000        0.25000        -0.33077
0.59000         0.64000        0.25000        -0.32900
0.60000         0.64000        0.25000        -0.32448
0.61000         0.64000        0.25000        -0.31769
0.62000         0.64000        0.25000        -0.30900
0.63000         0.64000        0.25000        -0.29871
0.64000         0.64000        0.25000        -0.28706
0.65000         0.64000        0.25000        -0.27423
0.66000         0.64000        0.25000        -0.26038
0.67000         0.64000        0.25000        -0.24564
0.68000         0.64000        0.25000        -0.23012
0.69000         0.64000        0.25000        -0.21392
0.70000         0.64000        0.25000        -0.19711
0.71000         0.64000        0.25000        -0.17978
0.72000         0.64000        0.25000        -0.16198
0.73000         0.64000        0.25000        -0.14380
0.74000         0.64000        0.25000        -0.12527
0.75000         0.64000        0.25000        -0.10647
0.76000         0.64000        0.25000        -0.087435
0.77000         0.64000        0.25000        -0.068224
0.78000         0.64000        0.25000        -0.048888
0.79000         0.64000        0.25000        -0.029478
0.80000         0.64000        0.25000        -0.010045
0.81000         0.64000        0.25000        0.0093519
0.82000         0.64000        0.25000        0.028657
0.83000         0.64000        0.25000        0.047806
0.84000         0.64000        0.25000        0.066729
0.85000         0.64000        0.25000        0.085345
0.86000         0.64000        0.25000        0.10356
0.87000         0.64000        0.25000        0.12128
0.88000         0.64000        0.25000        0.13836
0.89000         0.64000        0.25000        0.15465
0.90000         0.64000        0.25000        0.16995
0.91000         0.64000        0.25000        0.18398
0.92000         0.64000        0.25000        0.19638
0.93000         0.64000        0.25000        0.20660
0.94000         0.64000        0.25000        0.21377
0.95000         0.64000        0.25000        0.21647
0.96000         0.64000        0.25000        0.21212
0.97000         0.64000        0.25000        0.19587
0.98000         0.64000        0.25000        0.15948
0.99000         0.64000        0.25000        0.093570
1.0000          0.64000        0.25000        -2.7109E-16
0.0000          0.65000        0.25000        -2.7739E-21
0.010000        0.65000        0.25000        -0.11210
0.020000        0.65000        0.25000        -0.18785
0.030000        0.65000        0.25000        -0.22736
0.040000        0.65000        0.25000        -0.24407
0.050000        0.65000        0.25000        -0.24821
0.060000        0.65000        0.25000        -0.24522
0.070000        0.65000        0.25000        -0.23780
0.080000        0.65000        0.25000        -0.22738
0.090000        0.65000        0.25000        -0.21484
0.10000         0.65000        0.25000        -0.20070
0.11000         0.65000        0.25000        -0.18532
0.12000         0.65000        0.25000        -0.16898
0.13000         0.65000        0.25000        -0.15187
0.14000         0.65000        0.25000        -0.13414
0.15000         0.65000        0.25000        -0.11593
0.16000         0.65000        0.25000        -0.097338
0.17000         0.65000        0.25000        -0.078455
0.18000         0.65000        0.25000        -0.059360
0.19000         0.65000        0.25000        -0.040123
0.20000         0.65000        0.25000        -0.020808
0.21000         0.65000        0.25000        -0.0014726
0.22000         0.65000        0.25000        0.017827
0.23000         0.65000        0.25000        0.037038
0.24000         0.65000        0.25000        0.056109
0.25000         0.65000        0.25000        0.074988
0.26000         0.65000        0.25000        0.093625
0.27000         0.65000        0.25000        0.11196
0.28000         0.65000        0.25000        0.12995
0.29000         0.65000        0.25000        0.14753
0.30000         0.65000        0.25000        0.16463
0.31000         0.65000        0.25000        0.18119
0.32000         0.65000        0.25000        0.19712
0.33000         0.65000        0.25000        0.21236
0.34000         0.65000        0.25000        0.22679
0.35000         0.65000        0.25000        0.24031
0.36000         0.65000        0.25000        0.25279
0.37000         0.65000        0.25000        0.26407
0.38000         0.65000        0.25000        0.27396
0.39000         0.65000        0.25000        0.28225
0.40000         0.65000        0.25000        0.28863
0.41000         0.65000        0.25000        0.29275
0.42000         0.65000        0.25000        0.29415
0.43000         0.65000        0.25000        0.29225
0.44000         0.65000        0.25000        0.28617
0.45000         0.65000        0.25000        0.27454
0.46000         0.65000        0.25000        0.25498
0.47000         0.65000        0.25000        0.22325
0.48000         0.65000        0.25000        0.17264
0.49000         0.65000        0.25000        0.096819
0.50000         0.65000        0.25000        1.1914E-9
0.51000         0.65000        0.25000        -0.096819
0.52000         0.65000        0.25000        -0.17264
0.53000         0.65000        0.25000        -0.22325
0.54000         0.65000        0.25000        -0.25498
0.55000         0.65000        0.25000        -0.27454
0.56000         0.65000        0.25000        -0.28617
0.57000         0.65000        0.25000        -0.29225
0.58000         0.65000        0.25000        -0.29416
0.59000         0.65000        0.25000        -0.29275
0.60000         0.65000        0.25000        -0.28863
0.61000         0.65000        0.25000        -0.28225
0.62000         0.65000        0.25000        -0.27396
0.63000         0.65000        0.25000        -0.26407
0.64000         0.65000        0.25000        -0.25279
0.65000         0.65000        0.25000        -0.24031
0.66000         0.65000        0.25000        -0.22679
0.67000         0.65000        0.25000        -0.21236
0.68000         0.65000        0.25000        -0.19712
0.69000         0.65000        0.25000        -0.18119
0.70000         0.65000        0.25000        -0.16463
0.71000         0.65000        0.25000        -0.14753
0.72000         0.65000        0.25000        -0.12995
0.73000         0.65000        0.25000        -0.11196
0.74000         0.65000        0.25000        -0.093625
0.75000         0.65000        0.25000        -0.074988
0.76000         0.65000        0.25000        -0.056109
0.77000         0.65000        0.25000        -0.037038
0.78000         0.65000        0.25000        -0.017827
0.79000         0.65000        0.25000        0.0014726
0.80000         0.65000        0.25000        0.020808
0.81000         0.65000        0.25000        0.040123
0.82000         0.65000        0.25000        0.059360
0.83000         0.65000        0.25000        0.078455
0.84000         0.65000        0.25000        0.097338
0.85000         0.65000        0.25000        0.11593
0.86000         0.65000        0.25000        0.13414
0.87000         0.65000        0.25000        0.15187
0.88000         0.65000        0.25000        0.16898
0.89000         0.65000        0.25000        0.18532
0.90000         0.65000        0.25000        0.20070
0.91000         0.65000        0.25000        0.21484
0.92000         0.65000        0.25000        0.22738
0.93000         0.65000        0.25000        0.23780
0.94000         0.65000        0.25000        0.24522
0.95000         0.65000        0.25000        0.24821
0.96000         0.65000        0.25000        0.24407
0.97000         0.65000        0.25000        0.22736
0.98000         0.65000        0.25000        0.18785
0.99000         0.65000        0.25000        0.11210
1.0000          0.65000        0.25000        -1.5894E-18
0.0000          0.66000        0.25000        0.0000
0.010000        0.66000        0.25000        -0.13346
0.020000        0.66000        0.25000        -0.21932
0.030000        0.66000        0.25000        -0.26121
0.040000        0.66000        0.25000        -0.27779
0.050000        0.66000        0.25000        -0.28139
0.060000        0.66000        0.25000        -0.27793
0.070000        0.66000        0.25000        -0.27015
0.080000        0.66000        0.25000        -0.25946
0.090000        0.66000        0.25000        -0.24671
0.10000         0.66000        0.25000        -0.23241
0.11000         0.66000        0.25000        -0.21692
0.12000         0.66000        0.25000        -0.20050
0.13000         0.66000        0.25000        -0.18333
0.14000         0.66000        0.25000        -0.16557
0.15000         0.66000        0.25000        -0.14734
0.16000         0.66000        0.25000        -0.12875
0.17000         0.66000        0.25000        -0.10989
0.18000         0.66000        0.25000        -0.090830
0.19000         0.66000        0.25000        -0.071645
0.20000         0.66000        0.25000        -0.052398
0.21000         0.66000        0.25000        -0.033144
0.22000         0.66000        0.25000        -0.013940
0.23000         0.66000        0.25000        0.0051612
0.24000         0.66000        0.25000        0.024109
0.25000         0.66000        0.25000        0.042850
0.26000         0.66000        0.25000        0.061335
0.27000         0.66000        0.25000        0.079509
0.28000         0.66000        0.25000        0.097315
0.29000         0.66000        0.25000        0.11470
0.30000         0.66000        0.25000        0.13159
0.31000         0.66000        0.25000        0.14792
0.32000         0.66000        0.25000        0.16362
0.33000         0.66000        0.25000        0.17860
0.34000         0.66000        0.25000        0.19277
0.35000         0.66000        0.25000        0.20601
0.36000         0.66000        0.25000        0.21820
0.37000         0.66000        0.25000        0.22918
0.38000         0.66000        0.25000        0.23877
0.39000         0.66000        0.25000        0.24675
0.40000         0.66000        0.25000        0.25284
0.41000         0.66000        0.25000        0.25672
0.42000         0.66000        0.25000        0.25796
0.43000         0.66000        0.25000        0.25600
0.44000         0.66000        0.25000        0.25001
0.45000         0.66000        0.25000        0.23875
0.46000         0.66000        0.25000        0.22010
0.47000         0.66000        0.25000        0.19060
0.48000         0.66000        0.25000        0.14529
0.49000         0.66000        0.25000        0.080359
0.50000         0.66000        0.25000        4.4709E-10
0.51000         0.66000        0.25000        -0.080359
0.52000         0.66000        0.25000        -0.14529
0.53000         0.66000        0.25000        -0.19060
0.54000         0.66000        0.25000        -0.22010
0.55000         0.66000        0.25000        -0.23875
0.56000         0.66000        0.25000        -0.25001
0.57000         0.66000        0.25000        -0.25600
0.58000         0.66000        0.25000        -0.25796
0.59000         0.66000        0.25000        -0.25672
0.60000         0.66000        0.25000        -0.25284
0.61000         0.66000        0.25000        -0.24675
0.62000         0.66000        0.25000        -0.23877
0.63000         0.66000        0.25000        -0.22917
0.64000         0.66000        0.25000        -0.21819
0.65000         0.66000        0.25000        -0.20601
0.66000         0.66000        0.25000        -0.19277
0.67000         0.66000        0.25000        -0.17860
0.68000         0.66000        0.25000        -0.16362
0.69000         0.66000        0.25000        -0.14792
0.70000         0.66000        0.25000        -0.13159
0.71000         0.66000        0.25000        -0.11470
0.72000         0.66000        0.25000        -0.097315
0.73000         0.66000        0.25000        -0.079509
0.74000         0.66000        0.25000        -0.061335
0.75000         0.66000        0.25000        -0.042850
0.76000         0.66000        0.25000        -0.024109
0.77000         0.66000        0.25000        -0.0051612
0.78000         0.66000        0.25000        0.013940
0.79000         0.66000        0.25000        0.033144
0.80000         0.66000        0.25000        0.052398
0.81000         0.66000        0.25000        0.071645
0.82000         0.66000        0.25000        0.090830
0.83000         0.66000        0.25000        0.10989
0.84000         0.66000        0.25000        0.12875
0.85000         0.66000        0.25000        0.14734
0.86000         0.66000        0.25000        0.16557
0.87000         0.66000        0.25000        0.18333
0.88000         0.66000        0.25000        0.20050
0.89000         0.66000        0.25000        0.21692
0.90000         0.66000        0.25000        0.23241
0.91000         0.66000        0.25000        0.24671
0.92000         0.66000        0.25000        0.25946
0.93000         0.66000        0.25000        0.27015
0.94000         0.66000        0.25000        0.27793
0.95000         0.66000        0.25000        0.28139
0.96000         0.66000        0.25000        0.27779
0.97000         0.66000        0.25000        0.26121
0.98000         0.66000        0.25000        0.21932
0.99000         0.66000        0.25000        0.13346
1.0000          0.66000        0.25000        -6.7859E-18
0.0000          0.67000        0.25000        6.2650E-17
0.010000        0.67000        0.25000        -0.15791
0.020000        0.67000        0.25000        -0.25387
0.030000        0.67000        0.25000        -0.29721
0.040000        0.67000        0.25000        -0.31306
0.050000        0.67000        0.25000        -0.31583
0.060000        0.67000        0.25000        -0.31175
0.070000        0.67000        0.25000        -0.30351
0.080000        0.67000        0.25000        -0.29248
0.090000        0.67000        0.25000        -0.27948
0.10000         0.67000        0.25000        -0.26499
0.11000         0.67000        0.25000        -0.24935
0.12000         0.67000        0.25000        -0.23281
0.13000         0.67000        0.25000        -0.21556
0.14000         0.67000        0.25000        -0.19774
0.15000         0.67000        0.25000        -0.17948
0.16000         0.67000        0.25000        -0.16087
0.17000         0.67000        0.25000        -0.14201
0.18000         0.67000        0.25000        -0.12297
0.19000         0.67000        0.25000        -0.10382
0.20000         0.67000        0.25000        -0.084628
0.21000         0.67000        0.25000        -0.065439
0.22000         0.67000        0.25000        -0.046314
0.23000         0.67000        0.25000        -0.027306
0.24000         0.67000        0.25000        -0.0084636
0.25000         0.67000        0.25000        0.010159
0.26000         0.67000        0.25000        0.028513
0.27000         0.67000        0.25000        0.046543
0.28000         0.67000        0.25000        0.064194
0.29000         0.67000        0.25000        0.081409
0.30000         0.67000        0.25000        0.098122
0.31000         0.67000        0.25000        0.11427
0.32000         0.67000        0.25000        0.12977
0.33000         0.67000        0.25000        0.14454
0.34000         0.67000        0.25000        0.15849
0.35000         0.67000        0.25000        0.17151
0.36000         0.67000        0.25000        0.18348
0.37000         0.67000        0.25000        0.19424
0.38000         0.67000        0.25000        0.20363
0.39000         0.67000        0.25000        0.21142
0.40000         0.67000        0.25000        0.21738
0.41000         0.67000        0.25000        0.22119
0.42000         0.67000        0.25000        0.22246
0.43000         0.67000        0.25000        0.22067
0.44000         0.67000        0.25000        0.21507
0.45000         0.67000        0.25000        0.20453
0.46000         0.67000        0.25000        0.18727
0.47000         0.67000        0.25000        0.16050
0.48000         0.67000        0.25000        0.12075
0.49000         0.67000        0.25000        0.065955
0.50000         0.67000        0.25000        4.5274E-11
0.51000         0.67000        0.25000        -0.065955
0.52000         0.67000        0.25000        -0.12075
0.53000         0.67000        0.25000        -0.16050
0.54000         0.67000        0.25000        -0.18727
0.55000         0.67000        0.25000        -0.20453
0.56000         0.67000        0.25000        -0.21507
0.57000         0.67000        0.25000        -0.22067
0.58000         0.67000        0.25000        -0.22246
0.59000         0.67000        0.25000        -0.22119
0.60000         0.67000        0.25000        -0.21738
0.61000         0.67000        0.25000        -0.21142
0.62000         0.67000        0.25000        -0.20363
0.63000         0.67000        0.25000        -0.19424
0.64000         0.67000        0.25000        -0.18348
0.65000         0.67000        0.25000        -0.17151
0.66000         0.67000        0.25000        -0.15849
0.67000         0.67000        0.25000        -0.14454
0.68000         0.67000        0.25000        -0.12977
0.69000         0.67000        0.25000        -0.11427
0.70000         0.67000        0.25000        -0.098123
0.71000         0.67000        0.25000        -0.081409
0.72000         0.67000        0.25000        -0.064194
0.73000         0.67000        0.25000        -0.046543
0.74000         0.67000        0.25000        -0.028513
0.75000         0.67000        0.25000        -0.010159
0.76000         0.67000        0.25000        0.0084636
0.77000         0.67000        0.25000        0.027306
0.78000         0.67000        0.25000        0.046314
0.79000         0.67000        0.25000        0.065439
0.80000         0.67000        0.25000        0.084628
0.81000         0.67000        0.25000        0.10382
0.82000         0.67000        0.25000        0.12297
0.83000         0.67000        0.25000        0.14201
0.84000         0.67000        0.25000        0.16087
0.85000         0.67000        0.25000        0.17948
0.86000         0.67000        0.25000        0.19774
0.87000         0.67000        0.25000        0.21556
0.88000         0.67000        0.25000        0.23281
0.89000         0.67000        0.25000        0.24935
0.90000         0.67000        0.25000        0.26499
0.91000         0.67000        0.25000        0.27948
0.92000         0.67000        0.25000        0.29248
0.93000         0.67000        0.25000        0.30351
0.94000         0.67000        0.25000        0.31175
0.95000         0.67000        0.25000        0.31583
0.96000         0.67000        0.25000        0.31306
0.97000         0.67000        0.25000        0.29721
0.98000         0.67000        0.25000        0.25387
0.99000         0.67000        0.25000        0.15791
1.0000          0.67000        0.25000        -6.2650E-16
0.0000          0.68000        0.25000        -4.8015E-21
0.010000        0.68000        0.25000        -0.18566
0.020000        0.68000        0.25000        -0.29134
0.030000        0.68000        0.25000        -0.33506
0.040000        0.68000        0.25000        -0.34960
0.050000        0.68000        0.25000        -0.35130
0.060000        0.68000        0.25000        -0.34648
0.070000        0.68000        0.25000        -0.33772
0.080000        0.68000        0.25000        -0.32631
0.090000        0.68000        0.25000        -0.31301
0.10000         0.68000        0.25000        -0.29830
0.11000         0.68000        0.25000        -0.28248
0.12000         0.68000        0.25000        -0.26581
0.13000         0.68000        0.25000        -0.24845
0.14000         0.68000        0.25000        -0.23055
0.15000         0.68000        0.25000        -0.21223
0.16000         0.68000        0.25000        -0.19360
0.17000         0.68000        0.25000        -0.17472
0.18000         0.68000        0.25000        -0.15569
0.19000         0.68000        0.25000        -0.13656
0.20000         0.68000        0.25000        -0.11739
0.21000         0.68000        0.25000        -0.098251
0.22000         0.68000        0.25000        -0.079187
0.23000         0.68000        0.25000        -0.060251
0.24000         0.68000        0.25000        -0.041494
0.25000         0.68000        0.25000        -0.022967
0.26000         0.68000        0.25000        -0.0047195
0.27000         0.68000        0.25000        0.013194
0.28000         0.68000        0.25000        0.030719
0.29000         0.68000        0.25000        0.047799
0.30000         0.68000        0.25000        0.064372
0.31000         0.68000        0.25000        0.080369
0.32000         0.68000        0.25000        0.095718
0.33000         0.68000        0.25000        0.11034
0.34000         0.68000        0.25000        0.12413
0.35000         0.68000        0.25000        0.13701
0.36000         0.68000        0.25000        0.14883
0.37000         0.68000        0.25000        0.15947
0.38000         0.68000        0.25000        0.16876
0.39000         0.68000        0.25000        0.17651
0.40000         0.68000        0.25000        0.18249
0.41000         0.68000        0.25000        0.18640
0.42000         0.68000        0.25000        0.18791
0.43000         0.68000        0.25000        0.18652
0.44000         0.68000        0.25000        0.18158
0.45000         0.68000        0.25000        0.17210
0.46000         0.68000        0.25000        0.15661
0.47000         0.68000        0.25000        0.13298
0.48000         0.68000        0.25000        0.098869
0.49000         0.68000        0.25000        0.053420
0.50000         0.68000        0.25000        -1.8467E-10
0.51000         0.68000        0.25000        -0.053420
0.52000         0.68000        0.25000        -0.098869
0.53000         0.68000        0.25000        -0.13298
0.54000         0.68000        0.25000        -0.15661
0.55000         0.68000        0.25000        -0.17210
0.56000         0.68000        0.25000        -0.18158
0.57000         0.68000        0.25000        -0.18652
0.58000         0.68000        0.25000        -0.18791
0.59000         0.68000        0.25000        -0.18640
0.60000         0.68000        0.25000        -0.18249
0.61000         0.68000        0.25000        -0.17651
0.62000         0.68000        0.25000        -0.16876
0.63000         0.68000        0.25000        -0.15947
0.64000         0.68000        0.25000        -0.14883
0.65000         0.68000        0.25000        -0.13701
0.66000         0.68000        0.25000        -0.12413
0.67000         0.68000        0.25000        -0.11034
0.68000         0.68000        0.25000        -0.095718
0.69000         0.68000        0.25000        -0.080368
0.70000         0.68000        0.25000        -0.064372
0.71000         0.68000        0.25000        -0.047799
0.72000         0.68000        0.25000        -0.030719
0.73000         0.68000        0.25000        -0.013194
0.74000         0.68000        0.25000        0.0047196
0.75000         0.68000        0.25000        0.022967
0.76000         0.68000        0.25000        0.041494
0.77000         0.68000        0.25000        0.060251
0.78000         0.68000        0.25000        0.079187
0.79000         0.68000        0.25000        0.098251
0.80000         0.68000        0.25000        0.11739
0.81000         0.68000        0.25000        0.13656
0.82000         0.68000        0.25000        0.15569
0.83000         0.68000        0.25000        0.17472
0.84000         0.68000        0.25000        0.19360
0.85000         0.68000        0.25000        0.21223
0.86000         0.68000        0.25000        0.23055
0.87000         0.68000        0.25000        0.24845
0.88000         0.68000        0.25000        0.26581
0.89000         0.68000        0.25000        0.28248
0.90000         0.68000        0.25000        0.29830
0.91000         0.68000        0.25000        0.31301
0.92000         0.68000        0.25000        0.32631
0.93000         0.68000        0.25000        0.33772
0.94000         0.68000        0.25000        0.34648
0.95000         0.68000        0.25000        0.35130
0.96000         0.68000        0.25000        0.34960
0.97000         0.68000        0.25000        0.33506
0.98000         0.68000        0.25000        0.29134
0.99000         0.68000        0.25000        0.18566
1.0000          0.68000        0.25000        -3.1295E-18
0.0000          0.69000        0.25000        0.0000
0.010000        0.69000        0.25000        -0.21682
0.020000        0.69000        0.25000        -0.33144
0.030000        0.69000        0.25000        -0.37440
0.040000        0.69000        0.25000        -0.38713
0.050000        0.69000        0.25000        -0.38758
0.060000        0.69000        0.25000        -0.38196
0.070000        0.69000        0.25000        -0.37263
0.080000        0.69000        0.25000        -0.36081
0.090000        0.69000        0.25000        -0.34719
0.10000         0.69000        0.25000        -0.33222
0.11000         0.69000        0.25000        -0.31620
0.12000         0.69000        0.25000        -0.29937
0.13000         0.69000        0.25000        -0.28188
0.14000         0.69000        0.25000        -0.26389
0.15000         0.69000        0.25000        -0.24550
0.16000         0.69000        0.25000        -0.22681
0.17000         0.69000        0.25000        -0.20791
0.18000         0.69000        0.25000        -0.18886
0.19000         0.69000        0.25000        -0.16973
0.20000         0.69000        0.25000        -0.15058
0.21000         0.69000        0.25000        -0.13146
0.22000         0.69000        0.25000        -0.11244
0.23000         0.69000        0.25000        -0.093554
0.24000         0.69000        0.25000        -0.074857
0.25000         0.69000        0.25000        -0.056401
0.26000         0.69000        0.25000        -0.038231
0.27000         0.69000        0.25000        -0.020402
0.28000         0.69000        0.25000        -0.0029687
0.29000         0.69000        0.25000        0.014016
0.30000         0.69000        0.25000        0.030490
0.31000         0.69000        0.25000        0.046389
0.32000         0.69000        0.25000        0.061641
0.33000         0.69000        0.25000        0.076167
0.34000         0.69000        0.25000        0.089881
0.35000         0.69000        0.25000        0.10268
0.36000         0.69000        0.25000        0.11446
0.37000         0.69000        0.25000        0.12509
0.38000         0.69000        0.25000        0.13441
0.39000         0.69000        0.25000        0.14225
0.40000         0.69000        0.25000        0.14840
0.41000         0.69000        0.25000        0.15260
0.42000         0.69000        0.25000        0.15454
0.43000         0.69000        0.25000        0.15379
0.44000         0.69000        0.25000        0.14979
0.45000         0.69000        0.25000        0.14169
0.46000         0.69000        0.25000        0.12834
0.47000         0.69000        0.25000        0.10817
0.48000         0.69000        0.25000        0.079695
0.49000         0.69000        0.25000        0.042715
0.50000         0.69000        0.25000        -3.1770E-10
0.51000         0.69000        0.25000        -0.042715
0.52000         0.69000        0.25000        -0.079695
0.53000         0.69000        0.25000        -0.10817
0.54000         0.69000        0.25000        -0.12834
0.55000         0.69000        0.25000        -0.14169
0.56000         0.69000        0.25000        -0.14979
0.57000         0.69000        0.25000        -0.15379
0.58000         0.69000        0.25000        -0.15454
0.59000         0.69000        0.25000        -0.15260
0.60000         0.69000        0.25000        -0.14840
0.61000         0.69000        0.25000        -0.14225
0.62000         0.69000        0.25000        -0.13441
0.63000         0.69000        0.25000        -0.12509
0.64000         0.69000        0.25000        -0.11446
0.65000         0.69000        0.25000        -0.10268
0.66000         0.69000        0.25000        -0.089882
0.67000         0.69000        0.25000        -0.076167
0.68000         0.69000        0.25000        -0.061640
0.69000         0.69000        0.25000        -0.046387
0.70000         0.69000        0.25000        -0.030490
0.71000         0.69000        0.25000        -0.014016
0.72000         0.69000        0.25000        0.0029690
0.73000         0.69000        0.25000        0.020402
0.74000         0.69000        0.25000        0.038231
0.75000         0.69000        0.25000        0.056401
0.76000         0.69000        0.25000        0.074857
0.77000         0.69000        0.25000        0.093554
0.78000         0.69000        0.25000        0.11244
0.79000         0.69000        0.25000        0.13146
0.80000         0.69000        0.25000        0.15058
0.81000         0.69000        0.25000        0.16973
0.82000         0.69000        0.25000        0.18886
0.83000         0.69000        0.25000        0.20791
0.84000         0.69000        0.25000        0.22681
0.85000         0.69000        0.25000        0.24550
0.86000         0.69000        0.25000        0.26389
0.87000         0.69000        0.25000        0.28188
0.88000         0.69000        0.25000        0.29937
0.89000         0.69000        0.25000        0.31620
0.90000         0.69000        0.25000        0.33222
0.91000         0.69000        0.25000        0.34719
0.92000         0.69000        0.25000        0.36081
0.93000         0.69000        0.25000        0.37263
0.94000         0.69000        0.25000        0.38196
0.95000         0.69000        0.25000        0.38758
0.96000         0.69000        0.25000        0.38713
0.97000         0.69000        0.25000        0.37440
0.98000         0.69000        0.25000        0.33144
0.99000         0.69000        0.25000        0.21682
1.0000          0.69000        0.25000        -4.0408E-17
0.0000          0.70000        0.25000        5.4773E-17
0.010000        0.70000        0.25000        -0.25139
0.020000        0.70000        0.25000        -0.37377
0.030000        0.70000        0.25000        -0.41483
0.040000        0.70000        0.25000        -0.42535
0.050000        0.70000        0.25000        -0.42445
0.060000        0.70000        0.25000        -0.41797
0.070000        0.70000        0.25000        -0.40807
0.080000        0.70000        0.25000        -0.39581
0.090000        0.70000        0.25000        -0.38185
0.10000         0.70000        0.25000        -0.36661
0.11000         0.70000        0.25000        -0.35037
0.12000         0.70000        0.25000        -0.33336
0.13000         0.70000        0.25000        -0.31574
0.14000         0.70000        0.25000        -0.29763
0.15000         0.70000        0.25000        -0.27916
0.16000         0.70000        0.25000        -0.26040
0.17000         0.70000        0.25000        -0.24145
0.18000         0.70000        0.25000        -0.22236
0.19000         0.70000        0.25000        -0.20321
0.20000         0.70000        0.25000        -0.18406
0.21000         0.70000        0.25000        -0.16495
0.22000         0.70000        0.25000        -0.14594
0.23000         0.70000        0.25000        -0.12708
0.24000         0.70000        0.25000        -0.10842
0.25000         0.70000        0.25000        -0.090004
0.26000         0.70000        0.25000        -0.071880
0.27000         0.70000        0.25000        -0.054100
0.28000         0.70000        0.25000        -0.036718
0.29000         0.70000        0.25000        -0.019785
0.30000         0.70000        0.25000        -0.0033600
0.31000         0.70000        0.25000        0.012494
0.32000         0.70000        0.25000        0.027710
0.33000         0.70000        0.25000        0.042213
0.34000         0.70000        0.25000        0.055922
0.35000         0.70000        0.25000        0.068744
0.36000         0.70000        0.25000        0.080575
0.37000         0.70000        0.25000        0.091296
0.38000         0.70000        0.25000        0.10077
0.39000         0.70000        0.25000        0.10884
0.40000         0.70000        0.25000        0.11532
0.41000         0.70000        0.25000        0.11998
0.42000         0.70000        0.25000        0.12255
0.43000         0.70000        0.25000        0.12266
0.44000         0.70000        0.25000        0.11982
0.45000         0.70000        0.25000        0.11337
0.46000         0.70000        0.25000        0.10239
0.47000         0.70000        0.25000        0.085806
0.48000         0.70000        0.25000        0.062747
0.49000         0.70000        0.25000        0.033404
0.50000         0.70000        0.25000        -3.8718E-10
0.51000         0.70000        0.25000        -0.033404
0.52000         0.70000        0.25000        -0.062747
0.53000         0.70000        0.25000        -0.085806
0.54000         0.70000        0.25000        -0.10239
0.55000         0.70000        0.25000        -0.11337
0.56000         0.70000        0.25000        -0.11982
0.57000         0.70000        0.25000        -0.12266
0.58000         0.70000        0.25000        -0.12255
0.59000         0.70000        0.25000        -0.11998
0.60000         0.70000        0.25000        -0.11532
0.61000         0.70000        0.25000        -0.10884
0.62000         0.70000        0.25000        -0.10077
0.63000         0.70000        0.25000        -0.091296
0.64000         0.70000        0.25000        -0.080575
0.65000         0.70000        0.25000        -0.068744
0.66000         0.70000        0.25000        -0.055922
0.67000         0.70000        0.25000        -0.042213
0.68000         0.70000        0.25000        -0.027710
0.69000         0.70000        0.25000        -0.012494
0.70000         0.70000        0.25000        0.0033596
0.71000         0.70000        0.25000        0.019785
0.72000         0.70000        0.25000        0.036718
0.73000         0.70000        0.25000        0.054101
0.74000         0.70000        0.25000        0.071880
0.75000         0.70000        0.25000        0.090004
0.76000         0.70000        0.25000        0.10842
0.77000         0.70000        0.25000        0.12708
0.78000         0.70000        0.25000        0.14594
0.79000         0.70000        0.25000        0.16495
0.80000         0.70000        0.25000        0.18406
0.81000         0.70000        0.25000        0.20321
0.82000         0.70000        0.25000        0.22236
0.83000         0.70000        0.25000        0.24145
0.84000         0.70000        0.25000        0.26040
0.85000         0.70000        0.25000        0.27916
0.86000         0.70000        0.25000        0.29763
0.87000         0.70000        0.25000        0.31574
0.88000         0.70000        0.25000        0.33336
0.89000         0.70000        0.25000        0.35037
0.90000         0.70000        0.25000        0.36661
0.91000         0.70000        0.25000        0.38185
0.92000         0.70000        0.25000        0.39581
0.93000         0.70000        0.25000        0.40807
0.94000         0.70000        0.25000        0.41797
0.95000         0.70000        0.25000        0.42445
0.96000         0.70000        0.25000        0.42535
0.97000         0.70000        0.25000        0.41483
0.98000         0.70000        0.25000        0.37377
0.99000         0.70000        0.25000        0.25139
1.0000          0.70000        0.25000        -5.4835E-17
0.0000          0.71000        0.25000        1.4130E-17
0.010000        0.71000        0.25000        -0.28920
0.020000        0.71000        0.25000        -0.41780
0.030000        0.71000        0.25000        -0.45593
0.040000        0.71000        0.25000        -0.46398
0.050000        0.71000        0.25000        -0.46167
0.060000        0.71000        0.25000        -0.45435
0.070000        0.71000        0.25000        -0.44386
0.080000        0.71000        0.25000        -0.43116
0.090000        0.71000        0.25000        -0.41685
0.10000         0.71000        0.25000        -0.40132
0.11000         0.71000        0.25000        -0.38486
0.12000         0.71000        0.25000        -0.36766
0.13000         0.71000        0.25000        -0.34988
0.14000         0.71000        0.25000        -0.33165
0.15000         0.71000        0.25000        -0.31307
0.16000         0.71000        0.25000        -0.29423
0.17000         0.71000        0.25000        -0.27521
0.18000         0.71000        0.25000        -0.25608
0.19000         0.71000        0.25000        -0.23689
0.20000         0.71000        0.25000        -0.21771
0.21000         0.71000        0.25000        -0.19858
0.22000         0.71000        0.25000        -0.17956
0.23000         0.71000        0.25000        -0.16070
0.24000         0.71000        0.25000        -0.14204
0.25000         0.71000        0.25000        -0.12363
0.26000         0.71000        0.25000        -0.10552
0.27000         0.71000        0.25000        -0.087747
0.28000         0.71000        0.25000        -0.070371
0.29000         0.71000        0.25000        -0.053439
0.30000         0.71000        0.25000        -0.037012
0.31000         0.71000        0.25000        -0.021141
0.32000         0.71000        0.25000        -0.0058947
0.33000         0.71000        0.25000        0.0086598
0.34000         0.71000        0.25000        0.022446
0.35000         0.71000        0.25000        0.035379
0.36000         0.71000        0.25000        0.047364
0.37000         0.71000        0.25000        0.058296
0.38000         0.71000        0.25000        0.068052
0.39000         0.71000        0.25000        0.076493
0.40000         0.71000        0.25000        0.083456
0.41000         0.71000        0.25000        0.088746
0.42000         0.71000        0.25000        0.092122
0.43000         0.71000        0.25000        0.093281
0.44000         0.71000        0.25000        0.091823
0.45000         0.71000        0.25000        0.087220
0.46000         0.71000        0.25000        0.078808
0.47000         0.71000        0.25000        0.065871
0.48000         0.71000        0.25000        0.047949
0.49000         0.71000        0.25000        0.025415
0.50000         0.71000        0.25000        -4.1880E-10
0.51000         0.71000        0.25000        -0.025415
0.52000         0.71000        0.25000        -0.047949
0.53000         0.71000        0.25000        -0.065871
0.54000         0.71000        0.25000        -0.078808
0.55000         0.71000        0.25000        -0.087220
0.56000         0.71000        0.25000        -0.091823
0.57000         0.71000        0.25000        -0.093281
0.58000         0.71000        0.25000        -0.092122
0.59000         0.71000        0.25000        -0.088746
0.60000         0.71000        0.25000        -0.083456
0.61000         0.71000        0.25000        -0.076493
0.62000         0.71000        0.25000        -0.068052
0.63000         0.71000        0.25000        -0.058296
0.64000         0.71000        0.25000        -0.047364
0.65000         0.71000        0.25000        -0.035379
0.66000         0.71000        0.25000        -0.022446
0.67000         0.71000        0.25000        -0.0086600
0.68000         0.71000        0.25000        0.0058942
0.69000         0.71000        0.25000        0.021141
0.70000         0.71000        0.25000        0.037011
0.71000         0.71000        0.25000        0.053440
0.72000         0.71000        0.25000        0.070371
0.73000         0.71000        0.25000        0.087746
0.74000         0.71000        0.25000        0.10552
0.75000         0.71000        0.25000        0.12363
0.76000         0.71000        0.25000        0.14204
0.77000         0.71000        0.25000        0.16070
0.78000         0.71000        0.25000        0.17956
0.79000         0.71000        0.25000        0.19858
0.80000         0.71000        0.25000        0.21771
0.81000         0.71000        0.25000        0.23689
0.82000         0.71000        0.25000        0.25608
0.83000         0.71000        0.25000        0.27521
0.84000         0.71000        0.25000        0.29423
0.85000         0.71000        0.25000        0.31307
0.86000         0.71000        0.25000        0.33165
0.87000         0.71000        0.25000        0.34988
0.88000         0.71000        0.25000        0.36766
0.89000         0.71000        0.25000        0.38486
0.90000         0.71000        0.25000        0.40132
0.91000         0.71000        0.25000        0.41685
0.92000         0.71000        0.25000        0.43116
0.93000         0.71000        0.25000        0.44386
0.94000         0.71000        0.25000        0.45435
0.95000         0.71000        0.25000        0.46167
0.96000         0.71000        0.25000        0.46398
0.97000         0.71000        0.25000        0.45593
0.98000         0.71000        0.25000        0.41780
0.99000         0.71000        0.25000        0.28920
1.0000          0.71000        0.25000        -6.3416E-17
0.0000          0.72000        0.25000        -6.7384E-17
0.010000        0.72000        0.25000        -0.32991
0.020000        0.72000        0.25000        -0.46297
0.030000        0.72000        0.25000        -0.49733
0.040000        0.72000        0.25000        -0.50276
0.050000        0.72000        0.25000        -0.49903
0.060000        0.72000        0.25000        -0.49088
0.070000        0.72000        0.25000        -0.47982
0.080000        0.72000        0.25000        -0.46669
0.090000        0.72000        0.25000        -0.45203
0.10000         0.72000        0.25000        -0.43622
0.11000         0.72000        0.25000        -0.41952
0.12000         0.72000        0.25000        -0.40212
0.13000         0.72000        0.25000        -0.38418
0.14000         0.72000        0.25000        -0.36580
0.15000         0.72000        0.25000        -0.34711
0.16000         0.72000        0.25000        -0.32817
0.17000         0.72000        0.25000        -0.30906
0.18000         0.72000        0.25000        -0.28986
0.19000         0.72000        0.25000        -0.27061
0.20000         0.72000        0.25000        -0.25138
0.21000         0.72000        0.25000        -0.23221
0.22000         0.72000        0.25000        -0.21316
0.23000         0.72000        0.25000        -0.19426
0.24000         0.72000        0.25000        -0.17557
0.25000         0.72000        0.25000        -0.15713
0.26000         0.72000        0.25000        -0.13899
0.27000         0.72000        0.25000        -0.12118
0.28000         0.72000        0.25000        -0.10376
0.29000         0.72000        0.25000        -0.086782
0.30000         0.72000        0.25000        -0.070289
0.31000         0.72000        0.25000        -0.054339
0.32000         0.72000        0.25000        -0.038990
0.33000         0.72000        0.25000        -0.024307
0.34000         0.72000        0.25000        -0.010357
0.35000         0.72000        0.25000        0.0027811
0.36000         0.72000        0.25000        0.015025
0.37000         0.72000        0.25000        0.026279
0.38000         0.72000        0.25000        0.036439
0.39000         0.72000        0.25000        0.045383
0.40000         0.72000        0.25000        0.052971
0.41000         0.72000        0.25000        0.059039
0.42000         0.72000        0.25000        0.063386
0.43000         0.72000        0.25000        0.065763
0.44000         0.72000        0.25000        0.065854
0.45000         0.72000        0.25000        0.063261
0.46000         0.72000        0.25000        0.057518
0.47000         0.72000        0.25000        0.048178
0.48000         0.72000        0.25000        0.035045
0.49000         0.72000        0.25000        0.018543
0.50000         0.72000        0.25000        -4.2750E-10
0.51000         0.72000        0.25000        -0.018543
0.52000         0.72000        0.25000        -0.035045
0.53000         0.72000        0.25000        -0.048178
0.54000         0.72000        0.25000        -0.057518
0.55000         0.72000        0.25000        -0.063261
0.56000         0.72000        0.25000        -0.065854
0.57000         0.72000        0.25000        -0.065763
0.58000         0.72000        0.25000        -0.063386
0.59000         0.72000        0.25000        -0.059039
0.60000         0.72000        0.25000        -0.052971
0.61000         0.72000        0.25000        -0.045383
0.62000         0.72000        0.25000        -0.036439
0.63000         0.72000        0.25000        -0.026279
0.64000         0.72000        0.25000        -0.015025
0.65000         0.72000        0.25000        -0.0027811
0.66000         0.72000        0.25000        0.010357
0.67000         0.72000        0.25000        0.024306
0.68000         0.72000        0.25000        0.038990
0.69000         0.72000        0.25000        0.054339
0.70000         0.72000        0.25000        0.070289
0.71000         0.72000        0.25000        0.086782
0.72000         0.72000        0.25000        0.10376
0.73000         0.72000        0.25000        0.12118
0.74000         0.72000        0.25000        0.13899
0.75000         0.72000        0.25000        0.15713
0.76000         0.72000        0.25000        0.17557
0.77000         0.72000        0.25000        0.19426
0.78000         0.72000        0.25000        0.21316
0.79000         0.72000        0.25000        0.23221
0.80000         0.72000        0.25000        0.25138
0.81000         0.72000        0.25000        0.27061
0.82000         0.72000        0.25000        0.28986
0.83000         0.72000        0.25000        0.30906
0.84000         0.72000        0.25000        0.32817
0.85000         0.72000        0.25000        0.34711
0.86000         0.72000        0.25000        0.36580
0.87000         0.72000        0.25000        0.38418
0.88000         0.72000        0.25000        0.40212
0.89000         0.72000        0.25000        0.41952
0.90000         0.72000        0.25000        0.43622
0.91000         0.72000        0.25000        0.45203
0.92000         0.72000        0.25000        0.46669
0.93000         0.72000        0.25000        0.47982
0.94000         0.72000        0.25000        0.49088
0.95000         0.72000        0.25000        0.49903
0.96000         0.72000        0.25000        0.50276
0.97000         0.72000        0.25000        0.49733
0.98000         0.72000        0.25000        0.46297
0.99000         0.72000        0.25000        0.32991
1.0000          0.72000        0.25000        -5.6823E-17
0.0000          0.73000        0.25000        8.8180E-17
0.010000        0.73000        0.25000        -0.37304
0.020000        0.73000        0.25000        -0.50867
0.030000        0.73000        0.25000        -0.53867
0.040000        0.73000        0.25000        -0.54145
0.050000        0.73000        0.25000        -0.53633
0.060000        0.73000        0.25000        -0.52739
0.070000        0.73000        0.25000        -0.51579
0.080000        0.73000        0.25000        -0.50224
0.090000        0.73000        0.25000        -0.48723
0.10000         0.73000        0.25000        -0.47114
0.11000         0.73000        0.25000        -0.45420
0.12000         0.73000        0.25000        -0.43660
0.13000         0.73000        0.25000        -0.41847
0.14000         0.73000        0.25000        -0.39995
0.15000         0.73000        0.25000        -0.38112
0.16000         0.73000        0.25000        -0.36206
0.17000         0.73000        0.25000        -0.34286
0.18000         0.73000        0.25000        -0.32356
0.19000         0.73000        0.25000        -0.30423
0.20000         0.73000        0.25000        -0.28493
0.21000         0.73000        0.25000        -0.26569
0.22000         0.73000        0.25000        -0.24657
0.23000         0.73000        0.25000        -0.22761
0.24000         0.73000        0.25000        -0.20886
0.25000         0.73000        0.25000        -0.19035
0.26000         0.73000        0.25000        -0.17213
0.27000         0.73000        0.25000        -0.15424
0.28000         0.73000        0.25000        -0.13673
0.29000         0.73000        0.25000        -0.11964
0.30000         0.73000        0.25000        -0.10303
0.31000         0.73000        0.25000        -0.086928
0.32000         0.73000        0.25000        -0.071405
0.33000         0.73000        0.25000        -0.056514
0.34000         0.73000        0.25000        -0.042317
0.35000         0.73000        0.25000        -0.028880
0.36000         0.73000        0.25000        -0.016279
0.37000         0.73000        0.25000        -0.0045938
0.38000         0.73000        0.25000        0.0060835
0.39000         0.73000        0.25000        0.015651
0.40000         0.73000        0.25000        0.023991
0.41000         0.73000        0.25000        0.030967
0.42000         0.73000        0.25000        0.036416
0.43000         0.73000        0.25000        0.040142
0.44000         0.73000        0.25000        0.041902
0.45000         0.73000        0.25000        0.041409
0.46000         0.73000        0.25000        0.038351
0.47000         0.73000        0.25000        0.032475
0.48000         0.73000        0.25000        0.023750
0.49000         0.73000        0.25000        0.012592
0.50000         0.73000        0.25000        -4.2377E-10
0.51000         0.73000        0.25000        -0.012592
0.52000         0.73000        0.25000        -0.023750
0.53000         0.73000        0.25000        -0.032475
0.54000         0.73000        0.25000        -0.038351
0.55000         0.73000        0.25000        -0.041409
0.56000         0.73000        0.25000        -0.041902
0.57000         0.73000        0.25000        -0.040142
0.58000         0.73000        0.25000        -0.036416
0.59000         0.73000        0.25000        -0.030967
0.60000         0.73000        0.25000        -0.023991
0.61000         0.73000        0.25000        -0.015651
0.62000         0.73000        0.25000        -0.0060835
0.63000         0.73000        0.25000        0.0045938
0.64000         0.73000        0.25000        0.016279
0.65000         0.73000        0.25000        0.028880
0.66000         0.73000        0.25000        0.042317
0.67000         0.73000        0.25000        0.056514
0.68000         0.73000        0.25000        0.071405
0.69000         0.73000        0.25000        0.086928
0.70000         0.73000        0.25000        0.10303
0.71000         0.73000        0.25000        0.11964
0.72000         0.73000        0.25000        0.13673
0.73000         0.73000        0.25000        0.15424
0.74000         0.73000        0.25000        0.17213
0.75000         0.73000        0.25000        0.19035
0.76000         0.73000        0.25000        0.20886
0.77000         0.73000        0.25000        0.22761
0.78000         0.73000        0.25000        0.24657
0.79000         0.73000        0.25000        0.26569
0.80000         0.73000        0.25000        0.28493
0.81000         0.73000        0.25000        0.30423
0.82000         0.73000        0.25000        0.32356
0.83000         0.73000        0.25000        0.34286
0.84000         0.73000        0.25000        0.36206
0.85000         0.73000        0.25000        0.38112
0.86000         0.73000        0.25000        0.39995
0.87000         0.73000        0.25000        0.41847
0.88000         0.73000        0.25000        0.43660
0.89000         0.73000        0.25000        0.45420
0.90000         0.73000        0.25000        0.47114
0.91000         0.73000        0.25000        0.48723
0.92000         0.73000        0.25000        0.50224
0.93000         0.73000        0.25000        0.51579
0.94000         0.73000        0.25000        0.52739
0.95000         0.73000        0.25000        0.53633
0.96000         0.73000        0.25000        0.54145
0.97000         0.73000        0.25000        0.53867
0.98000         0.73000        0.25000        0.50867
0.99000         0.73000        0.25000        0.37304
1.0000          0.73000        0.25000        -7.7195E-17
0.0000          0.74000        0.25000        -1.3453E-17
0.010000        0.74000        0.25000        -0.41795
0.020000        0.74000        0.25000        -0.55429
0.030000        0.74000        0.25000        -0.57965
0.040000        0.74000        0.25000        -0.57985
0.050000        0.74000        0.25000        -0.57339
0.060000        0.74000        0.25000        -0.56368
0.070000        0.74000        0.25000        -0.55157
0.080000        0.74000        0.25000        -0.53763
0.090000        0.74000        0.25000        -0.52230
0.10000         0.74000        0.25000        -0.50592
0.11000         0.74000        0.25000        -0.48874
0.12000         0.74000        0.25000        -0.47093
0.13000         0.74000        0.25000        -0.45262
0.14000         0.74000        0.25000        -0.43393
0.15000         0.74000        0.25000        -0.41496
0.16000         0.74000        0.25000        -0.39577
0.17000         0.74000        0.25000        -0.37645
0.18000         0.74000        0.25000        -0.35704
0.19000         0.74000        0.25000        -0.33761
0.20000         0.74000        0.25000        -0.31821
0.21000         0.74000        0.25000        -0.29887
0.22000         0.74000        0.25000        -0.27966
0.23000         0.74000        0.25000        -0.26060
0.24000         0.74000        0.25000        -0.24174
0.25000         0.74000        0.25000        -0.22312
0.26000         0.74000        0.25000        -0.20478
0.27000         0.74000        0.25000        -0.18676
0.28000         0.74000        0.25000        -0.16911
0.29000         0.74000        0.25000        -0.15186
0.30000         0.74000        0.25000        -0.13505
0.31000         0.74000        0.25000        -0.11874
0.32000         0.74000        0.25000        -0.10297
0.33000         0.74000        0.25000        -0.087797
0.34000         0.74000        0.25000        -0.073267
0.35000         0.74000        0.25000        -0.059444
0.36000         0.74000        0.25000        -0.046390
0.37000         0.74000        0.25000        -0.034175
0.38000         0.74000        0.25000        -0.022875
0.39000         0.74000        0.25000        -0.012576
0.40000         0.74000        0.25000        -0.0033731
0.41000         0.74000        0.25000        0.0046232
0.42000         0.74000        0.25000        0.011285
0.43000         0.74000        0.25000        0.016462
0.44000         0.74000        0.25000        0.019976
0.45000         0.74000        0.25000        0.021630
0.46000         0.74000        0.25000        0.021230
0.47000         0.74000        0.25000        0.018650
0.48000         0.74000        0.25000        0.013943
0.49000         0.74000        0.25000        0.0074781
0.50000         0.74000        0.25000        -4.1253E-10
0.51000         0.74000        0.25000        -0.0074781
0.52000         0.74000        0.25000        -0.013943
0.53000         0.74000        0.25000        -0.018650
0.54000         0.74000        0.25000        -0.021230
0.55000         0.74000        0.25000        -0.021630
0.56000         0.74000        0.25000        -0.019976
0.57000         0.74000        0.25000        -0.016462
0.58000         0.74000        0.25000        -0.011285
0.59000         0.74000        0.25000        -0.0046232
0.60000         0.74000        0.25000        0.0033731
0.61000         0.74000        0.25000        0.012576
0.62000         0.74000        0.25000        0.022875
0.63000         0.74000        0.25000        0.034175
0.64000         0.74000        0.25000        0.046390
0.65000         0.74000        0.25000        0.059444
0.66000         0.74000        0.25000        0.073267
0.67000         0.74000        0.25000        0.087797
0.68000         0.74000        0.25000        0.10297
0.69000         0.74000        0.25000        0.11874
0.70000         0.74000        0.25000        0.13505
0.71000         0.74000        0.25000        0.15186
0.72000         0.74000        0.25000        0.16911
0.73000         0.74000        0.25000        0.18676
0.74000         0.74000        0.25000        0.20478
0.75000         0.74000        0.25000        0.22312
0.76000         0.74000        0.25000        0.24174
0.77000         0.74000        0.25000        0.26060
0.78000         0.74000        0.25000        0.27966
0.79000         0.74000        0.25000        0.29887
0.80000         0.74000        0.25000        0.31821
0.81000         0.74000        0.25000        0.33761
0.82000         0.74000        0.25000        0.35704
0.83000         0.74000        0.25000        0.37645
0.84000         0.74000        0.25000        0.39577
0.85000         0.74000        0.25000        0.41496
0.86000         0.74000        0.25000        0.43393
0.87000         0.74000        0.25000        0.45262
0.88000         0.74000        0.25000        0.47093
0.89000         0.74000        0.25000        0.48874
0.90000         0.74000        0.25000        0.50592
0.91000         0.74000        0.25000        0.52230
0.92000         0.74000        0.25000        0.53763
0.93000         0.74000        0.25000        0.55157
0.94000         0.74000        0.25000        0.56368
0.95000         0.74000        0.25000        0.57339
0.96000         0.74000        0.25000        0.57985
0.97000         0.74000        0.25000        0.57965
0.98000         0.74000        0.25000        0.55429
0.99000         0.74000        0.25000        0.41795
1.0000          0.74000        0.25000        0.0000
0.0000          0.75000        0.25000        0.0000
0.010000        0.75000        0.25000        -0.46386
0.020000        0.75000        0.25000        -0.59926
0.030000        0.75000        0.25000        -0.61998
0.040000        0.75000        0.25000        -0.61782
0.050000        0.75000        0.25000        -0.61001
0.060000        0.75000        0.25000        -0.59956
0.070000        0.75000        0.25000        -0.58699
0.080000        0.75000        0.25000        -0.57268
0.090000        0.75000        0.25000        -0.55704
0.10000         0.75000        0.25000        -0.54039
0.11000         0.75000        0.25000        -0.52298
0.12000         0.75000        0.25000        -0.50495
0.13000         0.75000        0.25000        -0.48646
0.14000         0.75000        0.25000        -0.46760
0.15000         0.75000        0.25000        -0.44847
0.16000         0.75000        0.25000        -0.42914
0.17000         0.75000        0.25000        -0.40968
0.18000         0.75000        0.25000        -0.39014
0.19000         0.75000        0.25000        -0.37059
0.20000         0.75000        0.25000        -0.35106
0.21000         0.75000        0.25000        -0.33160
0.22000         0.75000        0.25000        -0.31225
0.23000         0.75000        0.25000        -0.29306
0.24000         0.75000        0.25000        -0.27406
0.25000         0.75000        0.25000        -0.25529
0.26000         0.75000        0.25000        -0.23679
0.27000         0.75000        0.25000        -0.21860
0.28000         0.75000        0.25000        -0.20074
0.29000         0.75000        0.25000        -0.18327
0.30000         0.75000        0.25000        -0.16622
0.31000         0.75000        0.25000        -0.14963
0.32000         0.75000        0.25000        -0.13355
0.33000         0.75000        0.25000        -0.11801
0.34000         0.75000        0.25000        -0.10307
0.35000         0.75000        0.25000        -0.088777
0.36000         0.75000        0.25000        -0.075185
0.37000         0.75000        0.25000        -0.062352
0.38000         0.75000        0.25000        -0.050340
0.39000         0.75000        0.25000        -0.039218
0.40000         0.75000        0.25000        -0.029063
0.41000         0.75000        0.25000        -0.019961
0.42000         0.75000        0.25000        -0.012009
0.43000         0.75000        0.25000        -0.0053180
0.44000         0.75000        0.25000        -1.1905E-5
0.45000         0.75000        0.25000        0.0037809
0.46000         0.75000        0.25000        0.0059501
0.47000         0.75000        0.25000        0.0064515
0.48000         0.75000        0.25000        0.0053803
0.49000         0.75000        0.25000        0.0030466
0.50000         0.75000        0.25000        -3.9609E-10
0.51000         0.75000        0.25000        -0.0030466
0.52000         0.75000        0.25000        -0.0053803
0.53000         0.75000        0.25000        -0.0064515
0.54000         0.75000        0.25000        -0.0059501
0.55000         0.75000        0.25000        -0.0037809
0.56000         0.75000        0.25000        1.1905E-5
0.57000         0.75000        0.25000        0.0053180
0.58000         0.75000        0.25000        0.012009
0.59000         0.75000        0.25000        0.019961
0.60000         0.75000        0.25000        0.029063
0.61000         0.75000        0.25000        0.039218
0.62000         0.75000        0.25000        0.050340
0.63000         0.75000        0.25000        0.062352
0.64000         0.75000        0.25000        0.075185
0.65000         0.75000        0.25000        0.088777
0.66000         0.75000        0.25000        0.10307
0.67000         0.75000        0.25000        0.11801
0.68000         0.75000        0.25000        0.13355
0.69000         0.75000        0.25000        0.14963
0.70000         0.75000        0.25000        0.16622
0.71000         0.75000        0.25000        0.18327
0.72000         0.75000        0.25000        0.20074
0.73000         0.75000        0.25000        0.21860
0.74000         0.75000        0.25000        0.23679
0.75000         0.75000        0.25000        0.25529
0.76000         0.75000        0.25000        0.27406
0.77000         0.75000        0.25000        0.29306
0.78000         0.75000        0.25000        0.31225
0.79000         0.75000        0.25000        0.33160
0.80000         0.75000        0.25000        0.35106
0.81000         0.75000        0.25000        0.37059
0.82000         0.75000        0.25000        0.39014
0.83000         0.75000        0.25000        0.40968
0.84000         0.75000        0.25000        0.42914
0.85000         0.75000        0.25000        0.44847
0.86000         0.75000        0.25000        0.46760
0.87000         0.75000        0.25000        0.48646
0.88000         0.75000        0.25000        0.50495
0.89000         0.75000        0.25000        0.52298
0.90000         0.75000        0.25000        0.54039
0.91000         0.75000        0.25000        0.55704
0.92000         0.75000        0.25000        0.57268
0.93000         0.75000        0.25000        0.58699
0.94000         0.75000        0.25000        0.59956
0.95000         0.75000        0.25000        0.61001
0.96000         0.75000        0.25000        0.61782
0.97000         0.75000        0.25000        0.61998
0.98000         0.75000        0.25000        0.59926
0.99000         0.75000        0.25000        0.46386
1.0000          0.75000        0.25000        2.9115E-17
0.0000          0.76000        0.25000        0.0000
0.010000        0.76000        0.25000        -0.50997
0.020000        0.76000        0.25000        -0.64302
0.030000        0.76000        0.25000        -0.65941
0.040000        0.76000        0.25000        -0.65520
0.050000        0.76000        0.25000        -0.64606
0.060000        0.76000        0.25000        -0.63486
0.070000        0.76000        0.25000        -0.62184
0.080000        0.76000        0.25000        -0.60720
0.090000        0.76000        0.25000        -0.59128
0.10000         0.76000        0.25000        -0.57439
0.11000         0.76000        0.25000        -0.55674
0.12000         0.76000        0.25000        -0.53851
0.13000         0.76000        0.25000        -0.51983
0.14000         0.76000        0.25000        -0.50079
0.15000         0.76000        0.25000        -0.48150
0.16000         0.76000        0.25000        -0.46201
0.17000         0.76000        0.25000        -0.44240
0.18000         0.76000        0.25000        -0.42271
0.19000         0.76000        0.25000        -0.40300
0.20000         0.76000        0.25000        -0.38332
0.21000         0.76000        0.25000        -0.36371
0.22000         0.76000        0.25000        -0.34421
0.23000         0.76000        0.25000        -0.32485
0.24000         0.76000        0.25000        -0.30567
0.25000         0.76000        0.25000        -0.28671
0.26000         0.76000        0.25000        -0.26800
0.27000         0.76000        0.25000        -0.24958
0.28000         0.76000        0.25000        -0.23148
0.29000         0.76000        0.25000        -0.21373
0.30000         0.76000        0.25000        -0.19637
0.31000         0.76000        0.25000        -0.17945
0.32000         0.76000        0.25000        -0.16298
0.33000         0.76000        0.25000        -0.14702
0.34000         0.76000        0.25000        -0.13160
0.35000         0.76000        0.25000        -0.11676
0.36000         0.76000        0.25000        -0.10256
0.37000         0.76000        0.25000        -0.089033
0.38000         0.76000        0.25000        -0.076234
0.39000         0.76000        0.25000        -0.064217
0.40000         0.76000        0.25000        -0.053042
0.41000         0.76000        0.25000        -0.042773
0.42000         0.76000        0.25000        -0.033482
0.43000         0.76000        0.25000        -0.025246
0.44000         0.76000        0.25000        -0.018148
0.45000         0.76000        0.25000        -0.012263
0.46000         0.76000        0.25000        -0.0076457
0.47000         0.76000        0.25000        -0.0042911
0.48000         0.76000        0.25000        -0.0020916
0.49000         0.76000        0.25000        -7.9531E-4
0.50000         0.76000        0.25000        -3.7517E-10
0.51000         0.76000        0.25000        7.9531E-4
0.52000         0.76000        0.25000        0.0020916
0.53000         0.76000        0.25000        0.0042911
0.54000         0.76000        0.25000        0.0076457
0.55000         0.76000        0.25000        0.012263
0.56000         0.76000        0.25000        0.018148
0.57000         0.76000        0.25000        0.025246
0.58000         0.76000        0.25000        0.033482
0.59000         0.76000        0.25000        0.042773
0.60000         0.76000        0.25000        0.053042
0.61000         0.76000        0.25000        0.064217
0.62000         0.76000        0.25000        0.076234
0.63000         0.76000        0.25000        0.089033
0.64000         0.76000        0.25000        0.10256
0.65000         0.76000        0.25000        0.11676
0.66000         0.76000        0.25000        0.13160
0.67000         0.76000        0.25000        0.14702
0.68000         0.76000        0.25000        0.16298
0.69000         0.76000        0.25000        0.17945
0.70000         0.76000        0.25000        0.19637
0.71000         0.76000        0.25000        0.21373
0.72000         0.76000        0.25000        0.23148
0.73000         0.76000        0.25000        0.24958
0.74000         0.76000        0.25000        0.26800
0.75000         0.76000        0.25000        0.28671
0.76000         0.76000        0.25000        0.30567
0.77000         0.76000        0.25000        0.32485
0.78000         0.76000        0.25000        0.34421
0.79000         0.76000        0.25000        0.36371
0.80000         0.76000        0.25000        0.38332
0.81000         0.76000        0.25000        0.40300
0.82000         0.76000        0.25000        0.42271
0.83000         0.76000        0.25000        0.44240
0.84000         0.76000        0.25000        0.46201
0.85000         0.76000        0.25000        0.48150
0.86000         0.76000        0.25000        0.50079
0.87000         0.76000        0.25000        0.51983
0.88000         0.76000        0.25000        0.53851
0.89000         0.76000        0.25000        0.55674
0.90000         0.76000        0.25000        0.57439
0.91000         0.76000        0.25000        0.59128
0.92000         0.76000        0.25000        0.60720
0.93000         0.76000        0.25000        0.62184
0.94000         0.76000        0.25000        0.63486
0.95000         0.76000        0.25000        0.64606
0.96000         0.76000        0.25000        0.65520
0.97000         0.76000        0.25000        0.65941
0.98000         0.76000        0.25000        0.64302
0.99000         0.76000        0.25000        0.50997
1.0000          0.76000        0.25000        -1.1525E-16
0.0000          0.77000        0.25000        -1.6118E-16
0.010000        0.77000        0.25000        -0.55545
0.020000        0.77000        0.25000        -0.68500
0.030000        0.77000        0.25000        -0.69755
0.040000        0.77000        0.25000        -0.69187
0.050000        0.77000        0.25000        -0.68138
0.060000        0.77000        0.25000        -0.66940
0.070000        0.77000        0.25000        -0.65595
0.080000        0.77000        0.25000        -0.64101
0.090000        0.77000        0.25000        -0.62484
0.10000         0.77000        0.25000        -0.60771
0.11000         0.77000        0.25000        -0.58985
0.12000         0.77000        0.25000        -0.57142
0.13000         0.77000        0.25000        -0.55255
0.14000         0.77000        0.25000        -0.53334
0.15000         0.77000        0.25000        -0.51387
0.16000         0.77000        0.25000        -0.49421
0.17000         0.77000        0.25000        -0.47443
0.18000         0.77000        0.25000        -0.45458
0.19000         0.77000        0.25000        -0.43471
0.20000         0.77000        0.25000        -0.41485
0.21000         0.77000        0.25000        -0.39506
0.22000         0.77000        0.25000        -0.37536
0.23000         0.77000        0.25000        -0.35580
0.24000         0.77000        0.25000        -0.33641
0.25000         0.77000        0.25000        -0.31722
0.26000         0.77000        0.25000        -0.29826
0.27000         0.77000        0.25000        -0.27957
0.28000         0.77000        0.25000        -0.26117
0.29000         0.77000        0.25000        -0.24310
0.30000         0.77000        0.25000        -0.22539
0.31000         0.77000        0.25000        -0.20806
0.32000         0.77000        0.25000        -0.19116
0.33000         0.77000        0.25000        -0.17471
0.34000         0.77000        0.25000        -0.15875
0.35000         0.77000        0.25000        -0.14331
0.36000         0.77000        0.25000        -0.12843
0.37000         0.77000        0.25000        -0.11415
0.38000         0.77000        0.25000        -0.10051
0.39000         0.77000        0.25000        -0.087542
0.40000         0.77000        0.25000        -0.075298
0.41000         0.77000        0.25000        -0.063825
0.42000         0.77000        0.25000        -0.053171
0.43000         0.77000        0.25000        -0.043389
0.44000         0.77000        0.25000        -0.034527
0.45000         0.77000        0.25000        -0.026628
0.46000         0.77000        0.25000        -0.019706
0.47000         0.77000        0.25000        -0.013734
0.48000         0.77000        0.25000        -0.0086072
0.49000         0.77000        0.25000        -0.0041270
0.50000         0.77000        0.25000        -3.4983E-10
0.51000         0.77000        0.25000        0.0041270
0.52000         0.77000        0.25000        0.0086072
0.53000         0.77000        0.25000        0.013734
0.54000         0.77000        0.25000        0.019706
0.55000         0.77000        0.25000        0.026628
0.56000         0.77000        0.25000        0.034527
0.57000         0.77000        0.25000        0.043389
0.58000         0.77000        0.25000        0.053171
0.59000         0.77000        0.25000        0.063825
0.60000         0.77000        0.25000        0.075298
0.61000         0.77000        0.25000        0.087542
0.62000         0.77000        0.25000        0.10051
0.63000         0.77000        0.25000        0.11415
0.64000         0.77000        0.25000        0.12843
0.65000         0.77000        0.25000        0.14331
0.66000         0.77000        0.25000        0.15875
0.67000         0.77000        0.25000        0.17471
0.68000         0.77000        0.25000        0.19116
0.69000         0.77000        0.25000        0.20806
0.70000         0.77000        0.25000        0.22539
0.71000         0.77000        0.25000        0.24310
0.72000         0.77000        0.25000        0.26117
0.73000         0.77000        0.25000        0.27957
0.74000         0.77000        0.25000        0.29826
0.75000         0.77000        0.25000        0.31722
0.76000         0.77000        0.25000        0.33641
0.77000         0.77000        0.25000        0.35580
0.78000         0.77000        0.25000        0.37536
0.79000         0.77000        0.25000        0.39506
0.80000         0.77000        0.25000        0.41485
0.81000         0.77000        0.25000        0.43471
0.82000         0.77000        0.25000        0.45458
0.83000         0.77000        0.25000        0.47443
0.84000         0.77000        0.25000        0.49421
0.85000         0.77000        0.25000        0.51387
0.86000         0.77000        0.25000        0.53334
0.87000         0.77000        0.25000        0.55255
0.88000         0.77000        0.25000        0.57142
0.89000         0.77000        0.25000        0.58985
0.90000         0.77000        0.25000        0.60771
0.91000         0.77000        0.25000        0.62484
0.92000         0.77000        0.25000        0.64101
0.93000         0.77000        0.25000        0.65595
0.94000         0.77000        0.25000        0.66940
0.95000         0.77000        0.25000        0.68138
0.96000         0.77000        0.25000        0.69187
0.97000         0.77000        0.25000        0.69755
0.98000         0.77000        0.25000        0.68500
0.99000         0.77000        0.25000        0.55545
1.0000          0.77000        0.25000        -1.4447E-16
0.0000          0.78000        0.25000        -1.1744E-16
0.010000        0.78000        0.25000        -0.59958
0.020000        0.78000        0.25000        -0.72471
0.030000        0.78000        0.25000        -0.73382
0.040000        0.78000        0.25000        -0.72766
0.050000        0.78000        0.25000        -0.71586
0.060000        0.78000        0.25000        -0.70301
0.070000        0.78000        0.25000        -0.68912
0.080000        0.78000        0.25000        -0.67391
0.090000        0.78000        0.25000        -0.65752
0.10000         0.78000        0.25000        -0.64019
0.11000         0.78000        0.25000        -0.62213
0.12000         0.78000        0.25000        -0.60351
0.13000         0.78000        0.25000        -0.58446
0.14000         0.78000        0.25000        -0.56507
0.15000         0.78000        0.25000        -0.54542
0.16000         0.78000        0.25000        -0.52559
0.17000         0.78000        0.25000        -0.50563
0.18000         0.78000        0.25000        -0.48560
0.19000         0.78000        0.25000        -0.46553
0.20000         0.78000        0.25000        -0.44548
0.21000         0.78000        0.25000        -0.42548
0.22000         0.78000        0.25000        -0.40557
0.23000         0.78000        0.25000        -0.38578
0.24000         0.78000        0.25000        -0.36614
0.25000         0.78000        0.25000        -0.34669
0.26000         0.78000        0.25000        -0.32744
0.27000         0.78000        0.25000        -0.30844
0.28000         0.78000        0.25000        -0.28970
0.29000         0.78000        0.25000        -0.27126
0.30000         0.78000        0.25000        -0.25314
0.31000         0.78000        0.25000        -0.23538
0.32000         0.78000        0.25000        -0.21799
0.33000         0.78000        0.25000        -0.20100
0.34000         0.78000        0.25000        -0.18445
0.35000         0.78000        0.25000        -0.16836
0.36000         0.78000        0.25000        -0.15276
0.37000         0.78000        0.25000        -0.13768
0.38000         0.78000        0.25000        -0.12315
0.39000         0.78000        0.25000        -0.10920
0.40000         0.78000        0.25000        -0.095862
0.41000         0.78000        0.25000        -0.083172
0.42000         0.78000        0.25000        -0.071160
0.43000         0.78000        0.25000        -0.059857
0.44000         0.78000        0.25000        -0.049292
0.45000         0.78000        0.25000        -0.039479
0.46000         0.78000        0.25000        -0.030415
0.47000         0.78000        0.25000        -0.022057
0.48000         0.78000        0.25000        -0.014315
0.49000         0.78000        0.25000        -0.0070333
0.50000         0.78000        0.25000        -3.2051E-10
0.51000         0.78000        0.25000        0.0070333
0.52000         0.78000        0.25000        0.014315
0.53000         0.78000        0.25000        0.022057
0.54000         0.78000        0.25000        0.030415
0.55000         0.78000        0.25000        0.039479
0.56000         0.78000        0.25000        0.049292
0.57000         0.78000        0.25000        0.059857
0.58000         0.78000        0.25000        0.071160
0.59000         0.78000        0.25000        0.083172
0.60000         0.78000        0.25000        0.095862
0.61000         0.78000        0.25000        0.10920
0.62000         0.78000        0.25000        0.12315
0.63000         0.78000        0.25000        0.13768
0.64000         0.78000        0.25000        0.15276
0.65000         0.78000        0.25000        0.16836
0.66000         0.78000        0.25000        0.18445
0.67000         0.78000        0.25000        0.20100
0.68000         0.78000        0.25000        0.21799
0.69000         0.78000        0.25000        0.23538
0.70000         0.78000        0.25000        0.25314
0.71000         0.78000        0.25000        0.27126
0.72000         0.78000        0.25000        0.28970
0.73000         0.78000        0.25000        0.30844
0.74000         0.78000        0.25000        0.32744
0.75000         0.78000        0.25000        0.34669
0.76000         0.78000        0.25000        0.36614
0.77000         0.78000        0.25000        0.38578
0.78000         0.78000        0.25000        0.40557
0.79000         0.78000        0.25000        0.42548
0.80000         0.78000        0.25000        0.44548
0.81000         0.78000        0.25000        0.46553
0.82000         0.78000        0.25000        0.48560
0.83000         0.78000        0.25000        0.50563
0.84000         0.78000        0.25000        0.52559
0.85000         0.78000        0.25000        0.54542
0.86000         0.78000        0.25000        0.56507
0.87000         0.78000        0.25000        0.58446
0.88000         0.78000        0.25000        0.60351
0.89000         0.78000        0.25000        0.62213
0.90000         0.78000        0.25000        0.64019
0.91000         0.78000        0.25000        0.65752
0.92000         0.78000        0.25000        0.67391
0.93000         0.78000        0.25000        0.68912
0.94000         0.78000        0.25000        0.70301
0.95000         0.78000        0.25000        0.71586
0.96000         0.78000        0.25000        0.72766
0.97000         0.78000        0.25000        0.73382
0.98000         0.78000        0.25000        0.72471
0.99000         0.78000        0.25000        0.59958
1.0000          0.78000        0.25000        -2.2700E-17
0.0000          0.79000        0.25000        4.5914E-17
0.010000        0.79000        0.25000        -0.64181
0.020000        0.79000        0.25000        -0.76199
0.030000        0.79000        0.25000        -0.76732
0.040000        0.79000        0.25000        -0.76221
0.050000        0.79000        0.25000        -0.74936
0.060000        0.79000        0.25000        -0.73554
0.070000        0.79000        0.25000        -0.72117
0.080000        0.79000        0.25000        -0.70570
0.090000        0.79000        0.25000        -0.68911
0.10000         0.79000        0.25000        -0.67161
0.11000         0.79000        0.25000        -0.65338
0.12000         0.79000        0.25000        -0.63459
0.13000         0.79000        0.25000        -0.61537
0.14000         0.79000        0.25000        -0.59580
0.15000         0.79000        0.25000        -0.57598
0.16000         0.79000        0.25000        -0.55597
0.17000         0.79000        0.25000        -0.53582
0.18000         0.79000        0.25000        -0.51559
0.19000         0.79000        0.25000        -0.49533
0.20000         0.79000        0.25000        -0.47507
0.21000         0.79000        0.25000        -0.45484
0.22000         0.79000        0.25000        -0.43469
0.23000         0.79000        0.25000        -0.41464
0.24000         0.79000        0.25000        -0.39473
0.25000         0.79000        0.25000        -0.37498
0.26000         0.79000        0.25000        -0.35541
0.27000         0.79000        0.25000        -0.33606
0.28000         0.79000        0.25000        -0.31695
0.29000         0.79000        0.25000        -0.29811
0.30000         0.79000        0.25000        -0.27955
0.31000         0.79000        0.25000        -0.26129
0.32000         0.79000        0.25000        -0.24338
0.33000         0.79000        0.25000        -0.22582
0.34000         0.79000        0.25000        -0.20863
0.35000         0.79000        0.25000        -0.19185
0.36000         0.79000        0.25000        -0.17550
0.37000         0.79000        0.25000        -0.15959
0.38000         0.79000        0.25000        -0.14415
0.39000         0.79000        0.25000        -0.12920
0.40000         0.79000        0.25000        -0.11476
0.41000         0.79000        0.25000        -0.10086
0.42000         0.79000        0.25000        -0.087517
0.43000         0.79000        0.25000        -0.074741
0.44000         0.79000        0.25000        -0.062549
0.45000         0.79000        0.25000        -0.050939
0.46000         0.79000        0.25000        -0.039897
0.47000         0.79000        0.25000        -0.029380
0.48000         0.79000        0.25000        -0.019309
0.49000         0.79000        0.25000        -0.0095668
0.50000         0.79000        0.25000        -2.8785E-10
0.51000         0.79000        0.25000        0.0095668
0.52000         0.79000        0.25000        0.019309
0.53000         0.79000        0.25000        0.029380
0.54000         0.79000        0.25000        0.039897
0.55000         0.79000        0.25000        0.050939
0.56000         0.79000        0.25000        0.062549
0.57000         0.79000        0.25000        0.074741
0.58000         0.79000        0.25000        0.087517
0.59000         0.79000        0.25000        0.10086
0.60000         0.79000        0.25000        0.11476
0.61000         0.79000        0.25000        0.12920
0.62000         0.79000        0.25000        0.14415
0.63000         0.79000        0.25000        0.15959
0.64000         0.79000        0.25000        0.17550
0.65000         0.79000        0.25000        0.19185
0.66000         0.79000        0.25000        0.20863
0.67000         0.79000        0.25000        0.22582
0.68000         0.79000        0.25000        0.24338
0.69000         0.79000        0.25000        0.26129
0.70000         0.79000        0.25000        0.27955
0.71000         0.79000        0.25000        0.29811
0.72000         0.79000        0.25000        0.31695
0.73000         0.79000        0.25000        0.33606
0.74000         0.79000        0.25000        0.35541
0.75000         0.79000        0.25000        0.37498
0.76000         0.79000        0.25000        0.39473
0.77000         0.79000        0.25000        0.41464
0.78000         0.79000        0.25000        0.43469
0.79000         0.79000        0.25000        0.45484
0.80000         0.79000        0.25000        0.47507
0.81000         0.79000        0.25000        0.49533
0.82000         0.79000        0.25000        0.51559
0.83000         0.79000        0.25000        0.53582
0.84000         0.79000        0.25000        0.55597
0.85000         0.79000        0.25000        0.57598
0.86000         0.79000        0.25000        0.59580
0.87000         0.79000        0.25000        0.61537
0.88000         0.79000        0.25000        0.63459
0.89000         0.79000        0.25000        0.65338
0.90000         0.79000        0.25000        0.67161
0.91000         0.79000        0.25000        0.68911
0.92000         0.79000        0.25000        0.70570
0.93000         0.79000        0.25000        0.72117
0.94000         0.79000        0.25000        0.73554
0.95000         0.79000        0.25000        0.74936
0.96000         0.79000        0.25000        0.76221
0.97000         0.79000        0.25000        0.76732
0.98000         0.79000        0.25000        0.76199
0.99000         0.79000        0.25000        0.64181
1.0000          0.79000        0.25000        -1.5656E-16
0.0000          0.80000        0.25000        5.2742E-17
0.010000        0.80000        0.25000        -0.68159
0.020000        0.80000        0.25000        -0.79754
0.030000        0.80000        0.25000        -0.79703
0.040000        0.80000        0.25000        -0.79476
0.050000        0.80000        0.25000        -0.78173
0.060000        0.80000        0.25000        -0.76682
0.070000        0.80000        0.25000        -0.75189
0.080000        0.80000        0.25000        -0.73616
0.090000        0.80000        0.25000        -0.71941
0.10000         0.80000        0.25000        -0.70177
0.11000         0.80000        0.25000        -0.68341
0.12000         0.80000        0.25000        -0.66447
0.13000         0.80000        0.25000        -0.64509
0.14000         0.80000        0.25000        -0.62536
0.15000         0.80000        0.25000        -0.60537
0.16000         0.80000        0.25000        -0.58518
0.17000         0.80000        0.25000        -0.56484
0.18000         0.80000        0.25000        -0.54441
0.19000         0.80000        0.25000        -0.52394
0.20000         0.80000        0.25000        -0.50345
0.21000         0.80000        0.25000        -0.48298
0.22000         0.80000        0.25000        -0.46257
0.23000         0.80000        0.25000        -0.44225
0.24000         0.80000        0.25000        -0.42204
0.25000         0.80000        0.25000        -0.40197
0.26000         0.80000        0.25000        -0.38206
0.27000         0.80000        0.25000        -0.36234
0.28000         0.80000        0.25000        -0.34282
0.29000         0.80000        0.25000        -0.32354
0.30000         0.80000        0.25000        -0.30451
0.31000         0.80000        0.25000        -0.28574
0.32000         0.80000        0.25000        -0.26727
0.33000         0.80000        0.25000        -0.24910
0.34000         0.80000        0.25000        -0.23127
0.35000         0.80000        0.25000        -0.21377
0.36000         0.80000        0.25000        -0.19664
0.37000         0.80000        0.25000        -0.17989
0.38000         0.80000        0.25000        -0.16354
0.39000         0.80000        0.25000        -0.14759
0.40000         0.80000        0.25000        -0.13207
0.41000         0.80000        0.25000        -0.11698
0.42000         0.80000        0.25000        -0.10234
0.43000         0.80000        0.25000        -0.088158
0.44000         0.80000        0.25000        -0.074431
0.45000         0.80000        0.25000        -0.061151
0.46000         0.80000        0.25000        -0.048298
0.47000         0.80000        0.25000        -0.035833
0.48000         0.80000        0.25000        -0.023691
0.49000         0.80000        0.25000        -0.011784
0.50000         0.80000        0.25000        -2.5311E-10
0.51000         0.80000        0.25000        0.011784
0.52000         0.80000        0.25000        0.023691
0.53000         0.80000        0.25000        0.035833
0.54000         0.80000        0.25000        0.048298
0.55000         0.80000        0.25000        0.061151
0.56000         0.80000        0.25000        0.074431
0.57000         0.80000        0.25000        0.088158
0.58000         0.80000        0.25000        0.10234
0.59000         0.80000        0.25000        0.11698
0.60000         0.80000        0.25000        0.13207
0.61000         0.80000        0.25000        0.14759
0.62000         0.80000        0.25000        0.16354
0.63000         0.80000        0.25000        0.17989
0.64000         0.80000        0.25000        0.19664
0.65000         0.80000        0.25000        0.21377
0.66000         0.80000        0.25000        0.23127
0.67000         0.80000        0.25000        0.24910
0.68000         0.80000        0.25000        0.26727
0.69000         0.80000        0.25000        0.28574
0.70000         0.80000        0.25000        0.30451
0.71000         0.80000        0.25000        0.32354
0.72000         0.80000        0.25000        0.34282
0.73000         0.80000        0.25000        0.36234
0.74000         0.80000        0.25000        0.38206
0.75000         0.80000        0.25000        0.40197
0.76000         0.80000        0.25000        0.42204
0.77000         0.80000        0.25000        0.44225
0.78000         0.80000        0.25000        0.46257
0.79000         0.80000        0.25000        0.48298
0.80000         0.80000        0.25000        0.50345
0.81000         0.80000        0.25000        0.52394
0.82000         0.80000        0.25000        0.54441
0.83000         0.80000        0.25000        0.56484
0.84000         0.80000        0.25000        0.58518
0.85000         0.80000        0.25000        0.60537
0.86000         0.80000        0.25000        0.62536
0.87000         0.80000        0.25000        0.64509
0.88000         0.80000        0.25000        0.66447
0.89000         0.80000        0.25000        0.68341
0.90000         0.80000        0.25000        0.70177
0.91000         0.80000        0.25000        0.71941
0.92000         0.80000        0.25000        0.73616
0.93000         0.80000        0.25000        0.75189
0.94000         0.80000        0.25000        0.76682
0.95000         0.80000        0.25000        0.78173
0.96000         0.80000        0.25000        0.79476
0.97000         0.80000        0.25000        0.79703
0.98000         0.80000        0.25000        0.79754
0.99000         0.80000        0.25000        0.68159
1.0000          0.80000        0.25000        0.0000
0.0000          0.81000        0.25000        5.7004E-17
0.010000        0.81000        0.25000        -0.71767
0.020000        0.81000        0.25000        -0.83317
0.030000        0.81000        0.25000        -0.82278
0.040000        0.81000        0.25000        -0.82398
0.050000        0.81000        0.25000        -0.81257
0.060000        0.81000        0.25000        -0.79669
0.070000        0.81000        0.25000        -0.78110
0.080000        0.81000        0.25000        -0.76509
0.090000        0.81000        0.25000        -0.74820
0.10000         0.81000        0.25000        -0.73045
0.11000         0.81000        0.25000        -0.71198
0.12000         0.81000        0.25000        -0.69293
0.13000         0.81000        0.25000        -0.67342
0.14000         0.81000        0.25000        -0.65355
0.15000         0.81000        0.25000        -0.63340
0.16000         0.81000        0.25000        -0.61304
0.17000         0.81000        0.25000        -0.59252
0.18000         0.81000        0.25000        -0.57189
0.19000         0.81000        0.25000        -0.55120
0.20000         0.81000        0.25000        -0.53048
0.21000         0.81000        0.25000        -0.50977
0.22000         0.81000        0.25000        -0.48909
0.23000         0.81000        0.25000        -0.46848
0.24000         0.81000        0.25000        -0.44795
0.25000         0.81000        0.25000        -0.42754
0.26000         0.81000        0.25000        -0.40727
0.27000         0.81000        0.25000        -0.38716
0.28000         0.81000        0.25000        -0.36722
0.29000         0.81000        0.25000        -0.34748
0.30000         0.81000        0.25000        -0.32796
0.31000         0.81000        0.25000        -0.30866
0.32000         0.81000        0.25000        -0.28961
0.33000         0.81000        0.25000        -0.27083
0.34000         0.81000        0.25000        -0.25233
0.35000         0.81000        0.25000        -0.23411
0.36000         0.81000        0.25000        -0.21620
0.37000         0.81000        0.25000        -0.19861
0.38000         0.81000        0.25000        -0.18134
0.39000         0.81000        0.25000        -0.16442
0.40000         0.81000        0.25000        -0.14784
0.41000         0.81000        0.25000        -0.13161
0.42000         0.81000        0.25000        -0.11574
0.43000         0.81000        0.25000        -0.10022
0.44000         0.81000        0.25000        -0.085062
0.45000         0.81000        0.25000        -0.070242
0.46000         0.81000        0.25000        -0.055742
0.47000         0.81000        0.25000        -0.041526
0.48000         0.81000        0.25000        -0.027543
0.49000         0.81000        0.25000        -0.013728
0.50000         0.81000        0.25000        -2.1777E-10
0.51000         0.81000        0.25000        0.013728
0.52000         0.81000        0.25000        0.027543
0.53000         0.81000        0.25000        0.041526
0.54000         0.81000        0.25000        0.055742
0.55000         0.81000        0.25000        0.070242
0.56000         0.81000        0.25000        0.085062
0.57000         0.81000        0.25000        0.10022
0.58000         0.81000        0.25000        0.11574
0.59000         0.81000        0.25000        0.13161
0.60000         0.81000        0.25000        0.14784
0.61000         0.81000        0.25000        0.16442
0.62000         0.81000        0.25000        0.18134
0.63000         0.81000        0.25000        0.19861
0.64000         0.81000        0.25000        0.21620
0.65000         0.81000        0.25000        0.23411
0.66000         0.81000        0.25000        0.25233
0.67000         0.81000        0.25000        0.27083
0.68000         0.81000        0.25000        0.28961
0.69000         0.81000        0.25000        0.30866
0.70000         0.81000        0.25000        0.32796
0.71000         0.81000        0.25000        0.34748
0.72000         0.81000        0.25000        0.36722
0.73000         0.81000        0.25000        0.38716
0.74000         0.81000        0.25000        0.40727
0.75000         0.81000        0.25000        0.42754
0.76000         0.81000        0.25000        0.44795
0.77000         0.81000        0.25000        0.46848
0.78000         0.81000        0.25000        0.48909
0.79000         0.81000        0.25000        0.50977
0.80000         0.81000        0.25000        0.53048
0.81000         0.81000        0.25000        0.55120
0.82000         0.81000        0.25000        0.57189
0.83000         0.81000        0.25000        0.59252
0.84000         0.81000        0.25000        0.61304
0.85000         0.81000        0.25000        0.63340
0.86000         0.81000        0.25000        0.65355
0.87000         0.81000        0.25000        0.67342
0.88000         0.81000        0.25000        0.69293
0.89000         0.81000        0.25000        0.71198
0.90000         0.81000        0.25000        0.73045
0.91000         0.81000        0.25000        0.74820
0.92000         0.81000        0.25000        0.76509
0.93000         0.81000        0.25000        0.78110
0.94000         0.81000        0.25000        0.79669
0.95000         0.81000        0.25000        0.81257
0.96000         0.81000        0.25000        0.82398
0.97000         0.81000        0.25000        0.82278
0.98000         0.81000        0.25000        0.83317
0.99000         0.81000        0.25000        0.71767
1.0000          0.81000        0.25000        -3.1421E-17
0.0000          0.82000        0.25000        0.0000
0.010000        0.82000        0.25000        -0.74706
0.020000        0.82000        0.25000        -0.87035
0.030000        0.82000        0.25000        -0.84665
0.040000        0.82000        0.25000        -0.84828
0.050000        0.82000        0.25000        -0.84107
0.060000        0.82000        0.25000        -0.82487
0.070000        0.82000        0.25000        -0.80857
0.080000        0.82000        0.25000        -0.79224
0.090000        0.82000        0.25000        -0.77522
0.10000         0.82000        0.25000        -0.75740
0.11000         0.82000        0.25000        -0.73887
0.12000         0.82000        0.25000        -0.71975
0.13000         0.82000        0.25000        -0.70014
0.14000         0.82000        0.25000        -0.68016
0.15000         0.82000        0.25000        -0.65988
0.16000         0.82000        0.25000        -0.63937
0.17000         0.82000        0.25000        -0.61868
0.18000         0.82000        0.25000        -0.59786
0.19000         0.82000        0.25000        -0.57696
0.20000         0.82000        0.25000        -0.55601
0.21000         0.82000        0.25000        -0.53505
0.22000         0.82000        0.25000        -0.51410
0.23000         0.82000        0.25000        -0.49319
0.24000         0.82000        0.25000        -0.47235
0.25000         0.82000        0.25000        -0.45160
0.26000         0.82000        0.25000        -0.43095
0.27000         0.82000        0.25000        -0.41044
0.28000         0.82000        0.25000        -0.39007
0.29000         0.82000        0.25000        -0.36986
0.30000         0.82000        0.25000        -0.34983
0.31000         0.82000        0.25000        -0.33000
0.32000         0.82000        0.25000        -0.31038
0.33000         0.82000        0.25000        -0.29097
0.34000         0.82000        0.25000        -0.27180
0.35000         0.82000        0.25000        -0.25287
0.36000         0.82000        0.25000        -0.23419
0.37000         0.82000        0.25000        -0.21577
0.38000         0.82000        0.25000        -0.19762
0.39000         0.82000        0.25000        -0.17974
0.40000         0.82000        0.25000        -0.16214
0.41000         0.82000        0.25000        -0.14482
0.42000         0.82000        0.25000        -0.12779
0.43000         0.82000        0.25000        -0.11103
0.44000         0.82000        0.25000        -0.094545
0.45000         0.82000        0.25000        -0.078316
0.46000         0.82000        0.25000        -0.062325
0.47000         0.82000        0.25000        -0.046542
0.48000         0.82000        0.25000        -0.030928
0.49000         0.82000        0.25000        -0.015433
0.50000         0.82000        0.25000        -1.8308E-10
0.51000         0.82000        0.25000        0.015433
0.52000         0.82000        0.25000        0.030928
0.53000         0.82000        0.25000        0.046542
0.54000         0.82000        0.25000        0.062325
0.55000         0.82000        0.25000        0.078316
0.56000         0.82000        0.25000        0.094545
0.57000         0.82000        0.25000        0.11103
0.58000         0.82000        0.25000        0.12779
0.59000         0.82000        0.25000        0.14482
0.60000         0.82000        0.25000        0.16214
0.61000         0.82000        0.25000        0.17974
0.62000         0.82000        0.25000        0.19762
0.63000         0.82000        0.25000        0.21577
0.64000         0.82000        0.25000        0.23419
0.65000         0.82000        0.25000        0.25287
0.66000         0.82000        0.25000        0.27180
0.67000         0.82000        0.25000        0.29097
0.68000         0.82000        0.25000        0.31038
0.69000         0.82000        0.25000        0.33000
0.70000         0.82000        0.25000        0.34983
0.71000         0.82000        0.25000        0.36986
0.72000         0.82000        0.25000        0.39007
0.73000         0.82000        0.25000        0.41044
0.74000         0.82000        0.25000        0.43095
0.75000         0.82000        0.25000        0.45160
0.76000         0.82000        0.25000        0.47235
0.77000         0.82000        0.25000        0.49319
0.78000         0.82000        0.25000        0.51410
0.79000         0.82000        0.25000        0.53505
0.80000         0.82000        0.25000        0.55601
0.81000         0.82000        0.25000        0.57696
0.82000         0.82000        0.25000        0.59786
0.83000         0.82000        0.25000        0.61868
0.84000         0.82000        0.25000        0.63937
0.85000         0.82000        0.25000        0.65988
0.86000         0.82000        0.25000        0.68016
0.87000         0.82000        0.25000        0.70014
0.88000         0.82000        0.25000        0.71975
0.89000         0.82000        0.25000        0.73887
0.90000         0.82000        0.25000        0.75740
0.91000         0.82000        0.25000        0.77522
0.92000         0.82000        0.25000        0.79224
0.93000         0.82000        0.25000        0.80857
0.94000         0.82000        0.25000        0.82487
0.95000         0.82000        0.25000        0.84107
0.96000         0.82000        0.25000        0.84828
0.97000         0.82000        0.25000        0.84665
0.98000         0.82000        0.25000        0.87035
0.99000         0.82000        0.25000        0.74706
1.0000          0.82000        0.25000        -1.8935E-16
0.0000          0.83000        0.25000        2.1567E-16
0.010000        0.83000        0.25000        -0.76532
0.020000        0.83000        0.25000        -0.90630
0.030000        0.83000        0.25000        -0.87330
0.040000        0.83000        0.25000        -0.86711
0.050000        0.83000        0.25000        -0.86580
0.060000        0.83000        0.25000        -0.85082
0.070000        0.83000        0.25000        -0.83400
0.080000        0.83000        0.25000        -0.81734
0.090000        0.83000        0.25000        -0.80022
0.10000         0.83000        0.25000        -0.78237
0.11000         0.83000        0.25000        -0.76383
0.12000         0.83000        0.25000        -0.74468
0.13000         0.83000        0.25000        -0.72503
0.14000         0.83000        0.25000        -0.70497
0.15000         0.83000        0.25000        -0.68460
0.16000         0.83000        0.25000        -0.66396
0.17000         0.83000        0.25000        -0.64313
0.18000         0.83000        0.25000        -0.62214
0.19000         0.83000        0.25000        -0.60105
0.20000         0.83000        0.25000        -0.57989
0.21000         0.83000        0.25000        -0.55868
0.22000         0.83000        0.25000        -0.53747
0.23000         0.83000        0.25000        -0.51627
0.24000         0.83000        0.25000        -0.49512
0.25000         0.83000        0.25000        -0.47402
0.26000         0.83000        0.25000        -0.45301
0.27000         0.83000        0.25000        -0.43209
0.28000         0.83000        0.25000        -0.41129
0.29000         0.83000        0.25000        -0.39062
0.30000         0.83000        0.25000        -0.37010
0.31000         0.83000        0.25000        -0.34973
0.32000         0.83000        0.25000        -0.32953
0.33000         0.83000        0.25000        -0.30951
0.34000         0.83000        0.25000        -0.28968
0.35000         0.83000        0.25000        -0.27005
0.36000         0.83000        0.25000        -0.25062
0.37000         0.83000        0.25000        -0.23140
0.38000         0.83000        0.25000        -0.21240
0.39000         0.83000        0.25000        -0.19362
0.40000         0.83000        0.25000        -0.17506
0.41000         0.83000        0.25000        -0.15672
0.42000         0.83000        0.25000        -0.13860
0.43000         0.83000        0.25000        -0.12069
0.44000         0.83000        0.25000        -0.10299
0.45000         0.83000        0.25000        -0.085480
0.46000         0.83000        0.25000        -0.068147
0.47000         0.83000        0.25000        -0.050965
0.48000         0.83000        0.25000        -0.033906
0.49000         0.83000        0.25000        -0.016931
0.50000         0.83000        0.25000        -1.5046E-10
0.51000         0.83000        0.25000        0.016931
0.52000         0.83000        0.25000        0.033906
0.53000         0.83000        0.25000        0.050965
0.54000         0.83000        0.25000        0.068147
0.55000         0.83000        0.25000        0.085480
0.56000         0.83000        0.25000        0.10299
0.57000         0.83000        0.25000        0.12069
0.58000         0.83000        0.25000        0.13860
0.59000         0.83000        0.25000        0.15672
0.60000         0.83000        0.25000        0.17506
0.61000         0.83000        0.25000        0.19362
0.62000         0.83000        0.25000        0.21240
0.63000         0.83000        0.25000        0.23140
0.64000         0.83000        0.25000        0.25062
0.65000         0.83000        0.25000        0.27005
0.66000         0.83000        0.25000        0.28968
0.67000         0.83000        0.25000        0.30951
0.68000         0.83000        0.25000        0.32953
0.69000         0.83000        0.25000        0.34973
0.70000         0.83000        0.25000        0.37010
0.71000         0.83000        0.25000        0.39062
0.72000         0.83000        0.25000        0.41129
0.73000         0.83000        0.25000        0.43209
0.74000         0.83000        0.25000        0.45301
0.75000         0.83000        0.25000        0.47402
0.76000         0.83000        0.25000        0.49512
0.77000         0.83000        0.25000        0.51627
0.78000         0.83000        0.25000        0.53747
0.79000         0.83000        0.25000        0.55868
0.80000         0.83000        0.25000        0.57989
0.81000         0.83000        0.25000        0.60105
0.82000         0.83000        0.25000        0.62214
0.83000         0.83000        0.25000        0.64313
0.84000         0.83000        0.25000        0.66396
0.85000         0.83000        0.25000        0.68460
0.86000         0.83000        0.25000        0.70497
0.87000         0.83000        0.25000        0.72503
0.88000         0.83000        0.25000        0.74468
0.89000         0.83000        0.25000        0.76383
0.90000         0.83000        0.25000        0.78237
0.91000         0.83000        0.25000        0.80022
0.92000         0.83000        0.25000        0.81734
0.93000         0.83000        0.25000        0.83400
0.94000         0.83000        0.25000        0.85082
0.95000         0.83000        0.25000        0.86580
0.96000         0.83000        0.25000        0.86711
0.97000         0.83000        0.25000        0.87330
0.98000         0.83000        0.25000        0.90630
0.99000         0.83000        0.25000        0.76532
1.0000          0.83000        0.25000        -8.0876E-16
0.0000          0.84000        0.25000        6.4258E-18
0.010000        0.84000        0.25000        -0.76956
0.020000        0.84000        0.25000        -0.93118
0.030000        0.84000        0.25000        -0.90579
0.040000        0.84000        0.25000        -0.88278
0.050000        0.84000        0.25000        -0.88522
0.060000        0.84000        0.25000        -0.87353
0.070000        0.84000        0.25000        -0.85688
0.080000        0.84000        0.25000        -0.84003
0.090000        0.84000        0.25000        -0.82285
0.10000         0.84000        0.25000        -0.80503
0.11000         0.84000        0.25000        -0.78654
0.12000         0.84000        0.25000        -0.76743
0.13000         0.84000        0.25000        -0.74779
0.14000         0.84000        0.25000        -0.72773
0.15000         0.84000        0.25000        -0.70730
0.16000         0.84000        0.25000        -0.68659
0.17000         0.84000        0.25000        -0.66566
0.18000         0.84000        0.25000        -0.64454
0.19000         0.84000        0.25000        -0.62328
0.20000         0.84000        0.25000        -0.60193
0.21000         0.84000        0.25000        -0.58051
0.22000         0.84000        0.25000        -0.55905
0.23000         0.84000        0.25000        -0.53758
0.24000         0.84000        0.25000        -0.51613
0.25000         0.84000        0.25000        -0.49470
0.26000         0.84000        0.25000        -0.47333
0.27000         0.84000        0.25000        -0.45203
0.28000         0.84000        0.25000        -0.43081
0.29000         0.84000        0.25000        -0.40970
0.30000         0.84000        0.25000        -0.38869
0.31000         0.84000        0.25000        -0.36780
0.32000         0.84000        0.25000        -0.34705
0.33000         0.84000        0.25000        -0.32644
0.34000         0.84000        0.25000        -0.30598
0.35000         0.84000        0.25000        -0.28567
0.36000         0.84000        0.25000        -0.26553
0.37000         0.84000        0.25000        -0.24556
0.38000         0.84000        0.25000        -0.22575
0.39000         0.84000        0.25000        -0.20612
0.40000         0.84000        0.25000        -0.18666
0.41000         0.84000        0.25000        -0.16736
0.42000         0.84000        0.25000        -0.14824
0.43000         0.84000        0.25000        -0.12928
0.44000         0.84000        0.25000        -0.11048
0.45000         0.84000        0.25000        -0.091814
0.46000         0.84000        0.25000        -0.073280
0.47000         0.84000        0.25000        -0.054857
0.48000         0.84000        0.25000        -0.036520
0.49000         0.84000        0.25000        -0.018245
0.50000         0.84000        0.25000        -1.2078E-10
0.51000         0.84000        0.25000        0.018245
0.52000         0.84000        0.25000        0.036520
0.53000         0.84000        0.25000        0.054857
0.54000         0.84000        0.25000        0.073280
0.55000         0.84000        0.25000        0.091814
0.56000         0.84000        0.25000        0.11048
0.57000         0.84000        0.25000        0.12928
0.58000         0.84000        0.25000        0.14824
0.59000         0.84000        0.25000        0.16736
0.60000         0.84000        0.25000        0.18666
0.61000         0.84000        0.25000        0.20612
0.62000         0.84000        0.25000        0.22575
0.63000         0.84000        0.25000        0.24556
0.64000         0.84000        0.25000        0.26553
0.65000         0.84000        0.25000        0.28567
0.66000         0.84000        0.25000        0.30598
0.67000         0.84000        0.25000        0.32644
0.68000         0.84000        0.25000        0.34705
0.69000         0.84000        0.25000        0.36780
0.70000         0.84000        0.25000        0.38869
0.71000         0.84000        0.25000        0.40970
0.72000         0.84000        0.25000        0.43081
0.73000         0.84000        0.25000        0.45203
0.74000         0.84000        0.25000        0.47333
0.75000         0.84000        0.25000        0.49470
0.76000         0.84000        0.25000        0.51613
0.77000         0.84000        0.25000        0.53758
0.78000         0.84000        0.25000        0.55905
0.79000         0.84000        0.25000        0.58051
0.80000         0.84000        0.25000        0.60193
0.81000         0.84000        0.25000        0.62328
0.82000         0.84000        0.25000        0.64454
0.83000         0.84000        0.25000        0.66566
0.84000         0.84000        0.25000        0.68660
0.85000         0.84000        0.25000        0.70730
0.86000         0.84000        0.25000        0.72773
0.87000         0.84000        0.25000        0.74779
0.88000         0.84000        0.25000        0.76743
0.89000         0.84000        0.25000        0.78654
0.90000         0.84000        0.25000        0.80503
0.91000         0.84000        0.25000        0.82285
0.92000         0.84000        0.25000        0.84003
0.93000         0.84000        0.25000        0.85688
0.94000         0.84000        0.25000        0.87353
0.95000         0.84000        0.25000        0.88522
0.96000         0.84000        0.25000        0.88278
0.97000         0.84000        0.25000        0.90579
0.98000         0.84000        0.25000        0.93118
0.99000         0.84000        0.25000        0.76956
1.0000          0.84000        0.25000        -2.2481E-16
0.0000          0.85000        0.25000        1.5298E-16
0.010000        0.85000        0.25000        -0.76157
0.020000        0.85000        0.25000        -0.93340
0.030000        0.85000        0.25000        -0.93791
0.040000        0.85000        0.25000        -0.89974
0.050000        0.85000        0.25000        -0.89894
0.060000        0.85000        0.25000        -0.89157
0.070000        0.85000        0.25000        -0.87639
0.080000        0.85000        0.25000        -0.85974
0.090000        0.85000        0.25000        -0.84266
0.10000         0.85000        0.25000        -0.82497
0.11000         0.85000        0.25000        -0.80663
0.12000         0.85000        0.25000        -0.78765
0.13000         0.85000        0.25000        -0.76812
0.14000         0.85000        0.25000        -0.74812
0.15000         0.85000        0.25000        -0.72772
0.16000         0.85000        0.25000        -0.70700
0.17000         0.85000        0.25000        -0.68601
0.18000         0.85000        0.25000        -0.66481
0.19000         0.85000        0.25000        -0.64344
0.20000         0.85000        0.25000        -0.62194
0.21000         0.85000        0.25000        -0.60034
0.22000         0.85000        0.25000        -0.57868
0.23000         0.85000        0.25000        -0.55697
0.24000         0.85000        0.25000        -0.53525
0.25000         0.85000        0.25000        -0.51353
0.26000         0.85000        0.25000        -0.49183
0.27000         0.85000        0.25000        -0.47016
0.28000         0.85000        0.25000        -0.44856
0.29000         0.85000        0.25000        -0.42702
0.30000         0.85000        0.25000        -0.40555
0.31000         0.85000        0.25000        -0.38418
0.32000         0.85000        0.25000        -0.36290
0.33000         0.85000        0.25000        -0.34174
0.34000         0.85000        0.25000        -0.32068
0.35000         0.85000        0.25000        -0.29975
0.36000         0.85000        0.25000        -0.27894
0.37000         0.85000        0.25000        -0.25825
0.38000         0.85000        0.25000        -0.23770
0.39000         0.85000        0.25000        -0.21728
0.40000         0.85000        0.25000        -0.19699
0.41000         0.85000        0.25000        -0.17683
0.42000         0.85000        0.25000        -0.15679
0.43000         0.85000        0.25000        -0.13688
0.44000         0.85000        0.25000        -0.11708
0.45000         0.85000        0.25000        -0.097390
0.46000         0.85000        0.25000        -0.077790
0.47000         0.85000        0.25000        -0.058269
0.48000         0.85000        0.25000        -0.038810
0.49000         0.85000        0.25000        -0.019394
0.50000         0.85000        0.25000        -9.4664E-11
0.51000         0.85000        0.25000        0.019394
0.52000         0.85000        0.25000        0.038810
0.53000         0.85000        0.25000        0.058269
0.54000         0.85000        0.25000        0.077790
0.55000         0.85000        0.25000        0.097390
0.56000         0.85000        0.25000        0.11708
0.57000         0.85000        0.25000        0.13688
0.58000         0.85000        0.25000        0.15679
0.59000         0.85000        0.25000        0.17683
0.60000         0.85000        0.25000        0.19699
0.61000         0.85000        0.25000        0.21728
0.62000         0.85000        0.25000        0.23770
0.63000         0.85000        0.25000        0.25825
0.64000         0.85000        0.25000        0.27894
0.65000         0.85000        0.25000        0.29975
0.66000         0.85000        0.25000        0.32068
0.67000         0.85000        0.25000        0.34174
0.68000         0.85000        0.25000        0.36290
0.69000         0.85000        0.25000        0.38418
0.70000         0.85000        0.25000        0.40555
0.71000         0.85000        0.25000        0.42702
0.72000         0.85000        0.25000        0.44856
0.73000         0.85000        0.25000        0.47016
0.74000         0.85000        0.25000        0.49183
0.75000         0.85000        0.25000        0.51353
0.76000         0.85000        0.25000        0.53525
0.77000         0.85000        0.25000        0.55697
0.78000         0.85000        0.25000        0.57868
0.79000         0.85000        0.25000        0.60034
0.80000         0.85000        0.25000        0.62194
0.81000         0.85000        0.25000        0.64344
0.82000         0.85000        0.25000        0.66481
0.83000         0.85000        0.25000        0.68601
0.84000         0.85000        0.25000        0.70700
0.85000         0.85000        0.25000        0.72772
0.86000         0.85000        0.25000        0.74812
0.87000         0.85000        0.25000        0.76812
0.88000         0.85000        0.25000        0.78765
0.89000         0.85000        0.25000        0.80663
0.90000         0.85000        0.25000        0.82497
0.91000         0.85000        0.25000        0.84266
0.92000         0.85000        0.25000        0.85974
0.93000         0.85000        0.25000        0.87639
0.94000         0.85000        0.25000        0.89157
0.95000         0.85000        0.25000        0.89894
0.96000         0.85000        0.25000        0.89974
0.97000         0.85000        0.25000        0.93791
0.98000         0.85000        0.25000        0.93340
0.99000         0.85000        0.25000        0.76157
1.0000          0.85000        0.25000        2.7825E-16
0.0000          0.86000        0.25000        -7.6360E-16
0.010000        0.86000        0.25000        -0.74527
0.020000        0.86000        0.25000        -0.91167
0.030000        0.86000        0.25000        -0.95358
0.040000        0.86000        0.25000        -0.91872
0.050000        0.86000        0.25000        -0.90848
0.060000        0.86000        0.25000        -0.90374
0.070000        0.86000        0.25000        -0.89128
0.080000        0.86000        0.25000        -0.87561
0.090000        0.86000        0.25000        -0.85898
0.10000         0.86000        0.25000        -0.84164
0.11000         0.86000        0.25000        -0.82361
0.12000         0.86000        0.25000        -0.80490
0.13000         0.86000        0.25000        -0.78559
0.14000         0.86000        0.25000        -0.76577
0.15000         0.86000        0.25000        -0.74549
0.16000         0.86000        0.25000        -0.72485
0.17000         0.86000        0.25000        -0.70390
0.18000         0.86000        0.25000        -0.68269
0.19000         0.86000        0.25000        -0.66128
0.20000         0.86000        0.25000        -0.63969
0.21000         0.86000        0.25000        -0.61797
0.22000         0.86000        0.25000        -0.59615
0.23000         0.86000        0.25000        -0.57426
0.24000         0.86000        0.25000        -0.55231
0.25000         0.86000        0.25000        -0.53034
0.26000         0.86000        0.25000        -0.50835
0.27000         0.86000        0.25000        -0.48638
0.28000         0.86000        0.25000        -0.46442
0.29000         0.86000        0.25000        -0.44250
0.30000         0.86000        0.25000        -0.42062
0.31000         0.86000        0.25000        -0.39880
0.32000         0.86000        0.25000        -0.37705
0.33000         0.86000        0.25000        -0.35537
0.34000         0.86000        0.25000        -0.33378
0.35000         0.86000        0.25000        -0.31227
0.36000         0.86000        0.25000        -0.29084
0.37000         0.86000        0.25000        -0.26952
0.38000         0.86000        0.25000        -0.24828
0.39000         0.86000        0.25000        -0.22715
0.40000         0.86000        0.25000        -0.20611
0.41000         0.86000        0.25000        -0.18517
0.42000         0.86000        0.25000        -0.16431
0.43000         0.86000        0.25000        -0.14355
0.44000         0.86000        0.25000        -0.12287
0.45000         0.86000        0.25000        -0.10226
0.46000         0.86000        0.25000        -0.081725
0.47000         0.86000        0.25000        -0.061242
0.48000         0.86000        0.25000        -0.040803
0.49000         0.86000        0.25000        -0.020394
0.50000         0.86000        0.25000        -7.2441E-11
0.51000         0.86000        0.25000        0.020394
0.52000         0.86000        0.25000        0.040803
0.53000         0.86000        0.25000        0.061242
0.54000         0.86000        0.25000        0.081725
0.55000         0.86000        0.25000        0.10226
0.56000         0.86000        0.25000        0.12287
0.57000         0.86000        0.25000        0.14355
0.58000         0.86000        0.25000        0.16431
0.59000         0.86000        0.25000        0.18517
0.60000         0.86000        0.25000        0.20611
0.61000         0.86000        0.25000        0.22715
0.62000         0.86000        0.25000        0.24828
0.63000         0.86000        0.25000        0.26952
0.64000         0.86000        0.25000        0.29084
0.65000         0.86000        0.25000        0.31227
0.66000         0.86000        0.25000        0.33378
0.67000         0.86000        0.25000        0.35537
0.68000         0.86000        0.25000        0.37705
0.69000         0.86000        0.25000        0.39880
0.70000         0.86000        0.25000        0.42062
0.71000         0.86000        0.25000        0.44250
0.72000         0.86000        0.25000        0.46442
0.73000         0.86000        0.25000        0.48638
0.74000         0.86000        0.25000        0.50835
0.75000         0.86000        0.25000        0.53034
0.76000         0.86000        0.25000        0.55231
0.77000         0.86000        0.25000        0.57426
0.78000         0.86000        0.25000        0.59615
0.79000         0.86000        0.25000        0.61797
0.80000         0.86000        0.25000        0.63969
0.81000         0.86000        0.25000        0.66128
0.82000         0.86000        0.25000        0.68269
0.83000         0.86000        0.25000        0.70390
0.84000         0.86000        0.25000        0.72485
0.85000         0.86000        0.25000        0.74549
0.86000         0.86000        0.25000        0.76577
0.87000         0.86000        0.25000        0.78559
0.88000         0.86000        0.25000        0.80490
0.89000         0.86000        0.25000        0.82361
0.90000         0.86000        0.25000        0.84164
0.91000         0.86000        0.25000        0.85898
0.92000         0.86000        0.25000        0.87561
0.93000         0.86000        0.25000        0.89128
0.94000         0.86000        0.25000        0.90374
0.95000         0.86000        0.25000        0.90848
0.96000         0.86000        0.25000        0.91872
0.97000         0.86000        0.25000        0.95358
0.98000         0.86000        0.25000        0.91167
0.99000         0.86000        0.25000        0.74527
1.0000          0.86000        0.25000        1.9854E-15
0.0000          0.87000        0.25000        -2.0166E-16
0.010000        0.87000        0.25000        -0.71895
0.020000        0.87000        0.25000        -0.87772
0.030000        0.87000        0.25000        -0.94094
0.040000        0.87000        0.25000        -0.93094
0.050000        0.87000        0.25000        -0.91487
0.060000        0.87000        0.25000        -0.90967
0.070000        0.87000        0.25000        -0.90017
0.080000        0.87000        0.25000        -0.88640
0.090000        0.87000        0.25000        -0.87083
0.10000         0.87000        0.25000        -0.85422
0.11000         0.87000        0.25000        -0.83677
0.12000         0.87000        0.25000        -0.81854
0.13000         0.87000        0.25000        -0.79964
0.14000         0.87000        0.25000        -0.78015
0.15000         0.87000        0.25000        -0.76015
0.16000         0.87000        0.25000        -0.73972
0.17000         0.87000        0.25000        -0.71892
0.18000         0.87000        0.25000        -0.69782
0.19000         0.87000        0.25000        -0.67645
0.20000         0.87000        0.25000        -0.65487
0.21000         0.87000        0.25000        -0.63312
0.22000         0.87000        0.25000        -0.61122
0.23000         0.87000        0.25000        -0.58921
0.24000         0.87000        0.25000        -0.56711
0.25000         0.87000        0.25000        -0.54495
0.26000         0.87000        0.25000        -0.52275
0.27000         0.87000        0.25000        -0.50051
0.28000         0.87000        0.25000        -0.47827
0.29000         0.87000        0.25000        -0.45602
0.30000         0.87000        0.25000        -0.43380
0.31000         0.87000        0.25000        -0.41159
0.32000         0.87000        0.25000        -0.38942
0.33000         0.87000        0.25000        -0.36730
0.34000         0.87000        0.25000        -0.34522
0.35000         0.87000        0.25000        -0.32320
0.36000         0.87000        0.25000        -0.30124
0.37000         0.87000        0.25000        -0.27934
0.38000         0.87000        0.25000        -0.25750
0.39000         0.87000        0.25000        -0.23574
0.40000         0.87000        0.25000        -0.21404
0.41000         0.87000        0.25000        -0.19240
0.42000         0.87000        0.25000        -0.17083
0.43000         0.87000        0.25000        -0.14932
0.44000         0.87000        0.25000        -0.12787
0.45000         0.87000        0.25000        -0.10647
0.46000         0.87000        0.25000        -0.085118
0.47000         0.87000        0.25000        -0.063803
0.48000         0.87000        0.25000        -0.042518
0.49000         0.87000        0.25000        -0.021254
0.50000         0.87000        0.25000        -5.4040E-11
0.51000         0.87000        0.25000        0.021254
0.52000         0.87000        0.25000        0.042518
0.53000         0.87000        0.25000        0.063803
0.54000         0.87000        0.25000        0.085118
0.55000         0.87000        0.25000        0.10647
0.56000         0.87000        0.25000        0.12787
0.57000         0.87000        0.25000        0.14932
0.58000         0.87000        0.25000        0.17083
0.59000         0.87000        0.25000        0.19240
0.60000         0.87000        0.25000        0.21404
0.61000         0.87000        0.25000        0.23574
0.62000         0.87000        0.25000        0.25750
0.63000         0.87000        0.25000        0.27934
0.64000         0.87000        0.25000        0.30124
0.65000         0.87000        0.25000        0.32320
0.66000         0.87000        0.25000        0.34522
0.67000         0.87000        0.25000        0.36730
0.68000         0.87000        0.25000        0.38942
0.69000         0.87000        0.25000        0.41159
0.70000         0.87000        0.25000        0.43380
0.71000         0.87000        0.25000        0.45602
0.72000         0.87000        0.25000        0.47827
0.73000         0.87000        0.25000        0.50051
0.74000         0.87000        0.25000        0.52275
0.75000         0.87000        0.25000        0.54495
0.76000         0.87000        0.25000        0.56711
0.77000         0.87000        0.25000        0.58921
0.78000         0.87000        0.25000        0.61122
0.79000         0.87000        0.25000        0.63312
0.80000         0.87000        0.25000        0.65487
0.81000         0.87000        0.25000        0.67645
0.82000         0.87000        0.25000        0.69782
0.83000         0.87000        0.25000        0.71892
0.84000         0.87000        0.25000        0.73972
0.85000         0.87000        0.25000        0.76016
0.86000         0.87000        0.25000        0.78015
0.87000         0.87000        0.25000        0.79964
0.88000         0.87000        0.25000        0.81855
0.89000         0.87000        0.25000        0.83677
0.90000         0.87000        0.25000        0.85422
0.91000         0.87000        0.25000        0.87083
0.92000         0.87000        0.25000        0.88640
0.93000         0.87000        0.25000        0.90017
0.94000         0.87000        0.25000        0.90967
0.95000         0.87000        0.25000        0.91487
0.96000         0.87000        0.25000        0.93094
0.97000         0.87000        0.25000        0.94094
0.98000         0.87000        0.25000        0.87772
0.99000         0.87000        0.25000        0.71895
1.0000          0.87000        0.25000        0.0000
0.0000          0.88000        0.25000        0.0000
0.010000        0.88000        0.25000        -0.67327
0.020000        0.88000        0.25000        -0.84049
0.030000        0.88000        0.25000        -0.90496
0.040000        0.88000        0.25000        -0.92355
0.050000        0.88000        0.25000        -0.91430
0.060000        0.88000        0.25000        -0.90869
0.070000        0.88000        0.25000        -0.90164
0.080000        0.88000        0.25000        -0.89055
0.090000        0.88000        0.25000        -0.87684
0.10000         0.88000        0.25000        -0.86154
0.11000         0.88000        0.25000        -0.84511
0.12000         0.88000        0.25000        -0.82771
0.13000         0.88000        0.25000        -0.80950
0.14000         0.88000        0.25000        -0.79059
0.15000         0.88000        0.25000        -0.77107
0.16000         0.88000        0.25000        -0.75104
0.17000         0.88000        0.25000        -0.73056
0.18000         0.88000        0.25000        -0.70970
0.19000         0.88000        0.25000        -0.68853
0.20000         0.88000        0.25000        -0.66708
0.21000         0.88000        0.25000        -0.64541
0.22000         0.88000        0.25000        -0.62355
0.23000         0.88000        0.25000        -0.60152
0.24000         0.88000        0.25000        -0.57937
0.25000         0.88000        0.25000        -0.55711
0.26000         0.88000        0.25000        -0.53477
0.27000         0.88000        0.25000        -0.51236
0.28000         0.88000        0.25000        -0.48991
0.29000         0.88000        0.25000        -0.46743
0.30000         0.88000        0.25000        -0.44493
0.31000         0.88000        0.25000        -0.42242
0.32000         0.88000        0.25000        -0.39991
0.33000         0.88000        0.25000        -0.37742
0.34000         0.88000        0.25000        -0.35494
0.35000         0.88000        0.25000        -0.33249
0.36000         0.88000        0.25000        -0.31007
0.37000         0.88000        0.25000        -0.28769
0.38000         0.88000        0.25000        -0.26534
0.39000         0.88000        0.25000        -0.24303
0.40000         0.88000        0.25000        -0.22077
0.41000         0.88000        0.25000        -0.19854
0.42000         0.88000        0.25000        -0.17636
0.43000         0.88000        0.25000        -0.15421
0.44000         0.88000        0.25000        -0.13211
0.45000         0.88000        0.25000        -0.11003
0.46000         0.88000        0.25000        -0.087987
0.47000         0.88000        0.25000        -0.065967
0.48000         0.88000        0.25000        -0.043967
0.49000         0.88000        0.25000        -0.021980
0.50000         0.88000        0.25000        -3.9277E-11
0.51000         0.88000        0.25000        0.021980
0.52000         0.88000        0.25000        0.043967
0.53000         0.88000        0.25000        0.065967
0.54000         0.88000        0.25000        0.087987
0.55000         0.88000        0.25000        0.11003
0.56000         0.88000        0.25000        0.13211
0.57000         0.88000        0.25000        0.15421
0.58000         0.88000        0.25000        0.17636
0.59000         0.88000        0.25000        0.19854
0.60000         0.88000        0.25000        0.22077
0.61000         0.88000        0.25000        0.24303
0.62000         0.88000        0.25000        0.26534
0.63000         0.88000        0.25000        0.28769
0.64000         0.88000        0.25000        0.31007
0.65000         0.88000        0.25000        0.33249
0.66000         0.88000        0.25000        0.35494
0.67000         0.88000        0.25000        0.37742
0.68000         0.88000        0.25000        0.39991
0.69000         0.88000        0.25000        0.42242
0.70000         0.88000        0.25000        0.44493
0.71000         0.88000        0.25000        0.46743
0.72000         0.88000        0.25000        0.48991
0.73000         0.88000        0.25000        0.51236
0.74000         0.88000        0.25000        0.53477
0.75000         0.88000        0.25000        0.55711
0.76000         0.88000        0.25000        0.57937
0.77000         0.88000        0.25000        0.60152
0.78000         0.88000        0.25000        0.62355
0.79000         0.88000        0.25000        0.64541
0.80000         0.88000        0.25000        0.66708
0.81000         0.88000        0.25000        0.68853
0.82000         0.88000        0.25000        0.70970
0.83000         0.88000        0.25000        0.73056
0.84000         0.88000        0.25000        0.75104
0.85000         0.88000        0.25000        0.77107
0.86000         0.88000        0.25000        0.79059
0.87000         0.88000        0.25000        0.80950
0.88000         0.88000        0.25000        0.82771
0.89000         0.88000        0.25000        0.84511
0.90000         0.88000        0.25000        0.86154
0.91000         0.88000        0.25000        0.87684
0.92000         0.88000        0.25000        0.89055
0.93000         0.88000        0.25000        0.90164
0.94000         0.88000        0.25000        0.90869
0.95000         0.88000        0.25000        0.91430
0.96000         0.88000        0.25000        0.92355
0.97000         0.88000        0.25000        0.90497
0.98000         0.88000        0.25000        0.84049
0.99000         0.88000        0.25000        0.67327
1.0000          0.88000        0.25000        -1.5641E-17
0.0000          0.89000        0.25000        -1.6141E-15
0.010000        0.89000        0.25000        -0.60053
0.020000        0.89000        0.25000        -0.79161
0.030000        0.89000        0.25000        -0.85721
0.040000        0.89000        0.25000        -0.89234
0.050000        0.89000        0.25000        -0.89896
0.060000        0.89000        0.25000        -0.89773
0.070000        0.89000        0.25000        -0.89376
0.080000        0.89000        0.25000        -0.88607
0.090000        0.89000        0.25000        -0.87512
0.10000         0.89000        0.25000        -0.86194
0.11000         0.89000        0.25000        -0.84718
0.12000         0.89000        0.25000        -0.83113
0.13000         0.89000        0.25000        -0.81403
0.14000         0.89000        0.25000        -0.79605
0.15000         0.89000        0.25000        -0.77732
0.16000         0.89000        0.25000        -0.75795
0.17000         0.89000        0.25000        -0.73804
0.18000         0.89000        0.25000        -0.71765
0.19000         0.89000        0.25000        -0.69687
0.20000         0.89000        0.25000        -0.67574
0.21000         0.89000        0.25000        -0.65431
0.22000         0.89000        0.25000        -0.63263
0.23000         0.89000        0.25000        -0.61074
0.24000         0.89000        0.25000        -0.58867
0.25000         0.89000        0.25000        -0.56644
0.26000         0.89000        0.25000        -0.54409
0.27000         0.89000        0.25000        -0.52163
0.28000         0.89000        0.25000        -0.49908
0.29000         0.89000        0.25000        -0.47646
0.30000         0.89000        0.25000        -0.45379
0.31000         0.89000        0.25000        -0.43108
0.32000         0.89000        0.25000        -0.40833
0.33000         0.89000        0.25000        -0.38557
0.34000         0.89000        0.25000        -0.36280
0.35000         0.89000        0.25000        -0.34002
0.36000         0.89000        0.25000        -0.31725
0.37000         0.89000        0.25000        -0.29448
0.38000         0.89000        0.25000        -0.27172
0.39000         0.89000        0.25000        -0.24898
0.40000         0.89000        0.25000        -0.22626
0.41000         0.89000        0.25000        -0.20356
0.42000         0.89000        0.25000        -0.18087
0.43000         0.89000        0.25000        -0.15821
0.44000         0.89000        0.25000        -0.13557
0.45000         0.89000        0.25000        -0.11294
0.46000         0.89000        0.25000        -0.090331
0.47000         0.89000        0.25000        -0.067735
0.48000         0.89000        0.25000        -0.045151
0.49000         0.89000        0.25000        -0.022573
0.50000         0.89000        0.25000        -2.7761E-11
0.51000         0.89000        0.25000        0.022573
0.52000         0.89000        0.25000        0.045151
0.53000         0.89000        0.25000        0.067735
0.54000         0.89000        0.25000        0.090331
0.55000         0.89000        0.25000        0.11294
0.56000         0.89000        0.25000        0.13557
0.57000         0.89000        0.25000        0.15821
0.58000         0.89000        0.25000        0.18087
0.59000         0.89000        0.25000        0.20356
0.60000         0.89000        0.25000        0.22626
0.61000         0.89000        0.25000        0.24898
0.62000         0.89000        0.25000        0.27172
0.63000         0.89000        0.25000        0.29448
0.64000         0.89000        0.25000        0.31725
0.65000         0.89000        0.25000        0.34002
0.66000         0.89000        0.25000        0.36280
0.67000         0.89000        0.25000        0.38557
0.68000         0.89000        0.25000        0.40833
0.69000         0.89000        0.25000        0.43108
0.70000         0.89000        0.25000        0.45379
0.71000         0.89000        0.25000        0.47646
0.72000         0.89000        0.25000        0.49908
0.73000         0.89000        0.25000        0.52163
0.74000         0.89000        0.25000        0.54409
0.75000         0.89000        0.25000        0.56644
0.76000         0.89000        0.25000        0.58867
0.77000         0.89000        0.25000        0.61074
0.78000         0.89000        0.25000        0.63263
0.79000         0.89000        0.25000        0.65431
0.80000         0.89000        0.25000        0.67574
0.81000         0.89000        0.25000        0.69687
0.82000         0.89000        0.25000        0.71765
0.83000         0.89000        0.25000        0.73804
0.84000         0.89000        0.25000        0.75795
0.85000         0.89000        0.25000        0.77732
0.86000         0.89000        0.25000        0.79605
0.87000         0.89000        0.25000        0.81402
0.88000         0.89000        0.25000        0.83112
0.89000         0.89000        0.25000        0.84718
0.90000         0.89000        0.25000        0.86193
0.91000         0.89000        0.25000        0.87512
0.92000         0.89000        0.25000        0.88606
0.93000         0.89000        0.25000        0.89376
0.94000         0.89000        0.25000        0.89772
0.95000         0.89000        0.25000        0.89895
0.96000         0.89000        0.25000        0.89233
0.97000         0.89000        0.25000        0.85721
0.98000         0.89000        0.25000        0.79161
0.99000         0.89000        0.25000        0.60053
1.0000          0.89000        0.25000        3.2275E-15
0.0000          0.90000        0.25000        -1.0256E-17
0.010000        0.90000        0.25000        -0.50330
0.020000        0.90000        0.25000        -0.71534
0.030000        0.90000        0.25000        -0.79653
0.040000        0.90000        0.25000        -0.84126
0.050000        0.90000        0.25000        -0.86335
0.060000        0.90000        0.25000        -0.87160
0.070000        0.90000        0.25000        -0.87324
0.080000        0.90000        0.25000        -0.87020
0.090000        0.90000        0.25000        -0.86313
0.10000         0.90000        0.25000        -0.85312
0.11000         0.90000        0.25000        -0.84089
0.12000         0.90000        0.25000        -0.82692
0.13000         0.90000        0.25000        -0.81156
0.14000         0.90000        0.25000        -0.79505
0.15000         0.90000        0.25000        -0.77757
0.16000         0.90000        0.25000        -0.75927
0.17000         0.90000        0.25000        -0.74027
0.18000         0.90000        0.25000        -0.72067
0.19000         0.90000        0.25000        -0.70056
0.20000         0.90000        0.25000        -0.68000
0.21000         0.90000        0.25000        -0.65906
0.22000         0.90000        0.25000        -0.63778
0.23000         0.90000        0.25000        -0.61622
0.24000         0.90000        0.25000        -0.59442
0.25000         0.90000        0.25000        -0.57240
0.26000         0.90000        0.25000        -0.55020
0.27000         0.90000        0.25000        -0.52784
0.28000         0.90000        0.25000        -0.50535
0.29000         0.90000        0.25000        -0.48274
0.30000         0.90000        0.25000        -0.46004
0.31000         0.90000        0.25000        -0.43726
0.32000         0.90000        0.25000        -0.41441
0.33000         0.90000        0.25000        -0.39151
0.34000         0.90000        0.25000        -0.36856
0.35000         0.90000        0.25000        -0.34558
0.36000         0.90000        0.25000        -0.32258
0.37000         0.90000        0.25000        -0.29955
0.38000         0.90000        0.25000        -0.27651
0.39000         0.90000        0.25000        -0.25346
0.40000         0.90000        0.25000        -0.23041
0.41000         0.90000        0.25000        -0.20736
0.42000         0.90000        0.25000        -0.18430
0.43000         0.90000        0.25000        -0.16125
0.44000         0.90000        0.25000        -0.13820
0.45000         0.90000        0.25000        -0.11516
0.46000         0.90000        0.25000        -0.092121
0.47000         0.90000        0.25000        -0.069086
0.48000         0.90000        0.25000        -0.046055
0.49000         0.90000        0.25000        -0.023027
0.50000         0.90000        0.25000        -1.9033E-11
0.51000         0.90000        0.25000        0.023027
0.52000         0.90000        0.25000        0.046055
0.53000         0.90000        0.25000        0.069086
0.54000         0.90000        0.25000        0.092121
0.55000         0.90000        0.25000        0.11516
0.56000         0.90000        0.25000        0.13820
0.57000         0.90000        0.25000        0.16125
0.58000         0.90000        0.25000        0.18430
0.59000         0.90000        0.25000        0.20736
0.60000         0.90000        0.25000        0.23041
0.61000         0.90000        0.25000        0.25346
0.62000         0.90000        0.25000        0.27651
0.63000         0.90000        0.25000        0.29955
0.64000         0.90000        0.25000        0.32258
0.65000         0.90000        0.25000        0.34558
0.66000         0.90000        0.25000        0.36856
0.67000         0.90000        0.25000        0.39151
0.68000         0.90000        0.25000        0.41441
0.69000         0.90000        0.25000        0.43726
0.70000         0.90000        0.25000        0.46004
0.71000         0.90000        0.25000        0.48274
0.72000         0.90000        0.25000        0.50535
0.73000         0.90000        0.25000        0.52784
0.74000         0.90000        0.25000        0.55020
0.75000         0.90000        0.25000        0.57240
0.76000         0.90000        0.25000        0.59442
0.77000         0.90000        0.25000        0.61622
0.78000         0.90000        0.25000        0.63778
0.79000         0.90000        0.25000        0.65906
0.80000         0.90000        0.25000        0.68000
0.81000         0.90000        0.25000        0.70056
0.82000         0.90000        0.25000        0.72067
0.83000         0.90000        0.25000        0.74027
0.84000         0.90000        0.25000        0.75927
0.85000         0.90000        0.25000        0.77757
0.86000         0.90000        0.25000        0.79505
0.87000         0.90000        0.25000        0.81156
0.88000         0.90000        0.25000        0.82692
0.89000         0.90000        0.25000        0.84089
0.90000         0.90000        0.25000        0.85312
0.91000         0.90000        0.25000        0.86315
0.92000         0.90000        0.25000        0.87018
0.93000         0.90000        0.25000        0.87324
0.94000         0.90000        0.25000        0.87160
0.95000         0.90000        0.25000        0.86335
0.96000         0.90000        0.25000        0.84126
0.97000         0.90000        0.25000        0.79653
0.98000         0.90000        0.25000        0.71535
0.99000         0.90000        0.25000        0.50330
1.0000          0.90000        0.25000        -5.4367E-18
0.0000          0.91000        0.25000        -8.1459E-17
0.010000        0.91000        0.25000        -0.39319
0.020000        0.91000        0.25000        -0.60826
0.030000        0.91000        0.25000        -0.71178
0.040000        0.91000        0.25000        -0.77023
0.050000        0.91000        0.25000        -0.80568
0.060000        0.91000        0.25000        -0.82562
0.070000        0.91000        0.25000        -0.83570
0.080000        0.91000        0.25000        -0.83919
0.090000        0.91000        0.25000        -0.83752
0.10000         0.91000        0.25000        -0.83199
0.11000         0.91000        0.25000        -0.82346
0.12000         0.91000        0.25000        -0.81258
0.13000         0.91000        0.25000        -0.79982
0.14000         0.91000        0.25000        -0.78552
0.15000         0.91000        0.25000        -0.76993
0.16000         0.91000        0.25000        -0.75327
0.17000         0.91000        0.25000        -0.73569
0.18000         0.91000        0.25000        -0.71732
0.19000         0.91000        0.25000        -0.69829
0.20000         0.91000        0.25000        -0.67867
0.21000         0.91000        0.25000        -0.65854
0.22000         0.91000        0.25000        -0.63798
0.23000         0.91000        0.25000        -0.61704
0.24000         0.91000        0.25000        -0.59576
0.25000         0.91000        0.25000        -0.57419
0.26000         0.91000        0.25000        -0.55237
0.27000         0.91000        0.25000        -0.53033
0.28000         0.91000        0.25000        -0.50810
0.29000         0.91000        0.25000        -0.48570
0.30000         0.91000        0.25000        -0.46316
0.31000         0.91000        0.25000        -0.44049
0.32000         0.91000        0.25000        -0.41771
0.33000         0.91000        0.25000        -0.39484
0.34000         0.91000        0.25000        -0.37188
0.35000         0.91000        0.25000        -0.34886
0.36000         0.91000        0.25000        -0.32578
0.37000         0.91000        0.25000        -0.30265
0.38000         0.91000        0.25000        -0.27948
0.39000         0.91000        0.25000        -0.25628
0.40000         0.91000        0.25000        -0.23304
0.41000         0.91000        0.25000        -0.20979
0.42000         0.91000        0.25000        -0.18651
0.43000         0.91000        0.25000        -0.16322
0.44000         0.91000        0.25000        -0.13992
0.45000         0.91000        0.25000        -0.11661
0.46000         0.91000        0.25000        -0.093298
0.47000         0.91000        0.25000        -0.069978
0.48000         0.91000        0.25000        -0.046653
0.49000         0.91000        0.25000        -0.023327
0.50000         0.91000        0.25000        -1.2626E-11
0.51000         0.91000        0.25000        0.023327
0.52000         0.91000        0.25000        0.046653
0.53000         0.91000        0.25000        0.069978
0.54000         0.91000        0.25000        0.093298
0.55000         0.91000        0.25000        0.11661
0.56000         0.91000        0.25000        0.13992
0.57000         0.91000        0.25000        0.16322
0.58000         0.91000        0.25000        0.18651
0.59000         0.91000        0.25000        0.20979
0.60000         0.91000        0.25000        0.23304
0.61000         0.91000        0.25000        0.25628
0.62000         0.91000        0.25000        0.27948
0.63000         0.91000        0.25000        0.30265
0.64000         0.91000        0.25000        0.32578
0.65000         0.91000        0.25000        0.34886
0.66000         0.91000        0.25000        0.37188
0.67000         0.91000        0.25000        0.39484
0.68000         0.91000        0.25000        0.41771
0.69000         0.91000        0.25000        0.44049
0.70000         0.91000        0.25000        0.46316
0.71000         0.91000        0.25000        0.48570
0.72000         0.91000        0.25000        0.50810
0.73000         0.91000        0.25000        0.53033
0.74000         0.91000        0.25000        0.55237
0.75000         0.91000        0.25000        0.57419
0.76000         0.91000        0.25000        0.59576
0.77000         0.91000        0.25000        0.61704
0.78000         0.91000        0.25000        0.63798
0.79000         0.91000        0.25000        0.65854
0.80000         0.91000        0.25000        0.67867
0.81000         0.91000        0.25000        0.69829
0.82000         0.91000        0.25000        0.71732
0.83000         0.91000        0.25000        0.73569
0.84000         0.91000        0.25000        0.75327
0.85000         0.91000        0.25000        0.76993
0.86000         0.91000        0.25000        0.78552
0.87000         0.91000        0.25000        0.79982
0.88000         0.91000        0.25000        0.81258
0.89000         0.91000        0.25000        0.82346
0.90000         0.91000        0.25000        0.83199
0.91000         0.91000        0.25000        0.83753
0.92000         0.91000        0.25000        0.83917
0.93000         0.91000        0.25000        0.83570
0.94000         0.91000        0.25000        0.82562
0.95000         0.91000        0.25000        0.80568
0.96000         0.91000        0.25000        0.77023
0.97000         0.91000        0.25000        0.71178
0.98000         0.91000        0.25000        0.60827
0.99000         0.91000        0.25000        0.39319
1.0000          0.91000        0.25000        6.6433E-17
0.0000          0.92000        0.25000        -4.8867E-16
0.010000        0.92000        0.25000        -0.28595
0.020000        0.92000        0.25000        -0.48196
0.030000        0.92000        0.25000        -0.59984
0.040000        0.92000        0.25000        -0.67455
0.050000        0.92000        0.25000        -0.72383
0.060000        0.92000        0.25000        -0.75619
0.070000        0.92000        0.25000        -0.77668
0.080000        0.92000        0.25000        -0.78866
0.090000        0.92000        0.25000        -0.79412
0.10000         0.92000        0.25000        -0.79461
0.11000         0.92000        0.25000        -0.79119
0.12000         0.92000        0.25000        -0.78465
0.13000         0.92000        0.25000        -0.77561
0.14000         0.92000        0.25000        -0.76451
0.15000         0.92000        0.25000        -0.75170
0.16000         0.92000        0.25000        -0.73746
0.17000         0.92000        0.25000        -0.72200
0.18000         0.92000        0.25000        -0.70550
0.19000         0.92000        0.25000        -0.68811
0.20000         0.92000        0.25000        -0.66994
0.21000         0.92000        0.25000        -0.65111
0.22000         0.92000        0.25000        -0.63169
0.23000         0.92000        0.25000        -0.61176
0.24000         0.92000        0.25000        -0.59139
0.25000         0.92000        0.25000        -0.57062
0.26000         0.92000        0.25000        -0.54950
0.27000         0.92000        0.25000        -0.52808
0.28000         0.92000        0.25000        -0.50640
0.29000         0.92000        0.25000        -0.48447
0.30000         0.92000        0.25000        -0.46234
0.31000         0.92000        0.25000        -0.44002
0.32000         0.92000        0.25000        -0.41755
0.33000         0.92000        0.25000        -0.39493
0.34000         0.92000        0.25000        -0.37218
0.35000         0.92000        0.25000        -0.34933
0.36000         0.92000        0.25000        -0.32638
0.37000         0.92000        0.25000        -0.30335
0.38000         0.92000        0.25000        -0.28024
0.39000         0.92000        0.25000        -0.25707
0.40000         0.92000        0.25000        -0.23385
0.41000         0.92000        0.25000        -0.21058
0.42000         0.92000        0.25000        -0.18727
0.43000         0.92000        0.25000        -0.16393
0.44000         0.92000        0.25000        -0.14056
0.45000         0.92000        0.25000        -0.11717
0.46000         0.92000        0.25000        -0.093753
0.47000         0.92000        0.25000        -0.070327
0.48000         0.92000        0.25000        -0.046890
0.49000         0.92000        0.25000        -0.023447
0.50000         0.92000        0.25000        -8.0728E-12
0.51000         0.92000        0.25000        0.023447
0.52000         0.92000        0.25000        0.046890
0.53000         0.92000        0.25000        0.070327
0.54000         0.92000        0.25000        0.093753
0.55000         0.92000        0.25000        0.11717
0.56000         0.92000        0.25000        0.14056
0.57000         0.92000        0.25000        0.16393
0.58000         0.92000        0.25000        0.18727
0.59000         0.92000        0.25000        0.21058
0.60000         0.92000        0.25000        0.23385
0.61000         0.92000        0.25000        0.25707
0.62000         0.92000        0.25000        0.28024
0.63000         0.92000        0.25000        0.30335
0.64000         0.92000        0.25000        0.32638
0.65000         0.92000        0.25000        0.34933
0.66000         0.92000        0.25000        0.37218
0.67000         0.92000        0.25000        0.39493
0.68000         0.92000        0.25000        0.41755
0.69000         0.92000        0.25000        0.44002
0.70000         0.92000        0.25000        0.46234
0.71000         0.92000        0.25000        0.48447
0.72000         0.92000        0.25000        0.50640
0.73000         0.92000        0.25000        0.52808
0.74000         0.92000        0.25000        0.54950
0.75000         0.92000        0.25000        0.57062
0.76000         0.92000        0.25000        0.59139
0.77000         0.92000        0.25000        0.61176
0.78000         0.92000        0.25000        0.63169
0.79000         0.92000        0.25000        0.65111
0.80000         0.92000        0.25000        0.66994
0.81000         0.92000        0.25000        0.68811
0.82000         0.92000        0.25000        0.70550
0.83000         0.92000        0.25000        0.72200
0.84000         0.92000        0.25000        0.73746
0.85000         0.92000        0.25000        0.75170
0.86000         0.92000        0.25000        0.76451
0.87000         0.92000        0.25000        0.77561
0.88000         0.92000        0.25000        0.78466
0.89000         0.92000        0.25000        0.79120
0.90000         0.92000        0.25000        0.79463
0.91000         0.92000        0.25000        0.79413
0.92000         0.92000        0.25000        0.78864
0.93000         0.92000        0.25000        0.77668
0.94000         0.92000        0.25000        0.75620
0.95000         0.92000        0.25000        0.72383
0.96000         0.92000        0.25000        0.67453
0.97000         0.92000        0.25000        0.59985
0.98000         0.92000        0.25000        0.48197
0.99000         0.92000        0.25000        0.28595
1.0000          0.92000        0.25000        6.7995E-16
0.0000          0.93000        0.25000        -5.7374E-18
0.010000        0.93000        0.25000        -0.19565
0.020000        0.93000        0.25000        -0.35529
0.030000        0.93000        0.25000        -0.47172
0.040000        0.93000        0.25000        -0.55619
0.050000        0.93000        0.25000        -0.61732
0.060000        0.93000        0.25000        -0.66151
0.070000        0.93000        0.25000        -0.69292
0.080000        0.93000        0.25000        -0.71454
0.090000        0.93000        0.25000        -0.72855
0.10000         0.93000        0.25000        -0.73651
0.11000         0.93000        0.25000        -0.73962
0.12000         0.93000        0.25000        -0.73880
0.13000         0.93000        0.25000        -0.73476
0.14000         0.93000        0.25000        -0.72806
0.15000         0.93000        0.25000        -0.71912
0.16000         0.93000        0.25000        -0.70831
0.17000         0.93000        0.25000        -0.69589
0.18000         0.93000        0.25000        -0.68210
0.19000         0.93000        0.25000        -0.66713
0.20000         0.93000        0.25000        -0.65114
0.21000         0.93000        0.25000        -0.63425
0.22000         0.93000        0.25000        -0.61658
0.23000         0.93000        0.25000        -0.59823
0.24000         0.93000        0.25000        -0.57928
0.25000         0.93000        0.25000        -0.55979
0.26000         0.93000        0.25000        -0.53983
0.27000         0.93000        0.25000        -0.51946
0.28000         0.93000        0.25000        -0.49872
0.29000         0.93000        0.25000        -0.47765
0.30000         0.93000        0.25000        -0.45629
0.31000         0.93000        0.25000        -0.43467
0.32000         0.93000        0.25000        -0.41282
0.33000         0.93000        0.25000        -0.39077
0.34000         0.93000        0.25000        -0.36854
0.35000         0.93000        0.25000        -0.34614
0.36000         0.93000        0.25000        -0.32360
0.37000         0.93000        0.25000        -0.30093
0.38000         0.93000        0.25000        -0.27816
0.39000         0.93000        0.25000        -0.25528
0.40000         0.93000        0.25000        -0.23232
0.41000         0.93000        0.25000        -0.20928
0.42000         0.93000        0.25000        -0.18618
0.43000         0.93000        0.25000        -0.16302
0.44000         0.93000        0.25000        -0.13982
0.45000         0.93000        0.25000        -0.11657
0.46000         0.93000        0.25000        -0.093294
0.47000         0.93000        0.25000        -0.069992
0.48000         0.93000        0.25000        -0.046672
0.49000         0.93000        0.25000        -0.023339
0.50000         0.93000        0.25000        -4.9461E-12
0.51000         0.93000        0.25000        0.023339
0.52000         0.93000        0.25000        0.046672
0.53000         0.93000        0.25000        0.069992
0.54000         0.93000        0.25000        0.093294
0.55000         0.93000        0.25000        0.11657
0.56000         0.93000        0.25000        0.13982
0.57000         0.93000        0.25000        0.16302
0.58000         0.93000        0.25000        0.18618
0.59000         0.93000        0.25000        0.20928
0.60000         0.93000        0.25000        0.23232
0.61000         0.93000        0.25000        0.25528
0.62000         0.93000        0.25000        0.27816
0.63000         0.93000        0.25000        0.30093
0.64000         0.93000        0.25000        0.32360
0.65000         0.93000        0.25000        0.34614
0.66000         0.93000        0.25000        0.36854
0.67000         0.93000        0.25000        0.39077
0.68000         0.93000        0.25000        0.41282
0.69000         0.93000        0.25000        0.43467
0.70000         0.93000        0.25000        0.45629
0.71000         0.93000        0.25000        0.47765
0.72000         0.93000        0.25000        0.49872
0.73000         0.93000        0.25000        0.51946
0.74000         0.93000        0.25000        0.53983
0.75000         0.93000        0.25000        0.55979
0.76000         0.93000        0.25000        0.57928
0.77000         0.93000        0.25000        0.59823
0.78000         0.93000        0.25000        0.61658
0.79000         0.93000        0.25000        0.63425
0.80000         0.93000        0.25000        0.65114
0.81000         0.93000        0.25000        0.66713
0.82000         0.93000        0.25000        0.68210
0.83000         0.93000        0.25000        0.69589
0.84000         0.93000        0.25000        0.70831
0.85000         0.93000        0.25000        0.71912
0.86000         0.93000        0.25000        0.72806
0.87000         0.93000        0.25000        0.73476
0.88000         0.93000        0.25000        0.73880
0.89000         0.93000        0.25000        0.73962
0.90000         0.93000        0.25000        0.73651
0.91000         0.93000        0.25000        0.72855
0.92000         0.93000        0.25000        0.71455
0.93000         0.93000        0.25000        0.69296
0.94000         0.93000        0.25000        0.66150
0.95000         0.93000        0.25000        0.61735
0.96000         0.93000        0.25000        0.55613
0.97000         0.93000        0.25000        0.47173
0.98000         0.93000        0.25000        0.35530
0.99000         0.93000        0.25000        0.19564
1.0000          0.93000        0.25000        3.2905E-18
0.0000          0.94000        0.25000        0.0000
0.010000        0.94000        0.25000        -0.12854
0.020000        0.94000        0.25000        -0.24619
0.030000        0.94000        0.25000        -0.34611
0.040000        0.94000        0.25000        -0.42816
0.050000        0.94000        0.25000        -0.49360
0.060000        0.94000        0.25000        -0.54544
0.070000        0.94000        0.25000        -0.58550
0.080000        0.94000        0.25000        -0.61598
0.090000        0.94000        0.25000        -0.63851
0.10000         0.94000        0.25000        -0.65445
0.11000         0.94000        0.25000        -0.66491
0.12000         0.94000        0.25000        -0.67080
0.13000         0.94000        0.25000        -0.67286
0.14000         0.94000        0.25000        -0.67167
0.15000         0.94000        0.25000        -0.66773
0.16000         0.94000        0.25000        -0.66143
0.17000         0.94000        0.25000        -0.65311
0.18000         0.94000        0.25000        -0.64303
0.19000         0.94000        0.25000        -0.63143
0.20000         0.94000        0.25000        -0.61850
0.21000         0.94000        0.25000        -0.60440
0.22000         0.94000        0.25000        -0.58928
0.23000         0.94000        0.25000        -0.57325
0.24000         0.94000        0.25000        -0.55642
0.25000         0.94000        0.25000        -0.53888
0.26000         0.94000        0.25000        -0.52071
0.27000         0.94000        0.25000        -0.50198
0.28000         0.94000        0.25000        -0.48274
0.29000         0.94000        0.25000        -0.46306
0.30000         0.94000        0.25000        -0.44298
0.31000         0.94000        0.25000        -0.42254
0.32000         0.94000        0.25000        -0.40178
0.33000         0.94000        0.25000        -0.38073
0.34000         0.94000        0.25000        -0.35943
0.35000         0.94000        0.25000        -0.33790
0.36000         0.94000        0.25000        -0.31616
0.37000         0.94000        0.25000        -0.29424
0.38000         0.94000        0.25000        -0.27216
0.39000         0.94000        0.25000        -0.24994
0.40000         0.94000        0.25000        -0.22758
0.41000         0.94000        0.25000        -0.20512
0.42000         0.94000        0.25000        -0.18256
0.43000         0.94000        0.25000        -0.15991
0.44000         0.94000        0.25000        -0.13720
0.45000         0.94000        0.25000        -0.11442
0.46000         0.94000        0.25000        -0.091594
0.47000         0.94000        0.25000        -0.068729
0.48000         0.94000        0.25000        -0.045835
0.49000         0.94000        0.25000        -0.022922
0.50000         0.94000        0.25000        -2.8831E-12
0.51000         0.94000        0.25000        0.022922
0.52000         0.94000        0.25000        0.045835
0.53000         0.94000        0.25000        0.068729
0.54000         0.94000        0.25000        0.091594
0.55000         0.94000        0.25000        0.11442
0.56000         0.94000        0.25000        0.13720
0.57000         0.94000        0.25000        0.15991
0.58000         0.94000        0.25000        0.18256
0.59000         0.94000        0.25000        0.20512
0.60000         0.94000        0.25000        0.22758
0.61000         0.94000        0.25000        0.24994
0.62000         0.94000        0.25000        0.27216
0.63000         0.94000        0.25000        0.29424
0.64000         0.94000        0.25000        0.31616
0.65000         0.94000        0.25000        0.33790
0.66000         0.94000        0.25000        0.35943
0.67000         0.94000        0.25000        0.38073
0.68000         0.94000        0.25000        0.40178
0.69000         0.94000        0.25000        0.42254
0.70000         0.94000        0.25000        0.44298
0.71000         0.94000        0.25000        0.46306
0.72000         0.94000        0.25000        0.48274
0.73000         0.94000        0.25000        0.50198
0.74000         0.94000        0.25000        0.52071
0.75000         0.94000        0.25000        0.53888
0.76000         0.94000        0.25000        0.55642
0.77000         0.94000        0.25000        0.57325
0.78000         0.94000        0.25000        0.58928
0.79000         0.94000        0.25000        0.60440
0.80000         0.94000        0.25000        0.61850
0.81000         0.94000        0.25000        0.63143
0.82000         0.94000        0.25000        0.64303
0.83000         0.94000        0.25000        0.65311
0.84000         0.94000        0.25000        0.66143
0.85000         0.94000        0.25000        0.66773
0.86000         0.94000        0.25000        0.67167
0.87000         0.94000        0.25000        0.67286
0.88000         0.94000        0.25000        0.67080
0.89000         0.94000        0.25000        0.66491
0.90000         0.94000        0.25000        0.65445
0.91000         0.94000        0.25000        0.63851
0.92000         0.94000        0.25000        0.61600
0.93000         0.94000        0.25000        0.58552
0.94000         0.94000        0.25000        0.54538
0.95000         0.94000        0.25000        0.49371
0.96000         0.94000        0.25000        0.42806
0.97000         0.94000        0.25000        0.34612
0.98000         0.94000        0.25000        0.24620
0.99000         0.94000        0.25000        0.12854
1.0000          0.94000        0.25000        -2.1903E-17
0.0000          0.95000        0.25000        -1.1840E-17
0.010000        0.95000        0.25000        -0.082722
0.020000        0.95000        0.25000        -0.16343
0.030000        0.95000        0.25000        -0.23947
0.040000        0.95000        0.25000        -0.30821
0.050000        0.95000        0.25000        -0.36844
0.060000        0.95000        0.25000        -0.42002
0.070000        0.95000        0.25000        -0.46312
0.080000        0.95000        0.25000        -0.49850
0.090000        0.95000        0.25000        -0.52695
0.10000         0.95000        0.25000        -0.54930
0.11000         0.95000        0.25000        -0.56632
0.12000         0.95000        0.25000        -0.57869
0.13000         0.95000        0.25000        -0.58700
0.14000         0.95000        0.25000        -0.59177
0.15000         0.95000        0.25000        -0.59346
0.16000         0.95000        0.25000        -0.59244
0.17000         0.95000        0.25000        -0.58906
0.18000         0.95000        0.25000        -0.58358
0.19000         0.95000        0.25000        -0.57627
0.20000         0.95000        0.25000        -0.56732
0.21000         0.95000        0.25000        -0.55693
0.22000         0.95000        0.25000        -0.54525
0.23000         0.95000        0.25000        -0.53243
0.24000         0.95000        0.25000        -0.51858
0.25000         0.95000        0.25000        -0.50382
0.26000         0.95000        0.25000        -0.48823
0.27000         0.95000        0.25000        -0.47191
0.28000         0.95000        0.25000        -0.45493
0.29000         0.95000        0.25000        -0.43735
0.30000         0.95000        0.25000        -0.41924
0.31000         0.95000        0.25000        -0.40065
0.32000         0.95000        0.25000        -0.38162
0.33000         0.95000        0.25000        -0.36220
0.34000         0.95000        0.25000        -0.34243
0.35000         0.95000        0.25000        -0.32234
0.36000         0.95000        0.25000        -0.30197
0.37000         0.95000        0.25000        -0.28135
0.38000         0.95000        0.25000        -0.26049
0.39000         0.95000        0.25000        -0.23944
0.40000         0.95000        0.25000        -0.21820
0.41000         0.95000        0.25000        -0.19681
0.42000         0.95000        0.25000        -0.17527
0.43000         0.95000        0.25000        -0.15362
0.44000         0.95000        0.25000        -0.13186
0.45000         0.95000        0.25000        -0.11001
0.46000         0.95000        0.25000        -0.088092
0.47000         0.95000        0.25000        -0.066117
0.48000         0.95000        0.25000        -0.044101
0.49000         0.95000        0.25000        -0.022058
0.50000         0.95000        0.25000        -1.5841E-12
0.51000         0.95000        0.25000        0.022058
0.52000         0.95000        0.25000        0.044101
0.53000         0.95000        0.25000        0.066117
0.54000         0.95000        0.25000        0.088092
0.55000         0.95000        0.25000        0.11001
0.56000         0.95000        0.25000        0.13186
0.57000         0.95000        0.25000        0.15362
0.58000         0.95000        0.25000        0.17527
0.59000         0.95000        0.25000        0.19681
0.60000         0.95000        0.25000        0.21820
0.61000         0.95000        0.25000        0.23944
0.62000         0.95000        0.25000        0.26049
0.63000         0.95000        0.25000        0.28135
0.64000         0.95000        0.25000        0.30197
0.65000         0.95000        0.25000        0.32234
0.66000         0.95000        0.25000        0.34243
0.67000         0.95000        0.25000        0.36220
0.68000         0.95000        0.25000        0.38162
0.69000         0.95000        0.25000        0.40065
0.70000         0.95000        0.25000        0.41924
0.71000         0.95000        0.25000        0.43735
0.72000         0.95000        0.25000        0.45493
0.73000         0.95000        0.25000        0.47191
0.74000         0.95000        0.25000        0.48823
0.75000         0.95000        0.25000        0.50382
0.76000         0.95000        0.25000        0.51858
0.77000         0.95000        0.25000        0.53243
0.78000         0.95000        0.25000        0.54525
0.79000         0.95000        0.25000        0.55693
0.80000         0.95000        0.25000        0.56732
0.81000         0.95000        0.25000        0.57627
0.82000         0.95000        0.25000        0.58358
0.83000         0.95000        0.25000        0.58906
0.84000         0.95000        0.25000        0.59244
0.85000         0.95000        0.25000        0.59346
0.86000         0.95000        0.25000        0.59177
0.87000         0.95000        0.25000        0.58700
0.88000         0.95000        0.25000        0.57869
0.89000         0.95000        0.25000        0.56632
0.90000         0.95000        0.25000        0.54930
0.91000         0.95000        0.25000        0.52693
0.92000         0.95000        0.25000        0.49845
0.93000         0.95000        0.25000        0.46305
0.94000         0.95000        0.25000        0.41992
0.95000         0.95000        0.25000        0.36840
0.96000         0.95000        0.25000        0.30817
0.97000         0.95000        0.25000        0.23946
0.98000         0.95000        0.25000        0.16343
0.99000         0.95000        0.25000        0.082720
1.0000          0.95000        0.25000        1.1140E-17
0.0000          0.96000        0.25000        -1.1390E-17
0.010000        0.96000        0.25000        -0.052556
0.020000        0.96000        0.25000        -0.10545
0.030000        0.96000        0.25000        -0.15825
0.040000        0.96000        0.25000        -0.20926
0.050000        0.96000        0.25000        -0.25716
0.060000        0.96000        0.25000        -0.30098
0.070000        0.96000        0.25000        -0.34013
0.080000        0.96000        0.25000        -0.37440
0.090000        0.96000        0.25000        -0.40386
0.10000         0.96000        0.25000        -0.42872
0.11000         0.96000        0.25000        -0.44928
0.12000         0.96000        0.25000        -0.46587
0.13000         0.96000        0.25000        -0.47884
0.14000         0.96000        0.25000        -0.48852
0.15000         0.96000        0.25000        -0.49521
0.16000         0.96000        0.25000        -0.49920
0.17000         0.96000        0.25000        -0.50076
0.18000         0.96000        0.25000        -0.50012
0.19000         0.96000        0.25000        -0.49750
0.20000         0.96000        0.25000        -0.49307
0.21000         0.96000        0.25000        -0.48702
0.22000         0.96000        0.25000        -0.47951
0.23000         0.96000        0.25000        -0.47066
0.24000         0.96000        0.25000        -0.46060
0.25000         0.96000        0.25000        -0.44945
0.26000         0.96000        0.25000        -0.43731
0.27000         0.96000        0.25000        -0.42427
0.28000         0.96000        0.25000        -0.41041
0.29000         0.96000        0.25000        -0.39580
0.30000         0.96000        0.25000        -0.38052
0.31000         0.96000        0.25000        -0.36462
0.32000         0.96000        0.25000        -0.34816
0.33000         0.96000        0.25000        -0.33120
0.34000         0.96000        0.25000        -0.31378
0.35000         0.96000        0.25000        -0.29594
0.36000         0.96000        0.25000        -0.27772
0.37000         0.96000        0.25000        -0.25917
0.38000         0.96000        0.25000        -0.24031
0.39000         0.96000        0.25000        -0.22118
0.40000         0.96000        0.25000        -0.20180
0.41000         0.96000        0.25000        -0.18220
0.42000         0.96000        0.25000        -0.16242
0.43000         0.96000        0.25000        -0.14247
0.44000         0.96000        0.25000        -0.12237
0.45000         0.96000        0.25000        -0.10216
0.46000         0.96000        0.25000        -0.081842
0.47000         0.96000        0.25000        -0.061449
0.48000         0.96000        0.25000        -0.040998
0.49000         0.96000        0.25000        -0.020509
0.50000         0.96000        0.25000        -8.1103E-13
0.51000         0.96000        0.25000        0.020509
0.52000         0.96000        0.25000        0.040998
0.53000         0.96000        0.25000        0.061449
0.54000         0.96000        0.25000        0.081842
0.55000         0.96000        0.25000        0.10216
0.56000         0.96000        0.25000        0.12237
0.57000         0.96000        0.25000        0.14247
0.58000         0.96000        0.25000        0.16242
0.59000         0.96000        0.25000        0.18220
0.60000         0.96000        0.25000        0.20180
0.61000         0.96000        0.25000        0.22118
0.62000         0.96000        0.25000        0.24031
0.63000         0.96000        0.25000        0.25917
0.64000         0.96000        0.25000        0.27772
0.65000         0.96000        0.25000        0.29594
0.66000         0.96000        0.25000        0.31378
0.67000         0.96000        0.25000        0.33120
0.68000         0.96000        0.25000        0.34816
0.69000         0.96000        0.25000        0.36462
0.70000         0.96000        0.25000        0.38052
0.71000         0.96000        0.25000        0.39580
0.72000         0.96000        0.25000        0.41041
0.73000         0.96000        0.25000        0.42427
0.74000         0.96000        0.25000        0.43731
0.75000         0.96000        0.25000        0.44945
0.76000         0.96000        0.25000        0.46060
0.77000         0.96000        0.25000        0.47066
0.78000         0.96000        0.25000        0.47951
0.79000         0.96000        0.25000        0.48702
0.80000         0.96000        0.25000        0.49307
0.81000         0.96000        0.25000        0.49750
0.82000         0.96000        0.25000        0.50012
0.83000         0.96000        0.25000        0.50076
0.84000         0.96000        0.25000        0.49920
0.85000         0.96000        0.25000        0.49521
0.86000         0.96000        0.25000        0.48852
0.87000         0.96000        0.25000        0.47884
0.88000         0.96000        0.25000        0.46587
0.89000         0.96000        0.25000        0.44927
0.90000         0.96000        0.25000        0.42872
0.91000         0.96000        0.25000        0.40386
0.92000         0.96000        0.25000        0.37440
0.93000         0.96000        0.25000        0.34012
0.94000         0.96000        0.25000        0.30098
0.95000         0.96000        0.25000        0.25717
0.96000         0.96000        0.25000        0.20925
0.97000         0.96000        0.25000        0.15827
0.98000         0.96000        0.25000        0.10543
0.99000         0.96000        0.25000        0.052573
1.0000          0.96000        0.25000        5.8435E-18
0.0000          0.97000        0.25000        -4.5856E-18
0.010000        0.97000        0.25000        -0.032617
0.020000        0.97000        0.25000        -0.065846
0.030000        0.97000        0.25000        -0.099907
0.040000        0.97000        0.25000        -0.13411
0.050000        0.97000        0.25000        -0.16771
0.060000        0.97000        0.25000        -0.19997
0.070000        0.97000        0.25000        -0.23025
0.080000        0.97000        0.25000        -0.25812
0.090000        0.97000        0.25000        -0.28334
0.10000         0.97000        0.25000        -0.30578
0.11000         0.97000        0.25000        -0.32542
0.12000         0.97000        0.25000        -0.34233
0.13000         0.97000        0.25000        -0.35659
0.14000         0.97000        0.25000        -0.36833
0.15000         0.97000        0.25000        -0.37770
0.16000         0.97000        0.25000        -0.38483
0.17000         0.97000        0.25000        -0.38987
0.18000         0.97000        0.25000        -0.39297
0.19000         0.97000        0.25000        -0.39426
0.20000         0.97000        0.25000        -0.39386
0.21000         0.97000        0.25000        -0.39191
0.22000         0.97000        0.25000        -0.38852
0.23000         0.97000        0.25000        -0.38379
0.24000         0.97000        0.25000        -0.37783
0.25000         0.97000        0.25000        -0.37073
0.26000         0.97000        0.25000        -0.36258
0.27000         0.97000        0.25000        -0.35346
0.28000         0.97000        0.25000        -0.34345
0.29000         0.97000        0.25000        -0.33260
0.30000         0.97000        0.25000        -0.32100
0.31000         0.97000        0.25000        -0.30869
0.32000         0.97000        0.25000        -0.29574
0.33000         0.97000        0.25000        -0.28221
0.34000         0.97000        0.25000        -0.26812
0.35000         0.97000        0.25000        -0.25355
0.36000         0.97000        0.25000        -0.23852
0.37000         0.97000        0.25000        -0.22308
0.38000         0.97000        0.25000        -0.20726
0.39000         0.97000        0.25000        -0.19111
0.40000         0.97000        0.25000        -0.17465
0.41000         0.97000        0.25000        -0.15793
0.42000         0.97000        0.25000        -0.14096
0.43000         0.97000        0.25000        -0.12379
0.44000         0.97000        0.25000        -0.10643
0.45000         0.97000        0.25000        -0.088924
0.46000         0.97000        0.25000        -0.071290
0.47000         0.97000        0.25000        -0.053554
0.48000         0.97000        0.25000        -0.035744
0.49000         0.97000        0.25000        -0.017884
0.50000         0.97000        0.25000        -3.7947E-13
0.51000         0.97000        0.25000        0.017884
0.52000         0.97000        0.25000        0.035744
0.53000         0.97000        0.25000        0.053554
0.54000         0.97000        0.25000        0.071290
0.55000         0.97000        0.25000        0.088924
0.56000         0.97000        0.25000        0.10643
0.57000         0.97000        0.25000        0.12379
0.58000         0.97000        0.25000        0.14096
0.59000         0.97000        0.25000        0.15793
0.60000         0.97000        0.25000        0.17465
0.61000         0.97000        0.25000        0.19111
0.62000         0.97000        0.25000        0.20726
0.63000         0.97000        0.25000        0.22308
0.64000         0.97000        0.25000        0.23852
0.65000         0.97000        0.25000        0.25355
0.66000         0.97000        0.25000        0.26812
0.67000         0.97000        0.25000        0.28221
0.68000         0.97000        0.25000        0.29574
0.69000         0.97000        0.25000        0.30869
0.70000         0.97000        0.25000        0.32100
0.71000         0.97000        0.25000        0.33260
0.72000         0.97000        0.25000        0.34345
0.73000         0.97000        0.25000        0.35346
0.74000         0.97000        0.25000        0.36258
0.75000         0.97000        0.25000        0.37073
0.76000         0.97000        0.25000        0.37783
0.77000         0.97000        0.25000        0.38379
0.78000         0.97000        0.25000        0.38852
0.79000         0.97000        0.25000        0.39191
0.80000         0.97000        0.25000        0.39386
0.81000         0.97000        0.25000        0.39426
0.82000         0.97000        0.25000        0.39297
0.83000         0.97000        0.25000        0.38987
0.84000         0.97000        0.25000        0.38483
0.85000         0.97000        0.25000        0.37770
0.86000         0.97000        0.25000        0.36833
0.87000         0.97000        0.25000        0.35659
0.88000         0.97000        0.25000        0.34233
0.89000         0.97000        0.25000        0.32542
0.90000         0.97000        0.25000        0.30577
0.91000         0.97000        0.25000        0.28333
0.92000         0.97000        0.25000        0.25812
0.93000         0.97000        0.25000        0.23024
0.94000         0.97000        0.25000        0.19996
0.95000         0.97000        0.25000        0.16771
0.96000         0.97000        0.25000        0.13411
0.97000         0.97000        0.25000        0.099932
0.98000         0.97000        0.25000        0.065808
0.99000         0.97000        0.25000        0.032629
1.0000          0.97000        0.25000        -4.4964E-18
0.0000          0.98000        0.25000        0.0000
0.010000        0.98000        0.25000        -0.018858
0.020000        0.98000        0.25000        -0.038146
0.030000        0.98000        0.25000        -0.058101
0.040000        0.98000        0.25000        -0.078523
0.050000        0.98000        0.25000        -0.099107
0.060000        0.98000        0.25000        -0.11946
0.070000        0.98000        0.25000        -0.13919
0.080000        0.98000        0.25000        -0.15800
0.090000        0.98000        0.25000        -0.17564
0.10000         0.98000        0.25000        -0.19192
0.11000         0.98000        0.25000        -0.20675
0.12000         0.98000        0.25000        -0.22006
0.13000         0.98000        0.25000        -0.23183
0.14000         0.98000        0.25000        -0.24206
0.15000         0.98000        0.25000        -0.25078
0.16000         0.98000        0.25000        -0.25801
0.17000         0.98000        0.25000        -0.26382
0.18000         0.98000        0.25000        -0.26826
0.19000         0.98000        0.25000        -0.27138
0.20000         0.98000        0.25000        -0.27325
0.21000         0.98000        0.25000        -0.27393
0.22000         0.98000        0.25000        -0.27348
0.23000         0.98000        0.25000        -0.27195
0.24000         0.98000        0.25000        -0.26942
0.25000         0.98000        0.25000        -0.26593
0.26000         0.98000        0.25000        -0.26154
0.27000         0.98000        0.25000        -0.25631
0.28000         0.98000        0.25000        -0.25028
0.29000         0.98000        0.25000        -0.24351
0.30000         0.98000        0.25000        -0.23605
0.31000         0.98000        0.25000        -0.22794
0.32000         0.98000        0.25000        -0.21922
0.33000         0.98000        0.25000        -0.20993
0.34000         0.98000        0.25000        -0.20013
0.35000         0.98000        0.25000        -0.18984
0.36000         0.98000        0.25000        -0.17910
0.37000         0.98000        0.25000        -0.16795
0.38000         0.98000        0.25000        -0.15642
0.39000         0.98000        0.25000        -0.14455
0.40000         0.98000        0.25000        -0.13237
0.41000         0.98000        0.25000        -0.11991
0.42000         0.98000        0.25000        -0.10720
0.43000         0.98000        0.25000        -0.094277
0.44000         0.98000        0.25000        -0.081158
0.45000         0.98000        0.25000        -0.067877
0.46000         0.98000        0.25000        -0.054461
0.47000         0.98000        0.25000        -0.040939
0.48000         0.98000        0.25000        -0.027337
0.49000         0.98000        0.25000        -0.013682
0.50000         0.98000        0.25000        -1.5742E-13
0.51000         0.98000        0.25000        0.013682
0.52000         0.98000        0.25000        0.027337
0.53000         0.98000        0.25000        0.040939
0.54000         0.98000        0.25000        0.054461
0.55000         0.98000        0.25000        0.067877
0.56000         0.98000        0.25000        0.081158
0.57000         0.98000        0.25000        0.094277
0.58000         0.98000        0.25000        0.10720
0.59000         0.98000        0.25000        0.11991
0.60000         0.98000        0.25000        0.13237
0.61000         0.98000        0.25000        0.14455
0.62000         0.98000        0.25000        0.15642
0.63000         0.98000        0.25000        0.16795
0.64000         0.98000        0.25000        0.17910
0.65000         0.98000        0.25000        0.18984
0.66000         0.98000        0.25000        0.20013
0.67000         0.98000        0.25000        0.20993
0.68000         0.98000        0.25000        0.21922
0.69000         0.98000        0.25000        0.22794
0.70000         0.98000        0.25000        0.23605
0.71000         0.98000        0.25000        0.24351
0.72000         0.98000        0.25000        0.25028
0.73000         0.98000        0.25000        0.25631
0.74000         0.98000        0.25000        0.26154
0.75000         0.98000        0.25000        0.26593
0.76000         0.98000        0.25000        0.26942
0.77000         0.98000        0.25000        0.27195
0.78000         0.98000        0.25000        0.27348
0.79000         0.98000        0.25000        0.27393
0.80000         0.98000        0.25000        0.27325
0.81000         0.98000        0.25000        0.27138
0.82000         0.98000        0.25000        0.26826
0.83000         0.98000        0.25000        0.26382
0.84000         0.98000        0.25000        0.25801
0.85000         0.98000        0.25000        0.25078
0.86000         0.98000        0.25000        0.24206
0.87000         0.98000        0.25000        0.23183
0.88000         0.98000        0.25000        0.22006
0.89000         0.98000        0.25000        0.20675
0.90000         0.98000        0.25000        0.19192
0.91000         0.98000        0.25000        0.17564
0.92000         0.98000        0.25000        0.15800
0.93000         0.98000        0.25000        0.13919
0.94000         0.98000        0.25000        0.11945
0.95000         0.98000        0.25000        0.099103
0.96000         0.98000        0.25000        0.078521
0.97000         0.98000        0.25000        0.058098
0.98000         0.98000        0.25000        0.038119
0.99000         0.98000        0.25000        0.018876
1.0000          0.98000        0.25000        -1.6623E-18
0.0000          0.99000        0.25000        0.0000
0.010000        0.99000        0.25000        -0.0086114
0.020000        0.99000        0.25000        -0.017429
0.030000        0.99000        0.25000        -0.026553
0.040000        0.99000        0.25000        -0.035964
0.050000        0.99000        0.25000        -0.045562
0.060000        0.99000        0.25000        -0.055197
0.070000        0.99000        0.25000        -0.064713
0.080000        0.99000        0.25000        -0.073964
0.090000        0.99000        0.25000        -0.082823
0.10000         0.99000        0.25000        -0.091192
0.11000         0.99000        0.25000        -0.098993
0.12000         0.99000        0.25000        -0.10617
0.13000         0.99000        0.25000        -0.11270
0.14000         0.99000        0.25000        -0.11854
0.15000         0.99000        0.25000        -0.12369
0.16000         0.99000        0.25000        -0.12815
0.17000         0.99000        0.25000        -0.13193
0.18000         0.99000        0.25000        -0.13502
0.19000         0.99000        0.25000        -0.13745
0.20000         0.99000        0.25000        -0.13923
0.21000         0.99000        0.25000        -0.14039
0.22000         0.99000        0.25000        -0.14094
0.23000         0.99000        0.25000        -0.14090
0.24000         0.99000        0.25000        -0.14030
0.25000         0.99000        0.25000        -0.13915
0.26000         0.99000        0.25000        -0.13749
0.27000         0.99000        0.25000        -0.13534
0.28000         0.99000        0.25000        -0.13272
0.29000         0.99000        0.25000        -0.12965
0.30000         0.99000        0.25000        -0.12615
0.31000         0.99000        0.25000        -0.12225
0.32000         0.99000        0.25000        -0.11797
0.33000         0.99000        0.25000        -0.11334
0.34000         0.99000        0.25000        -0.10837
0.35000         0.99000        0.25000        -0.10309
0.36000         0.99000        0.25000        -0.097509
0.37000         0.99000        0.25000        -0.091660
0.38000         0.99000        0.25000        -0.085561
0.39000         0.99000        0.25000        -0.079231
0.40000         0.99000        0.25000        -0.072690
0.41000         0.99000        0.25000        -0.065959
0.42000         0.99000        0.25000        -0.059058
0.43000         0.99000        0.25000        -0.052005
0.44000         0.99000        0.25000        -0.044819
0.45000         0.99000        0.25000        -0.037521
0.46000         0.99000        0.25000        -0.030129
0.47000         0.99000        0.25000        -0.022662
0.48000         0.99000        0.25000        -0.015139
0.49000         0.99000        0.25000        -0.0075791
0.50000         0.99000        0.25000        -5.2738E-14
0.51000         0.99000        0.25000        0.0075791
0.52000         0.99000        0.25000        0.015139
0.53000         0.99000        0.25000        0.022662
0.54000         0.99000        0.25000        0.030129
0.55000         0.99000        0.25000        0.037521
0.56000         0.99000        0.25000        0.044819
0.57000         0.99000        0.25000        0.052005
0.58000         0.99000        0.25000        0.059058
0.59000         0.99000        0.25000        0.065959
0.60000         0.99000        0.25000        0.072690
0.61000         0.99000        0.25000        0.079231
0.62000         0.99000        0.25000        0.085561
0.63000         0.99000        0.25000        0.091660
0.64000         0.99000        0.25000        0.097509
0.65000         0.99000        0.25000        0.10309
0.66000         0.99000        0.25000        0.10837
0.67000         0.99000        0.25000        0.11334
0.68000         0.99000        0.25000        0.11797
0.69000         0.99000        0.25000        0.12225
0.70000         0.99000        0.25000        0.12615
0.71000         0.99000        0.25000        0.12965
0.72000         0.99000        0.25000        0.13272
0.73000         0.99000        0.25000        0.13534
0.74000         0.99000        0.25000        0.13749
0.75000         0.99000        0.25000        0.13915
0.76000         0.99000        0.25000        0.14030
0.77000         0.99000        0.25000        0.14090
0.78000         0.99000        0.25000        0.14094
0.79000         0.99000        0.25000        0.14039
0.80000         0.99000        0.25000        0.13923
0.81000         0.99000        0.25000        0.13745
0.82000         0.99000        0.25000        0.13502
0.83000         0.99000        0.25000        0.13193
0.84000         0.99000        0.25000        0.12815
0.85000         0.99000        0.25000        0.12369
0.86000         0.99000        0.25000        0.11854
0.87000         0.99000        0.25000        0.11270
0.88000         0.99000        0.25000        0.10617
0.89000         0.99000        0.25000        0.098993
0.90000         0.99000        0.25000        0.091192
0.91000         0.99000        0.25000        0.082823
0.92000         0.99000        0.25000        0.073963
0.93000         0.99000        0.25000        0.064712
0.94000         0.99000        0.25000        0.055195
0.95000         0.99000        0.25000        0.045558
0.96000         0.99000        0.25000        0.035960
0.97000         0.99000        0.25000        0.026546
0.98000         0.99000        0.25000        0.017410
0.99000         0.99000        0.25000        0.0086189
1.0000          0.99000        0.25000        -1.4423E-18
0.0000          1.0000         0.25000        0.0000
0.010000        1.0000         0.25000        -7.1297E-20
0.020000        1.0000         0.25000        1.0844E-19
0.030000        1.0000         0.25000        1.5092E-19
0.040000        1.0000         0.25000        2.1050E-19
0.050000        1.0000         0.25000        2.4269E-19
0.060000        1.0000         0.25000        1.9398E-19
0.070000        1.0000         0.25000        2.0358E-19
0.080000        1.0000         0.25000        1.0388E-19
0.090000        1.0000         0.25000        9.8398E-22
0.10000         1.0000         0.25000        -1.3095E-19
0.11000         1.0000         0.25000        -2.5285E-19
0.12000         1.0000         0.25000        -3.6127E-19
0.13000         1.0000         0.25000        -4.5404E-19
0.14000         1.0000         0.25000        -5.3023E-19
0.15000         1.0000         0.25000        -2.9544E-19
0.16000         1.0000         0.25000        -3.1823E-19
0.17000         1.0000         0.25000        -3.3388E-19
0.18000         1.0000         0.25000        0.0000
0.19000         1.0000         0.25000        0.0000
0.20000         1.0000         0.25000        0.0000
0.21000         1.0000         0.25000        3.3478E-19
0.22000         1.0000         0.25000        3.2224E-19
0.23000         1.0000         0.25000        3.0564E-19
0.24000         1.0000         0.25000        5.7096E-19
0.25000         1.0000         0.25000        0.0000
0.26000         1.0000         0.25000        4.7274E-19
0.27000         1.0000         0.25000        4.1662E-19
0.28000         1.0000         0.25000        3.5695E-19
0.29000         1.0000         0.25000        5.8904E-19
0.30000         1.0000         0.25000        4.6016E-19
0.31000         1.0000         0.25000        3.2867E-19
0.32000         1.0000         0.25000        1.9593E-19
0.33000         1.0000         0.25000        6.3190E-20
0.34000         1.0000         0.25000        -6.8340E-20
0.35000         1.0000         0.25000        -1.9754E-19
0.36000         1.0000         0.25000        -4.8502E-19
0.37000         1.0000         0.25000        -6.6717E-19
0.38000         1.0000         0.25000        -8.4137E-19
0.39000         1.0000         0.25000        -1.0063E-18
0.40000         1.0000         0.25000        -1.1609E-18
0.41000         1.0000         0.25000        -1.3040E-18
0.42000         1.0000         0.25000        -1.9129E-18
0.43000         1.0000         0.25000        -2.0694E-18
0.44000         1.0000         0.25000        -2.2071E-18
0.45000         1.0000         0.25000        -2.3251E-18
0.46000         1.0000         0.25000        -2.4227E-18
0.47000         1.0000         0.25000        -2.4992E-18
0.48000         1.0000         0.25000        -3.1928E-18
0.49000         1.0000         0.25000        -3.2342E-18
0.50000         1.0000         0.25000        0.0000
0.51000         1.0000         0.25000        -2.5874E-18
0.52000         1.0000         0.25000        -2.5542E-18
0.53000         1.0000         0.25000        -2.4992E-18
0.54000         1.0000         0.25000        -2.4227E-18
0.55000         1.0000         0.25000        -2.3251E-18
0.56000         1.0000         0.25000        -2.2071E-18
0.57000         1.0000         0.25000        -2.0694E-18
0.58000         1.0000         0.25000        -2.8694E-18
0.59000         1.0000         0.25000        -2.6081E-18
0.60000         1.0000         0.25000        -2.3219E-18
0.61000         1.0000         0.25000        -2.0127E-18
0.62000         1.0000         0.25000        -1.6827E-18
0.63000         1.0000         0.25000        -1.3343E-18
0.64000         1.0000         0.25000        -9.7004E-19
0.65000         1.0000         0.25000        -5.9262E-19
0.66000         1.0000         0.25000        -2.0502E-19
0.67000         1.0000         0.25000        1.8957E-19
0.68000         1.0000         0.25000        5.8778E-19
0.69000         1.0000         0.25000        9.8602E-19
0.70000         1.0000         0.25000        1.3805E-18
0.71000         1.0000         0.25000        2.3562E-18
0.72000         1.0000         0.25000        2.8556E-18
0.73000         1.0000         0.25000        3.3329E-18
0.74000         1.0000         0.25000        3.7819E-18
0.75000         1.0000         0.25000        0.0000
0.76000         1.0000         0.25000        4.5677E-18
0.77000         1.0000         0.25000        4.8903E-18
0.78000         1.0000         0.25000        5.1559E-18
0.79000         1.0000         0.25000        5.3565E-18
0.80000         1.0000         0.25000        5.4840E-18
0.81000         1.0000         0.25000        5.5298E-18
0.82000         1.0000         0.25000        5.4853E-18
0.83000         1.0000         0.25000        5.3420E-18
0.84000         1.0000         0.25000        6.3647E-18
0.85000         1.0000         0.25000        5.9088E-18
0.86000         1.0000         0.25000        5.3023E-18
0.87000         1.0000         0.25000        4.5404E-18
0.88000         1.0000         0.25000        3.6289E-18
0.89000         1.0000         0.25000        2.5730E-18
0.90000         1.0000         0.25000        1.3857E-18
0.91000         1.0000         0.25000        9.3283E-20
0.92000         1.0000         0.25000        -1.2609E-18
0.93000         1.0000         0.25000        -2.5725E-18
0.94000         1.0000         0.25000        -3.8265E-18
0.95000         1.0000         0.25000        -5.0159E-18
0.96000         1.0000         0.25000        -7.1779E-18
0.97000         1.0000         0.25000        0.0000
0.98000         1.0000         0.25000        -7.7185E-18
0.99000         1.0000         0.25000        -9.4746E-18
1.0000          1.0000         0.25000        0.0000
