0.0000          0.0000         0.50000        0.0000
0.010000        0.0000         0.50000        -1.3958E-18
0.020000        0.0000         0.50000        -1.0442E-18
0.030000        0.0000         0.50000        -1.0555E-18
0.040000        0.0000         0.50000        -9.3128E-19
0.050000        0.0000         0.50000        -8.0556E-19
0.060000        0.0000         0.50000        -7.1062E-19
0.070000        0.0000         0.50000        -6.2443E-19
0.080000        0.0000         0.50000        -5.4836E-19
0.090000        0.0000         0.50000        -4.7873E-19
0.10000         0.0000         0.50000        -4.1587E-19
0.11000         0.0000         0.50000        -3.5940E-19
0.12000         0.0000         0.50000        -3.0783E-19
0.13000         0.0000         0.50000        -2.6029E-19
0.14000         0.0000         0.50000        -2.1699E-19
0.15000         0.0000         0.50000        -1.7810E-19
0.16000         0.0000         0.50000        -1.4202E-19
0.17000         0.0000         0.50000        -1.0910E-19
0.18000         0.0000         0.50000        -7.9269E-20
0.19000         0.0000         0.50000        -5.1628E-20
0.20000         0.0000         0.50000        -2.6264E-20
0.21000         0.0000         0.50000        -2.9412E-21
0.22000         0.0000         0.50000        1.8660E-20
0.23000         0.0000         0.50000        3.8658E-20
0.24000         0.0000         0.50000        5.7452E-20
0.25000         0.0000         0.50000        -4.3039E-21
0.26000         0.0000         0.50000        9.1236E-20
0.27000         0.0000         0.50000        1.0670E-19
0.28000         0.0000         0.50000        1.2141E-19
0.29000         0.0000         0.50000        1.3657E-19
0.30000         0.0000         0.50000        1.5035E-19
0.31000         0.0000         0.50000        1.6382E-19
0.32000         0.0000         0.50000        1.7713E-19
0.33000         0.0000         0.50000        1.9039E-19
0.34000         0.0000         0.50000        2.0374E-19
0.35000         0.0000         0.50000        2.1728E-19
0.36000         0.0000         0.50000        2.3307E-19
0.37000         0.0000         0.50000        2.4734E-19
0.38000         0.0000         0.50000        2.6186E-19
0.39000         0.0000         0.50000        2.7640E-19
0.40000         0.0000         0.50000        2.9052E-19
0.41000         0.0000         0.50000        3.0333E-19
0.42000         0.0000         0.50000        3.1639E-19
0.43000         0.0000         0.50000        3.2171E-19
0.44000         0.0000         0.50000        3.1909E-19
0.45000         0.0000         0.50000        3.0483E-19
0.46000         0.0000         0.50000        2.7528E-19
0.47000         0.0000         0.50000        2.2794E-19
0.48000         0.0000         0.50000        1.6473E-19
0.49000         0.0000         0.50000        8.5389E-20
0.50000         0.0000         0.50000        2.6577E-19
0.51000         0.0000         0.50000        -8.1755E-20
0.52000         0.0000         0.50000        -1.5100E-19
0.53000         0.0000         0.50000        -2.0209E-19
0.54000         0.0000         0.50000        -2.3357E-19
0.55000         0.0000         0.50000        -2.4749E-19
0.56000         0.0000         0.50000        -2.4783E-19
0.57000         0.0000         0.50000        -2.3899E-19
0.58000         0.0000         0.50000        -2.3064E-19
0.59000         0.0000         0.50000        -2.1346E-19
0.60000         0.0000         0.50000        -1.9544E-19
0.61000         0.0000         0.50000        -1.7769E-19
0.62000         0.0000         0.50000        -1.6079E-19
0.63000         0.0000         0.50000        -1.4499E-19
0.64000         0.0000         0.50000        -1.3036E-19
0.65000         0.0000         0.50000        -1.1686E-19
0.66000         0.0000         0.50000        -1.0439E-19
0.67000         0.0000         0.50000        -9.2873E-20
0.68000         0.0000         0.50000        -8.2187E-20
0.69000         0.0000         0.50000        -7.2238E-20
0.70000         0.0000         0.50000        -6.2937E-20
0.71000         0.0000         0.50000        -5.6294E-20
0.72000         0.0000         0.50000        -4.7827E-20
0.73000         0.0000         0.50000        -3.9812E-20
0.74000         0.0000         0.50000        -3.2201E-20
0.75000         0.0000         0.50000        3.7202E-19
0.76000         0.0000         0.50000        -1.8056E-20
0.77000         0.0000         0.50000        -1.1475E-20
0.78000         0.0000         0.50000        -5.2014E-21
0.79000         0.0000         0.50000        7.6814E-22
0.80000         0.0000         0.50000        6.4319E-21
0.81000         0.0000         0.50000        1.1781E-20
0.82000         0.0000         0.50000        1.6799E-20
0.83000         0.0000         0.50000        2.1462E-20
0.84000         0.0000         0.50000        2.7577E-20
0.85000         0.0000         0.50000        3.1865E-20
0.86000         0.0000         0.50000        3.5707E-20
0.87000         0.0000         0.50000        3.9044E-20
0.88000         0.0000         0.50000        4.1803E-20
0.89000         0.0000         0.50000        4.3898E-20
0.90000         0.0000         0.50000        4.5260E-20
0.91000         0.0000         0.50000        4.5786E-20
0.92000         0.0000         0.50000        4.5230E-20
0.93000         0.0000         0.50000        4.3217E-20
0.94000         0.0000         0.50000        3.9457E-20
0.95000         0.0000         0.50000        3.4873E-20
0.96000         0.0000         0.50000        3.7267E-20
0.97000         0.0000         0.50000        3.1245E-20
0.98000         0.0000         0.50000        2.0539E-20
0.99000         0.0000         0.50000        1.7243E-20
1.0000          0.0000         0.50000        0.0000
0.0000          0.010000       0.50000        1.2303E-20
0.010000        0.010000       0.50000        4.2800E-4
0.020000        0.010000       0.50000        8.5310E-4
0.030000        0.010000       0.50000        0.0012722
0.040000        0.010000       0.50000        0.0016839
0.050000        0.010000       0.50000        0.0020871
0.060000        0.010000       0.50000        0.0024808
0.070000        0.010000       0.50000        0.0028647
0.080000        0.010000       0.50000        0.0032386
0.090000        0.010000       0.50000        0.0036024
0.10000         0.010000       0.50000        0.0039561
0.11000         0.010000       0.50000        0.0043001
0.12000         0.010000       0.50000        0.0046344
0.13000         0.010000       0.50000        0.0049594
0.14000         0.010000       0.50000        0.0052754
0.15000         0.010000       0.50000        0.0055825
0.16000         0.010000       0.50000        0.0058812
0.17000         0.010000       0.50000        0.0061717
0.18000         0.010000       0.50000        0.0064543
0.19000         0.010000       0.50000        0.0067293
0.20000         0.010000       0.50000        0.0069970
0.21000         0.010000       0.50000        0.0072575
0.22000         0.010000       0.50000        0.0075112
0.23000         0.010000       0.50000        0.0077582
0.24000         0.010000       0.50000        0.0079989
0.25000         0.010000       0.50000        0.0082333
0.26000         0.010000       0.50000        0.0084616
0.27000         0.010000       0.50000        0.0086841
0.28000         0.010000       0.50000        0.0089008
0.29000         0.010000       0.50000        0.0091120
0.30000         0.010000       0.50000        0.0093176
0.31000         0.010000       0.50000        0.0095179
0.32000         0.010000       0.50000        0.0097128
0.33000         0.010000       0.50000        0.0099025
0.34000         0.010000       0.50000        0.010087
0.35000         0.010000       0.50000        0.010266
0.36000         0.010000       0.50000        0.010439
0.37000         0.010000       0.50000        0.010607
0.38000         0.010000       0.50000        0.010769
0.39000         0.010000       0.50000        0.010925
0.40000         0.010000       0.50000        0.011074
0.41000         0.010000       0.50000        0.011216
0.42000         0.010000       0.50000        0.011350
0.43000         0.010000       0.50000        0.011475
0.44000         0.010000       0.50000        0.011589
0.45000         0.010000       0.50000        0.011690
0.46000         0.010000       0.50000        0.011778
0.47000         0.010000       0.50000        0.011849
0.48000         0.010000       0.50000        0.011902
0.49000         0.010000       0.50000        0.011934
0.50000         0.010000       0.50000        0.011945
0.51000         0.010000       0.50000        0.011934
0.52000         0.010000       0.50000        0.011902
0.53000         0.010000       0.50000        0.011849
0.54000         0.010000       0.50000        0.011778
0.55000         0.010000       0.50000        0.011690
0.56000         0.010000       0.50000        0.011589
0.57000         0.010000       0.50000        0.011475
0.58000         0.010000       0.50000        0.011350
0.59000         0.010000       0.50000        0.011216
0.60000         0.010000       0.50000        0.011074
0.61000         0.010000       0.50000        0.010925
0.62000         0.010000       0.50000        0.010769
0.63000         0.010000       0.50000        0.010607
0.64000         0.010000       0.50000        0.010439
0.65000         0.010000       0.50000        0.010266
0.66000         0.010000       0.50000        0.010087
0.67000         0.010000       0.50000        0.0099025
0.68000         0.010000       0.50000        0.0097128
0.69000         0.010000       0.50000        0.0095179
0.70000         0.010000       0.50000        0.0093176
0.71000         0.010000       0.50000        0.0091120
0.72000         0.010000       0.50000        0.0089008
0.73000         0.010000       0.50000        0.0086841
0.74000         0.010000       0.50000        0.0084616
0.75000         0.010000       0.50000        0.0082333
0.76000         0.010000       0.50000        0.0079989
0.77000         0.010000       0.50000        0.0077582
0.78000         0.010000       0.50000        0.0075112
0.79000         0.010000       0.50000        0.0072575
0.80000         0.010000       0.50000        0.0069970
0.81000         0.010000       0.50000        0.0067293
0.82000         0.010000       0.50000        0.0064543
0.83000         0.010000       0.50000        0.0061717
0.84000         0.010000       0.50000        0.0058812
0.85000         0.010000       0.50000        0.0055825
0.86000         0.010000       0.50000        0.0052754
0.87000         0.010000       0.50000        0.0049594
0.88000         0.010000       0.50000        0.0046344
0.89000         0.010000       0.50000        0.0043001
0.90000         0.010000       0.50000        0.0039561
0.91000         0.010000       0.50000        0.0036024
0.92000         0.010000       0.50000        0.0032386
0.93000         0.010000       0.50000        0.0028647
0.94000         0.010000       0.50000        0.0024808
0.95000         0.010000       0.50000        0.0020870
0.96000         0.010000       0.50000        0.0016839
0.97000         0.010000       0.50000        0.0012722
0.98000         0.010000       0.50000        8.5296E-4
0.99000         0.010000       0.50000        4.2806E-4
1.0000          0.010000       0.50000        0.0000
0.0000          0.020000       0.50000        3.5115E-22
0.010000        0.020000       0.50000        8.4170E-4
0.020000        0.020000       0.50000        0.0016780
0.030000        0.020000       0.50000        0.0025028
0.040000        0.020000       0.50000        0.0033138
0.050000        0.020000       0.50000        0.0041084
0.060000        0.020000       0.50000        0.0048852
0.070000        0.020000       0.50000        0.0056432
0.080000        0.020000       0.50000        0.0063822
0.090000        0.020000       0.50000        0.0071019
0.10000         0.020000       0.50000        0.0078024
0.11000         0.020000       0.50000        0.0084841
0.12000         0.020000       0.50000        0.0091473
0.13000         0.020000       0.50000        0.0097926
0.14000         0.020000       0.50000        0.010420
0.15000         0.020000       0.50000        0.011031
0.16000         0.020000       0.50000        0.011626
0.17000         0.020000       0.50000        0.012204
0.18000         0.020000       0.50000        0.012768
0.19000         0.020000       0.50000        0.013317
0.20000         0.020000       0.50000        0.013851
0.21000         0.020000       0.50000        0.014372
0.22000         0.020000       0.50000        0.014879
0.23000         0.020000       0.50000        0.015373
0.24000         0.020000       0.50000        0.015855
0.25000         0.020000       0.50000        0.016325
0.26000         0.020000       0.50000        0.016783
0.27000         0.020000       0.50000        0.017230
0.28000         0.020000       0.50000        0.017666
0.29000         0.020000       0.50000        0.018090
0.30000         0.020000       0.50000        0.018504
0.31000         0.020000       0.50000        0.018908
0.32000         0.020000       0.50000        0.019301
0.33000         0.020000       0.50000        0.019684
0.34000         0.020000       0.50000        0.020057
0.35000         0.020000       0.50000        0.020419
0.36000         0.020000       0.50000        0.020771
0.37000         0.020000       0.50000        0.021112
0.38000         0.020000       0.50000        0.021442
0.39000         0.020000       0.50000        0.021760
0.40000         0.020000       0.50000        0.022066
0.41000         0.020000       0.50000        0.022357
0.42000         0.020000       0.50000        0.022633
0.43000         0.020000       0.50000        0.022890
0.44000         0.020000       0.50000        0.023127
0.45000         0.020000       0.50000        0.023339
0.46000         0.020000       0.50000        0.023523
0.47000         0.020000       0.50000        0.023673
0.48000         0.020000       0.50000        0.023784
0.49000         0.020000       0.50000        0.023853
0.50000         0.020000       0.50000        0.023877
0.51000         0.020000       0.50000        0.023853
0.52000         0.020000       0.50000        0.023784
0.53000         0.020000       0.50000        0.023673
0.54000         0.020000       0.50000        0.023523
0.55000         0.020000       0.50000        0.023339
0.56000         0.020000       0.50000        0.023127
0.57000         0.020000       0.50000        0.022890
0.58000         0.020000       0.50000        0.022633
0.59000         0.020000       0.50000        0.022357
0.60000         0.020000       0.50000        0.022066
0.61000         0.020000       0.50000        0.021760
0.62000         0.020000       0.50000        0.021442
0.63000         0.020000       0.50000        0.021112
0.64000         0.020000       0.50000        0.020771
0.65000         0.020000       0.50000        0.020419
0.66000         0.020000       0.50000        0.020057
0.67000         0.020000       0.50000        0.019684
0.68000         0.020000       0.50000        0.019301
0.69000         0.020000       0.50000        0.018908
0.70000         0.020000       0.50000        0.018504
0.71000         0.020000       0.50000        0.018090
0.72000         0.020000       0.50000        0.017666
0.73000         0.020000       0.50000        0.017230
0.74000         0.020000       0.50000        0.016783
0.75000         0.020000       0.50000        0.016325
0.76000         0.020000       0.50000        0.015855
0.77000         0.020000       0.50000        0.015373
0.78000         0.020000       0.50000        0.014879
0.79000         0.020000       0.50000        0.014372
0.80000         0.020000       0.50000        0.013851
0.81000         0.020000       0.50000        0.013317
0.82000         0.020000       0.50000        0.012768
0.83000         0.020000       0.50000        0.012204
0.84000         0.020000       0.50000        0.011626
0.85000         0.020000       0.50000        0.011031
0.86000         0.020000       0.50000        0.010420
0.87000         0.020000       0.50000        0.0097926
0.88000         0.020000       0.50000        0.0091473
0.89000         0.020000       0.50000        0.0084841
0.90000         0.020000       0.50000        0.0078024
0.91000         0.020000       0.50000        0.0071019
0.92000         0.020000       0.50000        0.0063822
0.93000         0.020000       0.50000        0.0056432
0.94000         0.020000       0.50000        0.0048852
0.95000         0.020000       0.50000        0.0041084
0.96000         0.020000       0.50000        0.0033138
0.97000         0.020000       0.50000        0.0025028
0.98000         0.020000       0.50000        0.0016779
0.99000         0.020000       0.50000        8.4183E-4
1.0000          0.020000       0.50000        0.0000
0.0000          0.030000       0.50000        6.0095E-20
0.010000        0.030000       0.50000        0.0012311
0.020000        0.030000       0.50000        0.0024546
0.030000        0.030000       0.50000        0.0036620
0.040000        0.030000       0.50000        0.0048508
0.050000        0.030000       0.50000        0.0060168
0.060000        0.030000       0.50000        0.0071581
0.070000        0.030000       0.50000        0.0082734
0.080000        0.030000       0.50000        0.0093621
0.090000        0.030000       0.50000        0.010424
0.10000         0.030000       0.50000        0.011459
0.11000         0.030000       0.50000        0.012467
0.12000         0.030000       0.50000        0.013449
0.13000         0.030000       0.50000        0.014406
0.14000         0.030000       0.50000        0.015338
0.15000         0.030000       0.50000        0.016246
0.16000         0.030000       0.50000        0.017131
0.17000         0.030000       0.50000        0.017994
0.18000         0.030000       0.50000        0.018834
0.19000         0.030000       0.50000        0.019654
0.20000         0.030000       0.50000        0.020453
0.21000         0.030000       0.50000        0.021233
0.22000         0.030000       0.50000        0.021993
0.23000         0.030000       0.50000        0.022735
0.24000         0.030000       0.50000        0.023459
0.25000         0.030000       0.50000        0.024166
0.26000         0.030000       0.50000        0.024855
0.27000         0.030000       0.50000        0.025529
0.28000         0.030000       0.50000        0.026186
0.29000         0.030000       0.50000        0.026828
0.30000         0.030000       0.50000        0.027455
0.31000         0.030000       0.50000        0.028067
0.32000         0.030000       0.50000        0.028664
0.33000         0.030000       0.50000        0.029246
0.34000         0.030000       0.50000        0.029814
0.35000         0.030000       0.50000        0.030368
0.36000         0.030000       0.50000        0.030906
0.37000         0.030000       0.50000        0.031429
0.38000         0.030000       0.50000        0.031937
0.39000         0.030000       0.50000        0.032428
0.40000         0.030000       0.50000        0.032901
0.41000         0.030000       0.50000        0.033354
0.42000         0.030000       0.50000        0.033785
0.43000         0.030000       0.50000        0.034190
0.44000         0.030000       0.50000        0.034566
0.45000         0.030000       0.50000        0.034904
0.46000         0.030000       0.50000        0.035200
0.47000         0.030000       0.50000        0.035443
0.48000         0.030000       0.50000        0.035626
0.49000         0.030000       0.50000        0.035739
0.50000         0.030000       0.50000        0.035777
0.51000         0.030000       0.50000        0.035739
0.52000         0.030000       0.50000        0.035626
0.53000         0.030000       0.50000        0.035443
0.54000         0.030000       0.50000        0.035200
0.55000         0.030000       0.50000        0.034904
0.56000         0.030000       0.50000        0.034566
0.57000         0.030000       0.50000        0.034190
0.58000         0.030000       0.50000        0.033785
0.59000         0.030000       0.50000        0.033354
0.60000         0.030000       0.50000        0.032901
0.61000         0.030000       0.50000        0.032428
0.62000         0.030000       0.50000        0.031937
0.63000         0.030000       0.50000        0.031429
0.64000         0.030000       0.50000        0.030906
0.65000         0.030000       0.50000        0.030368
0.66000         0.030000       0.50000        0.029814
0.67000         0.030000       0.50000        0.029246
0.68000         0.030000       0.50000        0.028664
0.69000         0.030000       0.50000        0.028067
0.70000         0.030000       0.50000        0.027455
0.71000         0.030000       0.50000        0.026828
0.72000         0.030000       0.50000        0.026186
0.73000         0.030000       0.50000        0.025529
0.74000         0.030000       0.50000        0.024855
0.75000         0.030000       0.50000        0.024166
0.76000         0.030000       0.50000        0.023459
0.77000         0.030000       0.50000        0.022735
0.78000         0.030000       0.50000        0.021993
0.79000         0.030000       0.50000        0.021233
0.80000         0.030000       0.50000        0.020453
0.81000         0.030000       0.50000        0.019654
0.82000         0.030000       0.50000        0.018834
0.83000         0.030000       0.50000        0.017994
0.84000         0.030000       0.50000        0.017131
0.85000         0.030000       0.50000        0.016246
0.86000         0.030000       0.50000        0.015338
0.87000         0.030000       0.50000        0.014406
0.88000         0.030000       0.50000        0.013449
0.89000         0.030000       0.50000        0.012467
0.90000         0.030000       0.50000        0.011459
0.91000         0.030000       0.50000        0.010424
0.92000         0.030000       0.50000        0.0093621
0.93000         0.030000       0.50000        0.0082735
0.94000         0.030000       0.50000        0.0071582
0.95000         0.030000       0.50000        0.0060169
0.96000         0.030000       0.50000        0.0048508
0.97000         0.030000       0.50000        0.0036621
0.98000         0.030000       0.50000        0.0024546
0.99000         0.030000       0.50000        0.0012312
1.0000          0.030000       0.50000        9.5933E-20
0.0000          0.040000       0.50000        1.4173E-19
0.010000        0.040000       0.50000        0.0015901
0.020000        0.040000       0.50000        0.0031711
0.030000        0.040000       0.50000        0.0047330
0.040000        0.040000       0.50000        0.0062726
0.050000        0.040000       0.50000        0.0077846
0.060000        0.040000       0.50000        0.0092669
0.070000        0.040000       0.50000        0.010718
0.080000        0.040000       0.50000        0.012136
0.090000        0.040000       0.50000        0.013521
0.10000         0.040000       0.50000        0.014874
0.11000         0.040000       0.50000        0.016194
0.12000         0.040000       0.50000        0.017482
0.13000         0.040000       0.50000        0.018739
0.14000         0.040000       0.50000        0.019965
0.15000         0.040000       0.50000        0.021161
0.16000         0.040000       0.50000        0.022328
0.17000         0.040000       0.50000        0.023468
0.18000         0.040000       0.50000        0.024580
0.19000         0.040000       0.50000        0.025666
0.20000         0.040000       0.50000        0.026726
0.21000         0.040000       0.50000        0.027762
0.22000         0.040000       0.50000        0.028774
0.23000         0.040000       0.50000        0.029762
0.24000         0.040000       0.50000        0.030728
0.25000         0.040000       0.50000        0.031673
0.26000         0.040000       0.50000        0.032596
0.27000         0.040000       0.50000        0.033498
0.28000         0.040000       0.50000        0.034381
0.29000         0.040000       0.50000        0.035244
0.30000         0.040000       0.50000        0.036088
0.31000         0.040000       0.50000        0.036913
0.32000         0.040000       0.50000        0.037720
0.33000         0.040000       0.50000        0.038509
0.34000         0.040000       0.50000        0.039280
0.35000         0.040000       0.50000        0.040033
0.36000         0.040000       0.50000        0.040768
0.37000         0.040000       0.50000        0.041484
0.38000         0.040000       0.50000        0.042181
0.39000         0.040000       0.50000        0.042858
0.40000         0.040000       0.50000        0.043513
0.41000         0.040000       0.50000        0.044145
0.42000         0.040000       0.50000        0.044749
0.43000         0.040000       0.50000        0.045322
0.44000         0.040000       0.50000        0.045857
0.45000         0.040000       0.50000        0.046345
0.46000         0.040000       0.50000        0.046775
0.47000         0.040000       0.50000        0.047134
0.48000         0.040000       0.50000        0.047405
0.49000         0.040000       0.50000        0.047575
0.50000         0.040000       0.50000        0.047633
0.51000         0.040000       0.50000        0.047575
0.52000         0.040000       0.50000        0.047405
0.53000         0.040000       0.50000        0.047134
0.54000         0.040000       0.50000        0.046775
0.55000         0.040000       0.50000        0.046345
0.56000         0.040000       0.50000        0.045857
0.57000         0.040000       0.50000        0.045322
0.58000         0.040000       0.50000        0.044749
0.59000         0.040000       0.50000        0.044145
0.60000         0.040000       0.50000        0.043513
0.61000         0.040000       0.50000        0.042858
0.62000         0.040000       0.50000        0.042181
0.63000         0.040000       0.50000        0.041484
0.64000         0.040000       0.50000        0.040768
0.65000         0.040000       0.50000        0.040033
0.66000         0.040000       0.50000        0.039280
0.67000         0.040000       0.50000        0.038509
0.68000         0.040000       0.50000        0.037720
0.69000         0.040000       0.50000        0.036913
0.70000         0.040000       0.50000        0.036088
0.71000         0.040000       0.50000        0.035244
0.72000         0.040000       0.50000        0.034381
0.73000         0.040000       0.50000        0.033498
0.74000         0.040000       0.50000        0.032596
0.75000         0.040000       0.50000        0.031673
0.76000         0.040000       0.50000        0.030728
0.77000         0.040000       0.50000        0.029762
0.78000         0.040000       0.50000        0.028774
0.79000         0.040000       0.50000        0.027762
0.80000         0.040000       0.50000        0.026726
0.81000         0.040000       0.50000        0.025666
0.82000         0.040000       0.50000        0.024580
0.83000         0.040000       0.50000        0.023468
0.84000         0.040000       0.50000        0.022328
0.85000         0.040000       0.50000        0.021161
0.86000         0.040000       0.50000        0.019965
0.87000         0.040000       0.50000        0.018739
0.88000         0.040000       0.50000        0.017482
0.89000         0.040000       0.50000        0.016194
0.90000         0.040000       0.50000        0.014874
0.91000         0.040000       0.50000        0.013521
0.92000         0.040000       0.50000        0.012136
0.93000         0.040000       0.50000        0.010718
0.94000         0.040000       0.50000        0.0092669
0.95000         0.040000       0.50000        0.0077847
0.96000         0.040000       0.50000        0.0062726
0.97000         0.040000       0.50000        0.0047329
0.98000         0.040000       0.50000        0.0031711
0.99000         0.040000       0.50000        0.0015902
1.0000          0.040000       0.50000        -6.3477E-20
0.0000          0.050000       0.50000        1.9865E-19
0.010000        0.050000       0.50000        0.0019163
0.020000        0.050000       0.50000        0.0038225
0.030000        0.050000       0.50000        0.0057077
0.040000        0.050000       0.50000        0.0075681
0.050000        0.050000       0.50000        0.0093981
0.060000        0.050000       0.50000        0.011195
0.070000        0.050000       0.50000        0.012956
0.080000        0.050000       0.50000        0.014681
0.090000        0.050000       0.50000        0.016369
0.10000         0.050000       0.50000        0.018020
0.11000         0.050000       0.50000        0.019635
0.12000         0.050000       0.50000        0.021212
0.13000         0.050000       0.50000        0.022754
0.14000         0.050000       0.50000        0.024261
0.15000         0.050000       0.50000        0.025734
0.16000         0.050000       0.50000        0.027174
0.17000         0.050000       0.50000        0.028581
0.18000         0.050000       0.50000        0.029957
0.19000         0.050000       0.50000        0.031303
0.20000         0.050000       0.50000        0.032619
0.21000         0.050000       0.50000        0.033906
0.22000         0.050000       0.50000        0.035166
0.23000         0.050000       0.50000        0.036399
0.24000         0.050000       0.50000        0.037605
0.25000         0.050000       0.50000        0.038787
0.26000         0.050000       0.50000        0.039943
0.27000         0.050000       0.50000        0.041076
0.28000         0.050000       0.50000        0.042186
0.29000         0.050000       0.50000        0.043273
0.30000         0.050000       0.50000        0.044338
0.31000         0.050000       0.50000        0.045382
0.32000         0.050000       0.50000        0.046404
0.33000         0.050000       0.50000        0.047406
0.34000         0.050000       0.50000        0.048387
0.35000         0.050000       0.50000        0.049348
0.36000         0.050000       0.50000        0.050289
0.37000         0.050000       0.50000        0.051209
0.38000         0.050000       0.50000        0.052108
0.39000         0.050000       0.50000        0.052985
0.40000         0.050000       0.50000        0.053838
0.41000         0.050000       0.50000        0.054666
0.42000         0.050000       0.50000        0.055463
0.43000         0.050000       0.50000        0.056226
0.44000         0.050000       0.50000        0.056946
0.45000         0.050000       0.50000        0.057611
0.46000         0.050000       0.50000        0.058206
0.47000         0.050000       0.50000        0.058708
0.48000         0.050000       0.50000        0.059094
0.49000         0.050000       0.50000        0.059339
0.50000         0.050000       0.50000        0.059422
0.51000         0.050000       0.50000        0.059339
0.52000         0.050000       0.50000        0.059094
0.53000         0.050000       0.50000        0.058708
0.54000         0.050000       0.50000        0.058206
0.55000         0.050000       0.50000        0.057611
0.56000         0.050000       0.50000        0.056946
0.57000         0.050000       0.50000        0.056226
0.58000         0.050000       0.50000        0.055463
0.59000         0.050000       0.50000        0.054666
0.60000         0.050000       0.50000        0.053838
0.61000         0.050000       0.50000        0.052985
0.62000         0.050000       0.50000        0.052108
0.63000         0.050000       0.50000        0.051209
0.64000         0.050000       0.50000        0.050289
0.65000         0.050000       0.50000        0.049348
0.66000         0.050000       0.50000        0.048387
0.67000         0.050000       0.50000        0.047406
0.68000         0.050000       0.50000        0.046404
0.69000         0.050000       0.50000        0.045382
0.70000         0.050000       0.50000        0.044338
0.71000         0.050000       0.50000        0.043273
0.72000         0.050000       0.50000        0.042186
0.73000         0.050000       0.50000        0.041076
0.74000         0.050000       0.50000        0.039943
0.75000         0.050000       0.50000        0.038787
0.76000         0.050000       0.50000        0.037605
0.77000         0.050000       0.50000        0.036399
0.78000         0.050000       0.50000        0.035166
0.79000         0.050000       0.50000        0.033906
0.80000         0.050000       0.50000        0.032619
0.81000         0.050000       0.50000        0.031303
0.82000         0.050000       0.50000        0.029957
0.83000         0.050000       0.50000        0.028581
0.84000         0.050000       0.50000        0.027174
0.85000         0.050000       0.50000        0.025734
0.86000         0.050000       0.50000        0.024261
0.87000         0.050000       0.50000        0.022754
0.88000         0.050000       0.50000        0.021212
0.89000         0.050000       0.50000        0.019635
0.90000         0.050000       0.50000        0.018020
0.91000         0.050000       0.50000        0.016369
0.92000         0.050000       0.50000        0.014681
0.93000         0.050000       0.50000        0.012956
0.94000         0.050000       0.50000        0.011195
0.95000         0.050000       0.50000        0.0093980
0.96000         0.050000       0.50000        0.0075682
0.97000         0.050000       0.50000        0.0057077
0.98000         0.050000       0.50000        0.0038225
0.99000         0.050000       0.50000        0.0019164
1.0000          0.050000       0.50000        1.8841E-19
0.0000          0.060000       0.50000        2.1352E-19
0.010000        0.060000       0.50000        0.0022098
0.020000        0.060000       0.50000        0.0044088
0.030000        0.060000       0.50000        0.0065860
0.040000        0.060000       0.50000        0.0087371
0.050000        0.060000       0.50000        0.010856
0.060000        0.060000       0.50000        0.012940
0.070000        0.060000       0.50000        0.014986
0.080000        0.060000       0.50000        0.016994
0.090000        0.060000       0.50000        0.018962
0.10000         0.060000       0.50000        0.020891
0.11000         0.060000       0.50000        0.022780
0.12000         0.060000       0.50000        0.024629
0.13000         0.060000       0.50000        0.026440
0.14000         0.060000       0.50000        0.028213
0.15000         0.060000       0.50000        0.029949
0.16000         0.060000       0.50000        0.031648
0.17000         0.060000       0.50000        0.033313
0.18000         0.060000       0.50000        0.034943
0.19000         0.060000       0.50000        0.036539
0.20000         0.060000       0.50000        0.038103
0.21000         0.060000       0.50000        0.039636
0.22000         0.060000       0.50000        0.041138
0.23000         0.060000       0.50000        0.042610
0.24000         0.060000       0.50000        0.044054
0.25000         0.060000       0.50000        0.045470
0.26000         0.060000       0.50000        0.046859
0.27000         0.060000       0.50000        0.048221
0.28000         0.060000       0.50000        0.049558
0.29000         0.060000       0.50000        0.050870
0.30000         0.060000       0.50000        0.052158
0.31000         0.060000       0.50000        0.053423
0.32000         0.060000       0.50000        0.054665
0.33000         0.060000       0.50000        0.055884
0.34000         0.060000       0.50000        0.057082
0.35000         0.060000       0.50000        0.058258
0.36000         0.060000       0.50000        0.059413
0.37000         0.060000       0.50000        0.060547
0.38000         0.060000       0.50000        0.061658
0.39000         0.060000       0.50000        0.062748
0.40000         0.060000       0.50000        0.063814
0.41000         0.060000       0.50000        0.064854
0.42000         0.060000       0.50000        0.065865
0.43000         0.060000       0.50000        0.066842
0.44000         0.060000       0.50000        0.067774
0.45000         0.060000       0.50000        0.068647
0.46000         0.060000       0.50000        0.069441
0.47000         0.060000       0.50000        0.070124
0.48000         0.060000       0.50000        0.070657
0.49000         0.060000       0.50000        0.070999
0.50000         0.060000       0.50000        0.071118
0.51000         0.060000       0.50000        0.070999
0.52000         0.060000       0.50000        0.070657
0.53000         0.060000       0.50000        0.070124
0.54000         0.060000       0.50000        0.069441
0.55000         0.060000       0.50000        0.068647
0.56000         0.060000       0.50000        0.067774
0.57000         0.060000       0.50000        0.066842
0.58000         0.060000       0.50000        0.065865
0.59000         0.060000       0.50000        0.064854
0.60000         0.060000       0.50000        0.063814
0.61000         0.060000       0.50000        0.062748
0.62000         0.060000       0.50000        0.061658
0.63000         0.060000       0.50000        0.060547
0.64000         0.060000       0.50000        0.059413
0.65000         0.060000       0.50000        0.058258
0.66000         0.060000       0.50000        0.057082
0.67000         0.060000       0.50000        0.055884
0.68000         0.060000       0.50000        0.054665
0.69000         0.060000       0.50000        0.053423
0.70000         0.060000       0.50000        0.052158
0.71000         0.060000       0.50000        0.050870
0.72000         0.060000       0.50000        0.049558
0.73000         0.060000       0.50000        0.048221
0.74000         0.060000       0.50000        0.046859
0.75000         0.060000       0.50000        0.045470
0.76000         0.060000       0.50000        0.044054
0.77000         0.060000       0.50000        0.042610
0.78000         0.060000       0.50000        0.041138
0.79000         0.060000       0.50000        0.039636
0.80000         0.060000       0.50000        0.038103
0.81000         0.060000       0.50000        0.036539
0.82000         0.060000       0.50000        0.034943
0.83000         0.060000       0.50000        0.033313
0.84000         0.060000       0.50000        0.031648
0.85000         0.060000       0.50000        0.029949
0.86000         0.060000       0.50000        0.028213
0.87000         0.060000       0.50000        0.026440
0.88000         0.060000       0.50000        0.024629
0.89000         0.060000       0.50000        0.022780
0.90000         0.060000       0.50000        0.020891
0.91000         0.060000       0.50000        0.018962
0.92000         0.060000       0.50000        0.016994
0.93000         0.060000       0.50000        0.014986
0.94000         0.060000       0.50000        0.012940
0.95000         0.060000       0.50000        0.010856
0.96000         0.060000       0.50000        0.0087371
0.97000         0.060000       0.50000        0.0065860
0.98000         0.060000       0.50000        0.0044088
0.99000         0.060000       0.50000        0.0022098
1.0000          0.060000       0.50000        0.0000
0.0000          0.070000       0.50000        -2.1148E-19
0.010000        0.070000       0.50000        0.0024723
0.020000        0.070000       0.50000        0.0049336
0.030000        0.070000       0.50000        0.0073730
0.040000        0.070000       0.50000        0.0097858
0.050000        0.070000       0.50000        0.012166
0.060000        0.070000       0.50000        0.014510
0.070000        0.070000       0.50000        0.016816
0.080000        0.070000       0.50000        0.019083
0.090000        0.070000       0.50000        0.021308
0.10000         0.070000       0.50000        0.023493
0.11000         0.070000       0.50000        0.025636
0.12000         0.070000       0.50000        0.027738
0.13000         0.070000       0.50000        0.029801
0.14000         0.070000       0.50000        0.031823
0.15000         0.070000       0.50000        0.033807
0.16000         0.070000       0.50000        0.035752
0.17000         0.070000       0.50000        0.037660
0.18000         0.070000       0.50000        0.039533
0.19000         0.070000       0.50000        0.041369
0.20000         0.070000       0.50000        0.043172
0.21000         0.070000       0.50000        0.044941
0.22000         0.070000       0.50000        0.046678
0.23000         0.070000       0.50000        0.048383
0.24000         0.070000       0.50000        0.050058
0.25000         0.070000       0.50000        0.051704
0.26000         0.070000       0.50000        0.053321
0.27000         0.070000       0.50000        0.054910
0.28000         0.070000       0.50000        0.056472
0.29000         0.070000       0.50000        0.058008
0.30000         0.070000       0.50000        0.059519
0.31000         0.070000       0.50000        0.061005
0.32000         0.070000       0.50000        0.062468
0.33000         0.070000       0.50000        0.063907
0.34000         0.070000       0.50000        0.065325
0.35000         0.070000       0.50000        0.066721
0.36000         0.070000       0.50000        0.068095
0.37000         0.070000       0.50000        0.069449
0.38000         0.070000       0.50000        0.070782
0.39000         0.070000       0.50000        0.072094
0.40000         0.070000       0.50000        0.073385
0.41000         0.070000       0.50000        0.074652
0.42000         0.070000       0.50000        0.075894
0.43000         0.070000       0.50000        0.077105
0.44000         0.070000       0.50000        0.078276
0.45000         0.070000       0.50000        0.079391
0.46000         0.070000       0.50000        0.080423
0.47000         0.070000       0.50000        0.081330
0.48000         0.070000       0.50000        0.082054
0.49000         0.070000       0.50000        0.082527
0.50000         0.070000       0.50000        0.082693
0.51000         0.070000       0.50000        0.082527
0.52000         0.070000       0.50000        0.082054
0.53000         0.070000       0.50000        0.081330
0.54000         0.070000       0.50000        0.080423
0.55000         0.070000       0.50000        0.079391
0.56000         0.070000       0.50000        0.078276
0.57000         0.070000       0.50000        0.077105
0.58000         0.070000       0.50000        0.075894
0.59000         0.070000       0.50000        0.074652
0.60000         0.070000       0.50000        0.073385
0.61000         0.070000       0.50000        0.072094
0.62000         0.070000       0.50000        0.070782
0.63000         0.070000       0.50000        0.069449
0.64000         0.070000       0.50000        0.068095
0.65000         0.070000       0.50000        0.066721
0.66000         0.070000       0.50000        0.065325
0.67000         0.070000       0.50000        0.063907
0.68000         0.070000       0.50000        0.062468
0.69000         0.070000       0.50000        0.061005
0.70000         0.070000       0.50000        0.059519
0.71000         0.070000       0.50000        0.058008
0.72000         0.070000       0.50000        0.056472
0.73000         0.070000       0.50000        0.054910
0.74000         0.070000       0.50000        0.053321
0.75000         0.070000       0.50000        0.051704
0.76000         0.070000       0.50000        0.050058
0.77000         0.070000       0.50000        0.048383
0.78000         0.070000       0.50000        0.046678
0.79000         0.070000       0.50000        0.044941
0.80000         0.070000       0.50000        0.043172
0.81000         0.070000       0.50000        0.041369
0.82000         0.070000       0.50000        0.039533
0.83000         0.070000       0.50000        0.037660
0.84000         0.070000       0.50000        0.035752
0.85000         0.070000       0.50000        0.033807
0.86000         0.070000       0.50000        0.031823
0.87000         0.070000       0.50000        0.029801
0.88000         0.070000       0.50000        0.027738
0.89000         0.070000       0.50000        0.025636
0.90000         0.070000       0.50000        0.023493
0.91000         0.070000       0.50000        0.021308
0.92000         0.070000       0.50000        0.019083
0.93000         0.070000       0.50000        0.016816
0.94000         0.070000       0.50000        0.014510
0.95000         0.070000       0.50000        0.012166
0.96000         0.070000       0.50000        0.0097858
0.97000         0.070000       0.50000        0.0073730
0.98000         0.070000       0.50000        0.0049336
0.99000         0.070000       0.50000        0.0024723
1.0000          0.070000       0.50000        -3.5563E-19
0.0000          0.080000       0.50000        -4.9128E-22
0.010000        0.080000       0.50000        0.0027068
0.020000        0.080000       0.50000        0.0054027
0.030000        0.080000       0.50000        0.0080770
0.040000        0.080000       0.50000        0.010725
0.050000        0.080000       0.50000        0.013340
0.060000        0.080000       0.50000        0.015920
0.070000        0.080000       0.50000        0.018462
0.080000        0.080000       0.50000        0.020963
0.090000        0.080000       0.50000        0.023424
0.10000         0.080000       0.50000        0.025843
0.11000         0.080000       0.50000        0.028220
0.12000         0.080000       0.50000        0.030557
0.13000         0.080000       0.50000        0.032852
0.14000         0.080000       0.50000        0.035107
0.15000         0.080000       0.50000        0.037322
0.16000         0.080000       0.50000        0.039498
0.17000         0.080000       0.50000        0.041637
0.18000         0.080000       0.50000        0.043738
0.19000         0.080000       0.50000        0.045803
0.20000         0.080000       0.50000        0.047832
0.21000         0.080000       0.50000        0.049827
0.22000         0.080000       0.50000        0.051790
0.23000         0.080000       0.50000        0.053719
0.24000         0.080000       0.50000        0.055618
0.25000         0.080000       0.50000        0.057486
0.26000         0.080000       0.50000        0.059324
0.27000         0.080000       0.50000        0.061134
0.28000         0.080000       0.50000        0.062917
0.29000         0.080000       0.50000        0.064673
0.30000         0.080000       0.50000        0.066403
0.31000         0.080000       0.50000        0.068109
0.32000         0.080000       0.50000        0.069791
0.33000         0.080000       0.50000        0.071451
0.34000         0.080000       0.50000        0.073088
0.35000         0.080000       0.50000        0.074705
0.36000         0.080000       0.50000        0.076302
0.37000         0.080000       0.50000        0.077879
0.38000         0.080000       0.50000        0.079438
0.39000         0.080000       0.50000        0.080979
0.40000         0.080000       0.50000        0.082502
0.41000         0.080000       0.50000        0.084007
0.42000         0.080000       0.50000        0.085493
0.43000         0.080000       0.50000        0.086955
0.44000         0.080000       0.50000        0.088387
0.45000         0.080000       0.50000        0.089772
0.46000         0.080000       0.50000        0.091081
0.47000         0.080000       0.50000        0.092260
0.48000         0.080000       0.50000        0.093225
0.49000         0.080000       0.50000        0.093871
0.50000         0.080000       0.50000        0.094100
0.51000         0.080000       0.50000        0.093871
0.52000         0.080000       0.50000        0.093225
0.53000         0.080000       0.50000        0.092260
0.54000         0.080000       0.50000        0.091081
0.55000         0.080000       0.50000        0.089772
0.56000         0.080000       0.50000        0.088387
0.57000         0.080000       0.50000        0.086955
0.58000         0.080000       0.50000        0.085493
0.59000         0.080000       0.50000        0.084007
0.60000         0.080000       0.50000        0.082502
0.61000         0.080000       0.50000        0.080979
0.62000         0.080000       0.50000        0.079438
0.63000         0.080000       0.50000        0.077879
0.64000         0.080000       0.50000        0.076302
0.65000         0.080000       0.50000        0.074705
0.66000         0.080000       0.50000        0.073088
0.67000         0.080000       0.50000        0.071451
0.68000         0.080000       0.50000        0.069791
0.69000         0.080000       0.50000        0.068109
0.70000         0.080000       0.50000        0.066403
0.71000         0.080000       0.50000        0.064673
0.72000         0.080000       0.50000        0.062917
0.73000         0.080000       0.50000        0.061134
0.74000         0.080000       0.50000        0.059324
0.75000         0.080000       0.50000        0.057486
0.76000         0.080000       0.50000        0.055618
0.77000         0.080000       0.50000        0.053719
0.78000         0.080000       0.50000        0.051790
0.79000         0.080000       0.50000        0.049827
0.80000         0.080000       0.50000        0.047832
0.81000         0.080000       0.50000        0.045803
0.82000         0.080000       0.50000        0.043738
0.83000         0.080000       0.50000        0.041637
0.84000         0.080000       0.50000        0.039498
0.85000         0.080000       0.50000        0.037322
0.86000         0.080000       0.50000        0.035107
0.87000         0.080000       0.50000        0.032852
0.88000         0.080000       0.50000        0.030557
0.89000         0.080000       0.50000        0.028220
0.90000         0.080000       0.50000        0.025843
0.91000         0.080000       0.50000        0.023423
0.92000         0.080000       0.50000        0.020963
0.93000         0.080000       0.50000        0.018461
0.94000         0.080000       0.50000        0.015920
0.95000         0.080000       0.50000        0.013340
0.96000         0.080000       0.50000        0.010725
0.97000         0.080000       0.50000        0.0080770
0.98000         0.080000       0.50000        0.0054027
0.99000         0.080000       0.50000        0.0027068
1.0000          0.080000       0.50000        7.9196E-20
0.0000          0.090000       0.50000        4.6019E-19
0.010000        0.090000       0.50000        0.0029168
0.020000        0.090000       0.50000        0.0058228
0.030000        0.090000       0.50000        0.0087079
0.040000        0.090000       0.50000        0.011567
0.050000        0.090000       0.50000        0.014395
0.060000        0.090000       0.50000        0.017186
0.070000        0.090000       0.50000        0.019942
0.080000        0.090000       0.50000        0.022657
0.090000        0.090000       0.50000        0.025331
0.10000         0.090000       0.50000        0.027965
0.11000         0.090000       0.50000        0.030558
0.12000         0.090000       0.50000        0.033109
0.13000         0.090000       0.50000        0.035619
0.14000         0.090000       0.50000        0.038089
0.15000         0.090000       0.50000        0.040520
0.16000         0.090000       0.50000        0.042911
0.17000         0.090000       0.50000        0.045264
0.18000         0.090000       0.50000        0.047580
0.19000         0.090000       0.50000        0.049860
0.20000         0.090000       0.50000        0.052104
0.21000         0.090000       0.50000        0.054313
0.22000         0.090000       0.50000        0.056489
0.23000         0.090000       0.50000        0.058633
0.24000         0.090000       0.50000        0.060745
0.25000         0.090000       0.50000        0.062826
0.26000         0.090000       0.50000        0.064878
0.27000         0.090000       0.50000        0.066901
0.28000         0.090000       0.50000        0.068898
0.29000         0.090000       0.50000        0.070867
0.30000         0.090000       0.50000        0.072812
0.31000         0.090000       0.50000        0.074732
0.32000         0.090000       0.50000        0.076629
0.33000         0.090000       0.50000        0.078505
0.34000         0.090000       0.50000        0.080360
0.35000         0.090000       0.50000        0.082195
0.36000         0.090000       0.50000        0.084012
0.37000         0.090000       0.50000        0.085813
0.38000         0.090000       0.50000        0.087598
0.39000         0.090000       0.50000        0.089369
0.40000         0.090000       0.50000        0.091127
0.41000         0.090000       0.50000        0.092874
0.42000         0.090000       0.50000        0.094610
0.43000         0.090000       0.50000        0.096335
0.44000         0.090000       0.50000        0.098042
0.45000         0.090000       0.50000        0.099722
0.46000         0.090000       0.50000        0.10134
0.47000         0.090000       0.50000        0.10284
0.48000         0.090000       0.50000        0.10411
0.49000         0.090000       0.50000        0.10498
0.50000         0.090000       0.50000        0.10529
0.51000         0.090000       0.50000        0.10498
0.52000         0.090000       0.50000        0.10411
0.53000         0.090000       0.50000        0.10284
0.54000         0.090000       0.50000        0.10134
0.55000         0.090000       0.50000        0.099722
0.56000         0.090000       0.50000        0.098042
0.57000         0.090000       0.50000        0.096335
0.58000         0.090000       0.50000        0.094610
0.59000         0.090000       0.50000        0.092874
0.60000         0.090000       0.50000        0.091127
0.61000         0.090000       0.50000        0.089369
0.62000         0.090000       0.50000        0.087598
0.63000         0.090000       0.50000        0.085813
0.64000         0.090000       0.50000        0.084012
0.65000         0.090000       0.50000        0.082195
0.66000         0.090000       0.50000        0.080360
0.67000         0.090000       0.50000        0.078505
0.68000         0.090000       0.50000        0.076629
0.69000         0.090000       0.50000        0.074732
0.70000         0.090000       0.50000        0.072812
0.71000         0.090000       0.50000        0.070867
0.72000         0.090000       0.50000        0.068898
0.73000         0.090000       0.50000        0.066901
0.74000         0.090000       0.50000        0.064878
0.75000         0.090000       0.50000        0.062826
0.76000         0.090000       0.50000        0.060745
0.77000         0.090000       0.50000        0.058633
0.78000         0.090000       0.50000        0.056489
0.79000         0.090000       0.50000        0.054313
0.80000         0.090000       0.50000        0.052104
0.81000         0.090000       0.50000        0.049860
0.82000         0.090000       0.50000        0.047580
0.83000         0.090000       0.50000        0.045264
0.84000         0.090000       0.50000        0.042911
0.85000         0.090000       0.50000        0.040520
0.86000         0.090000       0.50000        0.038089
0.87000         0.090000       0.50000        0.035619
0.88000         0.090000       0.50000        0.033109
0.89000         0.090000       0.50000        0.030558
0.90000         0.090000       0.50000        0.027965
0.91000         0.090000       0.50000        0.025331
0.92000         0.090000       0.50000        0.022657
0.93000         0.090000       0.50000        0.019941
0.94000         0.090000       0.50000        0.017186
0.95000         0.090000       0.50000        0.014395
0.96000         0.090000       0.50000        0.011567
0.97000         0.090000       0.50000        0.0087079
0.98000         0.090000       0.50000        0.0058228
0.99000         0.090000       0.50000        0.0029168
1.0000          0.090000       0.50000        0.0000
0.0000          0.10000        0.50000        -2.7188E-19
0.010000        0.10000        0.50000        0.0031058
0.020000        0.10000        0.50000        0.0062011
0.030000        0.10000        0.50000        0.0092762
0.040000        0.10000        0.50000        0.012326
0.050000        0.10000        0.50000        0.015345
0.060000        0.10000        0.50000        0.018330
0.070000        0.10000        0.50000        0.021278
0.080000        0.10000        0.50000        0.024187
0.090000        0.10000        0.50000        0.027057
0.10000         0.10000        0.50000        0.029887
0.11000         0.10000        0.50000        0.032676
0.12000         0.10000        0.50000        0.035425
0.13000         0.10000        0.50000        0.038133
0.14000         0.10000        0.50000        0.040801
0.15000         0.10000        0.50000        0.043431
0.16000         0.10000        0.50000        0.046022
0.17000         0.10000        0.50000        0.048574
0.18000         0.10000        0.50000        0.051091
0.19000         0.10000        0.50000        0.053571
0.20000         0.10000        0.50000        0.056015
0.21000         0.10000        0.50000        0.058426
0.22000         0.10000        0.50000        0.060804
0.23000         0.10000        0.50000        0.063149
0.24000         0.10000        0.50000        0.065463
0.25000         0.10000        0.50000        0.067747
0.26000         0.10000        0.50000        0.070003
0.27000         0.10000        0.50000        0.072230
0.28000         0.10000        0.50000        0.074430
0.29000         0.10000        0.50000        0.076605
0.30000         0.10000        0.50000        0.078755
0.31000         0.10000        0.50000        0.080882
0.32000         0.10000        0.50000        0.082988
0.33000         0.10000        0.50000        0.085072
0.34000         0.10000        0.50000        0.087138
0.35000         0.10000        0.50000        0.089187
0.36000         0.10000        0.50000        0.091220
0.37000         0.10000        0.50000        0.093239
0.38000         0.10000        0.50000        0.095246
0.39000         0.10000        0.50000        0.097244
0.40000         0.10000        0.50000        0.099235
0.41000         0.10000        0.50000        0.10122
0.42000         0.10000        0.50000        0.10321
0.43000         0.10000        0.50000        0.10520
0.44000         0.10000        0.50000        0.10718
0.45000         0.10000        0.50000        0.10917
0.46000         0.10000        0.50000        0.11113
0.47000         0.10000        0.50000        0.11299
0.48000         0.10000        0.50000        0.11462
0.49000         0.10000        0.50000        0.11578
0.50000         0.10000        0.50000        0.11621
0.51000         0.10000        0.50000        0.11578
0.52000         0.10000        0.50000        0.11462
0.53000         0.10000        0.50000        0.11299
0.54000         0.10000        0.50000        0.11113
0.55000         0.10000        0.50000        0.10917
0.56000         0.10000        0.50000        0.10718
0.57000         0.10000        0.50000        0.10520
0.58000         0.10000        0.50000        0.10321
0.59000         0.10000        0.50000        0.10122
0.60000         0.10000        0.50000        0.099235
0.61000         0.10000        0.50000        0.097244
0.62000         0.10000        0.50000        0.095246
0.63000         0.10000        0.50000        0.093239
0.64000         0.10000        0.50000        0.091220
0.65000         0.10000        0.50000        0.089187
0.66000         0.10000        0.50000        0.087138
0.67000         0.10000        0.50000        0.085072
0.68000         0.10000        0.50000        0.082988
0.69000         0.10000        0.50000        0.080882
0.70000         0.10000        0.50000        0.078755
0.71000         0.10000        0.50000        0.076605
0.72000         0.10000        0.50000        0.074430
0.73000         0.10000        0.50000        0.072230
0.74000         0.10000        0.50000        0.070003
0.75000         0.10000        0.50000        0.067747
0.76000         0.10000        0.50000        0.065463
0.77000         0.10000        0.50000        0.063149
0.78000         0.10000        0.50000        0.060804
0.79000         0.10000        0.50000        0.058426
0.80000         0.10000        0.50000        0.056015
0.81000         0.10000        0.50000        0.053571
0.82000         0.10000        0.50000        0.051091
0.83000         0.10000        0.50000        0.048575
0.84000         0.10000        0.50000        0.046022
0.85000         0.10000        0.50000        0.043431
0.86000         0.10000        0.50000        0.040801
0.87000         0.10000        0.50000        0.038133
0.88000         0.10000        0.50000        0.035425
0.89000         0.10000        0.50000        0.032676
0.90000         0.10000        0.50000        0.029887
0.91000         0.10000        0.50000        0.027057
0.92000         0.10000        0.50000        0.024187
0.93000         0.10000        0.50000        0.021278
0.94000         0.10000        0.50000        0.018330
0.95000         0.10000        0.50000        0.015345
0.96000         0.10000        0.50000        0.012326
0.97000         0.10000        0.50000        0.0092762
0.98000         0.10000        0.50000        0.0062011
0.99000         0.10000        0.50000        0.0031058
1.0000          0.10000        0.50000        2.4249E-19
0.0000          0.11000        0.50000        -5.2608E-22
0.010000        0.11000        0.50000        0.0032774
0.020000        0.11000        0.50000        0.0065445
0.030000        0.11000        0.50000        0.0097921
0.040000        0.11000        0.50000        0.013015
0.050000        0.11000        0.50000        0.016208
0.060000        0.11000        0.50000        0.019368
0.070000        0.11000        0.50000        0.022493
0.080000        0.11000        0.50000        0.025579
0.090000        0.11000        0.50000        0.028627
0.10000         0.11000        0.50000        0.031636
0.11000         0.11000        0.50000        0.034605
0.12000         0.11000        0.50000        0.037535
0.13000         0.11000        0.50000        0.040425
0.14000         0.11000        0.50000        0.043276
0.15000         0.11000        0.50000        0.046089
0.16000         0.11000        0.50000        0.048864
0.17000         0.11000        0.50000        0.051602
0.18000         0.11000        0.50000        0.054304
0.19000         0.11000        0.50000        0.056970
0.20000         0.11000        0.50000        0.059602
0.21000         0.11000        0.50000        0.062201
0.22000         0.11000        0.50000        0.064767
0.23000         0.11000        0.50000        0.067301
0.24000         0.11000        0.50000        0.069806
0.25000         0.11000        0.50000        0.072281
0.26000         0.11000        0.50000        0.074727
0.27000         0.11000        0.50000        0.077147
0.28000         0.11000        0.50000        0.079541
0.29000         0.11000        0.50000        0.081910
0.30000         0.11000        0.50000        0.084256
0.31000         0.11000        0.50000        0.086580
0.32000         0.11000        0.50000        0.088884
0.33000         0.11000        0.50000        0.091170
0.34000         0.11000        0.50000        0.093438
0.35000         0.11000        0.50000        0.095691
0.36000         0.11000        0.50000        0.097931
0.37000         0.11000        0.50000        0.10016
0.38000         0.11000        0.50000        0.10238
0.39000         0.11000        0.50000        0.10460
0.40000         0.11000        0.50000        0.10682
0.41000         0.11000        0.50000        0.10904
0.42000         0.11000        0.50000        0.11126
0.43000         0.11000        0.50000        0.11351
0.44000         0.11000        0.50000        0.11577
0.45000         0.11000        0.50000        0.11806
0.46000         0.11000        0.50000        0.12036
0.47000         0.11000        0.50000        0.12262
0.48000         0.11000        0.50000        0.12467
0.49000         0.11000        0.50000        0.12619
0.50000         0.11000        0.50000        0.12676
0.51000         0.11000        0.50000        0.12619
0.52000         0.11000        0.50000        0.12467
0.53000         0.11000        0.50000        0.12262
0.54000         0.11000        0.50000        0.12036
0.55000         0.11000        0.50000        0.11806
0.56000         0.11000        0.50000        0.11577
0.57000         0.11000        0.50000        0.11351
0.58000         0.11000        0.50000        0.11126
0.59000         0.11000        0.50000        0.10904
0.60000         0.11000        0.50000        0.10682
0.61000         0.11000        0.50000        0.10460
0.62000         0.11000        0.50000        0.10238
0.63000         0.11000        0.50000        0.10016
0.64000         0.11000        0.50000        0.097931
0.65000         0.11000        0.50000        0.095691
0.66000         0.11000        0.50000        0.093438
0.67000         0.11000        0.50000        0.091170
0.68000         0.11000        0.50000        0.088884
0.69000         0.11000        0.50000        0.086580
0.70000         0.11000        0.50000        0.084256
0.71000         0.11000        0.50000        0.081910
0.72000         0.11000        0.50000        0.079541
0.73000         0.11000        0.50000        0.077147
0.74000         0.11000        0.50000        0.074727
0.75000         0.11000        0.50000        0.072281
0.76000         0.11000        0.50000        0.069806
0.77000         0.11000        0.50000        0.067301
0.78000         0.11000        0.50000        0.064767
0.79000         0.11000        0.50000        0.062201
0.80000         0.11000        0.50000        0.059602
0.81000         0.11000        0.50000        0.056970
0.82000         0.11000        0.50000        0.054304
0.83000         0.11000        0.50000        0.051602
0.84000         0.11000        0.50000        0.048864
0.85000         0.11000        0.50000        0.046089
0.86000         0.11000        0.50000        0.043276
0.87000         0.11000        0.50000        0.040425
0.88000         0.11000        0.50000        0.037535
0.89000         0.11000        0.50000        0.034605
0.90000         0.11000        0.50000        0.031636
0.91000         0.11000        0.50000        0.028627
0.92000         0.11000        0.50000        0.025579
0.93000         0.11000        0.50000        0.022493
0.94000         0.11000        0.50000        0.019368
0.95000         0.11000        0.50000        0.016208
0.96000         0.11000        0.50000        0.013015
0.97000         0.11000        0.50000        0.0097921
0.98000         0.11000        0.50000        0.0065445
0.99000         0.11000        0.50000        0.0032774
1.0000          0.11000        0.50000        8.5400E-20
0.0000          0.12000        0.50000        -4.6249E-19
0.010000        0.12000        0.50000        0.0034347
0.020000        0.12000        0.50000        0.0068594
0.030000        0.12000        0.50000        0.010265
0.040000        0.12000        0.50000        0.013647
0.050000        0.12000        0.50000        0.017000
0.060000        0.12000        0.50000        0.020320
0.070000        0.12000        0.50000        0.023606
0.080000        0.12000        0.50000        0.026855
0.090000        0.12000        0.50000        0.030067
0.10000         0.12000        0.50000        0.033240
0.11000         0.12000        0.50000        0.036375
0.12000         0.12000        0.50000        0.039471
0.13000         0.12000        0.50000        0.042528
0.14000         0.12000        0.50000        0.045548
0.15000         0.12000        0.50000        0.048529
0.16000         0.12000        0.50000        0.051474
0.17000         0.12000        0.50000        0.054383
0.18000         0.12000        0.50000        0.057257
0.19000         0.12000        0.50000        0.060096
0.20000         0.12000        0.50000        0.062901
0.21000         0.12000        0.50000        0.065674
0.22000         0.12000        0.50000        0.068416
0.23000         0.12000        0.50000        0.071127
0.24000         0.12000        0.50000        0.073808
0.25000         0.12000        0.50000        0.076461
0.26000         0.12000        0.50000        0.079087
0.27000         0.12000        0.50000        0.081687
0.28000         0.12000        0.50000        0.084263
0.29000         0.12000        0.50000        0.086815
0.30000         0.12000        0.50000        0.089346
0.31000         0.12000        0.50000        0.091856
0.32000         0.12000        0.50000        0.094347
0.33000         0.12000        0.50000        0.096822
0.34000         0.12000        0.50000        0.099281
0.35000         0.12000        0.50000        0.10173
0.36000         0.12000        0.50000        0.10416
0.37000         0.12000        0.50000        0.10659
0.38000         0.12000        0.50000        0.10902
0.39000         0.12000        0.50000        0.11144
0.40000         0.12000        0.50000        0.11387
0.41000         0.12000        0.50000        0.11631
0.42000         0.12000        0.50000        0.11877
0.43000         0.12000        0.50000        0.12126
0.44000         0.12000        0.50000        0.12378
0.45000         0.12000        0.50000        0.12636
0.46000         0.12000        0.50000        0.12900
0.47000         0.12000        0.50000        0.13166
0.48000         0.12000        0.50000        0.13417
0.49000         0.12000        0.50000        0.13612
0.50000         0.12000        0.50000        0.13689
0.51000         0.12000        0.50000        0.13612
0.52000         0.12000        0.50000        0.13417
0.53000         0.12000        0.50000        0.13166
0.54000         0.12000        0.50000        0.12900
0.55000         0.12000        0.50000        0.12636
0.56000         0.12000        0.50000        0.12378
0.57000         0.12000        0.50000        0.12126
0.58000         0.12000        0.50000        0.11877
0.59000         0.12000        0.50000        0.11631
0.60000         0.12000        0.50000        0.11387
0.61000         0.12000        0.50000        0.11144
0.62000         0.12000        0.50000        0.10902
0.63000         0.12000        0.50000        0.10659
0.64000         0.12000        0.50000        0.10416
0.65000         0.12000        0.50000        0.10173
0.66000         0.12000        0.50000        0.099281
0.67000         0.12000        0.50000        0.096822
0.68000         0.12000        0.50000        0.094347
0.69000         0.12000        0.50000        0.091856
0.70000         0.12000        0.50000        0.089346
0.71000         0.12000        0.50000        0.086815
0.72000         0.12000        0.50000        0.084263
0.73000         0.12000        0.50000        0.081687
0.74000         0.12000        0.50000        0.079087
0.75000         0.12000        0.50000        0.076461
0.76000         0.12000        0.50000        0.073808
0.77000         0.12000        0.50000        0.071127
0.78000         0.12000        0.50000        0.068416
0.79000         0.12000        0.50000        0.065674
0.80000         0.12000        0.50000        0.062901
0.81000         0.12000        0.50000        0.060096
0.82000         0.12000        0.50000        0.057257
0.83000         0.12000        0.50000        0.054383
0.84000         0.12000        0.50000        0.051474
0.85000         0.12000        0.50000        0.048529
0.86000         0.12000        0.50000        0.045548
0.87000         0.12000        0.50000        0.042528
0.88000         0.12000        0.50000        0.039471
0.89000         0.12000        0.50000        0.036375
0.90000         0.12000        0.50000        0.033240
0.91000         0.12000        0.50000        0.030067
0.92000         0.12000        0.50000        0.026855
0.93000         0.12000        0.50000        0.023606
0.94000         0.12000        0.50000        0.020320
0.95000         0.12000        0.50000        0.017000
0.96000         0.12000        0.50000        0.013647
0.97000         0.12000        0.50000        0.010265
0.98000         0.12000        0.50000        0.0068594
0.99000         0.12000        0.50000        0.0034347
1.0000          0.12000        0.50000        -6.1814E-19
0.0000          0.13000        0.50000        3.2823E-19
0.010000        0.13000        0.50000        0.0035808
0.020000        0.13000        0.50000        0.0071518
0.030000        0.13000        0.50000        0.010704
0.040000        0.13000        0.50000        0.014234
0.050000        0.13000        0.50000        0.017734
0.060000        0.13000        0.50000        0.021203
0.070000        0.13000        0.50000        0.024638
0.080000        0.13000        0.50000        0.028038
0.090000        0.13000        0.50000        0.031400
0.10000         0.13000        0.50000        0.034725
0.11000         0.13000        0.50000        0.038012
0.12000         0.13000        0.50000        0.041262
0.13000         0.13000        0.50000        0.044473
0.14000         0.13000        0.50000        0.047648
0.15000         0.13000        0.50000        0.050786
0.16000         0.13000        0.50000        0.053888
0.17000         0.13000        0.50000        0.056954
0.18000         0.13000        0.50000        0.059986
0.19000         0.13000        0.50000        0.062985
0.20000         0.13000        0.50000        0.065951
0.21000         0.13000        0.50000        0.068886
0.22000         0.13000        0.50000        0.071790
0.23000         0.13000        0.50000        0.074664
0.24000         0.13000        0.50000        0.077510
0.25000         0.13000        0.50000        0.080329
0.26000         0.13000        0.50000        0.083122
0.27000         0.13000        0.50000        0.085890
0.28000         0.13000        0.50000        0.088635
0.29000         0.13000        0.50000        0.091358
0.30000         0.13000        0.50000        0.094060
0.31000         0.13000        0.50000        0.096744
0.32000         0.13000        0.50000        0.099410
0.33000         0.13000        0.50000        0.10206
0.34000         0.13000        0.50000        0.10470
0.35000         0.13000        0.50000        0.10733
0.36000         0.13000        0.50000        0.10995
0.37000         0.13000        0.50000        0.11257
0.38000         0.13000        0.50000        0.11518
0.39000         0.13000        0.50000        0.11780
0.40000         0.13000        0.50000        0.12043
0.41000         0.13000        0.50000        0.12307
0.42000         0.13000        0.50000        0.12574
0.43000         0.13000        0.50000        0.12845
0.44000         0.13000        0.50000        0.13121
0.45000         0.13000        0.50000        0.13405
0.46000         0.13000        0.50000        0.13700
0.47000         0.13000        0.50000        0.14004
0.48000         0.13000        0.50000        0.14303
0.49000         0.13000        0.50000        0.14548
0.50000         0.13000        0.50000        0.14647
0.51000         0.13000        0.50000        0.14548
0.52000         0.13000        0.50000        0.14303
0.53000         0.13000        0.50000        0.14004
0.54000         0.13000        0.50000        0.13700
0.55000         0.13000        0.50000        0.13405
0.56000         0.13000        0.50000        0.13121
0.57000         0.13000        0.50000        0.12845
0.58000         0.13000        0.50000        0.12574
0.59000         0.13000        0.50000        0.12307
0.60000         0.13000        0.50000        0.12043
0.61000         0.13000        0.50000        0.11780
0.62000         0.13000        0.50000        0.11518
0.63000         0.13000        0.50000        0.11257
0.64000         0.13000        0.50000        0.10995
0.65000         0.13000        0.50000        0.10733
0.66000         0.13000        0.50000        0.10470
0.67000         0.13000        0.50000        0.10206
0.68000         0.13000        0.50000        0.099410
0.69000         0.13000        0.50000        0.096744
0.70000         0.13000        0.50000        0.094060
0.71000         0.13000        0.50000        0.091358
0.72000         0.13000        0.50000        0.088635
0.73000         0.13000        0.50000        0.085890
0.74000         0.13000        0.50000        0.083122
0.75000         0.13000        0.50000        0.080329
0.76000         0.13000        0.50000        0.077510
0.77000         0.13000        0.50000        0.074664
0.78000         0.13000        0.50000        0.071790
0.79000         0.13000        0.50000        0.068886
0.80000         0.13000        0.50000        0.065951
0.81000         0.13000        0.50000        0.062985
0.82000         0.13000        0.50000        0.059986
0.83000         0.13000        0.50000        0.056954
0.84000         0.13000        0.50000        0.053888
0.85000         0.13000        0.50000        0.050786
0.86000         0.13000        0.50000        0.047648
0.87000         0.13000        0.50000        0.044473
0.88000         0.13000        0.50000        0.041262
0.89000         0.13000        0.50000        0.038012
0.90000         0.13000        0.50000        0.034725
0.91000         0.13000        0.50000        0.031400
0.92000         0.13000        0.50000        0.028038
0.93000         0.13000        0.50000        0.024638
0.94000         0.13000        0.50000        0.021203
0.95000         0.13000        0.50000        0.017734
0.96000         0.13000        0.50000        0.014234
0.97000         0.13000        0.50000        0.010704
0.98000         0.13000        0.50000        0.0071518
0.99000         0.13000        0.50000        0.0035808
1.0000          0.13000        0.50000        -4.8462E-19
0.0000          0.14000        0.50000        -3.0268E-22
0.010000        0.14000        0.50000        0.0037182
0.020000        0.14000        0.50000        0.0074267
0.030000        0.14000        0.50000        0.011117
0.040000        0.14000        0.50000        0.014784
0.050000        0.14000        0.50000        0.018424
0.060000        0.14000        0.50000        0.022032
0.070000        0.14000        0.50000        0.025606
0.080000        0.14000        0.50000        0.029145
0.090000        0.14000        0.50000        0.032648
0.10000         0.14000        0.50000        0.036115
0.11000         0.14000        0.50000        0.039543
0.12000         0.14000        0.50000        0.042935
0.13000         0.14000        0.50000        0.046290
0.14000         0.14000        0.50000        0.049608
0.15000         0.14000        0.50000        0.052891
0.16000         0.14000        0.50000        0.056138
0.17000         0.14000        0.50000        0.059351
0.18000         0.14000        0.50000        0.062530
0.19000         0.14000        0.50000        0.065676
0.20000         0.14000        0.50000        0.068791
0.21000         0.14000        0.50000        0.071875
0.22000         0.14000        0.50000        0.074929
0.23000         0.14000        0.50000        0.077955
0.24000         0.14000        0.50000        0.080954
0.25000         0.14000        0.50000        0.083926
0.26000         0.14000        0.50000        0.086873
0.27000         0.14000        0.50000        0.089797
0.28000         0.14000        0.50000        0.092699
0.29000         0.14000        0.50000        0.095580
0.30000         0.14000        0.50000        0.098442
0.31000         0.14000        0.50000        0.10129
0.32000         0.14000        0.50000        0.10412
0.33000         0.14000        0.50000        0.10693
0.34000         0.14000        0.50000        0.10974
0.35000         0.14000        0.50000        0.11253
0.36000         0.14000        0.50000        0.11532
0.37000         0.14000        0.50000        0.11811
0.38000         0.14000        0.50000        0.12090
0.39000         0.14000        0.50000        0.12370
0.40000         0.14000        0.50000        0.12651
0.41000         0.14000        0.50000        0.12934
0.42000         0.14000        0.50000        0.13220
0.43000         0.14000        0.50000        0.13511
0.44000         0.14000        0.50000        0.13808
0.45000         0.14000        0.50000        0.14115
0.46000         0.14000        0.50000        0.14436
0.47000         0.14000        0.50000        0.14774
0.48000         0.14000        0.50000        0.15120
0.49000         0.14000        0.50000        0.15417
0.50000         0.14000        0.50000        0.15543
0.51000         0.14000        0.50000        0.15417
0.52000         0.14000        0.50000        0.15120
0.53000         0.14000        0.50000        0.14774
0.54000         0.14000        0.50000        0.14436
0.55000         0.14000        0.50000        0.14115
0.56000         0.14000        0.50000        0.13808
0.57000         0.14000        0.50000        0.13511
0.58000         0.14000        0.50000        0.13220
0.59000         0.14000        0.50000        0.12934
0.60000         0.14000        0.50000        0.12651
0.61000         0.14000        0.50000        0.12370
0.62000         0.14000        0.50000        0.12090
0.63000         0.14000        0.50000        0.11811
0.64000         0.14000        0.50000        0.11532
0.65000         0.14000        0.50000        0.11253
0.66000         0.14000        0.50000        0.10974
0.67000         0.14000        0.50000        0.10693
0.68000         0.14000        0.50000        0.10412
0.69000         0.14000        0.50000        0.10129
0.70000         0.14000        0.50000        0.098442
0.71000         0.14000        0.50000        0.095580
0.72000         0.14000        0.50000        0.092699
0.73000         0.14000        0.50000        0.089797
0.74000         0.14000        0.50000        0.086873
0.75000         0.14000        0.50000        0.083926
0.76000         0.14000        0.50000        0.080954
0.77000         0.14000        0.50000        0.077955
0.78000         0.14000        0.50000        0.074929
0.79000         0.14000        0.50000        0.071875
0.80000         0.14000        0.50000        0.068791
0.81000         0.14000        0.50000        0.065676
0.82000         0.14000        0.50000        0.062530
0.83000         0.14000        0.50000        0.059351
0.84000         0.14000        0.50000        0.056138
0.85000         0.14000        0.50000        0.052891
0.86000         0.14000        0.50000        0.049608
0.87000         0.14000        0.50000        0.046290
0.88000         0.14000        0.50000        0.042935
0.89000         0.14000        0.50000        0.039543
0.90000         0.14000        0.50000        0.036115
0.91000         0.14000        0.50000        0.032648
0.92000         0.14000        0.50000        0.029145
0.93000         0.14000        0.50000        0.025606
0.94000         0.14000        0.50000        0.022032
0.95000         0.14000        0.50000        0.018424
0.96000         0.14000        0.50000        0.014784
0.97000         0.14000        0.50000        0.011117
0.98000         0.14000        0.50000        0.0074267
0.99000         0.14000        0.50000        0.0037182
1.0000          0.14000        0.50000        4.7824E-20
0.0000          0.15000        0.50000        3.0277E-19
0.010000        0.15000        0.50000        0.0038492
0.020000        0.15000        0.50000        0.0076887
0.030000        0.15000        0.50000        0.011510
0.040000        0.15000        0.50000        0.015309
0.050000        0.15000        0.50000        0.019079
0.060000        0.15000        0.50000        0.022819
0.070000        0.15000        0.50000        0.026525
0.080000        0.15000        0.50000        0.030196
0.090000        0.15000        0.50000        0.033831
0.10000         0.15000        0.50000        0.037430
0.11000         0.15000        0.50000        0.040992
0.12000         0.15000        0.50000        0.044517
0.13000         0.15000        0.50000        0.048005
0.14000         0.15000        0.50000        0.051458
0.15000         0.15000        0.50000        0.054875
0.16000         0.15000        0.50000        0.058257
0.17000         0.15000        0.50000        0.061606
0.18000         0.15000        0.50000        0.064921
0.19000         0.15000        0.50000        0.068204
0.20000         0.15000        0.50000        0.071457
0.21000         0.15000        0.50000        0.074679
0.22000         0.15000        0.50000        0.077873
0.23000         0.15000        0.50000        0.081039
0.24000         0.15000        0.50000        0.084178
0.25000         0.15000        0.50000        0.087292
0.26000         0.15000        0.50000        0.090382
0.27000         0.15000        0.50000        0.093450
0.28000         0.15000        0.50000        0.096497
0.29000         0.15000        0.50000        0.099524
0.30000         0.15000        0.50000        0.10253
0.31000         0.15000        0.50000        0.10553
0.32000         0.15000        0.50000        0.10851
0.33000         0.15000        0.50000        0.11147
0.34000         0.15000        0.50000        0.11443
0.35000         0.15000        0.50000        0.11738
0.36000         0.15000        0.50000        0.12033
0.37000         0.15000        0.50000        0.12328
0.38000         0.15000        0.50000        0.12623
0.39000         0.15000        0.50000        0.12919
0.40000         0.15000        0.50000        0.13216
0.41000         0.15000        0.50000        0.13516
0.42000         0.15000        0.50000        0.13820
0.43000         0.15000        0.50000        0.14128
0.44000         0.15000        0.50000        0.14443
0.45000         0.15000        0.50000        0.14769
0.46000         0.15000        0.50000        0.15112
0.47000         0.15000        0.50000        0.15477
0.48000         0.15000        0.50000        0.15863
0.49000         0.15000        0.50000        0.16215
0.50000         0.15000        0.50000        0.16372
0.51000         0.15000        0.50000        0.16215
0.52000         0.15000        0.50000        0.15863
0.53000         0.15000        0.50000        0.15477
0.54000         0.15000        0.50000        0.15112
0.55000         0.15000        0.50000        0.14769
0.56000         0.15000        0.50000        0.14443
0.57000         0.15000        0.50000        0.14128
0.58000         0.15000        0.50000        0.13820
0.59000         0.15000        0.50000        0.13516
0.60000         0.15000        0.50000        0.13216
0.61000         0.15000        0.50000        0.12919
0.62000         0.15000        0.50000        0.12623
0.63000         0.15000        0.50000        0.12328
0.64000         0.15000        0.50000        0.12033
0.65000         0.15000        0.50000        0.11738
0.66000         0.15000        0.50000        0.11443
0.67000         0.15000        0.50000        0.11147
0.68000         0.15000        0.50000        0.10851
0.69000         0.15000        0.50000        0.10553
0.70000         0.15000        0.50000        0.10253
0.71000         0.15000        0.50000        0.099524
0.72000         0.15000        0.50000        0.096497
0.73000         0.15000        0.50000        0.093450
0.74000         0.15000        0.50000        0.090382
0.75000         0.15000        0.50000        0.087292
0.76000         0.15000        0.50000        0.084178
0.77000         0.15000        0.50000        0.081039
0.78000         0.15000        0.50000        0.077873
0.79000         0.15000        0.50000        0.074679
0.80000         0.15000        0.50000        0.071457
0.81000         0.15000        0.50000        0.068204
0.82000         0.15000        0.50000        0.064921
0.83000         0.15000        0.50000        0.061606
0.84000         0.15000        0.50000        0.058257
0.85000         0.15000        0.50000        0.054875
0.86000         0.15000        0.50000        0.051458
0.87000         0.15000        0.50000        0.048005
0.88000         0.15000        0.50000        0.044517
0.89000         0.15000        0.50000        0.040992
0.90000         0.15000        0.50000        0.037430
0.91000         0.15000        0.50000        0.033831
0.92000         0.15000        0.50000        0.030196
0.93000         0.15000        0.50000        0.026525
0.94000         0.15000        0.50000        0.022819
0.95000         0.15000        0.50000        0.019079
0.96000         0.15000        0.50000        0.015309
0.97000         0.15000        0.50000        0.011510
0.98000         0.15000        0.50000        0.0076887
0.99000         0.15000        0.50000        0.0038492
1.0000          0.15000        0.50000        -3.4628E-19
0.0000          0.16000        0.50000        3.6306E-19
0.010000        0.16000        0.50000        0.0039758
0.020000        0.16000        0.50000        0.0079417
0.030000        0.16000        0.50000        0.011890
0.040000        0.16000        0.50000        0.015814
0.050000        0.16000        0.50000        0.019711
0.060000        0.16000        0.50000        0.023576
0.070000        0.16000        0.50000        0.027408
0.080000        0.16000        0.50000        0.031205
0.090000        0.16000        0.50000        0.034966
0.10000         0.16000        0.50000        0.038690
0.11000         0.16000        0.50000        0.042378
0.12000         0.16000        0.50000        0.046028
0.13000         0.16000        0.50000        0.049643
0.14000         0.16000        0.50000        0.053221
0.15000         0.16000        0.50000        0.056765
0.16000         0.16000        0.50000        0.060273
0.17000         0.16000        0.50000        0.063749
0.18000         0.16000        0.50000        0.067191
0.19000         0.16000        0.50000        0.070602
0.20000         0.16000        0.50000        0.073983
0.21000         0.16000        0.50000        0.077334
0.22000         0.16000        0.50000        0.080657
0.23000         0.16000        0.50000        0.083953
0.24000         0.16000        0.50000        0.087222
0.25000         0.16000        0.50000        0.090468
0.26000         0.16000        0.50000        0.093690
0.27000         0.16000        0.50000        0.096890
0.28000         0.16000        0.50000        0.10007
0.29000         0.16000        0.50000        0.10323
0.30000         0.16000        0.50000        0.10638
0.31000         0.16000        0.50000        0.10951
0.32000         0.16000        0.50000        0.11262
0.33000         0.16000        0.50000        0.11573
0.34000         0.16000        0.50000        0.11883
0.35000         0.16000        0.50000        0.12192
0.36000         0.16000        0.50000        0.12501
0.37000         0.16000        0.50000        0.12810
0.38000         0.16000        0.50000        0.13120
0.39000         0.16000        0.50000        0.13431
0.40000         0.16000        0.50000        0.13743
0.41000         0.16000        0.50000        0.14058
0.42000         0.16000        0.50000        0.14377
0.43000         0.16000        0.50000        0.14700
0.44000         0.16000        0.50000        0.15031
0.45000         0.16000        0.50000        0.15373
0.46000         0.16000        0.50000        0.15732
0.47000         0.16000        0.50000        0.16118
0.48000         0.16000        0.50000        0.16536
0.49000         0.16000        0.50000        0.16937
0.50000         0.16000        0.50000        0.17126
0.51000         0.16000        0.50000        0.16937
0.52000         0.16000        0.50000        0.16536
0.53000         0.16000        0.50000        0.16118
0.54000         0.16000        0.50000        0.15732
0.55000         0.16000        0.50000        0.15373
0.56000         0.16000        0.50000        0.15031
0.57000         0.16000        0.50000        0.14700
0.58000         0.16000        0.50000        0.14377
0.59000         0.16000        0.50000        0.14058
0.60000         0.16000        0.50000        0.13743
0.61000         0.16000        0.50000        0.13431
0.62000         0.16000        0.50000        0.13120
0.63000         0.16000        0.50000        0.12810
0.64000         0.16000        0.50000        0.12501
0.65000         0.16000        0.50000        0.12192
0.66000         0.16000        0.50000        0.11883
0.67000         0.16000        0.50000        0.11573
0.68000         0.16000        0.50000        0.11262
0.69000         0.16000        0.50000        0.10951
0.70000         0.16000        0.50000        0.10638
0.71000         0.16000        0.50000        0.10323
0.72000         0.16000        0.50000        0.10007
0.73000         0.16000        0.50000        0.096890
0.74000         0.16000        0.50000        0.093690
0.75000         0.16000        0.50000        0.090468
0.76000         0.16000        0.50000        0.087222
0.77000         0.16000        0.50000        0.083953
0.78000         0.16000        0.50000        0.080657
0.79000         0.16000        0.50000        0.077334
0.80000         0.16000        0.50000        0.073983
0.81000         0.16000        0.50000        0.070602
0.82000         0.16000        0.50000        0.067191
0.83000         0.16000        0.50000        0.063749
0.84000         0.16000        0.50000        0.060273
0.85000         0.16000        0.50000        0.056765
0.86000         0.16000        0.50000        0.053221
0.87000         0.16000        0.50000        0.049643
0.88000         0.16000        0.50000        0.046028
0.89000         0.16000        0.50000        0.042378
0.90000         0.16000        0.50000        0.038690
0.91000         0.16000        0.50000        0.034966
0.92000         0.16000        0.50000        0.031205
0.93000         0.16000        0.50000        0.027408
0.94000         0.16000        0.50000        0.023576
0.95000         0.16000        0.50000        0.019711
0.96000         0.16000        0.50000        0.015814
0.97000         0.16000        0.50000        0.011890
0.98000         0.16000        0.50000        0.0079417
0.99000         0.16000        0.50000        0.0039758
1.0000          0.16000        0.50000        -2.2517E-19
0.0000          0.17000        0.50000        -4.6718E-23
0.010000        0.17000        0.50000        0.0040997
0.020000        0.17000        0.50000        0.0081892
0.030000        0.17000        0.50000        0.012261
0.040000        0.17000        0.50000        0.016308
0.050000        0.17000        0.50000        0.020327
0.060000        0.17000        0.50000        0.024315
0.070000        0.17000        0.50000        0.028269
0.080000        0.17000        0.50000        0.032186
0.090000        0.17000        0.50000        0.036068
0.10000         0.17000        0.50000        0.039913
0.11000         0.17000        0.50000        0.043720
0.12000         0.17000        0.50000        0.047491
0.13000         0.17000        0.50000        0.051224
0.14000         0.17000        0.50000        0.054922
0.15000         0.17000        0.50000        0.058585
0.16000         0.17000        0.50000        0.062213
0.17000         0.17000        0.50000        0.065808
0.18000         0.17000        0.50000        0.069370
0.19000         0.17000        0.50000        0.072900
0.20000         0.17000        0.50000        0.076400
0.21000         0.17000        0.50000        0.079872
0.22000         0.17000        0.50000        0.083315
0.23000         0.17000        0.50000        0.086731
0.24000         0.17000        0.50000        0.090122
0.25000         0.17000        0.50000        0.093489
0.26000         0.17000        0.50000        0.096834
0.27000         0.17000        0.50000        0.10016
0.28000         0.17000        0.50000        0.10346
0.29000         0.17000        0.50000        0.10675
0.30000         0.17000        0.50000        0.11002
0.31000         0.17000        0.50000        0.11327
0.32000         0.17000        0.50000        0.11651
0.33000         0.17000        0.50000        0.11975
0.34000         0.17000        0.50000        0.12297
0.35000         0.17000        0.50000        0.12619
0.36000         0.17000        0.50000        0.12941
0.37000         0.17000        0.50000        0.13264
0.38000         0.17000        0.50000        0.13586
0.39000         0.17000        0.50000        0.13910
0.40000         0.17000        0.50000        0.14236
0.41000         0.17000        0.50000        0.14565
0.42000         0.17000        0.50000        0.14897
0.43000         0.17000        0.50000        0.15233
0.44000         0.17000        0.50000        0.15577
0.45000         0.17000        0.50000        0.15932
0.46000         0.17000        0.50000        0.16304
0.47000         0.17000        0.50000        0.16704
0.48000         0.17000        0.50000        0.17145
0.49000         0.17000        0.50000        0.17589
0.50000         0.17000        0.50000        0.17810
0.51000         0.17000        0.50000        0.17589
0.52000         0.17000        0.50000        0.17145
0.53000         0.17000        0.50000        0.16704
0.54000         0.17000        0.50000        0.16304
0.55000         0.17000        0.50000        0.15932
0.56000         0.17000        0.50000        0.15577
0.57000         0.17000        0.50000        0.15233
0.58000         0.17000        0.50000        0.14897
0.59000         0.17000        0.50000        0.14565
0.60000         0.17000        0.50000        0.14236
0.61000         0.17000        0.50000        0.13910
0.62000         0.17000        0.50000        0.13586
0.63000         0.17000        0.50000        0.13264
0.64000         0.17000        0.50000        0.12941
0.65000         0.17000        0.50000        0.12619
0.66000         0.17000        0.50000        0.12297
0.67000         0.17000        0.50000        0.11975
0.68000         0.17000        0.50000        0.11651
0.69000         0.17000        0.50000        0.11327
0.70000         0.17000        0.50000        0.11002
0.71000         0.17000        0.50000        0.10675
0.72000         0.17000        0.50000        0.10346
0.73000         0.17000        0.50000        0.10016
0.74000         0.17000        0.50000        0.096834
0.75000         0.17000        0.50000        0.093489
0.76000         0.17000        0.50000        0.090122
0.77000         0.17000        0.50000        0.086731
0.78000         0.17000        0.50000        0.083315
0.79000         0.17000        0.50000        0.079872
0.80000         0.17000        0.50000        0.076400
0.81000         0.17000        0.50000        0.072900
0.82000         0.17000        0.50000        0.069370
0.83000         0.17000        0.50000        0.065808
0.84000         0.17000        0.50000        0.062213
0.85000         0.17000        0.50000        0.058585
0.86000         0.17000        0.50000        0.054922
0.87000         0.17000        0.50000        0.051224
0.88000         0.17000        0.50000        0.047491
0.89000         0.17000        0.50000        0.043720
0.90000         0.17000        0.50000        0.039913
0.91000         0.17000        0.50000        0.036068
0.92000         0.17000        0.50000        0.032186
0.93000         0.17000        0.50000        0.028269
0.94000         0.17000        0.50000        0.024315
0.95000         0.17000        0.50000        0.020327
0.96000         0.17000        0.50000        0.016308
0.97000         0.17000        0.50000        0.012261
0.98000         0.17000        0.50000        0.0081892
0.99000         0.17000        0.50000        0.0040997
1.0000          0.17000        0.50000        1.4249E-20
0.0000          0.18000        0.50000        0.0000
0.010000        0.18000        0.50000        0.0042224
0.020000        0.18000        0.50000        0.0084342
0.030000        0.18000        0.50000        0.012628
0.040000        0.18000        0.50000        0.016796
0.050000        0.18000        0.50000        0.020936
0.060000        0.18000        0.50000        0.025043
0.070000        0.18000        0.50000        0.029116
0.080000        0.18000        0.50000        0.033152
0.090000        0.18000        0.50000        0.037151
0.10000         0.18000        0.50000        0.041112
0.11000         0.18000        0.50000        0.045035
0.12000         0.18000        0.50000        0.048921
0.13000         0.18000        0.50000        0.052769
0.14000         0.18000        0.50000        0.056581
0.15000         0.18000        0.50000        0.060358
0.16000         0.18000        0.50000        0.064099
0.17000         0.18000        0.50000        0.067807
0.18000         0.18000        0.50000        0.071482
0.19000         0.18000        0.50000        0.075125
0.20000         0.18000        0.50000        0.078738
0.21000         0.18000        0.50000        0.082322
0.22000         0.18000        0.50000        0.085878
0.23000         0.18000        0.50000        0.089407
0.24000         0.18000        0.50000        0.092911
0.25000         0.18000        0.50000        0.096391
0.26000         0.18000        0.50000        0.099849
0.27000         0.18000        0.50000        0.10329
0.28000         0.18000        0.50000        0.10670
0.29000         0.18000        0.50000        0.11010
0.30000         0.18000        0.50000        0.11349
0.31000         0.18000        0.50000        0.11686
0.32000         0.18000        0.50000        0.12022
0.33000         0.18000        0.50000        0.12357
0.34000         0.18000        0.50000        0.12691
0.35000         0.18000        0.50000        0.13025
0.36000         0.18000        0.50000        0.13359
0.37000         0.18000        0.50000        0.13693
0.38000         0.18000        0.50000        0.14028
0.39000         0.18000        0.50000        0.14363
0.40000         0.18000        0.50000        0.14701
0.41000         0.18000        0.50000        0.15041
0.42000         0.18000        0.50000        0.15385
0.43000         0.18000        0.50000        0.15733
0.44000         0.18000        0.50000        0.16089
0.45000         0.18000        0.50000        0.16454
0.46000         0.18000        0.50000        0.16835
0.47000         0.18000        0.50000        0.17244
0.48000         0.18000        0.50000        0.17699
0.49000         0.18000        0.50000        0.18176
0.50000         0.18000        0.50000        0.18426
0.51000         0.18000        0.50000        0.18176
0.52000         0.18000        0.50000        0.17699
0.53000         0.18000        0.50000        0.17244
0.54000         0.18000        0.50000        0.16835
0.55000         0.18000        0.50000        0.16454
0.56000         0.18000        0.50000        0.16089
0.57000         0.18000        0.50000        0.15733
0.58000         0.18000        0.50000        0.15385
0.59000         0.18000        0.50000        0.15041
0.60000         0.18000        0.50000        0.14701
0.61000         0.18000        0.50000        0.14363
0.62000         0.18000        0.50000        0.14028
0.63000         0.18000        0.50000        0.13693
0.64000         0.18000        0.50000        0.13359
0.65000         0.18000        0.50000        0.13025
0.66000         0.18000        0.50000        0.12691
0.67000         0.18000        0.50000        0.12357
0.68000         0.18000        0.50000        0.12022
0.69000         0.18000        0.50000        0.11686
0.70000         0.18000        0.50000        0.11349
0.71000         0.18000        0.50000        0.11010
0.72000         0.18000        0.50000        0.10670
0.73000         0.18000        0.50000        0.10329
0.74000         0.18000        0.50000        0.099849
0.75000         0.18000        0.50000        0.096391
0.76000         0.18000        0.50000        0.092911
0.77000         0.18000        0.50000        0.089407
0.78000         0.18000        0.50000        0.085878
0.79000         0.18000        0.50000        0.082322
0.80000         0.18000        0.50000        0.078738
0.81000         0.18000        0.50000        0.075125
0.82000         0.18000        0.50000        0.071482
0.83000         0.18000        0.50000        0.067807
0.84000         0.18000        0.50000        0.064099
0.85000         0.18000        0.50000        0.060358
0.86000         0.18000        0.50000        0.056581
0.87000         0.18000        0.50000        0.052769
0.88000         0.18000        0.50000        0.048921
0.89000         0.18000        0.50000        0.045035
0.90000         0.18000        0.50000        0.041112
0.91000         0.18000        0.50000        0.037151
0.92000         0.18000        0.50000        0.033152
0.93000         0.18000        0.50000        0.029116
0.94000         0.18000        0.50000        0.025043
0.95000         0.18000        0.50000        0.020936
0.96000         0.18000        0.50000        0.016796
0.97000         0.18000        0.50000        0.012628
0.98000         0.18000        0.50000        0.0084342
0.99000         0.18000        0.50000        0.0042224
1.0000          0.18000        0.50000        5.6760E-21
0.0000          0.19000        0.50000        0.0000
0.010000        0.19000        0.50000        0.0043452
0.020000        0.19000        0.50000        0.0086795
0.030000        0.19000        0.50000        0.012995
0.040000        0.19000        0.50000        0.017284
0.050000        0.19000        0.50000        0.021544
0.060000        0.19000        0.50000        0.025770
0.070000        0.19000        0.50000        0.029960
0.080000        0.19000        0.50000        0.034112
0.090000        0.19000        0.50000        0.038226
0.10000         0.19000        0.50000        0.042301
0.11000         0.19000        0.50000        0.046337
0.12000         0.19000        0.50000        0.050335
0.13000         0.19000        0.50000        0.054295
0.14000         0.19000        0.50000        0.058217
0.15000         0.19000        0.50000        0.062103
0.16000         0.19000        0.50000        0.065953
0.17000         0.19000        0.50000        0.069769
0.18000         0.19000        0.50000        0.073552
0.19000         0.19000        0.50000        0.077302
0.20000         0.19000        0.50000        0.081022
0.21000         0.19000        0.50000        0.084712
0.22000         0.19000        0.50000        0.088374
0.23000         0.19000        0.50000        0.092010
0.24000         0.19000        0.50000        0.095620
0.25000         0.19000        0.50000        0.099206
0.26000         0.19000        0.50000        0.10277
0.27000         0.19000        0.50000        0.10631
0.28000         0.19000        0.50000        0.10984
0.29000         0.19000        0.50000        0.11334
0.30000         0.19000        0.50000        0.11683
0.31000         0.19000        0.50000        0.12031
0.32000         0.19000        0.50000        0.12378
0.33000         0.19000        0.50000        0.12723
0.34000         0.19000        0.50000        0.13068
0.35000         0.19000        0.50000        0.13413
0.36000         0.19000        0.50000        0.13758
0.37000         0.19000        0.50000        0.14102
0.38000         0.19000        0.50000        0.14448
0.39000         0.19000        0.50000        0.14794
0.40000         0.19000        0.50000        0.15143
0.41000         0.19000        0.50000        0.15493
0.42000         0.19000        0.50000        0.15847
0.43000         0.19000        0.50000        0.16206
0.44000         0.19000        0.50000        0.16571
0.45000         0.19000        0.50000        0.16944
0.46000         0.19000        0.50000        0.17332
0.47000         0.19000        0.50000        0.17747
0.48000         0.19000        0.50000        0.18209
0.49000         0.19000        0.50000        0.18709
0.50000         0.19000        0.50000        0.18981
0.51000         0.19000        0.50000        0.18709
0.52000         0.19000        0.50000        0.18209
0.53000         0.19000        0.50000        0.17747
0.54000         0.19000        0.50000        0.17332
0.55000         0.19000        0.50000        0.16944
0.56000         0.19000        0.50000        0.16571
0.57000         0.19000        0.50000        0.16206
0.58000         0.19000        0.50000        0.15847
0.59000         0.19000        0.50000        0.15493
0.60000         0.19000        0.50000        0.15143
0.61000         0.19000        0.50000        0.14794
0.62000         0.19000        0.50000        0.14448
0.63000         0.19000        0.50000        0.14102
0.64000         0.19000        0.50000        0.13758
0.65000         0.19000        0.50000        0.13413
0.66000         0.19000        0.50000        0.13068
0.67000         0.19000        0.50000        0.12723
0.68000         0.19000        0.50000        0.12378
0.69000         0.19000        0.50000        0.12031
0.70000         0.19000        0.50000        0.11683
0.71000         0.19000        0.50000        0.11334
0.72000         0.19000        0.50000        0.10984
0.73000         0.19000        0.50000        0.10631
0.74000         0.19000        0.50000        0.10277
0.75000         0.19000        0.50000        0.099206
0.76000         0.19000        0.50000        0.095620
0.77000         0.19000        0.50000        0.092010
0.78000         0.19000        0.50000        0.088374
0.79000         0.19000        0.50000        0.084712
0.80000         0.19000        0.50000        0.081022
0.81000         0.19000        0.50000        0.077302
0.82000         0.19000        0.50000        0.073551
0.83000         0.19000        0.50000        0.069769
0.84000         0.19000        0.50000        0.065953
0.85000         0.19000        0.50000        0.062103
0.86000         0.19000        0.50000        0.058217
0.87000         0.19000        0.50000        0.054295
0.88000         0.19000        0.50000        0.050335
0.89000         0.19000        0.50000        0.046337
0.90000         0.19000        0.50000        0.042301
0.91000         0.19000        0.50000        0.038226
0.92000         0.19000        0.50000        0.034112
0.93000         0.19000        0.50000        0.029960
0.94000         0.19000        0.50000        0.025770
0.95000         0.19000        0.50000        0.021544
0.96000         0.19000        0.50000        0.017284
0.97000         0.19000        0.50000        0.012995
0.98000         0.19000        0.50000        0.0086795
0.99000         0.19000        0.50000        0.0043452
1.0000          0.19000        0.50000        5.8285E-19
0.0000          0.20000        0.50000        0.0000
0.010000        0.20000        0.50000        0.0044695
0.020000        0.20000        0.50000        0.0089275
0.030000        0.20000        0.50000        0.013366
0.040000        0.20000        0.50000        0.017777
0.050000        0.20000        0.50000        0.022157
0.060000        0.20000        0.50000        0.026501
0.070000        0.20000        0.50000        0.030809
0.080000        0.20000        0.50000        0.035077
0.090000        0.20000        0.50000        0.039305
0.10000         0.20000        0.50000        0.043493
0.11000         0.20000        0.50000        0.047640
0.12000         0.20000        0.50000        0.051748
0.13000         0.20000        0.50000        0.055816
0.14000         0.20000        0.50000        0.059845
0.15000         0.20000        0.50000        0.063838
0.16000         0.20000        0.50000        0.067793
0.17000         0.20000        0.50000        0.071713
0.18000         0.20000        0.50000        0.075599
0.19000         0.20000        0.50000        0.079453
0.20000         0.20000        0.50000        0.083275
0.21000         0.20000        0.50000        0.087067
0.22000         0.20000        0.50000        0.090830
0.23000         0.20000        0.50000        0.094566
0.24000         0.20000        0.50000        0.098276
0.25000         0.20000        0.50000        0.10196
0.26000         0.20000        0.50000        0.10563
0.27000         0.20000        0.50000        0.10927
0.28000         0.20000        0.50000        0.11289
0.29000         0.20000        0.50000        0.11650
0.30000         0.20000        0.50000        0.12009
0.31000         0.20000        0.50000        0.12366
0.32000         0.20000        0.50000        0.12723
0.33000         0.20000        0.50000        0.13078
0.34000         0.20000        0.50000        0.13433
0.35000         0.20000        0.50000        0.13787
0.36000         0.20000        0.50000        0.14142
0.37000         0.20000        0.50000        0.14496
0.38000         0.20000        0.50000        0.14852
0.39000         0.20000        0.50000        0.15208
0.40000         0.20000        0.50000        0.15566
0.41000         0.20000        0.50000        0.15926
0.42000         0.20000        0.50000        0.16289
0.43000         0.20000        0.50000        0.16656
0.44000         0.20000        0.50000        0.17029
0.45000         0.20000        0.50000        0.17410
0.46000         0.20000        0.50000        0.17804
0.47000         0.20000        0.50000        0.18221
0.48000         0.20000        0.50000        0.18685
0.49000         0.20000        0.50000        0.19198
0.50000         0.20000        0.50000        0.19491
0.51000         0.20000        0.50000        0.19198
0.52000         0.20000        0.50000        0.18685
0.53000         0.20000        0.50000        0.18221
0.54000         0.20000        0.50000        0.17804
0.55000         0.20000        0.50000        0.17410
0.56000         0.20000        0.50000        0.17029
0.57000         0.20000        0.50000        0.16656
0.58000         0.20000        0.50000        0.16289
0.59000         0.20000        0.50000        0.15926
0.60000         0.20000        0.50000        0.15566
0.61000         0.20000        0.50000        0.15208
0.62000         0.20000        0.50000        0.14852
0.63000         0.20000        0.50000        0.14496
0.64000         0.20000        0.50000        0.14142
0.65000         0.20000        0.50000        0.13787
0.66000         0.20000        0.50000        0.13433
0.67000         0.20000        0.50000        0.13078
0.68000         0.20000        0.50000        0.12723
0.69000         0.20000        0.50000        0.12366
0.70000         0.20000        0.50000        0.12009
0.71000         0.20000        0.50000        0.11650
0.72000         0.20000        0.50000        0.11289
0.73000         0.20000        0.50000        0.10927
0.74000         0.20000        0.50000        0.10563
0.75000         0.20000        0.50000        0.10196
0.76000         0.20000        0.50000        0.098276
0.77000         0.20000        0.50000        0.094566
0.78000         0.20000        0.50000        0.090830
0.79000         0.20000        0.50000        0.087067
0.80000         0.20000        0.50000        0.083275
0.81000         0.20000        0.50000        0.079453
0.82000         0.20000        0.50000        0.075599
0.83000         0.20000        0.50000        0.071713
0.84000         0.20000        0.50000        0.067793
0.85000         0.20000        0.50000        0.063838
0.86000         0.20000        0.50000        0.059845
0.87000         0.20000        0.50000        0.055816
0.88000         0.20000        0.50000        0.051748
0.89000         0.20000        0.50000        0.047640
0.90000         0.20000        0.50000        0.043493
0.91000         0.20000        0.50000        0.039305
0.92000         0.20000        0.50000        0.035077
0.93000         0.20000        0.50000        0.030809
0.94000         0.20000        0.50000        0.026501
0.95000         0.20000        0.50000        0.022157
0.96000         0.20000        0.50000        0.017777
0.97000         0.20000        0.50000        0.013366
0.98000         0.20000        0.50000        0.0089275
0.99000         0.20000        0.50000        0.0044695
1.0000          0.20000        0.50000        -2.4801E-21
0.0000          0.21000        0.50000        -3.6148E-19
0.010000        0.21000        0.50000        0.0045963
0.020000        0.21000        0.50000        0.0091804
0.030000        0.21000        0.50000        0.013744
0.040000        0.21000        0.50000        0.018279
0.050000        0.21000        0.50000        0.022780
0.060000        0.21000        0.50000        0.027245
0.070000        0.21000        0.50000        0.031670
0.080000        0.21000        0.50000        0.036055
0.090000        0.21000        0.50000        0.040397
0.10000         0.21000        0.50000        0.044697
0.11000         0.21000        0.50000        0.048955
0.12000         0.21000        0.50000        0.053171
0.13000         0.21000        0.50000        0.057347
0.14000         0.21000        0.50000        0.061482
0.15000         0.21000        0.50000        0.065578
0.16000         0.21000        0.50000        0.069636
0.17000         0.21000        0.50000        0.073658
0.18000         0.21000        0.50000        0.077645
0.19000         0.21000        0.50000        0.081597
0.20000         0.21000        0.50000        0.085518
0.21000         0.21000        0.50000        0.089407
0.22000         0.21000        0.50000        0.093267
0.23000         0.21000        0.50000        0.097099
0.24000         0.21000        0.50000        0.10090
0.25000         0.21000        0.50000        0.10468
0.26000         0.21000        0.50000        0.10844
0.27000         0.21000        0.50000        0.11218
0.28000         0.21000        0.50000        0.11589
0.29000         0.21000        0.50000        0.11959
0.30000         0.21000        0.50000        0.12328
0.31000         0.21000        0.50000        0.12694
0.32000         0.21000        0.50000        0.13060
0.33000         0.21000        0.50000        0.13425
0.34000         0.21000        0.50000        0.13789
0.35000         0.21000        0.50000        0.14152
0.36000         0.21000        0.50000        0.14515
0.37000         0.21000        0.50000        0.14879
0.38000         0.21000        0.50000        0.15243
0.39000         0.21000        0.50000        0.15608
0.40000         0.21000        0.50000        0.15974
0.41000         0.21000        0.50000        0.16343
0.42000         0.21000        0.50000        0.16714
0.43000         0.21000        0.50000        0.17089
0.44000         0.21000        0.50000        0.17469
0.45000         0.21000        0.50000        0.17857
0.46000         0.21000        0.50000        0.18255
0.47000         0.21000        0.50000        0.18674
0.48000         0.21000        0.50000        0.19136
0.49000         0.21000        0.50000        0.19654
0.50000         0.21000        0.50000        0.19966
0.51000         0.21000        0.50000        0.19654
0.52000         0.21000        0.50000        0.19136
0.53000         0.21000        0.50000        0.18674
0.54000         0.21000        0.50000        0.18255
0.55000         0.21000        0.50000        0.17857
0.56000         0.21000        0.50000        0.17469
0.57000         0.21000        0.50000        0.17089
0.58000         0.21000        0.50000        0.16714
0.59000         0.21000        0.50000        0.16343
0.60000         0.21000        0.50000        0.15974
0.61000         0.21000        0.50000        0.15608
0.62000         0.21000        0.50000        0.15243
0.63000         0.21000        0.50000        0.14879
0.64000         0.21000        0.50000        0.14515
0.65000         0.21000        0.50000        0.14152
0.66000         0.21000        0.50000        0.13789
0.67000         0.21000        0.50000        0.13425
0.68000         0.21000        0.50000        0.13060
0.69000         0.21000        0.50000        0.12694
0.70000         0.21000        0.50000        0.12328
0.71000         0.21000        0.50000        0.11959
0.72000         0.21000        0.50000        0.11589
0.73000         0.21000        0.50000        0.11218
0.74000         0.21000        0.50000        0.10844
0.75000         0.21000        0.50000        0.10468
0.76000         0.21000        0.50000        0.10090
0.77000         0.21000        0.50000        0.097099
0.78000         0.21000        0.50000        0.093267
0.79000         0.21000        0.50000        0.089407
0.80000         0.21000        0.50000        0.085518
0.81000         0.21000        0.50000        0.081597
0.82000         0.21000        0.50000        0.077645
0.83000         0.21000        0.50000        0.073658
0.84000         0.21000        0.50000        0.069636
0.85000         0.21000        0.50000        0.065578
0.86000         0.21000        0.50000        0.061482
0.87000         0.21000        0.50000        0.057347
0.88000         0.21000        0.50000        0.053171
0.89000         0.21000        0.50000        0.048955
0.90000         0.21000        0.50000        0.044697
0.91000         0.21000        0.50000        0.040397
0.92000         0.21000        0.50000        0.036055
0.93000         0.21000        0.50000        0.031670
0.94000         0.21000        0.50000        0.027245
0.95000         0.21000        0.50000        0.022780
0.96000         0.21000        0.50000        0.018279
0.97000         0.21000        0.50000        0.013744
0.98000         0.21000        0.50000        0.0091804
0.99000         0.21000        0.50000        0.0045963
1.0000          0.21000        0.50000        -4.0752E-19
0.0000          0.22000        0.50000        -1.7123E-18
0.010000        0.22000        0.50000        0.0047267
0.020000        0.22000        0.50000        0.0094404
0.030000        0.22000        0.50000        0.014132
0.040000        0.22000        0.50000        0.018793
0.050000        0.22000        0.50000        0.023420
0.060000        0.22000        0.50000        0.028007
0.070000        0.22000        0.50000        0.032552
0.080000        0.22000        0.50000        0.037054
0.090000        0.22000        0.50000        0.041512
0.10000         0.22000        0.50000        0.045925
0.11000         0.22000        0.50000        0.050293
0.12000         0.22000        0.50000        0.054618
0.13000         0.22000        0.50000        0.058900
0.14000         0.22000        0.50000        0.063140
0.15000         0.22000        0.50000        0.067339
0.16000         0.22000        0.50000        0.071498
0.17000         0.22000        0.50000        0.075620
0.18000         0.22000        0.50000        0.079704
0.19000         0.22000        0.50000        0.083754
0.20000         0.22000        0.50000        0.087769
0.21000         0.22000        0.50000        0.091753
0.22000         0.22000        0.50000        0.095706
0.23000         0.22000        0.50000        0.099630
0.24000         0.22000        0.50000        0.10353
0.25000         0.22000        0.50000        0.10740
0.26000         0.22000        0.50000        0.11125
0.27000         0.22000        0.50000        0.11507
0.28000         0.22000        0.50000        0.11888
0.29000         0.22000        0.50000        0.12266
0.30000         0.22000        0.50000        0.12643
0.31000         0.22000        0.50000        0.13018
0.32000         0.22000        0.50000        0.13393
0.33000         0.22000        0.50000        0.13766
0.34000         0.22000        0.50000        0.14138
0.35000         0.22000        0.50000        0.14510
0.36000         0.22000        0.50000        0.14882
0.37000         0.22000        0.50000        0.15253
0.38000         0.22000        0.50000        0.15626
0.39000         0.22000        0.50000        0.15998
0.40000         0.22000        0.50000        0.16373
0.41000         0.22000        0.50000        0.16749
0.42000         0.22000        0.50000        0.17128
0.43000         0.22000        0.50000        0.17510
0.44000         0.22000        0.50000        0.17896
0.45000         0.22000        0.50000        0.18289
0.46000         0.22000        0.50000        0.18691
0.47000         0.22000        0.50000        0.19111
0.48000         0.22000        0.50000        0.19571
0.49000         0.22000        0.50000        0.20092
0.50000         0.22000        0.50000        0.20411
0.51000         0.22000        0.50000        0.20092
0.52000         0.22000        0.50000        0.19571
0.53000         0.22000        0.50000        0.19111
0.54000         0.22000        0.50000        0.18691
0.55000         0.22000        0.50000        0.18289
0.56000         0.22000        0.50000        0.17896
0.57000         0.22000        0.50000        0.17510
0.58000         0.22000        0.50000        0.17128
0.59000         0.22000        0.50000        0.16749
0.60000         0.22000        0.50000        0.16373
0.61000         0.22000        0.50000        0.15998
0.62000         0.22000        0.50000        0.15626
0.63000         0.22000        0.50000        0.15253
0.64000         0.22000        0.50000        0.14882
0.65000         0.22000        0.50000        0.14510
0.66000         0.22000        0.50000        0.14138
0.67000         0.22000        0.50000        0.13766
0.68000         0.22000        0.50000        0.13393
0.69000         0.22000        0.50000        0.13018
0.70000         0.22000        0.50000        0.12643
0.71000         0.22000        0.50000        0.12266
0.72000         0.22000        0.50000        0.11888
0.73000         0.22000        0.50000        0.11507
0.74000         0.22000        0.50000        0.11125
0.75000         0.22000        0.50000        0.10740
0.76000         0.22000        0.50000        0.10353
0.77000         0.22000        0.50000        0.099630
0.78000         0.22000        0.50000        0.095706
0.79000         0.22000        0.50000        0.091753
0.80000         0.22000        0.50000        0.087769
0.81000         0.22000        0.50000        0.083754
0.82000         0.22000        0.50000        0.079704
0.83000         0.22000        0.50000        0.075620
0.84000         0.22000        0.50000        0.071498
0.85000         0.22000        0.50000        0.067339
0.86000         0.22000        0.50000        0.063140
0.87000         0.22000        0.50000        0.058900
0.88000         0.22000        0.50000        0.054618
0.89000         0.22000        0.50000        0.050293
0.90000         0.22000        0.50000        0.045925
0.91000         0.22000        0.50000        0.041512
0.92000         0.22000        0.50000        0.037054
0.93000         0.22000        0.50000        0.032552
0.94000         0.22000        0.50000        0.028007
0.95000         0.22000        0.50000        0.023420
0.96000         0.22000        0.50000        0.018793
0.97000         0.22000        0.50000        0.014132
0.98000         0.22000        0.50000        0.0094404
0.99000         0.22000        0.50000        0.0047267
1.0000          0.22000        0.50000        1.5554E-19
0.0000          0.23000        0.50000        -1.7614E-18
0.010000        0.23000        0.50000        0.0048617
0.020000        0.23000        0.50000        0.0097095
0.030000        0.23000        0.50000        0.014534
0.040000        0.23000        0.50000        0.019325
0.050000        0.23000        0.50000        0.024080
0.060000        0.23000        0.50000        0.028792
0.070000        0.23000        0.50000        0.033460
0.080000        0.23000        0.50000        0.038082
0.090000        0.23000        0.50000        0.042657
0.10000         0.23000        0.50000        0.047185
0.11000         0.23000        0.50000        0.051665
0.12000         0.23000        0.50000        0.056099
0.13000         0.23000        0.50000        0.060488
0.14000         0.23000        0.50000        0.064832
0.15000         0.23000        0.50000        0.069134
0.16000         0.23000        0.50000        0.073393
0.17000         0.23000        0.50000        0.077613
0.18000         0.23000        0.50000        0.081794
0.19000         0.23000        0.50000        0.085939
0.20000         0.23000        0.50000        0.090048
0.21000         0.23000        0.50000        0.094123
0.22000         0.23000        0.50000        0.098167
0.23000         0.23000        0.50000        0.10218
0.24000         0.23000        0.50000        0.10617
0.25000         0.23000        0.50000        0.11012
0.26000         0.23000        0.50000        0.11406
0.27000         0.23000        0.50000        0.11797
0.28000         0.23000        0.50000        0.12186
0.29000         0.23000        0.50000        0.12573
0.30000         0.23000        0.50000        0.12958
0.31000         0.23000        0.50000        0.13341
0.32000         0.23000        0.50000        0.13724
0.33000         0.23000        0.50000        0.14105
0.34000         0.23000        0.50000        0.14485
0.35000         0.23000        0.50000        0.14865
0.36000         0.23000        0.50000        0.15244
0.37000         0.23000        0.50000        0.15623
0.38000         0.23000        0.50000        0.16003
0.39000         0.23000        0.50000        0.16383
0.40000         0.23000        0.50000        0.16765
0.41000         0.23000        0.50000        0.17148
0.42000         0.23000        0.50000        0.17533
0.43000         0.23000        0.50000        0.17922
0.44000         0.23000        0.50000        0.18314
0.45000         0.23000        0.50000        0.18712
0.46000         0.23000        0.50000        0.19117
0.47000         0.23000        0.50000        0.19539
0.48000         0.23000        0.50000        0.19996
0.49000         0.23000        0.50000        0.20515
0.50000         0.23000        0.50000        0.20843
0.51000         0.23000        0.50000        0.20515
0.52000         0.23000        0.50000        0.19996
0.53000         0.23000        0.50000        0.19539
0.54000         0.23000        0.50000        0.19117
0.55000         0.23000        0.50000        0.18712
0.56000         0.23000        0.50000        0.18314
0.57000         0.23000        0.50000        0.17922
0.58000         0.23000        0.50000        0.17533
0.59000         0.23000        0.50000        0.17148
0.60000         0.23000        0.50000        0.16765
0.61000         0.23000        0.50000        0.16383
0.62000         0.23000        0.50000        0.16003
0.63000         0.23000        0.50000        0.15623
0.64000         0.23000        0.50000        0.15244
0.65000         0.23000        0.50000        0.14865
0.66000         0.23000        0.50000        0.14485
0.67000         0.23000        0.50000        0.14105
0.68000         0.23000        0.50000        0.13724
0.69000         0.23000        0.50000        0.13341
0.70000         0.23000        0.50000        0.12958
0.71000         0.23000        0.50000        0.12573
0.72000         0.23000        0.50000        0.12186
0.73000         0.23000        0.50000        0.11797
0.74000         0.23000        0.50000        0.11406
0.75000         0.23000        0.50000        0.11012
0.76000         0.23000        0.50000        0.10617
0.77000         0.23000        0.50000        0.10218
0.78000         0.23000        0.50000        0.098167
0.79000         0.23000        0.50000        0.094123
0.80000         0.23000        0.50000        0.090048
0.81000         0.23000        0.50000        0.085939
0.82000         0.23000        0.50000        0.081794
0.83000         0.23000        0.50000        0.077613
0.84000         0.23000        0.50000        0.073393
0.85000         0.23000        0.50000        0.069134
0.86000         0.23000        0.50000        0.064832
0.87000         0.23000        0.50000        0.060488
0.88000         0.23000        0.50000        0.056099
0.89000         0.23000        0.50000        0.051665
0.90000         0.23000        0.50000        0.047185
0.91000         0.23000        0.50000        0.042657
0.92000         0.23000        0.50000        0.038082
0.93000         0.23000        0.50000        0.033460
0.94000         0.23000        0.50000        0.028792
0.95000         0.23000        0.50000        0.024080
0.96000         0.23000        0.50000        0.019325
0.97000         0.23000        0.50000        0.014534
0.98000         0.23000        0.50000        0.0097095
0.99000         0.23000        0.50000        0.0048617
1.0000          0.23000        0.50000        -4.9485E-19
0.0000          0.24000        0.50000        -2.2609E-19
0.010000        0.24000        0.50000        0.0050023
0.020000        0.24000        0.50000        0.0099898
0.030000        0.24000        0.50000        0.014952
0.040000        0.24000        0.50000        0.019879
0.050000        0.24000        0.50000        0.024766
0.060000        0.24000        0.50000        0.029608
0.070000        0.24000        0.50000        0.034402
0.080000        0.24000        0.50000        0.039147
0.090000        0.24000        0.50000        0.043842
0.10000         0.24000        0.50000        0.048486
0.11000         0.24000        0.50000        0.053080
0.12000         0.24000        0.50000        0.057625
0.13000         0.24000        0.50000        0.062121
0.14000         0.24000        0.50000        0.066570
0.15000         0.24000        0.50000        0.070974
0.16000         0.24000        0.50000        0.075334
0.17000         0.24000        0.50000        0.079652
0.18000         0.24000        0.50000        0.083929
0.19000         0.24000        0.50000        0.088167
0.20000         0.24000        0.50000        0.092369
0.21000         0.24000        0.50000        0.096534
0.22000         0.24000        0.50000        0.10067
0.23000         0.24000        0.50000        0.10477
0.24000         0.24000        0.50000        0.10884
0.25000         0.24000        0.50000        0.11288
0.26000         0.24000        0.50000        0.11690
0.27000         0.24000        0.50000        0.12089
0.28000         0.24000        0.50000        0.12486
0.29000         0.24000        0.50000        0.12881
0.30000         0.24000        0.50000        0.13274
0.31000         0.24000        0.50000        0.13665
0.32000         0.24000        0.50000        0.14055
0.33000         0.24000        0.50000        0.14444
0.34000         0.24000        0.50000        0.14832
0.35000         0.24000        0.50000        0.15219
0.36000         0.24000        0.50000        0.15605
0.37000         0.24000        0.50000        0.15992
0.38000         0.24000        0.50000        0.16378
0.39000         0.24000        0.50000        0.16765
0.40000         0.24000        0.50000        0.17153
0.41000         0.24000        0.50000        0.17543
0.42000         0.24000        0.50000        0.17934
0.43000         0.24000        0.50000        0.18329
0.44000         0.24000        0.50000        0.18726
0.45000         0.24000        0.50000        0.19128
0.46000         0.24000        0.50000        0.19538
0.47000         0.24000        0.50000        0.19960
0.48000         0.24000        0.50000        0.20416
0.49000         0.24000        0.50000        0.20933
0.50000         0.24000        0.50000        0.21265
0.51000         0.24000        0.50000        0.20933
0.52000         0.24000        0.50000        0.20416
0.53000         0.24000        0.50000        0.19960
0.54000         0.24000        0.50000        0.19538
0.55000         0.24000        0.50000        0.19128
0.56000         0.24000        0.50000        0.18726
0.57000         0.24000        0.50000        0.18329
0.58000         0.24000        0.50000        0.17934
0.59000         0.24000        0.50000        0.17543
0.60000         0.24000        0.50000        0.17153
0.61000         0.24000        0.50000        0.16765
0.62000         0.24000        0.50000        0.16378
0.63000         0.24000        0.50000        0.15992
0.64000         0.24000        0.50000        0.15605
0.65000         0.24000        0.50000        0.15219
0.66000         0.24000        0.50000        0.14832
0.67000         0.24000        0.50000        0.14444
0.68000         0.24000        0.50000        0.14055
0.69000         0.24000        0.50000        0.13665
0.70000         0.24000        0.50000        0.13274
0.71000         0.24000        0.50000        0.12881
0.72000         0.24000        0.50000        0.12486
0.73000         0.24000        0.50000        0.12089
0.74000         0.24000        0.50000        0.11690
0.75000         0.24000        0.50000        0.11288
0.76000         0.24000        0.50000        0.10884
0.77000         0.24000        0.50000        0.10477
0.78000         0.24000        0.50000        0.10067
0.79000         0.24000        0.50000        0.096534
0.80000         0.24000        0.50000        0.092369
0.81000         0.24000        0.50000        0.088167
0.82000         0.24000        0.50000        0.083929
0.83000         0.24000        0.50000        0.079652
0.84000         0.24000        0.50000        0.075334
0.85000         0.24000        0.50000        0.070974
0.86000         0.24000        0.50000        0.066570
0.87000         0.24000        0.50000        0.062121
0.88000         0.24000        0.50000        0.057625
0.89000         0.24000        0.50000        0.053080
0.90000         0.24000        0.50000        0.048486
0.91000         0.24000        0.50000        0.043842
0.92000         0.24000        0.50000        0.039147
0.93000         0.24000        0.50000        0.034402
0.94000         0.24000        0.50000        0.029608
0.95000         0.24000        0.50000        0.024766
0.96000         0.24000        0.50000        0.019879
0.97000         0.24000        0.50000        0.014952
0.98000         0.24000        0.50000        0.0099898
0.99000         0.24000        0.50000        0.0050023
1.0000          0.24000        0.50000        -8.9335E-19
0.0000          0.25000        0.50000        0.0000
0.010000        0.25000        0.50000        0.0051496
0.020000        0.25000        0.50000        0.010283
0.030000        0.25000        0.50000        0.015389
0.040000        0.25000        0.50000        0.020457
0.050000        0.25000        0.50000        0.025482
0.060000        0.25000        0.50000        0.030459
0.070000        0.25000        0.50000        0.035383
0.080000        0.25000        0.50000        0.040255
0.090000        0.25000        0.50000        0.045073
0.10000         0.25000        0.50000        0.049837
0.11000         0.25000        0.50000        0.054547
0.12000         0.25000        0.50000        0.059204
0.13000         0.25000        0.50000        0.063810
0.14000         0.25000        0.50000        0.068366
0.15000         0.25000        0.50000        0.072873
0.16000         0.25000        0.50000        0.077334
0.17000         0.25000        0.50000        0.081750
0.18000         0.25000        0.50000        0.086123
0.19000         0.25000        0.50000        0.090454
0.20000         0.25000        0.50000        0.094747
0.21000         0.25000        0.50000        0.099002
0.22000         0.25000        0.50000        0.10322
0.23000         0.25000        0.50000        0.10741
0.24000         0.25000        0.50000        0.11156
0.25000         0.25000        0.50000        0.11569
0.26000         0.25000        0.50000        0.11979
0.27000         0.25000        0.50000        0.12386
0.28000         0.25000        0.50000        0.12791
0.29000         0.25000        0.50000        0.13193
0.30000         0.25000        0.50000        0.13594
0.31000         0.25000        0.50000        0.13993
0.32000         0.25000        0.50000        0.14390
0.33000         0.25000        0.50000        0.14786
0.34000         0.25000        0.50000        0.15181
0.35000         0.25000        0.50000        0.15575
0.36000         0.25000        0.50000        0.15968
0.37000         0.25000        0.50000        0.16361
0.38000         0.25000        0.50000        0.16754
0.39000         0.25000        0.50000        0.17148
0.40000         0.25000        0.50000        0.17542
0.41000         0.25000        0.50000        0.17937
0.42000         0.25000        0.50000        0.18334
0.43000         0.25000        0.50000        0.18734
0.44000         0.25000        0.50000        0.19136
0.45000         0.25000        0.50000        0.19543
0.46000         0.25000        0.50000        0.19956
0.47000         0.25000        0.50000        0.20380
0.48000         0.25000        0.50000        0.20833
0.49000         0.25000        0.50000        0.21348
0.50000         0.25000        0.50000        0.21685
0.51000         0.25000        0.50000        0.21348
0.52000         0.25000        0.50000        0.20833
0.53000         0.25000        0.50000        0.20380
0.54000         0.25000        0.50000        0.19956
0.55000         0.25000        0.50000        0.19543
0.56000         0.25000        0.50000        0.19136
0.57000         0.25000        0.50000        0.18734
0.58000         0.25000        0.50000        0.18334
0.59000         0.25000        0.50000        0.17937
0.60000         0.25000        0.50000        0.17542
0.61000         0.25000        0.50000        0.17148
0.62000         0.25000        0.50000        0.16754
0.63000         0.25000        0.50000        0.16361
0.64000         0.25000        0.50000        0.15968
0.65000         0.25000        0.50000        0.15575
0.66000         0.25000        0.50000        0.15181
0.67000         0.25000        0.50000        0.14786
0.68000         0.25000        0.50000        0.14390
0.69000         0.25000        0.50000        0.13993
0.70000         0.25000        0.50000        0.13594
0.71000         0.25000        0.50000        0.13193
0.72000         0.25000        0.50000        0.12791
0.73000         0.25000        0.50000        0.12386
0.74000         0.25000        0.50000        0.11979
0.75000         0.25000        0.50000        0.11569
0.76000         0.25000        0.50000        0.11156
0.77000         0.25000        0.50000        0.10741
0.78000         0.25000        0.50000        0.10322
0.79000         0.25000        0.50000        0.099002
0.80000         0.25000        0.50000        0.094747
0.81000         0.25000        0.50000        0.090454
0.82000         0.25000        0.50000        0.086123
0.83000         0.25000        0.50000        0.081750
0.84000         0.25000        0.50000        0.077334
0.85000         0.25000        0.50000        0.072873
0.86000         0.25000        0.50000        0.068366
0.87000         0.25000        0.50000        0.063810
0.88000         0.25000        0.50000        0.059204
0.89000         0.25000        0.50000        0.054547
0.90000         0.25000        0.50000        0.049837
0.91000         0.25000        0.50000        0.045073
0.92000         0.25000        0.50000        0.040255
0.93000         0.25000        0.50000        0.035383
0.94000         0.25000        0.50000        0.030459
0.95000         0.25000        0.50000        0.025482
0.96000         0.25000        0.50000        0.020457
0.97000         0.25000        0.50000        0.015389
0.98000         0.25000        0.50000        0.010283
0.99000         0.25000        0.50000        0.0051496
1.0000          0.25000        0.50000        -9.2915E-19
0.0000          0.26000        0.50000        0.0000
0.010000        0.26000        0.50000        0.0053046
0.020000        0.26000        0.50000        0.010592
0.030000        0.26000        0.50000        0.015849
0.040000        0.26000        0.50000        0.021065
0.050000        0.26000        0.50000        0.026234
0.060000        0.26000        0.50000        0.031350
0.070000        0.26000        0.50000        0.036411
0.080000        0.26000        0.50000        0.041415
0.090000        0.26000        0.50000        0.046360
0.10000         0.26000        0.50000        0.051247
0.11000         0.26000        0.50000        0.056076
0.12000         0.26000        0.50000        0.060849
0.13000         0.26000        0.50000        0.065566
0.14000         0.26000        0.50000        0.070230
0.15000         0.26000        0.50000        0.074842
0.16000         0.26000        0.50000        0.079404
0.17000         0.26000        0.50000        0.083919
0.18000         0.26000        0.50000        0.088388
0.19000         0.26000        0.50000        0.092813
0.20000         0.26000        0.50000        0.097196
0.21000         0.26000        0.50000        0.10154
0.22000         0.26000        0.50000        0.10585
0.23000         0.26000        0.50000        0.11012
0.24000         0.26000        0.50000        0.11436
0.25000         0.26000        0.50000        0.11856
0.26000         0.26000        0.50000        0.12274
0.27000         0.26000        0.50000        0.12689
0.28000         0.26000        0.50000        0.13101
0.29000         0.26000        0.50000        0.13511
0.30000         0.26000        0.50000        0.13919
0.31000         0.26000        0.50000        0.14325
0.32000         0.26000        0.50000        0.14729
0.33000         0.26000        0.50000        0.15132
0.34000         0.26000        0.50000        0.15534
0.35000         0.26000        0.50000        0.15935
0.36000         0.26000        0.50000        0.16334
0.37000         0.26000        0.50000        0.16734
0.38000         0.26000        0.50000        0.17133
0.39000         0.26000        0.50000        0.17533
0.40000         0.26000        0.50000        0.17933
0.41000         0.26000        0.50000        0.18334
0.42000         0.26000        0.50000        0.18736
0.43000         0.26000        0.50000        0.19141
0.44000         0.26000        0.50000        0.19548
0.45000         0.26000        0.50000        0.19959
0.46000         0.26000        0.50000        0.20374
0.47000         0.26000        0.50000        0.20800
0.48000         0.26000        0.50000        0.21253
0.49000         0.26000        0.50000        0.21764
0.50000         0.26000        0.50000        0.22109
0.51000         0.26000        0.50000        0.21764
0.52000         0.26000        0.50000        0.21253
0.53000         0.26000        0.50000        0.20800
0.54000         0.26000        0.50000        0.20374
0.55000         0.26000        0.50000        0.19959
0.56000         0.26000        0.50000        0.19548
0.57000         0.26000        0.50000        0.19141
0.58000         0.26000        0.50000        0.18736
0.59000         0.26000        0.50000        0.18334
0.60000         0.26000        0.50000        0.17933
0.61000         0.26000        0.50000        0.17533
0.62000         0.26000        0.50000        0.17133
0.63000         0.26000        0.50000        0.16734
0.64000         0.26000        0.50000        0.16334
0.65000         0.26000        0.50000        0.15935
0.66000         0.26000        0.50000        0.15534
0.67000         0.26000        0.50000        0.15132
0.68000         0.26000        0.50000        0.14729
0.69000         0.26000        0.50000        0.14325
0.70000         0.26000        0.50000        0.13919
0.71000         0.26000        0.50000        0.13511
0.72000         0.26000        0.50000        0.13101
0.73000         0.26000        0.50000        0.12689
0.74000         0.26000        0.50000        0.12274
0.75000         0.26000        0.50000        0.11856
0.76000         0.26000        0.50000        0.11436
0.77000         0.26000        0.50000        0.11012
0.78000         0.26000        0.50000        0.10585
0.79000         0.26000        0.50000        0.10154
0.80000         0.26000        0.50000        0.097196
0.81000         0.26000        0.50000        0.092813
0.82000         0.26000        0.50000        0.088388
0.83000         0.26000        0.50000        0.083919
0.84000         0.26000        0.50000        0.079404
0.85000         0.26000        0.50000        0.074842
0.86000         0.26000        0.50000        0.070230
0.87000         0.26000        0.50000        0.065566
0.88000         0.26000        0.50000        0.060849
0.89000         0.26000        0.50000        0.056076
0.90000         0.26000        0.50000        0.051247
0.91000         0.26000        0.50000        0.046360
0.92000         0.26000        0.50000        0.041415
0.93000         0.26000        0.50000        0.036411
0.94000         0.26000        0.50000        0.031350
0.95000         0.26000        0.50000        0.026234
0.96000         0.26000        0.50000        0.021065
0.97000         0.26000        0.50000        0.015849
0.98000         0.26000        0.50000        0.010592
0.99000         0.26000        0.50000        0.0053046
1.0000          0.26000        0.50000        -1.2262E-19
0.0000          0.27000        0.50000        1.2362E-19
0.010000        0.27000        0.50000        0.0054683
0.020000        0.27000        0.50000        0.010917
0.030000        0.27000        0.50000        0.016334
0.040000        0.27000        0.50000        0.021706
0.050000        0.27000        0.50000        0.027026
0.060000        0.27000        0.50000        0.032289
0.070000        0.27000        0.50000        0.037492
0.080000        0.27000        0.50000        0.042632
0.090000        0.27000        0.50000        0.047710
0.10000         0.27000        0.50000        0.052724
0.11000         0.27000        0.50000        0.057676
0.12000         0.27000        0.50000        0.062567
0.13000         0.27000        0.50000        0.067399
0.14000         0.27000        0.50000        0.072173
0.15000         0.27000        0.50000        0.076892
0.16000         0.27000        0.50000        0.081557
0.17000         0.27000        0.50000        0.086171
0.18000         0.27000        0.50000        0.090737
0.19000         0.27000        0.50000        0.095256
0.20000         0.27000        0.50000        0.099730
0.21000         0.27000        0.50000        0.10416
0.22000         0.27000        0.50000        0.10856
0.23000         0.27000        0.50000        0.11291
0.24000         0.27000        0.50000        0.11723
0.25000         0.27000        0.50000        0.12152
0.26000         0.27000        0.50000        0.12577
0.27000         0.27000        0.50000        0.13000
0.28000         0.27000        0.50000        0.13420
0.29000         0.27000        0.50000        0.13837
0.30000         0.27000        0.50000        0.14252
0.31000         0.27000        0.50000        0.14665
0.32000         0.27000        0.50000        0.15076
0.33000         0.27000        0.50000        0.15486
0.34000         0.27000        0.50000        0.15894
0.35000         0.27000        0.50000        0.16301
0.36000         0.27000        0.50000        0.16707
0.37000         0.27000        0.50000        0.17112
0.38000         0.27000        0.50000        0.17518
0.39000         0.27000        0.50000        0.17923
0.40000         0.27000        0.50000        0.18328
0.41000         0.27000        0.50000        0.18735
0.42000         0.27000        0.50000        0.19142
0.43000         0.27000        0.50000        0.19551
0.44000         0.27000        0.50000        0.19963
0.45000         0.27000        0.50000        0.20378
0.46000         0.27000        0.50000        0.20797
0.47000         0.27000        0.50000        0.21224
0.48000         0.27000        0.50000        0.21677
0.49000         0.27000        0.50000        0.22189
0.50000         0.27000        0.50000        0.22530
0.51000         0.27000        0.50000        0.22189
0.52000         0.27000        0.50000        0.21677
0.53000         0.27000        0.50000        0.21224
0.54000         0.27000        0.50000        0.20797
0.55000         0.27000        0.50000        0.20378
0.56000         0.27000        0.50000        0.19963
0.57000         0.27000        0.50000        0.19551
0.58000         0.27000        0.50000        0.19142
0.59000         0.27000        0.50000        0.18735
0.60000         0.27000        0.50000        0.18328
0.61000         0.27000        0.50000        0.17923
0.62000         0.27000        0.50000        0.17518
0.63000         0.27000        0.50000        0.17112
0.64000         0.27000        0.50000        0.16707
0.65000         0.27000        0.50000        0.16301
0.66000         0.27000        0.50000        0.15894
0.67000         0.27000        0.50000        0.15486
0.68000         0.27000        0.50000        0.15076
0.69000         0.27000        0.50000        0.14665
0.70000         0.27000        0.50000        0.14252
0.71000         0.27000        0.50000        0.13837
0.72000         0.27000        0.50000        0.13420
0.73000         0.27000        0.50000        0.13000
0.74000         0.27000        0.50000        0.12577
0.75000         0.27000        0.50000        0.12152
0.76000         0.27000        0.50000        0.11723
0.77000         0.27000        0.50000        0.11291
0.78000         0.27000        0.50000        0.10856
0.79000         0.27000        0.50000        0.10416
0.80000         0.27000        0.50000        0.099730
0.81000         0.27000        0.50000        0.095256
0.82000         0.27000        0.50000        0.090737
0.83000         0.27000        0.50000        0.086171
0.84000         0.27000        0.50000        0.081557
0.85000         0.27000        0.50000        0.076892
0.86000         0.27000        0.50000        0.072173
0.87000         0.27000        0.50000        0.067399
0.88000         0.27000        0.50000        0.062567
0.89000         0.27000        0.50000        0.057676
0.90000         0.27000        0.50000        0.052724
0.91000         0.27000        0.50000        0.047710
0.92000         0.27000        0.50000        0.042632
0.93000         0.27000        0.50000        0.037492
0.94000         0.27000        0.50000        0.032289
0.95000         0.27000        0.50000        0.027026
0.96000         0.27000        0.50000        0.021706
0.97000         0.27000        0.50000        0.016334
0.98000         0.27000        0.50000        0.010917
0.99000         0.27000        0.50000        0.0054683
1.0000          0.27000        0.50000        7.7083E-21
0.0000          0.28000        0.50000        1.2755E-19
0.010000        0.28000        0.50000        0.0056419
0.020000        0.28000        0.50000        0.011263
0.030000        0.28000        0.50000        0.016847
0.040000        0.28000        0.50000        0.022384
0.050000        0.28000        0.50000        0.027863
0.060000        0.28000        0.50000        0.033281
0.070000        0.28000        0.50000        0.038632
0.080000        0.28000        0.50000        0.043916
0.090000        0.28000        0.50000        0.049131
0.10000         0.28000        0.50000        0.054277
0.11000         0.28000        0.50000        0.059356
0.12000         0.28000        0.50000        0.064369
0.13000         0.28000        0.50000        0.069318
0.14000         0.28000        0.50000        0.074206
0.15000         0.28000        0.50000        0.079033
0.16000         0.28000        0.50000        0.083804
0.17000         0.28000        0.50000        0.088519
0.18000         0.28000        0.50000        0.093183
0.19000         0.28000        0.50000        0.097796
0.20000         0.28000        0.50000        0.10236
0.21000         0.28000        0.50000        0.10688
0.22000         0.28000        0.50000        0.11136
0.23000         0.28000        0.50000        0.11580
0.24000         0.28000        0.50000        0.12020
0.25000         0.28000        0.50000        0.12457
0.26000         0.28000        0.50000        0.12890
0.27000         0.28000        0.50000        0.13320
0.28000         0.28000        0.50000        0.13747
0.29000         0.28000        0.50000        0.14172
0.30000         0.28000        0.50000        0.14594
0.31000         0.28000        0.50000        0.15014
0.32000         0.28000        0.50000        0.15431
0.33000         0.28000        0.50000        0.15847
0.34000         0.28000        0.50000        0.16262
0.35000         0.28000        0.50000        0.16675
0.36000         0.28000        0.50000        0.17087
0.37000         0.28000        0.50000        0.17499
0.38000         0.28000        0.50000        0.17910
0.39000         0.28000        0.50000        0.18320
0.40000         0.28000        0.50000        0.18731
0.41000         0.28000        0.50000        0.19142
0.42000         0.28000        0.50000        0.19555
0.43000         0.28000        0.50000        0.19969
0.44000         0.28000        0.50000        0.20384
0.45000         0.28000        0.50000        0.20803
0.46000         0.28000        0.50000        0.21225
0.47000         0.28000        0.50000        0.21655
0.48000         0.28000        0.50000        0.22107
0.49000         0.28000        0.50000        0.22618
0.50000         0.28000        0.50000        0.22963
0.51000         0.28000        0.50000        0.22618
0.52000         0.28000        0.50000        0.22107
0.53000         0.28000        0.50000        0.21655
0.54000         0.28000        0.50000        0.21225
0.55000         0.28000        0.50000        0.20803
0.56000         0.28000        0.50000        0.20384
0.57000         0.28000        0.50000        0.19969
0.58000         0.28000        0.50000        0.19555
0.59000         0.28000        0.50000        0.19142
0.60000         0.28000        0.50000        0.18731
0.61000         0.28000        0.50000        0.18320
0.62000         0.28000        0.50000        0.17910
0.63000         0.28000        0.50000        0.17499
0.64000         0.28000        0.50000        0.17087
0.65000         0.28000        0.50000        0.16675
0.66000         0.28000        0.50000        0.16262
0.67000         0.28000        0.50000        0.15847
0.68000         0.28000        0.50000        0.15431
0.69000         0.28000        0.50000        0.15014
0.70000         0.28000        0.50000        0.14594
0.71000         0.28000        0.50000        0.14172
0.72000         0.28000        0.50000        0.13747
0.73000         0.28000        0.50000        0.13320
0.74000         0.28000        0.50000        0.12890
0.75000         0.28000        0.50000        0.12457
0.76000         0.28000        0.50000        0.12020
0.77000         0.28000        0.50000        0.11580
0.78000         0.28000        0.50000        0.11136
0.79000         0.28000        0.50000        0.10688
0.80000         0.28000        0.50000        0.10236
0.81000         0.28000        0.50000        0.097796
0.82000         0.28000        0.50000        0.093183
0.83000         0.28000        0.50000        0.088519
0.84000         0.28000        0.50000        0.083804
0.85000         0.28000        0.50000        0.079033
0.86000         0.28000        0.50000        0.074206
0.87000         0.28000        0.50000        0.069318
0.88000         0.28000        0.50000        0.064369
0.89000         0.28000        0.50000        0.059356
0.90000         0.28000        0.50000        0.054277
0.91000         0.28000        0.50000        0.049131
0.92000         0.28000        0.50000        0.043916
0.93000         0.28000        0.50000        0.038632
0.94000         0.28000        0.50000        0.033281
0.95000         0.28000        0.50000        0.027863
0.96000         0.28000        0.50000        0.022384
0.97000         0.28000        0.50000        0.016847
0.98000         0.28000        0.50000        0.011263
0.99000         0.28000        0.50000        0.0056419
1.0000          0.28000        0.50000        0.0000
0.0000          0.29000        0.50000        -1.0484E-18
0.010000        0.29000        0.50000        0.0058266
0.020000        0.29000        0.50000        0.011630
0.030000        0.29000        0.50000        0.017394
0.040000        0.29000        0.50000        0.023104
0.050000        0.29000        0.50000        0.028752
0.060000        0.29000        0.50000        0.034332
0.070000        0.29000        0.50000        0.039839
0.080000        0.29000        0.50000        0.045273
0.090000        0.29000        0.50000        0.050631
0.10000         0.29000        0.50000        0.055915
0.11000         0.29000        0.50000        0.061126
0.12000         0.29000        0.50000        0.066266
0.13000         0.29000        0.50000        0.071336
0.14000         0.29000        0.50000        0.076339
0.15000         0.29000        0.50000        0.081278
0.16000         0.29000        0.50000        0.086156
0.17000         0.29000        0.50000        0.090974
0.18000         0.29000        0.50000        0.095737
0.19000         0.29000        0.50000        0.10045
0.20000         0.29000        0.50000        0.10511
0.21000         0.29000        0.50000        0.10972
0.22000         0.29000        0.50000        0.11428
0.23000         0.29000        0.50000        0.11880
0.24000         0.29000        0.50000        0.12329
0.25000         0.29000        0.50000        0.12773
0.26000         0.29000        0.50000        0.13214
0.27000         0.29000        0.50000        0.13651
0.28000         0.29000        0.50000        0.14086
0.29000         0.29000        0.50000        0.14517
0.30000         0.29000        0.50000        0.14946
0.31000         0.29000        0.50000        0.15373
0.32000         0.29000        0.50000        0.15797
0.33000         0.29000        0.50000        0.16220
0.34000         0.29000        0.50000        0.16640
0.35000         0.29000        0.50000        0.17059
0.36000         0.29000        0.50000        0.17477
0.37000         0.29000        0.50000        0.17894
0.38000         0.29000        0.50000        0.18311
0.39000         0.29000        0.50000        0.18727
0.40000         0.29000        0.50000        0.19143
0.41000         0.29000        0.50000        0.19559
0.42000         0.29000        0.50000        0.19976
0.43000         0.29000        0.50000        0.20394
0.44000         0.29000        0.50000        0.20814
0.45000         0.29000        0.50000        0.21236
0.46000         0.29000        0.50000        0.21661
0.47000         0.29000        0.50000        0.22093
0.48000         0.29000        0.50000        0.22547
0.49000         0.29000        0.50000        0.23056
0.50000         0.29000        0.50000        0.23408
0.51000         0.29000        0.50000        0.23056
0.52000         0.29000        0.50000        0.22547
0.53000         0.29000        0.50000        0.22093
0.54000         0.29000        0.50000        0.21661
0.55000         0.29000        0.50000        0.21236
0.56000         0.29000        0.50000        0.20814
0.57000         0.29000        0.50000        0.20394
0.58000         0.29000        0.50000        0.19976
0.59000         0.29000        0.50000        0.19559
0.60000         0.29000        0.50000        0.19143
0.61000         0.29000        0.50000        0.18727
0.62000         0.29000        0.50000        0.18311
0.63000         0.29000        0.50000        0.17894
0.64000         0.29000        0.50000        0.17477
0.65000         0.29000        0.50000        0.17059
0.66000         0.29000        0.50000        0.16640
0.67000         0.29000        0.50000        0.16220
0.68000         0.29000        0.50000        0.15797
0.69000         0.29000        0.50000        0.15373
0.70000         0.29000        0.50000        0.14946
0.71000         0.29000        0.50000        0.14517
0.72000         0.29000        0.50000        0.14086
0.73000         0.29000        0.50000        0.13651
0.74000         0.29000        0.50000        0.13214
0.75000         0.29000        0.50000        0.12773
0.76000         0.29000        0.50000        0.12329
0.77000         0.29000        0.50000        0.11880
0.78000         0.29000        0.50000        0.11428
0.79000         0.29000        0.50000        0.10972
0.80000         0.29000        0.50000        0.10511
0.81000         0.29000        0.50000        0.10045
0.82000         0.29000        0.50000        0.095737
0.83000         0.29000        0.50000        0.090974
0.84000         0.29000        0.50000        0.086156
0.85000         0.29000        0.50000        0.081278
0.86000         0.29000        0.50000        0.076339
0.87000         0.29000        0.50000        0.071336
0.88000         0.29000        0.50000        0.066266
0.89000         0.29000        0.50000        0.061126
0.90000         0.29000        0.50000        0.055915
0.91000         0.29000        0.50000        0.050631
0.92000         0.29000        0.50000        0.045273
0.93000         0.29000        0.50000        0.039839
0.94000         0.29000        0.50000        0.034332
0.95000         0.29000        0.50000        0.028752
0.96000         0.29000        0.50000        0.023104
0.97000         0.29000        0.50000        0.017394
0.98000         0.29000        0.50000        0.011630
0.99000         0.29000        0.50000        0.0058266
1.0000          0.29000        0.50000        -9.1959E-19
0.0000          0.30000        0.50000        9.3846E-19
0.010000        0.30000        0.50000        0.0060237
0.020000        0.30000        0.50000        0.012022
0.030000        0.30000        0.50000        0.017976
0.040000        0.30000        0.50000        0.023871
0.050000        0.30000        0.50000        0.029698
0.060000        0.30000        0.50000        0.035449
0.070000        0.30000        0.50000        0.041121
0.080000        0.30000        0.50000        0.046712
0.090000        0.30000        0.50000        0.052221
0.10000         0.30000        0.50000        0.057648
0.11000         0.30000        0.50000        0.062996
0.12000         0.30000        0.50000        0.068266
0.13000         0.30000        0.50000        0.073461
0.14000         0.30000        0.50000        0.078584
0.15000         0.30000        0.50000        0.083637
0.16000         0.30000        0.50000        0.088624
0.17000         0.30000        0.50000        0.093548
0.18000         0.30000        0.50000        0.098412
0.19000         0.30000        0.50000        0.10322
0.20000         0.30000        0.50000        0.10797
0.21000         0.30000        0.50000        0.11267
0.22000         0.30000        0.50000        0.11732
0.23000         0.30000        0.50000        0.12193
0.24000         0.30000        0.50000        0.12649
0.25000         0.30000        0.50000        0.13102
0.26000         0.30000        0.50000        0.13550
0.27000         0.30000        0.50000        0.13995
0.28000         0.30000        0.50000        0.14437
0.29000         0.30000        0.50000        0.14875
0.30000         0.30000        0.50000        0.15311
0.31000         0.30000        0.50000        0.15744
0.32000         0.30000        0.50000        0.16175
0.33000         0.30000        0.50000        0.16603
0.34000         0.30000        0.50000        0.17030
0.35000         0.30000        0.50000        0.17455
0.36000         0.30000        0.50000        0.17879
0.37000         0.30000        0.50000        0.18301
0.38000         0.30000        0.50000        0.18723
0.39000         0.30000        0.50000        0.19144
0.40000         0.30000        0.50000        0.19565
0.41000         0.30000        0.50000        0.19986
0.42000         0.30000        0.50000        0.20407
0.43000         0.30000        0.50000        0.20830
0.44000         0.30000        0.50000        0.21254
0.45000         0.30000        0.50000        0.21679
0.46000         0.30000        0.50000        0.22108
0.47000         0.30000        0.50000        0.22542
0.48000         0.30000        0.50000        0.22997
0.49000         0.30000        0.50000        0.23508
0.50000         0.30000        0.50000        0.23860
0.51000         0.30000        0.50000        0.23508
0.52000         0.30000        0.50000        0.22997
0.53000         0.30000        0.50000        0.22542
0.54000         0.30000        0.50000        0.22108
0.55000         0.30000        0.50000        0.21679
0.56000         0.30000        0.50000        0.21254
0.57000         0.30000        0.50000        0.20830
0.58000         0.30000        0.50000        0.20407
0.59000         0.30000        0.50000        0.19986
0.60000         0.30000        0.50000        0.19565
0.61000         0.30000        0.50000        0.19144
0.62000         0.30000        0.50000        0.18723
0.63000         0.30000        0.50000        0.18301
0.64000         0.30000        0.50000        0.17879
0.65000         0.30000        0.50000        0.17455
0.66000         0.30000        0.50000        0.17030
0.67000         0.30000        0.50000        0.16603
0.68000         0.30000        0.50000        0.16175
0.69000         0.30000        0.50000        0.15744
0.70000         0.30000        0.50000        0.15311
0.71000         0.30000        0.50000        0.14875
0.72000         0.30000        0.50000        0.14437
0.73000         0.30000        0.50000        0.13995
0.74000         0.30000        0.50000        0.13550
0.75000         0.30000        0.50000        0.13102
0.76000         0.30000        0.50000        0.12649
0.77000         0.30000        0.50000        0.12193
0.78000         0.30000        0.50000        0.11732
0.79000         0.30000        0.50000        0.11267
0.80000         0.30000        0.50000        0.10797
0.81000         0.30000        0.50000        0.10322
0.82000         0.30000        0.50000        0.098412
0.83000         0.30000        0.50000        0.093548
0.84000         0.30000        0.50000        0.088624
0.85000         0.30000        0.50000        0.083637
0.86000         0.30000        0.50000        0.078584
0.87000         0.30000        0.50000        0.073461
0.88000         0.30000        0.50000        0.068266
0.89000         0.30000        0.50000        0.062996
0.90000         0.30000        0.50000        0.057648
0.91000         0.30000        0.50000        0.052221
0.92000         0.30000        0.50000        0.046712
0.93000         0.30000        0.50000        0.041121
0.94000         0.30000        0.50000        0.035449
0.95000         0.30000        0.50000        0.029698
0.96000         0.30000        0.50000        0.023871
0.97000         0.30000        0.50000        0.017976
0.98000         0.30000        0.50000        0.012022
0.99000         0.30000        0.50000        0.0060237
1.0000          0.30000        0.50000        -5.4196E-19
0.0000          0.31000        0.50000        -1.5091E-19
0.010000        0.31000        0.50000        0.0062346
0.020000        0.31000        0.50000        0.012441
0.030000        0.31000        0.50000        0.018598
0.040000        0.31000        0.50000        0.024690
0.050000        0.31000        0.50000        0.030707
0.060000        0.31000        0.50000        0.036640
0.070000        0.31000        0.50000        0.042485
0.080000        0.31000        0.50000        0.048242
0.090000        0.31000        0.50000        0.053908
0.10000         0.31000        0.50000        0.059485
0.11000         0.31000        0.50000        0.064976
0.12000         0.31000        0.50000        0.070382
0.13000         0.31000        0.50000        0.075706
0.14000         0.31000        0.50000        0.080952
0.15000         0.31000        0.50000        0.086123
0.16000         0.31000        0.50000        0.091222
0.17000         0.31000        0.50000        0.096253
0.18000         0.31000        0.50000        0.10122
0.19000         0.31000        0.50000        0.10612
0.20000         0.31000        0.50000        0.11097
0.21000         0.31000        0.50000        0.11576
0.22000         0.31000        0.50000        0.12050
0.23000         0.31000        0.50000        0.12519
0.24000         0.31000        0.50000        0.12984
0.25000         0.31000        0.50000        0.13444
0.26000         0.31000        0.50000        0.13900
0.27000         0.31000        0.50000        0.14353
0.28000         0.31000        0.50000        0.14801
0.29000         0.31000        0.50000        0.15247
0.30000         0.31000        0.50000        0.15689
0.31000         0.31000        0.50000        0.16129
0.32000         0.31000        0.50000        0.16566
0.33000         0.31000        0.50000        0.17000
0.34000         0.31000        0.50000        0.17433
0.35000         0.31000        0.50000        0.17864
0.36000         0.31000        0.50000        0.18293
0.37000         0.31000        0.50000        0.18721
0.38000         0.31000        0.50000        0.19148
0.39000         0.31000        0.50000        0.19574
0.40000         0.31000        0.50000        0.20000
0.41000         0.31000        0.50000        0.20425
0.42000         0.31000        0.50000        0.20851
0.43000         0.31000        0.50000        0.21278
0.44000         0.31000        0.50000        0.21705
0.45000         0.31000        0.50000        0.22134
0.46000         0.31000        0.50000        0.22566
0.47000         0.31000        0.50000        0.23003
0.48000         0.31000        0.50000        0.23459
0.49000         0.31000        0.50000        0.23970
0.50000         0.31000        0.50000        0.24326
0.51000         0.31000        0.50000        0.23970
0.52000         0.31000        0.50000        0.23459
0.53000         0.31000        0.50000        0.23003
0.54000         0.31000        0.50000        0.22566
0.55000         0.31000        0.50000        0.22134
0.56000         0.31000        0.50000        0.21705
0.57000         0.31000        0.50000        0.21278
0.58000         0.31000        0.50000        0.20851
0.59000         0.31000        0.50000        0.20425
0.60000         0.31000        0.50000        0.20000
0.61000         0.31000        0.50000        0.19574
0.62000         0.31000        0.50000        0.19148
0.63000         0.31000        0.50000        0.18721
0.64000         0.31000        0.50000        0.18293
0.65000         0.31000        0.50000        0.17864
0.66000         0.31000        0.50000        0.17433
0.67000         0.31000        0.50000        0.17000
0.68000         0.31000        0.50000        0.16566
0.69000         0.31000        0.50000        0.16129
0.70000         0.31000        0.50000        0.15689
0.71000         0.31000        0.50000        0.15247
0.72000         0.31000        0.50000        0.14801
0.73000         0.31000        0.50000        0.14353
0.74000         0.31000        0.50000        0.13900
0.75000         0.31000        0.50000        0.13444
0.76000         0.31000        0.50000        0.12984
0.77000         0.31000        0.50000        0.12519
0.78000         0.31000        0.50000        0.12050
0.79000         0.31000        0.50000        0.11576
0.80000         0.31000        0.50000        0.11097
0.81000         0.31000        0.50000        0.10612
0.82000         0.31000        0.50000        0.10122
0.83000         0.31000        0.50000        0.096253
0.84000         0.31000        0.50000        0.091222
0.85000         0.31000        0.50000        0.086123
0.86000         0.31000        0.50000        0.080952
0.87000         0.31000        0.50000        0.075706
0.88000         0.31000        0.50000        0.070382
0.89000         0.31000        0.50000        0.064976
0.90000         0.31000        0.50000        0.059485
0.91000         0.31000        0.50000        0.053908
0.92000         0.31000        0.50000        0.048242
0.93000         0.31000        0.50000        0.042485
0.94000         0.31000        0.50000        0.036640
0.95000         0.31000        0.50000        0.030707
0.96000         0.31000        0.50000        0.024690
0.97000         0.31000        0.50000        0.018598
0.98000         0.31000        0.50000        0.012441
0.99000         0.31000        0.50000        0.0062346
1.0000          0.31000        0.50000        1.0006E-20
0.0000          0.32000        0.50000        -1.1628E-18
0.010000        0.32000        0.50000        0.0064610
0.020000        0.32000        0.50000        0.012890
0.030000        0.32000        0.50000        0.019265
0.040000        0.32000        0.50000        0.025568
0.050000        0.32000        0.50000        0.031786
0.060000        0.32000        0.50000        0.037912
0.070000        0.32000        0.50000        0.043941
0.080000        0.32000        0.50000        0.049872
0.090000        0.32000        0.50000        0.055703
0.10000         0.32000        0.50000        0.061438
0.11000         0.32000        0.50000        0.067077
0.12000         0.32000        0.50000        0.072624
0.13000         0.32000        0.50000        0.078082
0.14000         0.32000        0.50000        0.083455
0.15000         0.32000        0.50000        0.088746
0.16000         0.32000        0.50000        0.093961
0.17000         0.32000        0.50000        0.099101
0.18000         0.32000        0.50000        0.10417
0.19000         0.32000        0.50000        0.10918
0.20000         0.32000        0.50000        0.11412
0.21000         0.32000        0.50000        0.11900
0.22000         0.32000        0.50000        0.12383
0.23000         0.32000        0.50000        0.12861
0.24000         0.32000        0.50000        0.13334
0.25000         0.32000        0.50000        0.13802
0.26000         0.32000        0.50000        0.14265
0.27000         0.32000        0.50000        0.14725
0.28000         0.32000        0.50000        0.15181
0.29000         0.32000        0.50000        0.15633
0.30000         0.32000        0.50000        0.16082
0.31000         0.32000        0.50000        0.16528
0.32000         0.32000        0.50000        0.16971
0.33000         0.32000        0.50000        0.17412
0.34000         0.32000        0.50000        0.17851
0.35000         0.32000        0.50000        0.18287
0.36000         0.32000        0.50000        0.18722
0.37000         0.32000        0.50000        0.19155
0.38000         0.32000        0.50000        0.19587
0.39000         0.32000        0.50000        0.20018
0.40000         0.32000        0.50000        0.20448
0.41000         0.32000        0.50000        0.20879
0.42000         0.32000        0.50000        0.21309
0.43000         0.32000        0.50000        0.21739
0.44000         0.32000        0.50000        0.22171
0.45000         0.32000        0.50000        0.22603
0.46000         0.32000        0.50000        0.23038
0.47000         0.32000        0.50000        0.23478
0.48000         0.32000        0.50000        0.23936
0.49000         0.32000        0.50000        0.24449
0.50000         0.32000        0.50000        0.24805
0.51000         0.32000        0.50000        0.24449
0.52000         0.32000        0.50000        0.23936
0.53000         0.32000        0.50000        0.23478
0.54000         0.32000        0.50000        0.23038
0.55000         0.32000        0.50000        0.22603
0.56000         0.32000        0.50000        0.22171
0.57000         0.32000        0.50000        0.21739
0.58000         0.32000        0.50000        0.21309
0.59000         0.32000        0.50000        0.20879
0.60000         0.32000        0.50000        0.20448
0.61000         0.32000        0.50000        0.20018
0.62000         0.32000        0.50000        0.19587
0.63000         0.32000        0.50000        0.19155
0.64000         0.32000        0.50000        0.18722
0.65000         0.32000        0.50000        0.18287
0.66000         0.32000        0.50000        0.17851
0.67000         0.32000        0.50000        0.17412
0.68000         0.32000        0.50000        0.16971
0.69000         0.32000        0.50000        0.16528
0.70000         0.32000        0.50000        0.16082
0.71000         0.32000        0.50000        0.15633
0.72000         0.32000        0.50000        0.15181
0.73000         0.32000        0.50000        0.14725
0.74000         0.32000        0.50000        0.14265
0.75000         0.32000        0.50000        0.13802
0.76000         0.32000        0.50000        0.13334
0.77000         0.32000        0.50000        0.12861
0.78000         0.32000        0.50000        0.12383
0.79000         0.32000        0.50000        0.11900
0.80000         0.32000        0.50000        0.11412
0.81000         0.32000        0.50000        0.10918
0.82000         0.32000        0.50000        0.10417
0.83000         0.32000        0.50000        0.099101
0.84000         0.32000        0.50000        0.093961
0.85000         0.32000        0.50000        0.088746
0.86000         0.32000        0.50000        0.083455
0.87000         0.32000        0.50000        0.078082
0.88000         0.32000        0.50000        0.072624
0.89000         0.32000        0.50000        0.067077
0.90000         0.32000        0.50000        0.061438
0.91000         0.32000        0.50000        0.055703
0.92000         0.32000        0.50000        0.049872
0.93000         0.32000        0.50000        0.043941
0.94000         0.32000        0.50000        0.037912
0.95000         0.32000        0.50000        0.031786
0.96000         0.32000        0.50000        0.025568
0.97000         0.32000        0.50000        0.019265
0.98000         0.32000        0.50000        0.012890
0.99000         0.32000        0.50000        0.0064610
1.0000          0.32000        0.50000        8.6759E-19
0.0000          0.33000        0.50000        -2.5633E-21
0.010000        0.33000        0.50000        0.0067046
0.020000        0.33000        0.50000        0.013374
0.030000        0.33000        0.50000        0.019982
0.040000        0.33000        0.50000        0.026509
0.050000        0.33000        0.50000        0.032942
0.060000        0.33000        0.50000        0.039274
0.070000        0.33000        0.50000        0.045497
0.080000        0.33000        0.50000        0.051612
0.090000        0.33000        0.50000        0.057618
0.10000         0.33000        0.50000        0.063516
0.11000         0.33000        0.50000        0.069310
0.12000         0.33000        0.50000        0.075003
0.13000         0.33000        0.50000        0.080600
0.14000         0.33000        0.50000        0.086104
0.15000         0.33000        0.50000        0.091520
0.16000         0.33000        0.50000        0.096852
0.17000         0.33000        0.50000        0.10211
0.18000         0.33000        0.50000        0.10728
0.19000         0.33000        0.50000        0.11239
0.20000         0.33000        0.50000        0.11743
0.21000         0.33000        0.50000        0.12241
0.22000         0.33000        0.50000        0.12733
0.23000         0.33000        0.50000        0.13219
0.24000         0.33000        0.50000        0.13700
0.25000         0.33000        0.50000        0.14176
0.26000         0.33000        0.50000        0.14647
0.27000         0.33000        0.50000        0.15114
0.28000         0.33000        0.50000        0.15577
0.29000         0.33000        0.50000        0.16036
0.30000         0.33000        0.50000        0.16491
0.31000         0.33000        0.50000        0.16944
0.32000         0.33000        0.50000        0.17393
0.33000         0.33000        0.50000        0.17840
0.34000         0.33000        0.50000        0.18284
0.35000         0.33000        0.50000        0.18726
0.36000         0.33000        0.50000        0.19166
0.37000         0.33000        0.50000        0.19605
0.38000         0.33000        0.50000        0.20042
0.39000         0.33000        0.50000        0.20477
0.40000         0.33000        0.50000        0.20912
0.41000         0.33000        0.50000        0.21347
0.42000         0.33000        0.50000        0.21781
0.43000         0.33000        0.50000        0.22216
0.44000         0.33000        0.50000        0.22651
0.45000         0.33000        0.50000        0.23087
0.46000         0.33000        0.50000        0.23525
0.47000         0.33000        0.50000        0.23968
0.48000         0.33000        0.50000        0.24427
0.49000         0.33000        0.50000        0.24942
0.50000         0.33000        0.50000        0.25301
0.51000         0.33000        0.50000        0.24942
0.52000         0.33000        0.50000        0.24427
0.53000         0.33000        0.50000        0.23968
0.54000         0.33000        0.50000        0.23525
0.55000         0.33000        0.50000        0.23087
0.56000         0.33000        0.50000        0.22651
0.57000         0.33000        0.50000        0.22216
0.58000         0.33000        0.50000        0.21781
0.59000         0.33000        0.50000        0.21347
0.60000         0.33000        0.50000        0.20912
0.61000         0.33000        0.50000        0.20477
0.62000         0.33000        0.50000        0.20042
0.63000         0.33000        0.50000        0.19605
0.64000         0.33000        0.50000        0.19166
0.65000         0.33000        0.50000        0.18726
0.66000         0.33000        0.50000        0.18284
0.67000         0.33000        0.50000        0.17840
0.68000         0.33000        0.50000        0.17393
0.69000         0.33000        0.50000        0.16944
0.70000         0.33000        0.50000        0.16491
0.71000         0.33000        0.50000        0.16036
0.72000         0.33000        0.50000        0.15577
0.73000         0.33000        0.50000        0.15114
0.74000         0.33000        0.50000        0.14647
0.75000         0.33000        0.50000        0.14176
0.76000         0.33000        0.50000        0.13700
0.77000         0.33000        0.50000        0.13219
0.78000         0.33000        0.50000        0.12733
0.79000         0.33000        0.50000        0.12241
0.80000         0.33000        0.50000        0.11743
0.81000         0.33000        0.50000        0.11239
0.82000         0.33000        0.50000        0.10728
0.83000         0.33000        0.50000        0.10211
0.84000         0.33000        0.50000        0.096852
0.85000         0.33000        0.50000        0.091520
0.86000         0.33000        0.50000        0.086104
0.87000         0.33000        0.50000        0.080600
0.88000         0.33000        0.50000        0.075003
0.89000         0.33000        0.50000        0.069310
0.90000         0.33000        0.50000        0.063516
0.91000         0.33000        0.50000        0.057618
0.92000         0.33000        0.50000        0.051612
0.93000         0.33000        0.50000        0.045497
0.94000         0.33000        0.50000        0.039274
0.95000         0.33000        0.50000        0.032942
0.96000         0.33000        0.50000        0.026509
0.97000         0.33000        0.50000        0.019982
0.98000         0.33000        0.50000        0.013374
0.99000         0.33000        0.50000        0.0067046
1.0000          0.33000        0.50000        -1.5764E-19
0.0000          0.34000        0.50000        1.0840E-18
0.010000        0.34000        0.50000        0.0069672
0.020000        0.34000        0.50000        0.013894
0.030000        0.34000        0.50000        0.020754
0.040000        0.34000        0.50000        0.027522
0.050000        0.34000        0.50000        0.034185
0.060000        0.34000        0.50000        0.040735
0.070000        0.34000        0.50000        0.047164
0.080000        0.34000        0.50000        0.053474
0.090000        0.34000        0.50000        0.059662
0.10000         0.34000        0.50000        0.065732
0.11000         0.34000        0.50000        0.071689
0.12000         0.34000        0.50000        0.077534
0.13000         0.34000        0.50000        0.083274
0.14000         0.34000        0.50000        0.088913
0.15000         0.34000        0.50000        0.094457
0.16000         0.34000        0.50000        0.099910
0.17000         0.34000        0.50000        0.10528
0.18000         0.34000        0.50000        0.11056
0.19000         0.34000        0.50000        0.11578
0.20000         0.34000        0.50000        0.12091
0.21000         0.34000        0.50000        0.12598
0.22000         0.34000        0.50000        0.13099
0.23000         0.34000        0.50000        0.13594
0.24000         0.34000        0.50000        0.14083
0.25000         0.34000        0.50000        0.14567
0.26000         0.34000        0.50000        0.15046
0.27000         0.34000        0.50000        0.15520
0.28000         0.34000        0.50000        0.15990
0.29000         0.34000        0.50000        0.16456
0.30000         0.34000        0.50000        0.16918
0.31000         0.34000        0.50000        0.17377
0.32000         0.34000        0.50000        0.17832
0.33000         0.34000        0.50000        0.18285
0.34000         0.34000        0.50000        0.18735
0.35000         0.34000        0.50000        0.19182
0.36000         0.34000        0.50000        0.19628
0.37000         0.34000        0.50000        0.20071
0.38000         0.34000        0.50000        0.20513
0.39000         0.34000        0.50000        0.20954
0.40000         0.34000        0.50000        0.21393
0.41000         0.34000        0.50000        0.21832
0.42000         0.34000        0.50000        0.22271
0.43000         0.34000        0.50000        0.22709
0.44000         0.34000        0.50000        0.23148
0.45000         0.34000        0.50000        0.23588
0.46000         0.34000        0.50000        0.24029
0.47000         0.34000        0.50000        0.24474
0.48000         0.34000        0.50000        0.24936
0.49000         0.34000        0.50000        0.25448
0.50000         0.34000        0.50000        0.25820
0.51000         0.34000        0.50000        0.25448
0.52000         0.34000        0.50000        0.24936
0.53000         0.34000        0.50000        0.24474
0.54000         0.34000        0.50000        0.24029
0.55000         0.34000        0.50000        0.23588
0.56000         0.34000        0.50000        0.23148
0.57000         0.34000        0.50000        0.22709
0.58000         0.34000        0.50000        0.22271
0.59000         0.34000        0.50000        0.21832
0.60000         0.34000        0.50000        0.21393
0.61000         0.34000        0.50000        0.20954
0.62000         0.34000        0.50000        0.20513
0.63000         0.34000        0.50000        0.20071
0.64000         0.34000        0.50000        0.19628
0.65000         0.34000        0.50000        0.19182
0.66000         0.34000        0.50000        0.18735
0.67000         0.34000        0.50000        0.18285
0.68000         0.34000        0.50000        0.17832
0.69000         0.34000        0.50000        0.17377
0.70000         0.34000        0.50000        0.16918
0.71000         0.34000        0.50000        0.16456
0.72000         0.34000        0.50000        0.15990
0.73000         0.34000        0.50000        0.15520
0.74000         0.34000        0.50000        0.15046
0.75000         0.34000        0.50000        0.14567
0.76000         0.34000        0.50000        0.14083
0.77000         0.34000        0.50000        0.13594
0.78000         0.34000        0.50000        0.13099
0.79000         0.34000        0.50000        0.12598
0.80000         0.34000        0.50000        0.12091
0.81000         0.34000        0.50000        0.11578
0.82000         0.34000        0.50000        0.11056
0.83000         0.34000        0.50000        0.10528
0.84000         0.34000        0.50000        0.099910
0.85000         0.34000        0.50000        0.094457
0.86000         0.34000        0.50000        0.088913
0.87000         0.34000        0.50000        0.083274
0.88000         0.34000        0.50000        0.077534
0.89000         0.34000        0.50000        0.071689
0.90000         0.34000        0.50000        0.065732
0.91000         0.34000        0.50000        0.059662
0.92000         0.34000        0.50000        0.053474
0.93000         0.34000        0.50000        0.047164
0.94000         0.34000        0.50000        0.040735
0.95000         0.34000        0.50000        0.034185
0.96000         0.34000        0.50000        0.027522
0.97000         0.34000        0.50000        0.020754
0.98000         0.34000        0.50000        0.013894
0.99000         0.34000        0.50000        0.0069672
1.0000          0.34000        0.50000        -6.3956E-19
0.0000          0.35000        0.50000        0.0000
0.010000        0.35000        0.50000        0.0072512
0.020000        0.35000        0.50000        0.014457
0.030000        0.35000        0.50000        0.021587
0.040000        0.35000        0.50000        0.028614
0.050000        0.35000        0.50000        0.035524
0.060000        0.35000        0.50000        0.042306
0.070000        0.35000        0.50000        0.048954
0.080000        0.35000        0.50000        0.055469
0.090000        0.35000        0.50000        0.061850
0.10000         0.35000        0.50000        0.068100
0.11000         0.35000        0.50000        0.074225
0.12000         0.35000        0.50000        0.080228
0.13000         0.35000        0.50000        0.086117
0.14000         0.35000        0.50000        0.091896
0.15000         0.35000        0.50000        0.097571
0.16000         0.35000        0.50000        0.10315
0.17000         0.35000        0.50000        0.10863
0.18000         0.35000        0.50000        0.11403
0.19000         0.35000        0.50000        0.11935
0.20000         0.35000        0.50000        0.12458
0.21000         0.35000        0.50000        0.12975
0.22000         0.35000        0.50000        0.13485
0.23000         0.35000        0.50000        0.13988
0.24000         0.35000        0.50000        0.14486
0.25000         0.35000        0.50000        0.14977
0.26000         0.35000        0.50000        0.15464
0.27000         0.35000        0.50000        0.15945
0.28000         0.35000        0.50000        0.16422
0.29000         0.35000        0.50000        0.16895
0.30000         0.35000        0.50000        0.17364
0.31000         0.35000        0.50000        0.17829
0.32000         0.35000        0.50000        0.18290
0.33000         0.35000        0.50000        0.18748
0.34000         0.35000        0.50000        0.19204
0.35000         0.35000        0.50000        0.19657
0.36000         0.35000        0.50000        0.20107
0.37000         0.35000        0.50000        0.20556
0.38000         0.35000        0.50000        0.21003
0.39000         0.35000        0.50000        0.21448
0.40000         0.35000        0.50000        0.21892
0.41000         0.35000        0.50000        0.22335
0.42000         0.35000        0.50000        0.22778
0.43000         0.35000        0.50000        0.23220
0.44000         0.35000        0.50000        0.23663
0.45000         0.35000        0.50000        0.24106
0.46000         0.35000        0.50000        0.24550
0.47000         0.35000        0.50000        0.24998
0.48000         0.35000        0.50000        0.25462
0.49000         0.35000        0.50000        0.25981
0.50000         0.35000        0.50000        0.26345
0.51000         0.35000        0.50000        0.25981
0.52000         0.35000        0.50000        0.25462
0.53000         0.35000        0.50000        0.24998
0.54000         0.35000        0.50000        0.24550
0.55000         0.35000        0.50000        0.24106
0.56000         0.35000        0.50000        0.23663
0.57000         0.35000        0.50000        0.23220
0.58000         0.35000        0.50000        0.22778
0.59000         0.35000        0.50000        0.22335
0.60000         0.35000        0.50000        0.21892
0.61000         0.35000        0.50000        0.21448
0.62000         0.35000        0.50000        0.21003
0.63000         0.35000        0.50000        0.20556
0.64000         0.35000        0.50000        0.20107
0.65000         0.35000        0.50000        0.19657
0.66000         0.35000        0.50000        0.19204
0.67000         0.35000        0.50000        0.18748
0.68000         0.35000        0.50000        0.18290
0.69000         0.35000        0.50000        0.17829
0.70000         0.35000        0.50000        0.17364
0.71000         0.35000        0.50000        0.16895
0.72000         0.35000        0.50000        0.16422
0.73000         0.35000        0.50000        0.15945
0.74000         0.35000        0.50000        0.15464
0.75000         0.35000        0.50000        0.14977
0.76000         0.35000        0.50000        0.14486
0.77000         0.35000        0.50000        0.13988
0.78000         0.35000        0.50000        0.13485
0.79000         0.35000        0.50000        0.12975
0.80000         0.35000        0.50000        0.12458
0.81000         0.35000        0.50000        0.11935
0.82000         0.35000        0.50000        0.11403
0.83000         0.35000        0.50000        0.10863
0.84000         0.35000        0.50000        0.10315
0.85000         0.35000        0.50000        0.097571
0.86000         0.35000        0.50000        0.091896
0.87000         0.35000        0.50000        0.086117
0.88000         0.35000        0.50000        0.080228
0.89000         0.35000        0.50000        0.074225
0.90000         0.35000        0.50000        0.068100
0.91000         0.35000        0.50000        0.061850
0.92000         0.35000        0.50000        0.055469
0.93000         0.35000        0.50000        0.048954
0.94000         0.35000        0.50000        0.042306
0.95000         0.35000        0.50000        0.035524
0.96000         0.35000        0.50000        0.028614
0.97000         0.35000        0.50000        0.021587
0.98000         0.35000        0.50000        0.014457
0.99000         0.35000        0.50000        0.0072512
1.0000          0.35000        0.50000        -3.3124E-19
0.0000          0.36000        0.50000        -6.2211E-21
0.010000        0.36000        0.50000        0.0075589
0.020000        0.36000        0.50000        0.015067
0.030000        0.36000        0.50000        0.022488
0.040000        0.36000        0.50000        0.029794
0.050000        0.36000        0.50000        0.036967
0.060000        0.36000        0.50000        0.043997
0.070000        0.36000        0.50000        0.050878
0.080000        0.36000        0.50000        0.057610
0.090000        0.36000        0.50000        0.064193
0.10000         0.36000        0.50000        0.070632
0.11000         0.36000        0.50000        0.076933
0.12000         0.36000        0.50000        0.083101
0.13000         0.36000        0.50000        0.089143
0.14000         0.36000        0.50000        0.095065
0.15000         0.36000        0.50000        0.10087
0.16000         0.36000        0.50000        0.10658
0.17000         0.36000        0.50000        0.11218
0.18000         0.36000        0.50000        0.11769
0.19000         0.36000        0.50000        0.12311
0.20000         0.36000        0.50000        0.12845
0.21000         0.36000        0.50000        0.13371
0.22000         0.36000        0.50000        0.13890
0.23000         0.36000        0.50000        0.14402
0.24000         0.36000        0.50000        0.14908
0.25000         0.36000        0.50000        0.15408
0.26000         0.36000        0.50000        0.15902
0.27000         0.36000        0.50000        0.16391
0.28000         0.36000        0.50000        0.16875
0.29000         0.36000        0.50000        0.17354
0.30000         0.36000        0.50000        0.17829
0.31000         0.36000        0.50000        0.18300
0.32000         0.36000        0.50000        0.18768
0.33000         0.36000        0.50000        0.19232
0.34000         0.36000        0.50000        0.19693
0.35000         0.36000        0.50000        0.20151
0.36000         0.36000        0.50000        0.20607
0.37000         0.36000        0.50000        0.21060
0.38000         0.36000        0.50000        0.21512
0.39000         0.36000        0.50000        0.21961
0.40000         0.36000        0.50000        0.22410
0.41000         0.36000        0.50000        0.22857
0.42000         0.36000        0.50000        0.23304
0.43000         0.36000        0.50000        0.23750
0.44000         0.36000        0.50000        0.24196
0.45000         0.36000        0.50000        0.24643
0.46000         0.36000        0.50000        0.25090
0.47000         0.36000        0.50000        0.25541
0.48000         0.36000        0.50000        0.26007
0.49000         0.36000        0.50000        0.26528
0.50000         0.36000        0.50000        0.26896
0.51000         0.36000        0.50000        0.26528
0.52000         0.36000        0.50000        0.26007
0.53000         0.36000        0.50000        0.25541
0.54000         0.36000        0.50000        0.25090
0.55000         0.36000        0.50000        0.24643
0.56000         0.36000        0.50000        0.24196
0.57000         0.36000        0.50000        0.23750
0.58000         0.36000        0.50000        0.23304
0.59000         0.36000        0.50000        0.22857
0.60000         0.36000        0.50000        0.22410
0.61000         0.36000        0.50000        0.21961
0.62000         0.36000        0.50000        0.21512
0.63000         0.36000        0.50000        0.21060
0.64000         0.36000        0.50000        0.20607
0.65000         0.36000        0.50000        0.20151
0.66000         0.36000        0.50000        0.19693
0.67000         0.36000        0.50000        0.19232
0.68000         0.36000        0.50000        0.18768
0.69000         0.36000        0.50000        0.18300
0.70000         0.36000        0.50000        0.17829
0.71000         0.36000        0.50000        0.17354
0.72000         0.36000        0.50000        0.16875
0.73000         0.36000        0.50000        0.16391
0.74000         0.36000        0.50000        0.15902
0.75000         0.36000        0.50000        0.15408
0.76000         0.36000        0.50000        0.14908
0.77000         0.36000        0.50000        0.14402
0.78000         0.36000        0.50000        0.13890
0.79000         0.36000        0.50000        0.13371
0.80000         0.36000        0.50000        0.12845
0.81000         0.36000        0.50000        0.12311
0.82000         0.36000        0.50000        0.11769
0.83000         0.36000        0.50000        0.11218
0.84000         0.36000        0.50000        0.10658
0.85000         0.36000        0.50000        0.10087
0.86000         0.36000        0.50000        0.095065
0.87000         0.36000        0.50000        0.089143
0.88000         0.36000        0.50000        0.083101
0.89000         0.36000        0.50000        0.076933
0.90000         0.36000        0.50000        0.070632
0.91000         0.36000        0.50000        0.064193
0.92000         0.36000        0.50000        0.057610
0.93000         0.36000        0.50000        0.050878
0.94000         0.36000        0.50000        0.043997
0.95000         0.36000        0.50000        0.036967
0.96000         0.36000        0.50000        0.029794
0.97000         0.36000        0.50000        0.022488
0.98000         0.36000        0.50000        0.015067
0.99000         0.36000        0.50000        0.0075589
1.0000          0.36000        0.50000        -2.4470E-19
0.0000          0.37000        0.50000        1.4052E-18
0.010000        0.37000        0.50000        0.0078931
0.020000        0.37000        0.50000        0.015728
0.030000        0.37000        0.50000        0.023465
0.040000        0.37000        0.50000        0.031071
0.050000        0.37000        0.50000        0.038527
0.060000        0.37000        0.50000        0.045823
0.070000        0.37000        0.50000        0.052951
0.080000        0.37000        0.50000        0.059912
0.090000        0.37000        0.50000        0.066708
0.10000         0.37000        0.50000        0.073345
0.11000         0.37000        0.50000        0.079829
0.12000         0.37000        0.50000        0.086167
0.13000         0.37000        0.50000        0.092367
0.14000         0.37000        0.50000        0.098436
0.15000         0.37000        0.50000        0.10438
0.16000         0.37000        0.50000        0.11022
0.17000         0.37000        0.50000        0.11594
0.18000         0.37000        0.50000        0.12157
0.19000         0.37000        0.50000        0.12709
0.20000         0.37000        0.50000        0.13254
0.21000         0.37000        0.50000        0.13789
0.22000         0.37000        0.50000        0.14317
0.23000         0.37000        0.50000        0.14838
0.24000         0.37000        0.50000        0.15352
0.25000         0.37000        0.50000        0.15860
0.26000         0.37000        0.50000        0.16361
0.27000         0.37000        0.50000        0.16857
0.28000         0.37000        0.50000        0.17348
0.29000         0.37000        0.50000        0.17834
0.30000         0.37000        0.50000        0.18315
0.31000         0.37000        0.50000        0.18793
0.32000         0.37000        0.50000        0.19266
0.33000         0.37000        0.50000        0.19736
0.34000         0.37000        0.50000        0.20202
0.35000         0.37000        0.50000        0.20666
0.36000         0.37000        0.50000        0.21127
0.37000         0.37000        0.50000        0.21585
0.38000         0.37000        0.50000        0.22041
0.39000         0.37000        0.50000        0.22495
0.40000         0.37000        0.50000        0.22948
0.41000         0.37000        0.50000        0.23400
0.42000         0.37000        0.50000        0.23850
0.43000         0.37000        0.50000        0.24300
0.44000         0.37000        0.50000        0.24750
0.45000         0.37000        0.50000        0.25200
0.46000         0.37000        0.50000        0.25650
0.47000         0.37000        0.50000        0.26104
0.48000         0.37000        0.50000        0.26572
0.49000         0.37000        0.50000        0.27095
0.50000         0.37000        0.50000        0.27468
0.51000         0.37000        0.50000        0.27095
0.52000         0.37000        0.50000        0.26572
0.53000         0.37000        0.50000        0.26104
0.54000         0.37000        0.50000        0.25650
0.55000         0.37000        0.50000        0.25200
0.56000         0.37000        0.50000        0.24750
0.57000         0.37000        0.50000        0.24300
0.58000         0.37000        0.50000        0.23850
0.59000         0.37000        0.50000        0.23400
0.60000         0.37000        0.50000        0.22948
0.61000         0.37000        0.50000        0.22495
0.62000         0.37000        0.50000        0.22041
0.63000         0.37000        0.50000        0.21585
0.64000         0.37000        0.50000        0.21127
0.65000         0.37000        0.50000        0.20666
0.66000         0.37000        0.50000        0.20202
0.67000         0.37000        0.50000        0.19736
0.68000         0.37000        0.50000        0.19266
0.69000         0.37000        0.50000        0.18793
0.70000         0.37000        0.50000        0.18315
0.71000         0.37000        0.50000        0.17834
0.72000         0.37000        0.50000        0.17348
0.73000         0.37000        0.50000        0.16857
0.74000         0.37000        0.50000        0.16361
0.75000         0.37000        0.50000        0.15860
0.76000         0.37000        0.50000        0.15352
0.77000         0.37000        0.50000        0.14838
0.78000         0.37000        0.50000        0.14317
0.79000         0.37000        0.50000        0.13789
0.80000         0.37000        0.50000        0.13254
0.81000         0.37000        0.50000        0.12709
0.82000         0.37000        0.50000        0.12157
0.83000         0.37000        0.50000        0.11594
0.84000         0.37000        0.50000        0.11022
0.85000         0.37000        0.50000        0.10438
0.86000         0.37000        0.50000        0.098436
0.87000         0.37000        0.50000        0.092367
0.88000         0.37000        0.50000        0.086167
0.89000         0.37000        0.50000        0.079829
0.90000         0.37000        0.50000        0.073345
0.91000         0.37000        0.50000        0.066708
0.92000         0.37000        0.50000        0.059912
0.93000         0.37000        0.50000        0.052951
0.94000         0.37000        0.50000        0.045823
0.95000         0.37000        0.50000        0.038527
0.96000         0.37000        0.50000        0.031071
0.97000         0.37000        0.50000        0.023465
0.98000         0.37000        0.50000        0.015728
0.99000         0.37000        0.50000        0.0078931
1.0000          0.37000        0.50000        -1.4051E-18
0.0000          0.38000        0.50000        0.0000
0.010000        0.38000        0.50000        0.0082570
0.020000        0.38000        0.50000        0.016448
0.030000        0.38000        0.50000        0.024527
0.040000        0.38000        0.50000        0.032457
0.050000        0.38000        0.50000        0.040217
0.060000        0.38000        0.50000        0.047796
0.070000        0.38000        0.50000        0.055186
0.080000        0.38000        0.50000        0.062390
0.090000        0.38000        0.50000        0.069410
0.10000         0.38000        0.50000        0.076253
0.11000         0.38000        0.50000        0.082927
0.12000         0.38000        0.50000        0.089441
0.13000         0.38000        0.50000        0.095804
0.14000         0.38000        0.50000        0.10203
0.15000         0.38000        0.50000        0.10811
0.16000         0.38000        0.50000        0.11408
0.17000         0.38000        0.50000        0.11993
0.18000         0.38000        0.50000        0.12566
0.19000         0.38000        0.50000        0.13130
0.20000         0.38000        0.50000        0.13684
0.21000         0.38000        0.50000        0.14230
0.22000         0.38000        0.50000        0.14767
0.23000         0.38000        0.50000        0.15296
0.24000         0.38000        0.50000        0.15819
0.25000         0.38000        0.50000        0.16334
0.26000         0.38000        0.50000        0.16843
0.27000         0.38000        0.50000        0.17346
0.28000         0.38000        0.50000        0.17844
0.29000         0.38000        0.50000        0.18336
0.30000         0.38000        0.50000        0.18824
0.31000         0.38000        0.50000        0.19307
0.32000         0.38000        0.50000        0.19787
0.33000         0.38000        0.50000        0.20262
0.34000         0.38000        0.50000        0.20734
0.35000         0.38000        0.50000        0.21202
0.36000         0.38000        0.50000        0.21668
0.37000         0.38000        0.50000        0.22131
0.38000         0.38000        0.50000        0.22592
0.39000         0.38000        0.50000        0.23051
0.40000         0.38000        0.50000        0.23508
0.41000         0.38000        0.50000        0.23963
0.42000         0.38000        0.50000        0.24418
0.43000         0.38000        0.50000        0.24871
0.44000         0.38000        0.50000        0.25325
0.45000         0.38000        0.50000        0.25778
0.46000         0.38000        0.50000        0.26232
0.47000         0.38000        0.50000        0.26688
0.48000         0.38000        0.50000        0.27159
0.49000         0.38000        0.50000        0.27685
0.50000         0.38000        0.50000        0.28059
0.51000         0.38000        0.50000        0.27685
0.52000         0.38000        0.50000        0.27159
0.53000         0.38000        0.50000        0.26688
0.54000         0.38000        0.50000        0.26232
0.55000         0.38000        0.50000        0.25778
0.56000         0.38000        0.50000        0.25325
0.57000         0.38000        0.50000        0.24871
0.58000         0.38000        0.50000        0.24418
0.59000         0.38000        0.50000        0.23963
0.60000         0.38000        0.50000        0.23508
0.61000         0.38000        0.50000        0.23051
0.62000         0.38000        0.50000        0.22592
0.63000         0.38000        0.50000        0.22131
0.64000         0.38000        0.50000        0.21668
0.65000         0.38000        0.50000        0.21202
0.66000         0.38000        0.50000        0.20734
0.67000         0.38000        0.50000        0.20262
0.68000         0.38000        0.50000        0.19787
0.69000         0.38000        0.50000        0.19307
0.70000         0.38000        0.50000        0.18824
0.71000         0.38000        0.50000        0.18336
0.72000         0.38000        0.50000        0.17844
0.73000         0.38000        0.50000        0.17346
0.74000         0.38000        0.50000        0.16843
0.75000         0.38000        0.50000        0.16334
0.76000         0.38000        0.50000        0.15819
0.77000         0.38000        0.50000        0.15296
0.78000         0.38000        0.50000        0.14767
0.79000         0.38000        0.50000        0.14230
0.80000         0.38000        0.50000        0.13684
0.81000         0.38000        0.50000        0.13130
0.82000         0.38000        0.50000        0.12566
0.83000         0.38000        0.50000        0.11993
0.84000         0.38000        0.50000        0.11408
0.85000         0.38000        0.50000        0.10811
0.86000         0.38000        0.50000        0.10203
0.87000         0.38000        0.50000        0.095804
0.88000         0.38000        0.50000        0.089441
0.89000         0.38000        0.50000        0.082927
0.90000         0.38000        0.50000        0.076253
0.91000         0.38000        0.50000        0.069410
0.92000         0.38000        0.50000        0.062390
0.93000         0.38000        0.50000        0.055186
0.94000         0.38000        0.50000        0.047796
0.95000         0.38000        0.50000        0.040217
0.96000         0.38000        0.50000        0.032457
0.97000         0.38000        0.50000        0.024527
0.98000         0.38000        0.50000        0.016448
0.99000         0.38000        0.50000        0.0082570
1.0000          0.38000        0.50000        -3.5570E-21
0.0000          0.39000        0.50000        -1.0414E-20
0.010000        0.39000        0.50000        0.0086542
0.020000        0.39000        0.50000        0.017233
0.030000        0.39000        0.50000        0.025682
0.040000        0.39000        0.50000        0.033963
0.050000        0.39000        0.50000        0.042050
0.060000        0.39000        0.50000        0.049931
0.070000        0.39000        0.50000        0.057601
0.080000        0.39000        0.50000        0.065060
0.090000        0.39000        0.50000        0.072315
0.10000         0.39000        0.50000        0.079374
0.11000         0.39000        0.50000        0.086246
0.12000         0.39000        0.50000        0.092942
0.13000         0.39000        0.50000        0.099472
0.14000         0.39000        0.50000        0.10585
0.15000         0.39000        0.50000        0.11208
0.16000         0.39000        0.50000        0.11818
0.17000         0.39000        0.50000        0.12415
0.18000         0.39000        0.50000        0.13000
0.19000         0.39000        0.50000        0.13575
0.20000         0.39000        0.50000        0.14139
0.21000         0.39000        0.50000        0.14694
0.22000         0.39000        0.50000        0.15241
0.23000         0.39000        0.50000        0.15779
0.24000         0.39000        0.50000        0.16309
0.25000         0.39000        0.50000        0.16832
0.26000         0.39000        0.50000        0.17349
0.27000         0.39000        0.50000        0.17859
0.28000         0.39000        0.50000        0.18363
0.29000         0.39000        0.50000        0.18862
0.30000         0.39000        0.50000        0.19356
0.31000         0.39000        0.50000        0.19845
0.32000         0.39000        0.50000        0.20330
0.33000         0.39000        0.50000        0.20811
0.34000         0.39000        0.50000        0.21288
0.35000         0.39000        0.50000        0.21762
0.36000         0.39000        0.50000        0.22232
0.37000         0.39000        0.50000        0.22700
0.38000         0.39000        0.50000        0.23165
0.39000         0.39000        0.50000        0.23628
0.40000         0.39000        0.50000        0.24090
0.41000         0.39000        0.50000        0.24549
0.42000         0.39000        0.50000        0.25007
0.43000         0.39000        0.50000        0.25465
0.44000         0.39000        0.50000        0.25921
0.45000         0.39000        0.50000        0.26378
0.46000         0.39000        0.50000        0.26835
0.47000         0.39000        0.50000        0.27294
0.48000         0.39000        0.50000        0.27767
0.49000         0.39000        0.50000        0.28294
0.50000         0.39000        0.50000        0.28675
0.51000         0.39000        0.50000        0.28294
0.52000         0.39000        0.50000        0.27767
0.53000         0.39000        0.50000        0.27294
0.54000         0.39000        0.50000        0.26835
0.55000         0.39000        0.50000        0.26378
0.56000         0.39000        0.50000        0.25921
0.57000         0.39000        0.50000        0.25465
0.58000         0.39000        0.50000        0.25007
0.59000         0.39000        0.50000        0.24549
0.60000         0.39000        0.50000        0.24090
0.61000         0.39000        0.50000        0.23628
0.62000         0.39000        0.50000        0.23165
0.63000         0.39000        0.50000        0.22700
0.64000         0.39000        0.50000        0.22232
0.65000         0.39000        0.50000        0.21762
0.66000         0.39000        0.50000        0.21288
0.67000         0.39000        0.50000        0.20811
0.68000         0.39000        0.50000        0.20330
0.69000         0.39000        0.50000        0.19845
0.70000         0.39000        0.50000        0.19356
0.71000         0.39000        0.50000        0.18862
0.72000         0.39000        0.50000        0.18363
0.73000         0.39000        0.50000        0.17859
0.74000         0.39000        0.50000        0.17349
0.75000         0.39000        0.50000        0.16832
0.76000         0.39000        0.50000        0.16309
0.77000         0.39000        0.50000        0.15779
0.78000         0.39000        0.50000        0.15241
0.79000         0.39000        0.50000        0.14694
0.80000         0.39000        0.50000        0.14139
0.81000         0.39000        0.50000        0.13575
0.82000         0.39000        0.50000        0.13000
0.83000         0.39000        0.50000        0.12415
0.84000         0.39000        0.50000        0.11818
0.85000         0.39000        0.50000        0.11208
0.86000         0.39000        0.50000        0.10585
0.87000         0.39000        0.50000        0.099472
0.88000         0.39000        0.50000        0.092942
0.89000         0.39000        0.50000        0.086246
0.90000         0.39000        0.50000        0.079374
0.91000         0.39000        0.50000        0.072315
0.92000         0.39000        0.50000        0.065060
0.93000         0.39000        0.50000        0.057601
0.94000         0.39000        0.50000        0.049931
0.95000         0.39000        0.50000        0.042050
0.96000         0.39000        0.50000        0.033963
0.97000         0.39000        0.50000        0.025682
0.98000         0.39000        0.50000        0.017233
0.99000         0.39000        0.50000        0.0086542
1.0000          0.39000        0.50000        -3.8880E-19
0.0000          0.40000        0.50000        1.6161E-18
0.010000        0.40000        0.50000        0.0090887
0.020000        0.40000        0.50000        0.018090
0.030000        0.40000        0.50000        0.026944
0.040000        0.40000        0.50000        0.035603
0.050000        0.40000        0.50000        0.044042
0.060000        0.40000        0.50000        0.052247
0.070000        0.40000        0.50000        0.060213
0.080000        0.40000        0.50000        0.067943
0.090000        0.40000        0.50000        0.075444
0.10000         0.40000        0.50000        0.082726
0.11000         0.40000        0.50000        0.089803
0.12000         0.40000        0.50000        0.096686
0.13000         0.40000        0.50000        0.10339
0.14000         0.40000        0.50000        0.10992
0.15000         0.40000        0.50000        0.11630
0.16000         0.40000        0.50000        0.12253
0.17000         0.40000        0.50000        0.12863
0.18000         0.40000        0.50000        0.13460
0.19000         0.40000        0.50000        0.14045
0.20000         0.40000        0.50000        0.14620
0.21000         0.40000        0.50000        0.15184
0.22000         0.40000        0.50000        0.15740
0.23000         0.40000        0.50000        0.16286
0.24000         0.40000        0.50000        0.16825
0.25000         0.40000        0.50000        0.17356
0.26000         0.40000        0.50000        0.17879
0.27000         0.40000        0.50000        0.18396
0.28000         0.40000        0.50000        0.18907
0.29000         0.40000        0.50000        0.19413
0.30000         0.40000        0.50000        0.19913
0.31000         0.40000        0.50000        0.20408
0.32000         0.40000        0.50000        0.20898
0.33000         0.40000        0.50000        0.21384
0.34000         0.40000        0.50000        0.21866
0.35000         0.40000        0.50000        0.22345
0.36000         0.40000        0.50000        0.22820
0.37000         0.40000        0.50000        0.23293
0.38000         0.40000        0.50000        0.23762
0.39000         0.40000        0.50000        0.24230
0.40000         0.40000        0.50000        0.24695
0.41000         0.40000        0.50000        0.25158
0.42000         0.40000        0.50000        0.25620
0.43000         0.40000        0.50000        0.26081
0.44000         0.40000        0.50000        0.26541
0.45000         0.40000        0.50000        0.27001
0.46000         0.40000        0.50000        0.27461
0.47000         0.40000        0.50000        0.27923
0.48000         0.40000        0.50000        0.28399
0.49000         0.40000        0.50000        0.28931
0.50000         0.40000        0.50000        0.29308
0.51000         0.40000        0.50000        0.28931
0.52000         0.40000        0.50000        0.28399
0.53000         0.40000        0.50000        0.27923
0.54000         0.40000        0.50000        0.27461
0.55000         0.40000        0.50000        0.27001
0.56000         0.40000        0.50000        0.26541
0.57000         0.40000        0.50000        0.26081
0.58000         0.40000        0.50000        0.25620
0.59000         0.40000        0.50000        0.25158
0.60000         0.40000        0.50000        0.24695
0.61000         0.40000        0.50000        0.24230
0.62000         0.40000        0.50000        0.23762
0.63000         0.40000        0.50000        0.23293
0.64000         0.40000        0.50000        0.22820
0.65000         0.40000        0.50000        0.22345
0.66000         0.40000        0.50000        0.21866
0.67000         0.40000        0.50000        0.21384
0.68000         0.40000        0.50000        0.20898
0.69000         0.40000        0.50000        0.20408
0.70000         0.40000        0.50000        0.19913
0.71000         0.40000        0.50000        0.19413
0.72000         0.40000        0.50000        0.18907
0.73000         0.40000        0.50000        0.18396
0.74000         0.40000        0.50000        0.17879
0.75000         0.40000        0.50000        0.17356
0.76000         0.40000        0.50000        0.16825
0.77000         0.40000        0.50000        0.16286
0.78000         0.40000        0.50000        0.15740
0.79000         0.40000        0.50000        0.15184
0.80000         0.40000        0.50000        0.14620
0.81000         0.40000        0.50000        0.14045
0.82000         0.40000        0.50000        0.13460
0.83000         0.40000        0.50000        0.12863
0.84000         0.40000        0.50000        0.12253
0.85000         0.40000        0.50000        0.11630
0.86000         0.40000        0.50000        0.10992
0.87000         0.40000        0.50000        0.10339
0.88000         0.40000        0.50000        0.096686
0.89000         0.40000        0.50000        0.089803
0.90000         0.40000        0.50000        0.082726
0.91000         0.40000        0.50000        0.075444
0.92000         0.40000        0.50000        0.067943
0.93000         0.40000        0.50000        0.060213
0.94000         0.40000        0.50000        0.052247
0.95000         0.40000        0.50000        0.044042
0.96000         0.40000        0.50000        0.035603
0.97000         0.40000        0.50000        0.026944
0.98000         0.40000        0.50000        0.018090
0.99000         0.40000        0.50000        0.0090887
1.0000          0.40000        0.50000        2.1108E-20
0.0000          0.41000        0.50000        0.0000
0.010000        0.41000        0.50000        0.0095651
0.020000        0.41000        0.50000        0.019029
0.030000        0.41000        0.50000        0.028323
0.040000        0.41000        0.50000        0.037393
0.050000        0.41000        0.50000        0.046211
0.060000        0.41000        0.50000        0.054762
0.070000        0.41000        0.50000        0.063042
0.080000        0.41000        0.50000        0.071057
0.090000        0.41000        0.50000        0.078815
0.10000         0.41000        0.50000        0.086331
0.11000         0.41000        0.50000        0.093618
0.12000         0.41000        0.50000        0.10069
0.13000         0.41000        0.50000        0.10757
0.14000         0.41000        0.50000        0.11426
0.15000         0.41000        0.50000        0.12079
0.16000         0.41000        0.50000        0.12715
0.17000         0.41000        0.50000        0.13337
0.18000         0.41000        0.50000        0.13946
0.19000         0.41000        0.50000        0.14542
0.20000         0.41000        0.50000        0.15127
0.21000         0.41000        0.50000        0.15701
0.22000         0.41000        0.50000        0.16265
0.23000         0.41000        0.50000        0.16820
0.24000         0.41000        0.50000        0.17367
0.25000         0.41000        0.50000        0.17905
0.26000         0.41000        0.50000        0.18436
0.27000         0.41000        0.50000        0.18960
0.28000         0.41000        0.50000        0.19477
0.29000         0.41000        0.50000        0.19989
0.30000         0.41000        0.50000        0.20495
0.31000         0.41000        0.50000        0.20995
0.32000         0.41000        0.50000        0.21491
0.33000         0.41000        0.50000        0.21983
0.34000         0.41000        0.50000        0.22470
0.35000         0.41000        0.50000        0.22953
0.36000         0.41000        0.50000        0.23433
0.37000         0.41000        0.50000        0.23910
0.38000         0.41000        0.50000        0.24384
0.39000         0.41000        0.50000        0.24855
0.40000         0.41000        0.50000        0.25324
0.41000         0.41000        0.50000        0.25792
0.42000         0.41000        0.50000        0.26257
0.43000         0.41000        0.50000        0.26722
0.44000         0.41000        0.50000        0.27185
0.45000         0.41000        0.50000        0.27648
0.46000         0.41000        0.50000        0.28111
0.47000         0.41000        0.50000        0.28576
0.48000         0.41000        0.50000        0.29054
0.49000         0.41000        0.50000        0.29590
0.50000         0.41000        0.50000        0.29968
0.51000         0.41000        0.50000        0.29589
0.52000         0.41000        0.50000        0.29054
0.53000         0.41000        0.50000        0.28576
0.54000         0.41000        0.50000        0.28111
0.55000         0.41000        0.50000        0.27648
0.56000         0.41000        0.50000        0.27185
0.57000         0.41000        0.50000        0.26722
0.58000         0.41000        0.50000        0.26257
0.59000         0.41000        0.50000        0.25792
0.60000         0.41000        0.50000        0.25324
0.61000         0.41000        0.50000        0.24855
0.62000         0.41000        0.50000        0.24384
0.63000         0.41000        0.50000        0.23910
0.64000         0.41000        0.50000        0.23433
0.65000         0.41000        0.50000        0.22953
0.66000         0.41000        0.50000        0.22470
0.67000         0.41000        0.50000        0.21983
0.68000         0.41000        0.50000        0.21491
0.69000         0.41000        0.50000        0.20995
0.70000         0.41000        0.50000        0.20495
0.71000         0.41000        0.50000        0.19989
0.72000         0.41000        0.50000        0.19477
0.73000         0.41000        0.50000        0.18960
0.74000         0.41000        0.50000        0.18436
0.75000         0.41000        0.50000        0.17905
0.76000         0.41000        0.50000        0.17367
0.77000         0.41000        0.50000        0.16820
0.78000         0.41000        0.50000        0.16265
0.79000         0.41000        0.50000        0.15701
0.80000         0.41000        0.50000        0.15127
0.81000         0.41000        0.50000        0.14542
0.82000         0.41000        0.50000        0.13946
0.83000         0.41000        0.50000        0.13337
0.84000         0.41000        0.50000        0.12715
0.85000         0.41000        0.50000        0.12079
0.86000         0.41000        0.50000        0.11426
0.87000         0.41000        0.50000        0.10757
0.88000         0.41000        0.50000        0.10069
0.89000         0.41000        0.50000        0.093618
0.90000         0.41000        0.50000        0.086331
0.91000         0.41000        0.50000        0.078815
0.92000         0.41000        0.50000        0.071057
0.93000         0.41000        0.50000        0.063042
0.94000         0.41000        0.50000        0.054762
0.95000         0.41000        0.50000        0.046211
0.96000         0.41000        0.50000        0.037393
0.97000         0.41000        0.50000        0.028323
0.98000         0.41000        0.50000        0.019029
0.99000         0.41000        0.50000        0.0095651
1.0000          0.41000        0.50000        -3.9057E-21
0.0000          0.42000        0.50000        -2.4191E-20
0.010000        0.42000        0.50000        0.010089
0.020000        0.42000        0.50000        0.020061
0.030000        0.42000        0.50000        0.029834
0.040000        0.42000        0.50000        0.039350
0.050000        0.42000        0.50000        0.048576
0.060000        0.42000        0.50000        0.057497
0.070000        0.42000        0.50000        0.066110
0.080000        0.42000        0.50000        0.074424
0.090000        0.42000        0.50000        0.082451
0.10000         0.42000        0.50000        0.090207
0.11000         0.42000        0.50000        0.097712
0.12000         0.42000        0.50000        0.10498
0.13000         0.42000        0.50000        0.11203
0.14000         0.42000        0.50000        0.11889
0.15000         0.42000        0.50000        0.12556
0.16000         0.42000        0.50000        0.13206
0.17000         0.42000        0.50000        0.13841
0.18000         0.42000        0.50000        0.14461
0.19000         0.42000        0.50000        0.15068
0.20000         0.42000        0.50000        0.15663
0.21000         0.42000        0.50000        0.16246
0.22000         0.42000        0.50000        0.16819
0.23000         0.42000        0.50000        0.17382
0.24000         0.42000        0.50000        0.17936
0.25000         0.42000        0.50000        0.18482
0.26000         0.42000        0.50000        0.19020
0.27000         0.42000        0.50000        0.19550
0.28000         0.42000        0.50000        0.20074
0.29000         0.42000        0.50000        0.20592
0.30000         0.42000        0.50000        0.21103
0.31000         0.42000        0.50000        0.21609
0.32000         0.42000        0.50000        0.22111
0.33000         0.42000        0.50000        0.22607
0.34000         0.42000        0.50000        0.23099
0.35000         0.42000        0.50000        0.23587
0.36000         0.42000        0.50000        0.24071
0.37000         0.42000        0.50000        0.24552
0.38000         0.42000        0.50000        0.25030
0.39000         0.42000        0.50000        0.25506
0.40000         0.42000        0.50000        0.25979
0.41000         0.42000        0.50000        0.26450
0.42000         0.42000        0.50000        0.26919
0.43000         0.42000        0.50000        0.27387
0.44000         0.42000        0.50000        0.27853
0.45000         0.42000        0.50000        0.28319
0.46000         0.42000        0.50000        0.28785
0.47000         0.42000        0.50000        0.29253
0.48000         0.42000        0.50000        0.29734
0.49000         0.42000        0.50000        0.30269
0.50000         0.42000        0.50000        0.30658
0.51000         0.42000        0.50000        0.30269
0.52000         0.42000        0.50000        0.29734
0.53000         0.42000        0.50000        0.29253
0.54000         0.42000        0.50000        0.28785
0.55000         0.42000        0.50000        0.28319
0.56000         0.42000        0.50000        0.27853
0.57000         0.42000        0.50000        0.27387
0.58000         0.42000        0.50000        0.26919
0.59000         0.42000        0.50000        0.26450
0.60000         0.42000        0.50000        0.25979
0.61000         0.42000        0.50000        0.25506
0.62000         0.42000        0.50000        0.25030
0.63000         0.42000        0.50000        0.24552
0.64000         0.42000        0.50000        0.24071
0.65000         0.42000        0.50000        0.23587
0.66000         0.42000        0.50000        0.23099
0.67000         0.42000        0.50000        0.22607
0.68000         0.42000        0.50000        0.22111
0.69000         0.42000        0.50000        0.21609
0.70000         0.42000        0.50000        0.21103
0.71000         0.42000        0.50000        0.20592
0.72000         0.42000        0.50000        0.20074
0.73000         0.42000        0.50000        0.19550
0.74000         0.42000        0.50000        0.19020
0.75000         0.42000        0.50000        0.18482
0.76000         0.42000        0.50000        0.17936
0.77000         0.42000        0.50000        0.17382
0.78000         0.42000        0.50000        0.16819
0.79000         0.42000        0.50000        0.16246
0.80000         0.42000        0.50000        0.15663
0.81000         0.42000        0.50000        0.15068
0.82000         0.42000        0.50000        0.14461
0.83000         0.42000        0.50000        0.13841
0.84000         0.42000        0.50000        0.13206
0.85000         0.42000        0.50000        0.12556
0.86000         0.42000        0.50000        0.11889
0.87000         0.42000        0.50000        0.11203
0.88000         0.42000        0.50000        0.10498
0.89000         0.42000        0.50000        0.097712
0.90000         0.42000        0.50000        0.090207
0.91000         0.42000        0.50000        0.082451
0.92000         0.42000        0.50000        0.074424
0.93000         0.42000        0.50000        0.066110
0.94000         0.42000        0.50000        0.057497
0.95000         0.42000        0.50000        0.048576
0.96000         0.42000        0.50000        0.039350
0.97000         0.42000        0.50000        0.029834
0.98000         0.42000        0.50000        0.020061
0.99000         0.42000        0.50000        0.010089
1.0000          0.42000        0.50000        -6.4710E-19
0.0000          0.43000        0.50000        2.1329E-19
0.010000        0.43000        0.50000        0.010666
0.020000        0.43000        0.50000        0.021195
0.030000        0.43000        0.50000        0.031494
0.040000        0.43000        0.50000        0.041493
0.050000        0.43000        0.50000        0.051159
0.060000        0.43000        0.50000        0.060475
0.070000        0.43000        0.50000        0.069440
0.080000        0.43000        0.50000        0.078068
0.090000        0.43000        0.50000        0.086374
0.10000         0.43000        0.50000        0.094379
0.11000         0.43000        0.50000        0.10210
0.12000         0.43000        0.50000        0.10957
0.13000         0.43000        0.50000        0.11681
0.14000         0.43000        0.50000        0.12382
0.15000         0.43000        0.50000        0.13064
0.16000         0.43000        0.50000        0.13727
0.17000         0.43000        0.50000        0.14374
0.18000         0.43000        0.50000        0.15006
0.19000         0.43000        0.50000        0.15623
0.20000         0.43000        0.50000        0.16228
0.21000         0.43000        0.50000        0.16820
0.22000         0.43000        0.50000        0.17402
0.23000         0.43000        0.50000        0.17973
0.24000         0.43000        0.50000        0.18535
0.25000         0.43000        0.50000        0.19087
0.26000         0.43000        0.50000        0.19632
0.27000         0.43000        0.50000        0.20169
0.28000         0.43000        0.50000        0.20699
0.29000         0.43000        0.50000        0.21222
0.30000         0.43000        0.50000        0.21739
0.31000         0.43000        0.50000        0.22251
0.32000         0.43000        0.50000        0.22757
0.33000         0.43000        0.50000        0.23258
0.34000         0.43000        0.50000        0.23755
0.35000         0.43000        0.50000        0.24247
0.36000         0.43000        0.50000        0.24736
0.37000         0.43000        0.50000        0.25221
0.38000         0.43000        0.50000        0.25703
0.39000         0.43000        0.50000        0.26183
0.40000         0.43000        0.50000        0.26659
0.41000         0.43000        0.50000        0.27134
0.42000         0.43000        0.50000        0.27606
0.43000         0.43000        0.50000        0.28077
0.44000         0.43000        0.50000        0.28547
0.45000         0.43000        0.50000        0.29016
0.46000         0.43000        0.50000        0.29485
0.47000         0.43000        0.50000        0.29955
0.48000         0.43000        0.50000        0.30438
0.49000         0.43000        0.50000        0.30980
0.50000         0.43000        0.50000        0.31364
0.51000         0.43000        0.50000        0.30980
0.52000         0.43000        0.50000        0.30438
0.53000         0.43000        0.50000        0.29955
0.54000         0.43000        0.50000        0.29485
0.55000         0.43000        0.50000        0.29016
0.56000         0.43000        0.50000        0.28547
0.57000         0.43000        0.50000        0.28077
0.58000         0.43000        0.50000        0.27606
0.59000         0.43000        0.50000        0.27134
0.60000         0.43000        0.50000        0.26659
0.61000         0.43000        0.50000        0.26183
0.62000         0.43000        0.50000        0.25703
0.63000         0.43000        0.50000        0.25221
0.64000         0.43000        0.50000        0.24736
0.65000         0.43000        0.50000        0.24247
0.66000         0.43000        0.50000        0.23755
0.67000         0.43000        0.50000        0.23258
0.68000         0.43000        0.50000        0.22757
0.69000         0.43000        0.50000        0.22251
0.70000         0.43000        0.50000        0.21739
0.71000         0.43000        0.50000        0.21222
0.72000         0.43000        0.50000        0.20699
0.73000         0.43000        0.50000        0.20169
0.74000         0.43000        0.50000        0.19632
0.75000         0.43000        0.50000        0.19087
0.76000         0.43000        0.50000        0.18535
0.77000         0.43000        0.50000        0.17973
0.78000         0.43000        0.50000        0.17402
0.79000         0.43000        0.50000        0.16820
0.80000         0.43000        0.50000        0.16228
0.81000         0.43000        0.50000        0.15623
0.82000         0.43000        0.50000        0.15006
0.83000         0.43000        0.50000        0.14374
0.84000         0.43000        0.50000        0.13727
0.85000         0.43000        0.50000        0.13064
0.86000         0.43000        0.50000        0.12382
0.87000         0.43000        0.50000        0.11681
0.88000         0.43000        0.50000        0.10957
0.89000         0.43000        0.50000        0.10210
0.90000         0.43000        0.50000        0.094379
0.91000         0.43000        0.50000        0.086374
0.92000         0.43000        0.50000        0.078068
0.93000         0.43000        0.50000        0.069440
0.94000         0.43000        0.50000        0.060475
0.95000         0.43000        0.50000        0.051159
0.96000         0.43000        0.50000        0.041493
0.97000         0.43000        0.50000        0.031494
0.98000         0.43000        0.50000        0.021195
0.99000         0.43000        0.50000        0.010666
1.0000          0.43000        0.50000        -9.6128E-19
0.0000          0.44000        0.50000        0.0000
0.010000        0.44000        0.50000        0.011304
0.020000        0.44000        0.50000        0.022447
0.030000        0.44000        0.50000        0.033320
0.040000        0.44000        0.50000        0.043845
0.050000        0.44000        0.50000        0.053983
0.060000        0.44000        0.50000        0.063721
0.070000        0.44000        0.50000        0.073059
0.080000        0.44000        0.50000        0.082014
0.090000        0.44000        0.50000        0.090609
0.10000         0.44000        0.50000        0.098868
0.11000         0.44000        0.50000        0.10682
0.12000         0.44000        0.50000        0.11449
0.13000         0.44000        0.50000        0.12190
0.14000         0.44000        0.50000        0.12908
0.15000         0.44000        0.50000        0.13604
0.16000         0.44000        0.50000        0.14281
0.17000         0.44000        0.50000        0.14940
0.18000         0.44000        0.50000        0.15582
0.19000         0.44000        0.50000        0.16210
0.20000         0.44000        0.50000        0.16824
0.21000         0.44000        0.50000        0.17425
0.22000         0.44000        0.50000        0.18015
0.23000         0.44000        0.50000        0.18594
0.24000         0.44000        0.50000        0.19163
0.25000         0.44000        0.50000        0.19723
0.26000         0.44000        0.50000        0.20274
0.27000         0.44000        0.50000        0.20817
0.28000         0.44000        0.50000        0.21352
0.29000         0.44000        0.50000        0.21881
0.30000         0.44000        0.50000        0.22404
0.31000         0.44000        0.50000        0.22920
0.32000         0.44000        0.50000        0.23431
0.33000         0.44000        0.50000        0.23937
0.34000         0.44000        0.50000        0.24438
0.35000         0.44000        0.50000        0.24935
0.36000         0.44000        0.50000        0.25428
0.37000         0.44000        0.50000        0.25917
0.38000         0.44000        0.50000        0.26403
0.39000         0.44000        0.50000        0.26886
0.40000         0.44000        0.50000        0.27366
0.41000         0.44000        0.50000        0.27844
0.42000         0.44000        0.50000        0.28320
0.43000         0.44000        0.50000        0.28794
0.44000         0.44000        0.50000        0.29267
0.45000         0.44000        0.50000        0.29739
0.46000         0.44000        0.50000        0.30211
0.47000         0.44000        0.50000        0.30683
0.48000         0.44000        0.50000        0.31169
0.49000         0.44000        0.50000        0.31713
0.50000         0.44000        0.50000        0.32100
0.51000         0.44000        0.50000        0.31713
0.52000         0.44000        0.50000        0.31169
0.53000         0.44000        0.50000        0.30683
0.54000         0.44000        0.50000        0.30211
0.55000         0.44000        0.50000        0.29739
0.56000         0.44000        0.50000        0.29267
0.57000         0.44000        0.50000        0.28794
0.58000         0.44000        0.50000        0.28320
0.59000         0.44000        0.50000        0.27844
0.60000         0.44000        0.50000        0.27366
0.61000         0.44000        0.50000        0.26886
0.62000         0.44000        0.50000        0.26403
0.63000         0.44000        0.50000        0.25917
0.64000         0.44000        0.50000        0.25428
0.65000         0.44000        0.50000        0.24935
0.66000         0.44000        0.50000        0.24438
0.67000         0.44000        0.50000        0.23937
0.68000         0.44000        0.50000        0.23431
0.69000         0.44000        0.50000        0.22920
0.70000         0.44000        0.50000        0.22404
0.71000         0.44000        0.50000        0.21881
0.72000         0.44000        0.50000        0.21352
0.73000         0.44000        0.50000        0.20817
0.74000         0.44000        0.50000        0.20274
0.75000         0.44000        0.50000        0.19723
0.76000         0.44000        0.50000        0.19163
0.77000         0.44000        0.50000        0.18594
0.78000         0.44000        0.50000        0.18015
0.79000         0.44000        0.50000        0.17425
0.80000         0.44000        0.50000        0.16824
0.81000         0.44000        0.50000        0.16210
0.82000         0.44000        0.50000        0.15582
0.83000         0.44000        0.50000        0.14940
0.84000         0.44000        0.50000        0.14281
0.85000         0.44000        0.50000        0.13604
0.86000         0.44000        0.50000        0.12908
0.87000         0.44000        0.50000        0.12190
0.88000         0.44000        0.50000        0.11449
0.89000         0.44000        0.50000        0.10682
0.90000         0.44000        0.50000        0.098868
0.91000         0.44000        0.50000        0.090609
0.92000         0.44000        0.50000        0.082014
0.93000         0.44000        0.50000        0.073059
0.94000         0.44000        0.50000        0.063721
0.95000         0.44000        0.50000        0.053983
0.96000         0.44000        0.50000        0.043845
0.97000         0.44000        0.50000        0.033320
0.98000         0.44000        0.50000        0.022447
0.99000         0.44000        0.50000        0.011304
1.0000          0.44000        0.50000        -1.5307E-18
0.0000          0.45000        0.50000        2.1665E-18
0.010000        0.45000        0.50000        0.012010
0.020000        0.45000        0.50000        0.023830
0.030000        0.45000        0.50000        0.035333
0.040000        0.45000        0.50000        0.046430
0.050000        0.45000        0.50000        0.057077
0.060000        0.45000        0.50000        0.067263
0.070000        0.45000        0.50000        0.076993
0.080000        0.45000        0.50000        0.086290
0.090000        0.45000        0.50000        0.095182
0.10000         0.45000        0.50000        0.10370
0.11000         0.45000        0.50000        0.11188
0.12000         0.45000        0.50000        0.11975
0.13000         0.45000        0.50000        0.12734
0.14000         0.45000        0.50000        0.13467
0.15000         0.45000        0.50000        0.14178
0.16000         0.45000        0.50000        0.14868
0.17000         0.45000        0.50000        0.15538
0.18000         0.45000        0.50000        0.16192
0.19000         0.45000        0.50000        0.16829
0.20000         0.45000        0.50000        0.17452
0.21000         0.45000        0.50000        0.18062
0.22000         0.45000        0.50000        0.18660
0.23000         0.45000        0.50000        0.19246
0.24000         0.45000        0.50000        0.19822
0.25000         0.45000        0.50000        0.20388
0.26000         0.45000        0.50000        0.20946
0.27000         0.45000        0.50000        0.21495
0.28000         0.45000        0.50000        0.22036
0.29000         0.45000        0.50000        0.22570
0.30000         0.45000        0.50000        0.23097
0.31000         0.45000        0.50000        0.23619
0.32000         0.45000        0.50000        0.24134
0.33000         0.45000        0.50000        0.24645
0.34000         0.45000        0.50000        0.25150
0.35000         0.45000        0.50000        0.25651
0.36000         0.45000        0.50000        0.26148
0.37000         0.45000        0.50000        0.26641
0.38000         0.45000        0.50000        0.27130
0.39000         0.45000        0.50000        0.27617
0.40000         0.45000        0.50000        0.28100
0.41000         0.45000        0.50000        0.28581
0.42000         0.45000        0.50000        0.29061
0.43000         0.45000        0.50000        0.29538
0.44000         0.45000        0.50000        0.30014
0.45000         0.45000        0.50000        0.30489
0.46000         0.45000        0.50000        0.30963
0.47000         0.45000        0.50000        0.31438
0.48000         0.45000        0.50000        0.31926
0.49000         0.45000        0.50000        0.32474
0.50000         0.45000        0.50000        0.32861
0.51000         0.45000        0.50000        0.32474
0.52000         0.45000        0.50000        0.31926
0.53000         0.45000        0.50000        0.31438
0.54000         0.45000        0.50000        0.30963
0.55000         0.45000        0.50000        0.30489
0.56000         0.45000        0.50000        0.30014
0.57000         0.45000        0.50000        0.29538
0.58000         0.45000        0.50000        0.29061
0.59000         0.45000        0.50000        0.28581
0.60000         0.45000        0.50000        0.28100
0.61000         0.45000        0.50000        0.27617
0.62000         0.45000        0.50000        0.27130
0.63000         0.45000        0.50000        0.26641
0.64000         0.45000        0.50000        0.26148
0.65000         0.45000        0.50000        0.25651
0.66000         0.45000        0.50000        0.25150
0.67000         0.45000        0.50000        0.24645
0.68000         0.45000        0.50000        0.24134
0.69000         0.45000        0.50000        0.23619
0.70000         0.45000        0.50000        0.23097
0.71000         0.45000        0.50000        0.22570
0.72000         0.45000        0.50000        0.22036
0.73000         0.45000        0.50000        0.21495
0.74000         0.45000        0.50000        0.20946
0.75000         0.45000        0.50000        0.20388
0.76000         0.45000        0.50000        0.19822
0.77000         0.45000        0.50000        0.19246
0.78000         0.45000        0.50000        0.18660
0.79000         0.45000        0.50000        0.18062
0.80000         0.45000        0.50000        0.17452
0.81000         0.45000        0.50000        0.16829
0.82000         0.45000        0.50000        0.16192
0.83000         0.45000        0.50000        0.15538
0.84000         0.45000        0.50000        0.14868
0.85000         0.45000        0.50000        0.14178
0.86000         0.45000        0.50000        0.13467
0.87000         0.45000        0.50000        0.12734
0.88000         0.45000        0.50000        0.11975
0.89000         0.45000        0.50000        0.11188
0.90000         0.45000        0.50000        0.10370
0.91000         0.45000        0.50000        0.095182
0.92000         0.45000        0.50000        0.086290
0.93000         0.45000        0.50000        0.076993
0.94000         0.45000        0.50000        0.067263
0.95000         0.45000        0.50000        0.057077
0.96000         0.45000        0.50000        0.046430
0.97000         0.45000        0.50000        0.035333
0.98000         0.45000        0.50000        0.023830
0.99000         0.45000        0.50000        0.012010
1.0000          0.45000        0.50000        -5.4894E-19
0.0000          0.46000        0.50000        2.5098E-19
0.010000        0.46000        0.50000        0.012793
0.020000        0.46000        0.50000        0.025362
0.030000        0.46000        0.50000        0.037557
0.040000        0.46000        0.50000        0.049274
0.050000        0.46000        0.50000        0.060469
0.060000        0.46000        0.50000        0.071131
0.070000        0.46000        0.50000        0.081272
0.080000        0.46000        0.50000        0.090923
0.090000        0.46000        0.50000        0.10012
0.10000         0.46000        0.50000        0.10890
0.11000         0.46000        0.50000        0.11731
0.12000         0.46000        0.50000        0.12538
0.13000         0.46000        0.50000        0.13314
0.14000         0.46000        0.50000        0.14063
0.15000         0.46000        0.50000        0.14788
0.16000         0.46000        0.50000        0.15490
0.17000         0.46000        0.50000        0.16172
0.18000         0.46000        0.50000        0.16836
0.19000         0.46000        0.50000        0.17483
0.20000         0.46000        0.50000        0.18114
0.21000         0.46000        0.50000        0.18732
0.22000         0.46000        0.50000        0.19337
0.23000         0.46000        0.50000        0.19931
0.24000         0.46000        0.50000        0.20513
0.25000         0.46000        0.50000        0.21086
0.26000         0.46000        0.50000        0.21649
0.27000         0.46000        0.50000        0.22203
0.28000         0.46000        0.50000        0.22750
0.29000         0.46000        0.50000        0.23289
0.30000         0.46000        0.50000        0.23821
0.31000         0.46000        0.50000        0.24347
0.32000         0.46000        0.50000        0.24867
0.33000         0.46000        0.50000        0.25382
0.34000         0.46000        0.50000        0.25891
0.35000         0.46000        0.50000        0.26396
0.36000         0.46000        0.50000        0.26896
0.37000         0.46000        0.50000        0.27393
0.38000         0.46000        0.50000        0.27886
0.39000         0.46000        0.50000        0.28375
0.40000         0.46000        0.50000        0.28862
0.41000         0.46000        0.50000        0.29347
0.42000         0.46000        0.50000        0.29829
0.43000         0.46000        0.50000        0.30309
0.44000         0.46000        0.50000        0.30787
0.45000         0.46000        0.50000        0.31265
0.46000         0.46000        0.50000        0.31742
0.47000         0.46000        0.50000        0.32219
0.48000         0.46000        0.50000        0.32710
0.49000         0.46000        0.50000        0.33262
0.50000         0.46000        0.50000        0.33649
0.51000         0.46000        0.50000        0.33261
0.52000         0.46000        0.50000        0.32710
0.53000         0.46000        0.50000        0.32219
0.54000         0.46000        0.50000        0.31742
0.55000         0.46000        0.50000        0.31265
0.56000         0.46000        0.50000        0.30787
0.57000         0.46000        0.50000        0.30309
0.58000         0.46000        0.50000        0.29829
0.59000         0.46000        0.50000        0.29347
0.60000         0.46000        0.50000        0.28862
0.61000         0.46000        0.50000        0.28375
0.62000         0.46000        0.50000        0.27886
0.63000         0.46000        0.50000        0.27393
0.64000         0.46000        0.50000        0.26896
0.65000         0.46000        0.50000        0.26396
0.66000         0.46000        0.50000        0.25891
0.67000         0.46000        0.50000        0.25382
0.68000         0.46000        0.50000        0.24867
0.69000         0.46000        0.50000        0.24347
0.70000         0.46000        0.50000        0.23821
0.71000         0.46000        0.50000        0.23289
0.72000         0.46000        0.50000        0.22750
0.73000         0.46000        0.50000        0.22203
0.74000         0.46000        0.50000        0.21649
0.75000         0.46000        0.50000        0.21086
0.76000         0.46000        0.50000        0.20513
0.77000         0.46000        0.50000        0.19931
0.78000         0.46000        0.50000        0.19337
0.79000         0.46000        0.50000        0.18732
0.80000         0.46000        0.50000        0.18114
0.81000         0.46000        0.50000        0.17483
0.82000         0.46000        0.50000        0.16836
0.83000         0.46000        0.50000        0.16172
0.84000         0.46000        0.50000        0.15490
0.85000         0.46000        0.50000        0.14788
0.86000         0.46000        0.50000        0.14063
0.87000         0.46000        0.50000        0.13314
0.88000         0.46000        0.50000        0.12538
0.89000         0.46000        0.50000        0.11731
0.90000         0.46000        0.50000        0.10890
0.91000         0.46000        0.50000        0.10012
0.92000         0.46000        0.50000        0.090923
0.93000         0.46000        0.50000        0.081272
0.94000         0.46000        0.50000        0.071131
0.95000         0.46000        0.50000        0.060469
0.96000         0.46000        0.50000        0.049274
0.97000         0.46000        0.50000        0.037557
0.98000         0.46000        0.50000        0.025362
0.99000         0.46000        0.50000        0.012793
1.0000          0.46000        0.50000        -1.1541E-18
0.0000          0.47000        0.50000        -2.5447E-18
0.010000        0.47000        0.50000        0.013665
0.020000        0.47000        0.50000        0.027063
0.030000        0.47000        0.50000        0.040017
0.040000        0.47000        0.50000        0.052410
0.050000        0.47000        0.50000        0.064193
0.060000        0.47000        0.50000        0.075359
0.070000        0.47000        0.50000        0.085929
0.080000        0.47000        0.50000        0.095944
0.090000        0.47000        0.50000        0.10545
0.10000         0.47000        0.50000        0.11450
0.11000         0.47000        0.50000        0.12313
0.12000         0.47000        0.50000        0.13140
0.13000         0.47000        0.50000        0.13933
0.14000         0.47000        0.50000        0.14697
0.15000         0.47000        0.50000        0.15435
0.16000         0.47000        0.50000        0.16149
0.17000         0.47000        0.50000        0.16842
0.18000         0.47000        0.50000        0.17515
0.19000         0.47000        0.50000        0.18171
0.20000         0.47000        0.50000        0.18811
0.21000         0.47000        0.50000        0.19436
0.22000         0.47000        0.50000        0.20049
0.23000         0.47000        0.50000        0.20648
0.24000         0.47000        0.50000        0.21237
0.25000         0.47000        0.50000        0.21815
0.26000         0.47000        0.50000        0.22384
0.27000         0.47000        0.50000        0.22944
0.28000         0.47000        0.50000        0.23495
0.29000         0.47000        0.50000        0.24039
0.30000         0.47000        0.50000        0.24576
0.31000         0.47000        0.50000        0.25106
0.32000         0.47000        0.50000        0.25630
0.33000         0.47000        0.50000        0.26148
0.34000         0.47000        0.50000        0.26661
0.35000         0.47000        0.50000        0.27170
0.36000         0.47000        0.50000        0.27674
0.37000         0.47000        0.50000        0.28174
0.38000         0.47000        0.50000        0.28670
0.39000         0.47000        0.50000        0.29163
0.40000         0.47000        0.50000        0.29653
0.41000         0.47000        0.50000        0.30140
0.42000         0.47000        0.50000        0.30625
0.43000         0.47000        0.50000        0.31108
0.44000         0.47000        0.50000        0.31589
0.45000         0.47000        0.50000        0.32069
0.46000         0.47000        0.50000        0.32548
0.47000         0.47000        0.50000        0.33027
0.48000         0.47000        0.50000        0.33522
0.49000         0.47000        0.50000        0.34072
0.50000         0.47000        0.50000        0.34470
0.51000         0.47000        0.50000        0.34072
0.52000         0.47000        0.50000        0.33522
0.53000         0.47000        0.50000        0.33027
0.54000         0.47000        0.50000        0.32548
0.55000         0.47000        0.50000        0.32069
0.56000         0.47000        0.50000        0.31589
0.57000         0.47000        0.50000        0.31108
0.58000         0.47000        0.50000        0.30625
0.59000         0.47000        0.50000        0.30140
0.60000         0.47000        0.50000        0.29653
0.61000         0.47000        0.50000        0.29163
0.62000         0.47000        0.50000        0.28670
0.63000         0.47000        0.50000        0.28174
0.64000         0.47000        0.50000        0.27674
0.65000         0.47000        0.50000        0.27170
0.66000         0.47000        0.50000        0.26661
0.67000         0.47000        0.50000        0.26148
0.68000         0.47000        0.50000        0.25630
0.69000         0.47000        0.50000        0.25106
0.70000         0.47000        0.50000        0.24576
0.71000         0.47000        0.50000        0.24039
0.72000         0.47000        0.50000        0.23495
0.73000         0.47000        0.50000        0.22944
0.74000         0.47000        0.50000        0.22384
0.75000         0.47000        0.50000        0.21815
0.76000         0.47000        0.50000        0.21237
0.77000         0.47000        0.50000        0.20648
0.78000         0.47000        0.50000        0.20049
0.79000         0.47000        0.50000        0.19436
0.80000         0.47000        0.50000        0.18811
0.81000         0.47000        0.50000        0.18171
0.82000         0.47000        0.50000        0.17515
0.83000         0.47000        0.50000        0.16842
0.84000         0.47000        0.50000        0.16149
0.85000         0.47000        0.50000        0.15435
0.86000         0.47000        0.50000        0.14697
0.87000         0.47000        0.50000        0.13933
0.88000         0.47000        0.50000        0.13140
0.89000         0.47000        0.50000        0.12313
0.90000         0.47000        0.50000        0.11450
0.91000         0.47000        0.50000        0.10545
0.92000         0.47000        0.50000        0.095944
0.93000         0.47000        0.50000        0.085929
0.94000         0.47000        0.50000        0.075359
0.95000         0.47000        0.50000        0.064193
0.96000         0.47000        0.50000        0.052410
0.97000         0.47000        0.50000        0.040017
0.98000         0.47000        0.50000        0.027063
0.99000         0.47000        0.50000        0.013665
1.0000          0.47000        0.50000        -3.1497E-19
0.0000          0.48000        0.50000        0.0000
0.010000        0.48000        0.50000        0.014636
0.020000        0.48000        0.50000        0.028954
0.030000        0.48000        0.50000        0.042743
0.040000        0.48000        0.50000        0.055869
0.050000        0.48000        0.50000        0.068282
0.060000        0.48000        0.50000        0.079980
0.070000        0.48000        0.50000        0.090997
0.080000        0.48000        0.50000        0.10138
0.090000        0.48000        0.50000        0.11120
0.10000         0.48000        0.50000        0.12051
0.11000         0.48000        0.50000        0.12937
0.12000         0.48000        0.50000        0.13782
0.13000         0.48000        0.50000        0.14592
0.14000         0.48000        0.50000        0.15371
0.15000         0.48000        0.50000        0.16121
0.16000         0.48000        0.50000        0.16846
0.17000         0.48000        0.50000        0.17549
0.18000         0.48000        0.50000        0.18231
0.19000         0.48000        0.50000        0.18896
0.20000         0.48000        0.50000        0.19543
0.21000         0.48000        0.50000        0.20176
0.22000         0.48000        0.50000        0.20794
0.23000         0.48000        0.50000        0.21400
0.24000         0.48000        0.50000        0.21995
0.25000         0.48000        0.50000        0.22578
0.26000         0.48000        0.50000        0.23152
0.27000         0.48000        0.50000        0.23716
0.28000         0.48000        0.50000        0.24272
0.29000         0.48000        0.50000        0.24820
0.30000         0.48000        0.50000        0.25361
0.31000         0.48000        0.50000        0.25895
0.32000         0.48000        0.50000        0.26423
0.33000         0.48000        0.50000        0.26945
0.34000         0.48000        0.50000        0.27462
0.35000         0.48000        0.50000        0.27974
0.36000         0.48000        0.50000        0.28481
0.37000         0.48000        0.50000        0.28984
0.38000         0.48000        0.50000        0.29483
0.39000         0.48000        0.50000        0.29979
0.40000         0.48000        0.50000        0.30472
0.41000         0.48000        0.50000        0.30962
0.42000         0.48000        0.50000        0.31449
0.43000         0.48000        0.50000        0.31935
0.44000         0.48000        0.50000        0.32419
0.45000         0.48000        0.50000        0.32901
0.46000         0.48000        0.50000        0.33382
0.47000         0.48000        0.50000        0.33864
0.48000         0.48000        0.50000        0.34361
0.49000         0.48000        0.50000        0.34919
0.50000         0.48000        0.50000        0.35308
0.51000         0.48000        0.50000        0.34919
0.52000         0.48000        0.50000        0.34361
0.53000         0.48000        0.50000        0.33864
0.54000         0.48000        0.50000        0.33382
0.55000         0.48000        0.50000        0.32901
0.56000         0.48000        0.50000        0.32419
0.57000         0.48000        0.50000        0.31935
0.58000         0.48000        0.50000        0.31449
0.59000         0.48000        0.50000        0.30962
0.60000         0.48000        0.50000        0.30472
0.61000         0.48000        0.50000        0.29979
0.62000         0.48000        0.50000        0.29483
0.63000         0.48000        0.50000        0.28984
0.64000         0.48000        0.50000        0.28481
0.65000         0.48000        0.50000        0.27974
0.66000         0.48000        0.50000        0.27462
0.67000         0.48000        0.50000        0.26945
0.68000         0.48000        0.50000        0.26423
0.69000         0.48000        0.50000        0.25895
0.70000         0.48000        0.50000        0.25361
0.71000         0.48000        0.50000        0.24820
0.72000         0.48000        0.50000        0.24272
0.73000         0.48000        0.50000        0.23716
0.74000         0.48000        0.50000        0.23152
0.75000         0.48000        0.50000        0.22578
0.76000         0.48000        0.50000        0.21995
0.77000         0.48000        0.50000        0.21400
0.78000         0.48000        0.50000        0.20794
0.79000         0.48000        0.50000        0.20176
0.80000         0.48000        0.50000        0.19543
0.81000         0.48000        0.50000        0.18896
0.82000         0.48000        0.50000        0.18231
0.83000         0.48000        0.50000        0.17549
0.84000         0.48000        0.50000        0.16846
0.85000         0.48000        0.50000        0.16121
0.86000         0.48000        0.50000        0.15371
0.87000         0.48000        0.50000        0.14592
0.88000         0.48000        0.50000        0.13782
0.89000         0.48000        0.50000        0.12937
0.90000         0.48000        0.50000        0.12051
0.91000         0.48000        0.50000        0.11120
0.92000         0.48000        0.50000        0.10138
0.93000         0.48000        0.50000        0.090997
0.94000         0.48000        0.50000        0.079980
0.95000         0.48000        0.50000        0.068282
0.96000         0.48000        0.50000        0.055869
0.97000         0.48000        0.50000        0.042743
0.98000         0.48000        0.50000        0.028954
0.99000         0.48000        0.50000        0.014636
1.0000          0.48000        0.50000        -5.3261E-21
0.0000          0.49000        0.50000        -3.5659E-19
0.010000        0.49000        0.50000        0.015721
0.020000        0.49000        0.50000        0.031061
0.030000        0.49000        0.50000        0.045768
0.040000        0.49000        0.50000        0.059690
0.050000        0.49000        0.50000        0.072775
0.060000        0.49000        0.50000        0.085032
0.070000        0.49000        0.50000        0.096510
0.080000        0.49000        0.50000        0.10728
0.090000        0.49000        0.50000        0.11740
0.10000         0.49000        0.50000        0.12697
0.11000         0.49000        0.50000        0.13604
0.12000         0.49000        0.50000        0.14468
0.13000         0.49000        0.50000        0.15293
0.14000         0.49000        0.50000        0.16085
0.15000         0.49000        0.50000        0.16847
0.16000         0.49000        0.50000        0.17583
0.17000         0.49000        0.50000        0.18295
0.18000         0.49000        0.50000        0.18986
0.19000         0.49000        0.50000        0.19658
0.20000         0.49000        0.50000        0.20312
0.21000         0.49000        0.50000        0.20951
0.22000         0.49000        0.50000        0.21576
0.23000         0.49000        0.50000        0.22187
0.24000         0.49000        0.50000        0.22787
0.25000         0.49000        0.50000        0.23375
0.26000         0.49000        0.50000        0.23953
0.27000         0.49000        0.50000        0.24522
0.28000         0.49000        0.50000        0.25082
0.29000         0.49000        0.50000        0.25634
0.30000         0.49000        0.50000        0.26179
0.31000         0.49000        0.50000        0.26716
0.32000         0.49000        0.50000        0.27248
0.33000         0.49000        0.50000        0.27773
0.34000         0.49000        0.50000        0.28293
0.35000         0.49000        0.50000        0.28808
0.36000         0.49000        0.50000        0.29318
0.37000         0.49000        0.50000        0.29824
0.38000         0.49000        0.50000        0.30326
0.39000         0.49000        0.50000        0.30824
0.40000         0.49000        0.50000        0.31320
0.41000         0.49000        0.50000        0.31812
0.42000         0.49000        0.50000        0.32302
0.43000         0.49000        0.50000        0.32790
0.44000         0.49000        0.50000        0.33277
0.45000         0.49000        0.50000        0.33761
0.46000         0.49000        0.50000        0.34244
0.47000         0.49000        0.50000        0.34728
0.48000         0.49000        0.50000        0.35228
0.49000         0.49000        0.50000        0.35787
0.50000         0.49000        0.50000        0.36181
0.51000         0.49000        0.50000        0.35788
0.52000         0.49000        0.50000        0.35228
0.53000         0.49000        0.50000        0.34728
0.54000         0.49000        0.50000        0.34245
0.55000         0.49000        0.50000        0.33761
0.56000         0.49000        0.50000        0.33277
0.57000         0.49000        0.50000        0.32790
0.58000         0.49000        0.50000        0.32302
0.59000         0.49000        0.50000        0.31812
0.60000         0.49000        0.50000        0.31320
0.61000         0.49000        0.50000        0.30824
0.62000         0.49000        0.50000        0.30326
0.63000         0.49000        0.50000        0.29824
0.64000         0.49000        0.50000        0.29318
0.65000         0.49000        0.50000        0.28808
0.66000         0.49000        0.50000        0.28293
0.67000         0.49000        0.50000        0.27773
0.68000         0.49000        0.50000        0.27248
0.69000         0.49000        0.50000        0.26716
0.70000         0.49000        0.50000        0.26179
0.71000         0.49000        0.50000        0.25634
0.72000         0.49000        0.50000        0.25082
0.73000         0.49000        0.50000        0.24522
0.74000         0.49000        0.50000        0.23953
0.75000         0.49000        0.50000        0.23375
0.76000         0.49000        0.50000        0.22787
0.77000         0.49000        0.50000        0.22187
0.78000         0.49000        0.50000        0.21576
0.79000         0.49000        0.50000        0.20951
0.80000         0.49000        0.50000        0.20312
0.81000         0.49000        0.50000        0.19658
0.82000         0.49000        0.50000        0.18986
0.83000         0.49000        0.50000        0.18295
0.84000         0.49000        0.50000        0.17583
0.85000         0.49000        0.50000        0.16847
0.86000         0.49000        0.50000        0.16085
0.87000         0.49000        0.50000        0.15293
0.88000         0.49000        0.50000        0.14468
0.89000         0.49000        0.50000        0.13604
0.90000         0.49000        0.50000        0.12697
0.91000         0.49000        0.50000        0.11740
0.92000         0.49000        0.50000        0.10728
0.93000         0.49000        0.50000        0.096510
0.94000         0.49000        0.50000        0.085032
0.95000         0.49000        0.50000        0.072775
0.96000         0.49000        0.50000        0.059690
0.97000         0.49000        0.50000        0.045768
0.98000         0.49000        0.50000        0.031061
0.99000         0.49000        0.50000        0.015721
1.0000          0.49000        0.50000        -5.5496E-20
0.0000          0.50000        0.50000        3.0635E-18
0.010000        0.50000        0.50000        0.016936
0.020000        0.50000        0.50000        0.033411
0.030000        0.50000        0.50000        0.049129
0.040000        0.50000        0.50000        0.063913
0.050000        0.50000        0.50000        0.077713
0.060000        0.50000        0.50000        0.090554
0.070000        0.50000        0.50000        0.10250
0.080000        0.50000        0.50000        0.11365
0.090000        0.50000        0.50000        0.12408
0.10000         0.50000        0.50000        0.13390
0.11000         0.50000        0.50000        0.14318
0.12000         0.50000        0.50000        0.15199
0.13000         0.50000        0.50000        0.16038
0.14000         0.50000        0.50000        0.16843
0.15000         0.50000        0.50000        0.17615
0.16000         0.50000        0.50000        0.18361
0.17000         0.50000        0.50000        0.19081
0.18000         0.50000        0.50000        0.19779
0.19000         0.50000        0.50000        0.20458
0.20000         0.50000        0.50000        0.21119
0.21000         0.50000        0.50000        0.21763
0.22000         0.50000        0.50000        0.22393
0.23000         0.50000        0.50000        0.23009
0.24000         0.50000        0.50000        0.23614
0.25000         0.50000        0.50000        0.24206
0.26000         0.50000        0.50000        0.24789
0.27000         0.50000        0.50000        0.25361
0.28000         0.50000        0.50000        0.25925
0.29000         0.50000        0.50000        0.26481
0.30000         0.50000        0.50000        0.27028
0.31000         0.50000        0.50000        0.27569
0.32000         0.50000        0.50000        0.28104
0.33000         0.50000        0.50000        0.28632
0.34000         0.50000        0.50000        0.29155
0.35000         0.50000        0.50000        0.29672
0.36000         0.50000        0.50000        0.30185
0.37000         0.50000        0.50000        0.30694
0.38000         0.50000        0.50000        0.31199
0.39000         0.50000        0.50000        0.31700
0.40000         0.50000        0.50000        0.32197
0.41000         0.50000        0.50000        0.32692
0.42000         0.50000        0.50000        0.33185
0.43000         0.50000        0.50000        0.33675
0.44000         0.50000        0.50000        0.34163
0.45000         0.50000        0.50000        0.34650
0.46000         0.50000        0.50000        0.35135
0.47000         0.50000        0.50000        0.35621
0.48000         0.50000        0.50000        0.36124
0.49000         0.50000        0.50000        0.36688
0.50000         0.50000        0.50000        0.37079
0.51000         0.50000        0.50000        0.36687
0.52000         0.50000        0.50000        0.36124
0.53000         0.50000        0.50000        0.35621
0.54000         0.50000        0.50000        0.35135
0.55000         0.50000        0.50000        0.34650
0.56000         0.50000        0.50000        0.34163
0.57000         0.50000        0.50000        0.33675
0.58000         0.50000        0.50000        0.33185
0.59000         0.50000        0.50000        0.32692
0.60000         0.50000        0.50000        0.32197
0.61000         0.50000        0.50000        0.31700
0.62000         0.50000        0.50000        0.31199
0.63000         0.50000        0.50000        0.30694
0.64000         0.50000        0.50000        0.30185
0.65000         0.50000        0.50000        0.29672
0.66000         0.50000        0.50000        0.29155
0.67000         0.50000        0.50000        0.28632
0.68000         0.50000        0.50000        0.28104
0.69000         0.50000        0.50000        0.27569
0.70000         0.50000        0.50000        0.27028
0.71000         0.50000        0.50000        0.26481
0.72000         0.50000        0.50000        0.25925
0.73000         0.50000        0.50000        0.25361
0.74000         0.50000        0.50000        0.24789
0.75000         0.50000        0.50000        0.24206
0.76000         0.50000        0.50000        0.23614
0.77000         0.50000        0.50000        0.23009
0.78000         0.50000        0.50000        0.22393
0.79000         0.50000        0.50000        0.21763
0.80000         0.50000        0.50000        0.21119
0.81000         0.50000        0.50000        0.20458
0.82000         0.50000        0.50000        0.19779
0.83000         0.50000        0.50000        0.19081
0.84000         0.50000        0.50000        0.18361
0.85000         0.50000        0.50000        0.17615
0.86000         0.50000        0.50000        0.16843
0.87000         0.50000        0.50000        0.16038
0.88000         0.50000        0.50000        0.15199
0.89000         0.50000        0.50000        0.14318
0.90000         0.50000        0.50000        0.13390
0.91000         0.50000        0.50000        0.12408
0.92000         0.50000        0.50000        0.11365
0.93000         0.50000        0.50000        0.10250
0.94000         0.50000        0.50000        0.090554
0.95000         0.50000        0.50000        0.077713
0.96000         0.50000        0.50000        0.063913
0.97000         0.50000        0.50000        0.049129
0.98000         0.50000        0.50000        0.033411
0.99000         0.50000        0.50000        0.016936
1.0000          0.50000        0.50000        -2.6846E-18
0.0000          0.51000        0.50000        3.3124E-18
0.010000        0.51000        0.50000        0.018297
0.020000        0.51000        0.50000        0.036037
0.030000        0.51000        0.50000        0.052864
0.040000        0.51000        0.50000        0.068580
0.050000        0.51000        0.50000        0.083140
0.060000        0.51000        0.50000        0.096586
0.070000        0.51000        0.50000        0.10901
0.080000        0.51000        0.50000        0.12054
0.090000        0.51000        0.50000        0.13127
0.10000         0.51000        0.50000        0.14132
0.11000         0.51000        0.50000        0.15079
0.12000         0.51000        0.50000        0.15976
0.13000         0.51000        0.50000        0.16829
0.14000         0.51000        0.50000        0.17644
0.15000         0.51000        0.50000        0.18426
0.16000         0.51000        0.50000        0.19180
0.17000         0.51000        0.50000        0.19908
0.18000         0.51000        0.50000        0.20612
0.19000         0.51000        0.50000        0.21297
0.20000         0.51000        0.50000        0.21963
0.21000         0.51000        0.50000        0.22613
0.22000         0.51000        0.50000        0.23247
0.23000         0.51000        0.50000        0.23868
0.24000         0.51000        0.50000        0.24476
0.25000         0.51000        0.50000        0.25072
0.26000         0.51000        0.50000        0.25658
0.27000         0.51000        0.50000        0.26234
0.28000         0.51000        0.50000        0.26801
0.29000         0.51000        0.50000        0.27360
0.30000         0.51000        0.50000        0.27911
0.31000         0.51000        0.50000        0.28455
0.32000         0.51000        0.50000        0.28992
0.33000         0.51000        0.50000        0.29523
0.34000         0.51000        0.50000        0.30048
0.35000         0.51000        0.50000        0.30568
0.36000         0.51000        0.50000        0.31083
0.37000         0.51000        0.50000        0.31594
0.38000         0.51000        0.50000        0.32101
0.39000         0.51000        0.50000        0.32604
0.40000         0.51000        0.50000        0.33104
0.41000         0.51000        0.50000        0.33602
0.42000         0.51000        0.50000        0.34096
0.43000         0.51000        0.50000        0.34588
0.44000         0.51000        0.50000        0.35079
0.45000         0.51000        0.50000        0.35567
0.46000         0.51000        0.50000        0.36054
0.47000         0.51000        0.50000        0.36542
0.48000         0.51000        0.50000        0.37049
0.49000         0.51000        0.50000        0.37613
0.50000         0.51000        0.50000        0.38008
0.51000         0.51000        0.50000        0.37613
0.52000         0.51000        0.50000        0.37049
0.53000         0.51000        0.50000        0.36542
0.54000         0.51000        0.50000        0.36054
0.55000         0.51000        0.50000        0.35567
0.56000         0.51000        0.50000        0.35079
0.57000         0.51000        0.50000        0.34588
0.58000         0.51000        0.50000        0.34096
0.59000         0.51000        0.50000        0.33602
0.60000         0.51000        0.50000        0.33104
0.61000         0.51000        0.50000        0.32604
0.62000         0.51000        0.50000        0.32101
0.63000         0.51000        0.50000        0.31594
0.64000         0.51000        0.50000        0.31083
0.65000         0.51000        0.50000        0.30568
0.66000         0.51000        0.50000        0.30048
0.67000         0.51000        0.50000        0.29523
0.68000         0.51000        0.50000        0.28992
0.69000         0.51000        0.50000        0.28455
0.70000         0.51000        0.50000        0.27911
0.71000         0.51000        0.50000        0.27360
0.72000         0.51000        0.50000        0.26801
0.73000         0.51000        0.50000        0.26234
0.74000         0.51000        0.50000        0.25658
0.75000         0.51000        0.50000        0.25072
0.76000         0.51000        0.50000        0.24476
0.77000         0.51000        0.50000        0.23868
0.78000         0.51000        0.50000        0.23247
0.79000         0.51000        0.50000        0.22613
0.80000         0.51000        0.50000        0.21963
0.81000         0.51000        0.50000        0.21297
0.82000         0.51000        0.50000        0.20612
0.83000         0.51000        0.50000        0.19908
0.84000         0.51000        0.50000        0.19180
0.85000         0.51000        0.50000        0.18426
0.86000         0.51000        0.50000        0.17644
0.87000         0.51000        0.50000        0.16829
0.88000         0.51000        0.50000        0.15976
0.89000         0.51000        0.50000        0.15079
0.90000         0.51000        0.50000        0.14132
0.91000         0.51000        0.50000        0.13127
0.92000         0.51000        0.50000        0.12054
0.93000         0.51000        0.50000        0.10901
0.94000         0.51000        0.50000        0.096586
0.95000         0.51000        0.50000        0.083140
0.96000         0.51000        0.50000        0.068580
0.97000         0.51000        0.50000        0.052864
0.98000         0.51000        0.50000        0.036037
0.99000         0.51000        0.50000        0.018297
1.0000          0.51000        0.50000        -3.3187E-18
0.0000          0.52000        0.50000        3.7087E-19
0.010000        0.52000        0.50000        0.019825
0.020000        0.52000        0.50000        0.038973
0.030000        0.52000        0.50000        0.057019
0.040000        0.52000        0.50000        0.073739
0.050000        0.52000        0.50000        0.089099
0.060000        0.52000        0.50000        0.10317
0.070000        0.52000        0.50000        0.11608
0.080000        0.52000        0.50000        0.12797
0.090000        0.52000        0.50000        0.13898
0.10000         0.52000        0.50000        0.14926
0.11000         0.52000        0.50000        0.15890
0.12000         0.52000        0.50000        0.16801
0.13000         0.52000        0.50000        0.17666
0.14000         0.52000        0.50000        0.18490
0.15000         0.52000        0.50000        0.19281
0.16000         0.52000        0.50000        0.20041
0.17000         0.52000        0.50000        0.20775
0.18000         0.52000        0.50000        0.21486
0.19000         0.52000        0.50000        0.22175
0.20000         0.52000        0.50000        0.22846
0.21000         0.52000        0.50000        0.23500
0.22000         0.52000        0.50000        0.24138
0.23000         0.52000        0.50000        0.24762
0.24000         0.52000        0.50000        0.25374
0.25000         0.52000        0.50000        0.25974
0.26000         0.52000        0.50000        0.26562
0.27000         0.52000        0.50000        0.27141
0.28000         0.52000        0.50000        0.27711
0.29000         0.52000        0.50000        0.28272
0.30000         0.52000        0.50000        0.28826
0.31000         0.52000        0.50000        0.29372
0.32000         0.52000        0.50000        0.29911
0.33000         0.52000        0.50000        0.30445
0.34000         0.52000        0.50000        0.30972
0.35000         0.52000        0.50000        0.31495
0.36000         0.52000        0.50000        0.32012
0.37000         0.52000        0.50000        0.32525
0.38000         0.52000        0.50000        0.33034
0.39000         0.52000        0.50000        0.33539
0.40000         0.52000        0.50000        0.34041
0.41000         0.52000        0.50000        0.34540
0.42000         0.52000        0.50000        0.35037
0.43000         0.52000        0.50000        0.35531
0.44000         0.52000        0.50000        0.36023
0.45000         0.52000        0.50000        0.36514
0.46000         0.52000        0.50000        0.37002
0.47000         0.52000        0.50000        0.37492
0.48000         0.52000        0.50000        0.38002
0.49000         0.52000        0.50000        0.38573
0.50000         0.52000        0.50000        0.38963
0.51000         0.52000        0.50000        0.38573
0.52000         0.52000        0.50000        0.38002
0.53000         0.52000        0.50000        0.37492
0.54000         0.52000        0.50000        0.37002
0.55000         0.52000        0.50000        0.36514
0.56000         0.52000        0.50000        0.36023
0.57000         0.52000        0.50000        0.35531
0.58000         0.52000        0.50000        0.35037
0.59000         0.52000        0.50000        0.34540
0.60000         0.52000        0.50000        0.34041
0.61000         0.52000        0.50000        0.33539
0.62000         0.52000        0.50000        0.33034
0.63000         0.52000        0.50000        0.32525
0.64000         0.52000        0.50000        0.32012
0.65000         0.52000        0.50000        0.31495
0.66000         0.52000        0.50000        0.30972
0.67000         0.52000        0.50000        0.30445
0.68000         0.52000        0.50000        0.29911
0.69000         0.52000        0.50000        0.29372
0.70000         0.52000        0.50000        0.28826
0.71000         0.52000        0.50000        0.28272
0.72000         0.52000        0.50000        0.27711
0.73000         0.52000        0.50000        0.27141
0.74000         0.52000        0.50000        0.26562
0.75000         0.52000        0.50000        0.25974
0.76000         0.52000        0.50000        0.25374
0.77000         0.52000        0.50000        0.24762
0.78000         0.52000        0.50000        0.24138
0.79000         0.52000        0.50000        0.23500
0.80000         0.52000        0.50000        0.22846
0.81000         0.52000        0.50000        0.22175
0.82000         0.52000        0.50000        0.21486
0.83000         0.52000        0.50000        0.20775
0.84000         0.52000        0.50000        0.20041
0.85000         0.52000        0.50000        0.19281
0.86000         0.52000        0.50000        0.18490
0.87000         0.52000        0.50000        0.17666
0.88000         0.52000        0.50000        0.16801
0.89000         0.52000        0.50000        0.15890
0.90000         0.52000        0.50000        0.14926
0.91000         0.52000        0.50000        0.13898
0.92000         0.52000        0.50000        0.12797
0.93000         0.52000        0.50000        0.11608
0.94000         0.52000        0.50000        0.10317
0.95000         0.52000        0.50000        0.089099
0.96000         0.52000        0.50000        0.073739
0.97000         0.52000        0.50000        0.057019
0.98000         0.52000        0.50000        0.038973
0.99000         0.52000        0.50000        0.019825
1.0000          0.52000        0.50000        -8.0480E-20
0.0000          0.53000        0.50000        2.8326E-18
0.010000        0.53000        0.50000        0.021541
0.020000        0.53000        0.50000        0.042257
0.030000        0.53000        0.50000        0.061640
0.040000        0.53000        0.50000        0.079439
0.050000        0.53000        0.50000        0.095636
0.060000        0.53000        0.50000        0.11034
0.070000        0.53000        0.50000        0.12372
0.080000        0.53000        0.50000        0.13597
0.090000        0.53000        0.50000        0.14725
0.10000         0.53000        0.50000        0.15773
0.11000         0.53000        0.50000        0.16753
0.12000         0.53000        0.50000        0.17676
0.13000         0.53000        0.50000        0.18550
0.14000         0.53000        0.50000        0.19383
0.15000         0.53000        0.50000        0.20180
0.16000         0.53000        0.50000        0.20946
0.17000         0.53000        0.50000        0.21685
0.18000         0.53000        0.50000        0.22400
0.19000         0.53000        0.50000        0.23094
0.20000         0.53000        0.50000        0.23768
0.21000         0.53000        0.50000        0.24425
0.22000         0.53000        0.50000        0.25066
0.23000         0.53000        0.50000        0.25694
0.24000         0.53000        0.50000        0.26308
0.25000         0.53000        0.50000        0.26910
0.26000         0.53000        0.50000        0.27501
0.27000         0.53000        0.50000        0.28083
0.28000         0.53000        0.50000        0.28655
0.29000         0.53000        0.50000        0.29218
0.30000         0.53000        0.50000        0.29774
0.31000         0.53000        0.50000        0.30322
0.32000         0.53000        0.50000        0.30863
0.33000         0.53000        0.50000        0.31399
0.34000         0.53000        0.50000        0.31928
0.35000         0.53000        0.50000        0.32452
0.36000         0.53000        0.50000        0.32971
0.37000         0.53000        0.50000        0.33486
0.38000         0.53000        0.50000        0.33997
0.39000         0.53000        0.50000        0.34504
0.40000         0.53000        0.50000        0.35008
0.41000         0.53000        0.50000        0.35509
0.42000         0.53000        0.50000        0.36007
0.43000         0.53000        0.50000        0.36503
0.44000         0.53000        0.50000        0.36997
0.45000         0.53000        0.50000        0.37488
0.46000         0.53000        0.50000        0.37979
0.47000         0.53000        0.50000        0.38471
0.48000         0.53000        0.50000        0.38985
0.49000         0.53000        0.50000        0.39554
0.50000         0.53000        0.50000        0.39954
0.51000         0.53000        0.50000        0.39554
0.52000         0.53000        0.50000        0.38985
0.53000         0.53000        0.50000        0.38472
0.54000         0.53000        0.50000        0.37979
0.55000         0.53000        0.50000        0.37488
0.56000         0.53000        0.50000        0.36997
0.57000         0.53000        0.50000        0.36503
0.58000         0.53000        0.50000        0.36007
0.59000         0.53000        0.50000        0.35509
0.60000         0.53000        0.50000        0.35008
0.61000         0.53000        0.50000        0.34504
0.62000         0.53000        0.50000        0.33997
0.63000         0.53000        0.50000        0.33486
0.64000         0.53000        0.50000        0.32971
0.65000         0.53000        0.50000        0.32452
0.66000         0.53000        0.50000        0.31928
0.67000         0.53000        0.50000        0.31399
0.68000         0.53000        0.50000        0.30863
0.69000         0.53000        0.50000        0.30322
0.70000         0.53000        0.50000        0.29774
0.71000         0.53000        0.50000        0.29218
0.72000         0.53000        0.50000        0.28655
0.73000         0.53000        0.50000        0.28083
0.74000         0.53000        0.50000        0.27501
0.75000         0.53000        0.50000        0.26910
0.76000         0.53000        0.50000        0.26308
0.77000         0.53000        0.50000        0.25694
0.78000         0.53000        0.50000        0.25066
0.79000         0.53000        0.50000        0.24425
0.80000         0.53000        0.50000        0.23768
0.81000         0.53000        0.50000        0.23094
0.82000         0.53000        0.50000        0.22400
0.83000         0.53000        0.50000        0.21685
0.84000         0.53000        0.50000        0.20946
0.85000         0.53000        0.50000        0.20180
0.86000         0.53000        0.50000        0.19383
0.87000         0.53000        0.50000        0.18550
0.88000         0.53000        0.50000        0.17676
0.89000         0.53000        0.50000        0.16753
0.90000         0.53000        0.50000        0.15773
0.91000         0.53000        0.50000        0.14725
0.92000         0.53000        0.50000        0.13597
0.93000         0.53000        0.50000        0.12372
0.94000         0.53000        0.50000        0.11034
0.95000         0.53000        0.50000        0.095636
0.96000         0.53000        0.50000        0.079439
0.97000         0.53000        0.50000        0.061640
0.98000         0.53000        0.50000        0.042257
0.99000         0.53000        0.50000        0.021541
1.0000          0.53000        0.50000        -1.8609E-18
0.0000          0.54000        0.50000        4.2625E-18
0.010000        0.54000        0.50000        0.023471
0.020000        0.54000        0.50000        0.045933
0.030000        0.54000        0.50000        0.066777
0.040000        0.54000        0.50000        0.085729
0.050000        0.54000        0.50000        0.10280
0.060000        0.54000        0.50000        0.11814
0.070000        0.54000        0.50000        0.13199
0.080000        0.54000        0.50000        0.14457
0.090000        0.54000        0.50000        0.15609
0.10000         0.54000        0.50000        0.16674
0.11000         0.54000        0.50000        0.17667
0.12000         0.54000        0.50000        0.18600
0.13000         0.54000        0.50000        0.19482
0.14000         0.54000        0.50000        0.20321
0.15000         0.54000        0.50000        0.21124
0.16000         0.54000        0.50000        0.21894
0.17000         0.54000        0.50000        0.22637
0.18000         0.54000        0.50000        0.23355
0.19000         0.54000        0.50000        0.24052
0.20000         0.54000        0.50000        0.24729
0.21000         0.54000        0.50000        0.25388
0.22000         0.54000        0.50000        0.26032
0.23000         0.54000        0.50000        0.26661
0.24000         0.54000        0.50000        0.27277
0.25000         0.54000        0.50000        0.27882
0.26000         0.54000        0.50000        0.28475
0.27000         0.54000        0.50000        0.29058
0.28000         0.54000        0.50000        0.29632
0.29000         0.54000        0.50000        0.30197
0.30000         0.54000        0.50000        0.30754
0.31000         0.54000        0.50000        0.31304
0.32000         0.54000        0.50000        0.31847
0.33000         0.54000        0.50000        0.32384
0.34000         0.54000        0.50000        0.32915
0.35000         0.54000        0.50000        0.33441
0.36000         0.54000        0.50000        0.33961
0.37000         0.54000        0.50000        0.34478
0.38000         0.54000        0.50000        0.34990
0.39000         0.54000        0.50000        0.35499
0.40000         0.54000        0.50000        0.36004
0.41000         0.54000        0.50000        0.36506
0.42000         0.54000        0.50000        0.37006
0.43000         0.54000        0.50000        0.37503
0.44000         0.54000        0.50000        0.37999
0.45000         0.54000        0.50000        0.38492
0.46000         0.54000        0.50000        0.38984
0.47000         0.54000        0.50000        0.39479
0.48000         0.54000        0.50000        0.39996
0.49000         0.54000        0.50000        0.40572
0.50000         0.54000        0.50000        0.40962
0.51000         0.54000        0.50000        0.40573
0.52000         0.54000        0.50000        0.39996
0.53000         0.54000        0.50000        0.39479
0.54000         0.54000        0.50000        0.38984
0.55000         0.54000        0.50000        0.38492
0.56000         0.54000        0.50000        0.37999
0.57000         0.54000        0.50000        0.37503
0.58000         0.54000        0.50000        0.37006
0.59000         0.54000        0.50000        0.36506
0.60000         0.54000        0.50000        0.36004
0.61000         0.54000        0.50000        0.35499
0.62000         0.54000        0.50000        0.34990
0.63000         0.54000        0.50000        0.34478
0.64000         0.54000        0.50000        0.33961
0.65000         0.54000        0.50000        0.33441
0.66000         0.54000        0.50000        0.32915
0.67000         0.54000        0.50000        0.32384
0.68000         0.54000        0.50000        0.31847
0.69000         0.54000        0.50000        0.31304
0.70000         0.54000        0.50000        0.30754
0.71000         0.54000        0.50000        0.30197
0.72000         0.54000        0.50000        0.29632
0.73000         0.54000        0.50000        0.29058
0.74000         0.54000        0.50000        0.28475
0.75000         0.54000        0.50000        0.27882
0.76000         0.54000        0.50000        0.27277
0.77000         0.54000        0.50000        0.26661
0.78000         0.54000        0.50000        0.26032
0.79000         0.54000        0.50000        0.25388
0.80000         0.54000        0.50000        0.24729
0.81000         0.54000        0.50000        0.24052
0.82000         0.54000        0.50000        0.23355
0.83000         0.54000        0.50000        0.22637
0.84000         0.54000        0.50000        0.21894
0.85000         0.54000        0.50000        0.21124
0.86000         0.54000        0.50000        0.20321
0.87000         0.54000        0.50000        0.19482
0.88000         0.54000        0.50000        0.18600
0.89000         0.54000        0.50000        0.17667
0.90000         0.54000        0.50000        0.16674
0.91000         0.54000        0.50000        0.15609
0.92000         0.54000        0.50000        0.14457
0.93000         0.54000        0.50000        0.13199
0.94000         0.54000        0.50000        0.11814
0.95000         0.54000        0.50000        0.10280
0.96000         0.54000        0.50000        0.085729
0.97000         0.54000        0.50000        0.066777
0.98000         0.54000        0.50000        0.045933
0.99000         0.54000        0.50000        0.023471
1.0000          0.54000        0.50000        -7.5130E-21
0.0000          0.55000        0.50000        4.6669E-19
0.010000        0.55000        0.50000        0.025641
0.020000        0.55000        0.50000        0.050045
0.030000        0.55000        0.50000        0.072485
0.040000        0.55000        0.50000        0.092663
0.050000        0.55000        0.50000        0.11063
0.060000        0.55000        0.50000        0.12661
0.070000        0.55000        0.50000        0.14090
0.080000        0.55000        0.50000        0.15378
0.090000        0.55000        0.50000        0.16551
0.10000         0.55000        0.50000        0.17631
0.11000         0.55000        0.50000        0.18635
0.12000         0.55000        0.50000        0.19575
0.13000         0.55000        0.50000        0.20463
0.14000         0.55000        0.50000        0.21306
0.15000         0.55000        0.50000        0.22112
0.16000         0.55000        0.50000        0.22885
0.17000         0.55000        0.50000        0.23631
0.18000         0.55000        0.50000        0.24351
0.19000         0.55000        0.50000        0.25049
0.20000         0.55000        0.50000        0.25728
0.21000         0.55000        0.50000        0.26389
0.22000         0.55000        0.50000        0.27034
0.23000         0.55000        0.50000        0.27665
0.24000         0.55000        0.50000        0.28283
0.25000         0.55000        0.50000        0.28888
0.26000         0.55000        0.50000        0.29483
0.27000         0.55000        0.50000        0.30067
0.28000         0.55000        0.50000        0.30642
0.29000         0.55000        0.50000        0.31209
0.30000         0.55000        0.50000        0.31767
0.31000         0.55000        0.50000        0.32318
0.32000         0.55000        0.50000        0.32863
0.33000         0.55000        0.50000        0.33401
0.34000         0.55000        0.50000        0.33933
0.35000         0.55000        0.50000        0.34460
0.36000         0.55000        0.50000        0.34982
0.37000         0.55000        0.50000        0.35500
0.38000         0.55000        0.50000        0.36013
0.39000         0.55000        0.50000        0.36523
0.40000         0.55000        0.50000        0.37030
0.41000         0.55000        0.50000        0.37533
0.42000         0.55000        0.50000        0.38034
0.43000         0.55000        0.50000        0.38533
0.44000         0.55000        0.50000        0.39030
0.45000         0.55000        0.50000        0.39524
0.46000         0.55000        0.50000        0.40018
0.47000         0.55000        0.50000        0.40516
0.48000         0.55000        0.50000        0.41036
0.49000         0.55000        0.50000        0.41615
0.50000         0.55000        0.50000        0.42005
0.51000         0.55000        0.50000        0.41615
0.52000         0.55000        0.50000        0.41036
0.53000         0.55000        0.50000        0.40516
0.54000         0.55000        0.50000        0.40018
0.55000         0.55000        0.50000        0.39524
0.56000         0.55000        0.50000        0.39030
0.57000         0.55000        0.50000        0.38533
0.58000         0.55000        0.50000        0.38034
0.59000         0.55000        0.50000        0.37533
0.60000         0.55000        0.50000        0.37030
0.61000         0.55000        0.50000        0.36523
0.62000         0.55000        0.50000        0.36013
0.63000         0.55000        0.50000        0.35500
0.64000         0.55000        0.50000        0.34982
0.65000         0.55000        0.50000        0.34460
0.66000         0.55000        0.50000        0.33933
0.67000         0.55000        0.50000        0.33401
0.68000         0.55000        0.50000        0.32863
0.69000         0.55000        0.50000        0.32318
0.70000         0.55000        0.50000        0.31767
0.71000         0.55000        0.50000        0.31209
0.72000         0.55000        0.50000        0.30642
0.73000         0.55000        0.50000        0.30067
0.74000         0.55000        0.50000        0.29483
0.75000         0.55000        0.50000        0.28888
0.76000         0.55000        0.50000        0.28283
0.77000         0.55000        0.50000        0.27665
0.78000         0.55000        0.50000        0.27034
0.79000         0.55000        0.50000        0.26389
0.80000         0.55000        0.50000        0.25728
0.81000         0.55000        0.50000        0.25049
0.82000         0.55000        0.50000        0.24351
0.83000         0.55000        0.50000        0.23631
0.84000         0.55000        0.50000        0.22885
0.85000         0.55000        0.50000        0.22112
0.86000         0.55000        0.50000        0.21306
0.87000         0.55000        0.50000        0.20463
0.88000         0.55000        0.50000        0.19575
0.89000         0.55000        0.50000        0.18635
0.90000         0.55000        0.50000        0.17631
0.91000         0.55000        0.50000        0.16551
0.92000         0.55000        0.50000        0.15378
0.93000         0.55000        0.50000        0.14090
0.94000         0.55000        0.50000        0.12661
0.95000         0.55000        0.50000        0.11063
0.96000         0.55000        0.50000        0.092663
0.97000         0.55000        0.50000        0.072485
0.98000         0.55000        0.50000        0.050045
0.99000         0.55000        0.50000        0.025641
1.0000          0.55000        0.50000        -1.1899E-19
0.0000          0.56000        0.50000        5.0632E-19
0.010000        0.56000        0.50000        0.028080
0.020000        0.56000        0.50000        0.054643
0.030000        0.56000        0.50000        0.078817
0.040000        0.56000        0.50000        0.10029
0.050000        0.56000        0.50000        0.11917
0.060000        0.56000        0.50000        0.13577
0.070000        0.56000        0.50000        0.15047
0.080000        0.56000        0.50000        0.16362
0.090000        0.56000        0.50000        0.17553
0.10000         0.56000        0.50000        0.18644
0.11000         0.56000        0.50000        0.19655
0.12000         0.56000        0.50000        0.20600
0.13000         0.56000        0.50000        0.21491
0.14000         0.56000        0.50000        0.22337
0.15000         0.56000        0.50000        0.23145
0.16000         0.56000        0.50000        0.23920
0.17000         0.56000        0.50000        0.24666
0.18000         0.56000        0.50000        0.25387
0.19000         0.56000        0.50000        0.26086
0.20000         0.56000        0.50000        0.26766
0.21000         0.56000        0.50000        0.27428
0.22000         0.56000        0.50000        0.28074
0.23000         0.56000        0.50000        0.28705
0.24000         0.56000        0.50000        0.29324
0.25000         0.56000        0.50000        0.29930
0.26000         0.56000        0.50000        0.30525
0.27000         0.56000        0.50000        0.31110
0.28000         0.56000        0.50000        0.31686
0.29000         0.56000        0.50000        0.32253
0.30000         0.56000        0.50000        0.32813
0.31000         0.56000        0.50000        0.33364
0.32000         0.56000        0.50000        0.33910
0.33000         0.56000        0.50000        0.34449
0.34000         0.56000        0.50000        0.34982
0.35000         0.56000        0.50000        0.35510
0.36000         0.56000        0.50000        0.36033
0.37000         0.56000        0.50000        0.36551
0.38000         0.56000        0.50000        0.37066
0.39000         0.56000        0.50000        0.37577
0.40000         0.56000        0.50000        0.38084
0.41000         0.56000        0.50000        0.38589
0.42000         0.56000        0.50000        0.39091
0.43000         0.56000        0.50000        0.39591
0.44000         0.56000        0.50000        0.40089
0.45000         0.56000        0.50000        0.40585
0.46000         0.56000        0.50000        0.41081
0.47000         0.56000        0.50000        0.41581
0.48000         0.56000        0.50000        0.42104
0.49000         0.56000        0.50000        0.42685
0.50000         0.56000        0.50000        0.43077
0.51000         0.56000        0.50000        0.42685
0.52000         0.56000        0.50000        0.42104
0.53000         0.56000        0.50000        0.41581
0.54000         0.56000        0.50000        0.41081
0.55000         0.56000        0.50000        0.40585
0.56000         0.56000        0.50000        0.40089
0.57000         0.56000        0.50000        0.39591
0.58000         0.56000        0.50000        0.39091
0.59000         0.56000        0.50000        0.38589
0.60000         0.56000        0.50000        0.38084
0.61000         0.56000        0.50000        0.37577
0.62000         0.56000        0.50000        0.37066
0.63000         0.56000        0.50000        0.36551
0.64000         0.56000        0.50000        0.36033
0.65000         0.56000        0.50000        0.35510
0.66000         0.56000        0.50000        0.34982
0.67000         0.56000        0.50000        0.34449
0.68000         0.56000        0.50000        0.33910
0.69000         0.56000        0.50000        0.33364
0.70000         0.56000        0.50000        0.32813
0.71000         0.56000        0.50000        0.32253
0.72000         0.56000        0.50000        0.31686
0.73000         0.56000        0.50000        0.31110
0.74000         0.56000        0.50000        0.30525
0.75000         0.56000        0.50000        0.29930
0.76000         0.56000        0.50000        0.29324
0.77000         0.56000        0.50000        0.28705
0.78000         0.56000        0.50000        0.28074
0.79000         0.56000        0.50000        0.27428
0.80000         0.56000        0.50000        0.26766
0.81000         0.56000        0.50000        0.26086
0.82000         0.56000        0.50000        0.25387
0.83000         0.56000        0.50000        0.24666
0.84000         0.56000        0.50000        0.23920
0.85000         0.56000        0.50000        0.23145
0.86000         0.56000        0.50000        0.22337
0.87000         0.56000        0.50000        0.21491
0.88000         0.56000        0.50000        0.20600
0.89000         0.56000        0.50000        0.19655
0.90000         0.56000        0.50000        0.18644
0.91000         0.56000        0.50000        0.17553
0.92000         0.56000        0.50000        0.16362
0.93000         0.56000        0.50000        0.15047
0.94000         0.56000        0.50000        0.13577
0.95000         0.56000        0.50000        0.11917
0.96000         0.56000        0.50000        0.10029
0.97000         0.56000        0.50000        0.078817
0.98000         0.56000        0.50000        0.054643
0.99000         0.56000        0.50000        0.028080
1.0000          0.56000        0.50000        -4.9733E-18
0.0000          0.57000        0.50000        5.6232E-18
0.010000        0.57000        0.50000        0.030821
0.020000        0.57000        0.50000        0.059777
0.030000        0.57000        0.50000        0.085830
0.040000        0.57000        0.50000        0.10866
0.050000        0.57000        0.50000        0.12846
0.060000        0.57000        0.50000        0.14565
0.070000        0.57000        0.50000        0.16073
0.080000        0.57000        0.50000        0.17410
0.090000        0.57000        0.50000        0.18614
0.10000         0.57000        0.50000        0.19713
0.11000         0.57000        0.50000        0.20728
0.12000         0.57000        0.50000        0.21676
0.13000         0.57000        0.50000        0.22568
0.14000         0.57000        0.50000        0.23414
0.15000         0.57000        0.50000        0.24222
0.16000         0.57000        0.50000        0.24996
0.17000         0.57000        0.50000        0.25742
0.18000         0.57000        0.50000        0.26463
0.19000         0.57000        0.50000        0.27162
0.20000         0.57000        0.50000        0.27842
0.21000         0.57000        0.50000        0.28504
0.22000         0.57000        0.50000        0.29149
0.23000         0.57000        0.50000        0.29781
0.24000         0.57000        0.50000        0.30399
0.25000         0.57000        0.50000        0.31006
0.26000         0.57000        0.50000        0.31601
0.27000         0.57000        0.50000        0.32187
0.28000         0.57000        0.50000        0.32763
0.29000         0.57000        0.50000        0.33330
0.30000         0.57000        0.50000        0.33890
0.31000         0.57000        0.50000        0.34442
0.32000         0.57000        0.50000        0.34988
0.33000         0.57000        0.50000        0.35527
0.34000         0.57000        0.50000        0.36061
0.35000         0.57000        0.50000        0.36590
0.36000         0.57000        0.50000        0.37113
0.37000         0.57000        0.50000        0.37633
0.38000         0.57000        0.50000        0.38148
0.39000         0.57000        0.50000        0.38660
0.40000         0.57000        0.50000        0.39168
0.41000         0.57000        0.50000        0.39674
0.42000         0.57000        0.50000        0.40177
0.43000         0.57000        0.50000        0.40678
0.44000         0.57000        0.50000        0.41177
0.45000         0.57000        0.50000        0.41674
0.46000         0.57000        0.50000        0.42172
0.47000         0.57000        0.50000        0.42675
0.48000         0.57000        0.50000        0.43201
0.49000         0.57000        0.50000        0.43785
0.50000         0.57000        0.50000        0.44175
0.51000         0.57000        0.50000        0.43786
0.52000         0.57000        0.50000        0.43201
0.53000         0.57000        0.50000        0.42675
0.54000         0.57000        0.50000        0.42172
0.55000         0.57000        0.50000        0.41674
0.56000         0.57000        0.50000        0.41177
0.57000         0.57000        0.50000        0.40678
0.58000         0.57000        0.50000        0.40177
0.59000         0.57000        0.50000        0.39674
0.60000         0.57000        0.50000        0.39168
0.61000         0.57000        0.50000        0.38660
0.62000         0.57000        0.50000        0.38148
0.63000         0.57000        0.50000        0.37633
0.64000         0.57000        0.50000        0.37113
0.65000         0.57000        0.50000        0.36590
0.66000         0.57000        0.50000        0.36061
0.67000         0.57000        0.50000        0.35527
0.68000         0.57000        0.50000        0.34988
0.69000         0.57000        0.50000        0.34442
0.70000         0.57000        0.50000        0.33890
0.71000         0.57000        0.50000        0.33330
0.72000         0.57000        0.50000        0.32763
0.73000         0.57000        0.50000        0.32187
0.74000         0.57000        0.50000        0.31601
0.75000         0.57000        0.50000        0.31006
0.76000         0.57000        0.50000        0.30399
0.77000         0.57000        0.50000        0.29781
0.78000         0.57000        0.50000        0.29149
0.79000         0.57000        0.50000        0.28504
0.80000         0.57000        0.50000        0.27842
0.81000         0.57000        0.50000        0.27162
0.82000         0.57000        0.50000        0.26463
0.83000         0.57000        0.50000        0.25742
0.84000         0.57000        0.50000        0.24996
0.85000         0.57000        0.50000        0.24222
0.86000         0.57000        0.50000        0.23414
0.87000         0.57000        0.50000        0.22568
0.88000         0.57000        0.50000        0.21676
0.89000         0.57000        0.50000        0.20728
0.90000         0.57000        0.50000        0.19713
0.91000         0.57000        0.50000        0.18614
0.92000         0.57000        0.50000        0.17410
0.93000         0.57000        0.50000        0.16073
0.94000         0.57000        0.50000        0.14565
0.95000         0.57000        0.50000        0.12846
0.96000         0.57000        0.50000        0.10866
0.97000         0.57000        0.50000        0.085830
0.98000         0.57000        0.50000        0.059777
0.99000         0.57000        0.50000        0.030821
1.0000          0.57000        0.50000        -5.6324E-18
0.0000          0.58000        0.50000        -1.1657E-18
0.010000        0.58000        0.50000        0.033898
0.020000        0.58000        0.50000        0.065501
0.030000        0.58000        0.50000        0.093578
0.040000        0.58000        0.50000        0.11782
0.050000        0.58000        0.50000        0.13852
0.060000        0.58000        0.50000        0.15628
0.070000        0.58000        0.50000        0.17167
0.080000        0.58000        0.50000        0.18522
0.090000        0.58000        0.50000        0.19735
0.10000         0.58000        0.50000        0.20837
0.11000         0.58000        0.50000        0.21853
0.12000         0.58000        0.50000        0.22800
0.13000         0.58000        0.50000        0.23691
0.14000         0.58000        0.50000        0.24536
0.15000         0.58000        0.50000        0.25342
0.16000         0.58000        0.50000        0.26115
0.17000         0.58000        0.50000        0.26859
0.18000         0.58000        0.50000        0.27579
0.19000         0.58000        0.50000        0.28277
0.20000         0.58000        0.50000        0.28955
0.21000         0.58000        0.50000        0.29616
0.22000         0.58000        0.50000        0.30261
0.23000         0.58000        0.50000        0.30892
0.24000         0.58000        0.50000        0.31509
0.25000         0.58000        0.50000        0.32115
0.26000         0.58000        0.50000        0.32710
0.27000         0.58000        0.50000        0.33295
0.28000         0.58000        0.50000        0.33871
0.29000         0.58000        0.50000        0.34439
0.30000         0.58000        0.50000        0.34998
0.31000         0.58000        0.50000        0.35551
0.32000         0.58000        0.50000        0.36097
0.33000         0.58000        0.50000        0.36636
0.34000         0.58000        0.50000        0.37170
0.35000         0.58000        0.50000        0.37699
0.36000         0.58000        0.50000        0.38223
0.37000         0.58000        0.50000        0.38743
0.38000         0.58000        0.50000        0.39259
0.39000         0.58000        0.50000        0.39771
0.40000         0.58000        0.50000        0.40280
0.41000         0.58000        0.50000        0.40787
0.42000         0.58000        0.50000        0.41291
0.43000         0.58000        0.50000        0.41792
0.44000         0.58000        0.50000        0.42292
0.45000         0.58000        0.50000        0.42791
0.46000         0.58000        0.50000        0.43291
0.47000         0.58000        0.50000        0.43796
0.48000         0.58000        0.50000        0.44325
0.49000         0.58000        0.50000        0.44910
0.50000         0.58000        0.50000        0.45305
0.51000         0.58000        0.50000        0.44910
0.52000         0.58000        0.50000        0.44325
0.53000         0.58000        0.50000        0.43796
0.54000         0.58000        0.50000        0.43291
0.55000         0.58000        0.50000        0.42791
0.56000         0.58000        0.50000        0.42292
0.57000         0.58000        0.50000        0.41792
0.58000         0.58000        0.50000        0.41291
0.59000         0.58000        0.50000        0.40787
0.60000         0.58000        0.50000        0.40280
0.61000         0.58000        0.50000        0.39771
0.62000         0.58000        0.50000        0.39259
0.63000         0.58000        0.50000        0.38743
0.64000         0.58000        0.50000        0.38223
0.65000         0.58000        0.50000        0.37699
0.66000         0.58000        0.50000        0.37170
0.67000         0.58000        0.50000        0.36636
0.68000         0.58000        0.50000        0.36097
0.69000         0.58000        0.50000        0.35551
0.70000         0.58000        0.50000        0.34998
0.71000         0.58000        0.50000        0.34439
0.72000         0.58000        0.50000        0.33871
0.73000         0.58000        0.50000        0.33295
0.74000         0.58000        0.50000        0.32710
0.75000         0.58000        0.50000        0.32115
0.76000         0.58000        0.50000        0.31509
0.77000         0.58000        0.50000        0.30892
0.78000         0.58000        0.50000        0.30261
0.79000         0.58000        0.50000        0.29616
0.80000         0.58000        0.50000        0.28955
0.81000         0.58000        0.50000        0.28277
0.82000         0.58000        0.50000        0.27579
0.83000         0.58000        0.50000        0.26859
0.84000         0.58000        0.50000        0.26115
0.85000         0.58000        0.50000        0.25342
0.86000         0.58000        0.50000        0.24536
0.87000         0.58000        0.50000        0.23691
0.88000         0.58000        0.50000        0.22800
0.89000         0.58000        0.50000        0.21853
0.90000         0.58000        0.50000        0.20837
0.91000         0.58000        0.50000        0.19735
0.92000         0.58000        0.50000        0.18522
0.93000         0.58000        0.50000        0.17167
0.94000         0.58000        0.50000        0.15628
0.95000         0.58000        0.50000        0.13852
0.96000         0.58000        0.50000        0.11782
0.97000         0.58000        0.50000        0.093578
0.98000         0.58000        0.50000        0.065501
0.99000         0.58000        0.50000        0.033898
1.0000          0.58000        0.50000        -1.5155E-17
0.0000          0.59000        0.50000        8.6010E-22
0.010000        0.59000        0.50000        0.037347
0.020000        0.59000        0.50000        0.071870
0.030000        0.59000        0.50000        0.10211
0.040000        0.59000        0.50000        0.12780
0.050000        0.59000        0.50000        0.14939
0.060000        0.59000        0.50000        0.16765
0.070000        0.59000        0.50000        0.18330
0.080000        0.59000        0.50000        0.19697
0.090000        0.59000        0.50000        0.20914
0.10000         0.59000        0.50000        0.22016
0.11000         0.59000        0.50000        0.23029
0.12000         0.59000        0.50000        0.23973
0.13000         0.59000        0.50000        0.24860
0.14000         0.59000        0.50000        0.25701
0.15000         0.59000        0.50000        0.26504
0.16000         0.59000        0.50000        0.27273
0.17000         0.59000        0.50000        0.28015
0.18000         0.59000        0.50000        0.28732
0.19000         0.59000        0.50000        0.29428
0.20000         0.59000        0.50000        0.30104
0.21000         0.59000        0.50000        0.30763
0.22000         0.59000        0.50000        0.31407
0.23000         0.59000        0.50000        0.32036
0.24000         0.59000        0.50000        0.32653
0.25000         0.59000        0.50000        0.33258
0.26000         0.59000        0.50000        0.33852
0.27000         0.59000        0.50000        0.34436
0.28000         0.59000        0.50000        0.35011
0.29000         0.59000        0.50000        0.35578
0.30000         0.59000        0.50000        0.36138
0.31000         0.59000        0.50000        0.36690
0.32000         0.59000        0.50000        0.37235
0.33000         0.59000        0.50000        0.37775
0.34000         0.59000        0.50000        0.38309
0.35000         0.59000        0.50000        0.38838
0.36000         0.59000        0.50000        0.39362
0.37000         0.59000        0.50000        0.39882
0.38000         0.59000        0.50000        0.40398
0.39000         0.59000        0.50000        0.40911
0.40000         0.59000        0.50000        0.41421
0.41000         0.59000        0.50000        0.41927
0.42000         0.59000        0.50000        0.42432
0.43000         0.59000        0.50000        0.42935
0.44000         0.59000        0.50000        0.43436
0.45000         0.59000        0.50000        0.43936
0.46000         0.59000        0.50000        0.44437
0.47000         0.59000        0.50000        0.44945
0.48000         0.59000        0.50000        0.45477
0.49000         0.59000        0.50000        0.46066
0.50000         0.59000        0.50000        0.46454
0.51000         0.59000        0.50000        0.46066
0.52000         0.59000        0.50000        0.45477
0.53000         0.59000        0.50000        0.44945
0.54000         0.59000        0.50000        0.44437
0.55000         0.59000        0.50000        0.43936
0.56000         0.59000        0.50000        0.43436
0.57000         0.59000        0.50000        0.42935
0.58000         0.59000        0.50000        0.42432
0.59000         0.59000        0.50000        0.41927
0.60000         0.59000        0.50000        0.41421
0.61000         0.59000        0.50000        0.40911
0.62000         0.59000        0.50000        0.40398
0.63000         0.59000        0.50000        0.39882
0.64000         0.59000        0.50000        0.39362
0.65000         0.59000        0.50000        0.38838
0.66000         0.59000        0.50000        0.38309
0.67000         0.59000        0.50000        0.37775
0.68000         0.59000        0.50000        0.37235
0.69000         0.59000        0.50000        0.36690
0.70000         0.59000        0.50000        0.36138
0.71000         0.59000        0.50000        0.35578
0.72000         0.59000        0.50000        0.35011
0.73000         0.59000        0.50000        0.34436
0.74000         0.59000        0.50000        0.33852
0.75000         0.59000        0.50000        0.33258
0.76000         0.59000        0.50000        0.32653
0.77000         0.59000        0.50000        0.32036
0.78000         0.59000        0.50000        0.31407
0.79000         0.59000        0.50000        0.30763
0.80000         0.59000        0.50000        0.30104
0.81000         0.59000        0.50000        0.29428
0.82000         0.59000        0.50000        0.28732
0.83000         0.59000        0.50000        0.28015
0.84000         0.59000        0.50000        0.27273
0.85000         0.59000        0.50000        0.26504
0.86000         0.59000        0.50000        0.25701
0.87000         0.59000        0.50000        0.24860
0.88000         0.59000        0.50000        0.23973
0.89000         0.59000        0.50000        0.23029
0.90000         0.59000        0.50000        0.22016
0.91000         0.59000        0.50000        0.20914
0.92000         0.59000        0.50000        0.19697
0.93000         0.59000        0.50000        0.18330
0.94000         0.59000        0.50000        0.16765
0.95000         0.59000        0.50000        0.14939
0.96000         0.59000        0.50000        0.12780
0.97000         0.59000        0.50000        0.10211
0.98000         0.59000        0.50000        0.071870
0.99000         0.59000        0.50000        0.037347
1.0000          0.59000        0.50000        -3.2117E-18
0.0000          0.60000        0.50000        0.0000
0.010000        0.60000        0.50000        0.041205
0.020000        0.60000        0.50000        0.078937
0.030000        0.60000        0.50000        0.11149
0.040000        0.60000        0.50000        0.13864
0.050000        0.60000        0.50000        0.16108
0.060000        0.60000        0.50000        0.17977
0.070000        0.60000        0.50000        0.19562
0.080000        0.60000        0.50000        0.20934
0.090000        0.60000        0.50000        0.22149
0.10000         0.60000        0.50000        0.23246
0.11000         0.60000        0.50000        0.24254
0.12000         0.60000        0.50000        0.25191
0.13000         0.60000        0.50000        0.26073
0.14000         0.60000        0.50000        0.26908
0.15000         0.60000        0.50000        0.27706
0.16000         0.60000        0.50000        0.28472
0.17000         0.60000        0.50000        0.29209
0.18000         0.60000        0.50000        0.29923
0.19000         0.60000        0.50000        0.30615
0.20000         0.60000        0.50000        0.31289
0.21000         0.60000        0.50000        0.31945
0.22000         0.60000        0.50000        0.32587
0.23000         0.60000        0.50000        0.33214
0.24000         0.60000        0.50000        0.33829
0.25000         0.60000        0.50000        0.34432
0.26000         0.60000        0.50000        0.35025
0.27000         0.60000        0.50000        0.35608
0.28000         0.60000        0.50000        0.36182
0.29000         0.60000        0.50000        0.36748
0.30000         0.60000        0.50000        0.37307
0.31000         0.60000        0.50000        0.37858
0.32000         0.60000        0.50000        0.38403
0.33000         0.60000        0.50000        0.38942
0.34000         0.60000        0.50000        0.39476
0.35000         0.60000        0.50000        0.40005
0.36000         0.60000        0.50000        0.40529
0.37000         0.60000        0.50000        0.41049
0.38000         0.60000        0.50000        0.41565
0.39000         0.60000        0.50000        0.42078
0.40000         0.60000        0.50000        0.42588
0.41000         0.60000        0.50000        0.43095
0.42000         0.60000        0.50000        0.43601
0.43000         0.60000        0.50000        0.44104
0.44000         0.60000        0.50000        0.44606
0.45000         0.60000        0.50000        0.45107
0.46000         0.60000        0.50000        0.45610
0.47000         0.60000        0.50000        0.46121
0.48000         0.60000        0.50000        0.46654
0.49000         0.60000        0.50000        0.47247
0.50000         0.60000        0.50000        0.47633
0.51000         0.60000        0.50000        0.47246
0.52000         0.60000        0.50000        0.46654
0.53000         0.60000        0.50000        0.46121
0.54000         0.60000        0.50000        0.45610
0.55000         0.60000        0.50000        0.45107
0.56000         0.60000        0.50000        0.44606
0.57000         0.60000        0.50000        0.44104
0.58000         0.60000        0.50000        0.43601
0.59000         0.60000        0.50000        0.43095
0.60000         0.60000        0.50000        0.42588
0.61000         0.60000        0.50000        0.42078
0.62000         0.60000        0.50000        0.41565
0.63000         0.60000        0.50000        0.41049
0.64000         0.60000        0.50000        0.40529
0.65000         0.60000        0.50000        0.40005
0.66000         0.60000        0.50000        0.39476
0.67000         0.60000        0.50000        0.38942
0.68000         0.60000        0.50000        0.38403
0.69000         0.60000        0.50000        0.37858
0.70000         0.60000        0.50000        0.37307
0.71000         0.60000        0.50000        0.36748
0.72000         0.60000        0.50000        0.36182
0.73000         0.60000        0.50000        0.35608
0.74000         0.60000        0.50000        0.35025
0.75000         0.60000        0.50000        0.34432
0.76000         0.60000        0.50000        0.33829
0.77000         0.60000        0.50000        0.33214
0.78000         0.60000        0.50000        0.32587
0.79000         0.60000        0.50000        0.31945
0.80000         0.60000        0.50000        0.31289
0.81000         0.60000        0.50000        0.30615
0.82000         0.60000        0.50000        0.29923
0.83000         0.60000        0.50000        0.29209
0.84000         0.60000        0.50000        0.28472
0.85000         0.60000        0.50000        0.27706
0.86000         0.60000        0.50000        0.26908
0.87000         0.60000        0.50000        0.26073
0.88000         0.60000        0.50000        0.25191
0.89000         0.60000        0.50000        0.24254
0.90000         0.60000        0.50000        0.23246
0.91000         0.60000        0.50000        0.22149
0.92000         0.60000        0.50000        0.20934
0.93000         0.60000        0.50000        0.19562
0.94000         0.60000        0.50000        0.17977
0.95000         0.60000        0.50000        0.16108
0.96000         0.60000        0.50000        0.13864
0.97000         0.60000        0.50000        0.11149
0.98000         0.60000        0.50000        0.078937
0.99000         0.60000        0.50000        0.041205
1.0000          0.60000        0.50000        -6.6273E-18
0.0000          0.61000        0.50000        -2.2326E-18
0.010000        0.61000        0.50000        0.045510
0.020000        0.61000        0.50000        0.086755
0.030000        0.61000        0.50000        0.12174
0.040000        0.61000        0.50000        0.15036
0.050000        0.61000        0.50000        0.17358
0.060000        0.61000        0.50000        0.19262
0.070000        0.61000        0.50000        0.20859
0.080000        0.61000        0.50000        0.22230
0.090000        0.61000        0.50000        0.23439
0.10000         0.61000        0.50000        0.24527
0.11000         0.61000        0.50000        0.25526
0.12000         0.61000        0.50000        0.26454
0.13000         0.61000        0.50000        0.27328
0.14000         0.61000        0.50000        0.28156
0.15000         0.61000        0.50000        0.28948
0.16000         0.61000        0.50000        0.29707
0.17000         0.61000        0.50000        0.30440
0.18000         0.61000        0.50000        0.31149
0.19000         0.61000        0.50000        0.31838
0.20000         0.61000        0.50000        0.32508
0.21000         0.61000        0.50000        0.33161
0.22000         0.61000        0.50000        0.33799
0.23000         0.61000        0.50000        0.34424
0.24000         0.61000        0.50000        0.35037
0.25000         0.61000        0.50000        0.35638
0.26000         0.61000        0.50000        0.36229
0.27000         0.61000        0.50000        0.36810
0.28000         0.61000        0.50000        0.37383
0.29000         0.61000        0.50000        0.37948
0.30000         0.61000        0.50000        0.38505
0.31000         0.61000        0.50000        0.39055
0.32000         0.61000        0.50000        0.39600
0.33000         0.61000        0.50000        0.40138
0.34000         0.61000        0.50000        0.40671
0.35000         0.61000        0.50000        0.41199
0.36000         0.61000        0.50000        0.41723
0.37000         0.61000        0.50000        0.42243
0.38000         0.61000        0.50000        0.42759
0.39000         0.61000        0.50000        0.43272
0.40000         0.61000        0.50000        0.43782
0.41000         0.61000        0.50000        0.44290
0.42000         0.61000        0.50000        0.44796
0.43000         0.61000        0.50000        0.45300
0.44000         0.61000        0.50000        0.45802
0.45000         0.61000        0.50000        0.46305
0.46000         0.61000        0.50000        0.46810
0.47000         0.61000        0.50000        0.47322
0.48000         0.61000        0.50000        0.47857
0.49000         0.61000        0.50000        0.48449
0.50000         0.61000        0.50000        0.48840
0.51000         0.61000        0.50000        0.48449
0.52000         0.61000        0.50000        0.47857
0.53000         0.61000        0.50000        0.47322
0.54000         0.61000        0.50000        0.46810
0.55000         0.61000        0.50000        0.46305
0.56000         0.61000        0.50000        0.45802
0.57000         0.61000        0.50000        0.45300
0.58000         0.61000        0.50000        0.44796
0.59000         0.61000        0.50000        0.44290
0.60000         0.61000        0.50000        0.43782
0.61000         0.61000        0.50000        0.43272
0.62000         0.61000        0.50000        0.42759
0.63000         0.61000        0.50000        0.42243
0.64000         0.61000        0.50000        0.41723
0.65000         0.61000        0.50000        0.41199
0.66000         0.61000        0.50000        0.40671
0.67000         0.61000        0.50000        0.40138
0.68000         0.61000        0.50000        0.39600
0.69000         0.61000        0.50000        0.39055
0.70000         0.61000        0.50000        0.38505
0.71000         0.61000        0.50000        0.37948
0.72000         0.61000        0.50000        0.37383
0.73000         0.61000        0.50000        0.36810
0.74000         0.61000        0.50000        0.36229
0.75000         0.61000        0.50000        0.35638
0.76000         0.61000        0.50000        0.35037
0.77000         0.61000        0.50000        0.34424
0.78000         0.61000        0.50000        0.33799
0.79000         0.61000        0.50000        0.33161
0.80000         0.61000        0.50000        0.32508
0.81000         0.61000        0.50000        0.31838
0.82000         0.61000        0.50000        0.31149
0.83000         0.61000        0.50000        0.30440
0.84000         0.61000        0.50000        0.29707
0.85000         0.61000        0.50000        0.28948
0.86000         0.61000        0.50000        0.28156
0.87000         0.61000        0.50000        0.27328
0.88000         0.61000        0.50000        0.26454
0.89000         0.61000        0.50000        0.25526
0.90000         0.61000        0.50000        0.24527
0.91000         0.61000        0.50000        0.23439
0.92000         0.61000        0.50000        0.22230
0.93000         0.61000        0.50000        0.20859
0.94000         0.61000        0.50000        0.19262
0.95000         0.61000        0.50000        0.17358
0.96000         0.61000        0.50000        0.15036
0.97000         0.61000        0.50000        0.12174
0.98000         0.61000        0.50000        0.086755
0.99000         0.61000        0.50000        0.045510
1.0000          0.61000        0.50000        -2.6791E-17
0.0000          0.62000        0.50000        1.1669E-21
0.010000        0.62000        0.50000        0.050301
0.020000        0.62000        0.50000        0.095372
0.030000        0.62000        0.50000        0.13290
0.040000        0.62000        0.50000        0.16298
0.050000        0.62000        0.50000        0.18689
0.060000        0.62000        0.50000        0.20620
0.070000        0.62000        0.50000        0.22219
0.080000        0.62000        0.50000        0.23583
0.090000        0.62000        0.50000        0.24779
0.10000         0.62000        0.50000        0.25856
0.11000         0.62000        0.50000        0.26842
0.12000         0.62000        0.50000        0.27759
0.13000         0.62000        0.50000        0.28623
0.14000         0.62000        0.50000        0.29443
0.15000         0.62000        0.50000        0.30226
0.16000         0.62000        0.50000        0.30979
0.17000         0.62000        0.50000        0.31706
0.18000         0.62000        0.50000        0.32410
0.19000         0.62000        0.50000        0.33093
0.20000         0.62000        0.50000        0.33759
0.21000         0.62000        0.50000        0.34409
0.22000         0.62000        0.50000        0.35043
0.23000         0.62000        0.50000        0.35665
0.24000         0.62000        0.50000        0.36275
0.25000         0.62000        0.50000        0.36874
0.26000         0.62000        0.50000        0.37462
0.27000         0.62000        0.50000        0.38042
0.28000         0.62000        0.50000        0.38613
0.29000         0.62000        0.50000        0.39176
0.30000         0.62000        0.50000        0.39731
0.31000         0.62000        0.50000        0.40281
0.32000         0.62000        0.50000        0.40824
0.33000         0.62000        0.50000        0.41361
0.34000         0.62000        0.50000        0.41893
0.35000         0.62000        0.50000        0.42421
0.36000         0.62000        0.50000        0.42944
0.37000         0.62000        0.50000        0.43464
0.38000         0.62000        0.50000        0.43980
0.39000         0.62000        0.50000        0.44493
0.40000         0.62000        0.50000        0.45003
0.41000         0.62000        0.50000        0.45511
0.42000         0.62000        0.50000        0.46017
0.43000         0.62000        0.50000        0.46521
0.44000         0.62000        0.50000        0.47025
0.45000         0.62000        0.50000        0.47529
0.46000         0.62000        0.50000        0.48035
0.47000         0.62000        0.50000        0.48548
0.48000         0.62000        0.50000        0.49085
0.49000         0.62000        0.50000        0.49680
0.50000         0.62000        0.50000        0.50065
0.51000         0.62000        0.50000        0.49680
0.52000         0.62000        0.50000        0.49085
0.53000         0.62000        0.50000        0.48548
0.54000         0.62000        0.50000        0.48035
0.55000         0.62000        0.50000        0.47529
0.56000         0.62000        0.50000        0.47025
0.57000         0.62000        0.50000        0.46521
0.58000         0.62000        0.50000        0.46017
0.59000         0.62000        0.50000        0.45511
0.60000         0.62000        0.50000        0.45003
0.61000         0.62000        0.50000        0.44493
0.62000         0.62000        0.50000        0.43980
0.63000         0.62000        0.50000        0.43464
0.64000         0.62000        0.50000        0.42944
0.65000         0.62000        0.50000        0.42421
0.66000         0.62000        0.50000        0.41893
0.67000         0.62000        0.50000        0.41361
0.68000         0.62000        0.50000        0.40824
0.69000         0.62000        0.50000        0.40281
0.70000         0.62000        0.50000        0.39731
0.71000         0.62000        0.50000        0.39176
0.72000         0.62000        0.50000        0.38613
0.73000         0.62000        0.50000        0.38042
0.74000         0.62000        0.50000        0.37462
0.75000         0.62000        0.50000        0.36874
0.76000         0.62000        0.50000        0.36275
0.77000         0.62000        0.50000        0.35665
0.78000         0.62000        0.50000        0.35043
0.79000         0.62000        0.50000        0.34409
0.80000         0.62000        0.50000        0.33759
0.81000         0.62000        0.50000        0.33093
0.82000         0.62000        0.50000        0.32410
0.83000         0.62000        0.50000        0.31706
0.84000         0.62000        0.50000        0.30979
0.85000         0.62000        0.50000        0.30226
0.86000         0.62000        0.50000        0.29443
0.87000         0.62000        0.50000        0.28623
0.88000         0.62000        0.50000        0.27759
0.89000         0.62000        0.50000        0.26842
0.90000         0.62000        0.50000        0.25856
0.91000         0.62000        0.50000        0.24779
0.92000         0.62000        0.50000        0.23583
0.93000         0.62000        0.50000        0.22219
0.94000         0.62000        0.50000        0.20620
0.95000         0.62000        0.50000        0.18689
0.96000         0.62000        0.50000        0.16298
0.97000         0.62000        0.50000        0.13290
0.98000         0.62000        0.50000        0.095372
0.99000         0.62000        0.50000        0.050301
1.0000          0.62000        0.50000        -3.0733E-19
0.0000          0.63000        0.50000        0.0000
0.010000        0.63000        0.50000        0.055615
0.020000        0.63000        0.50000        0.10483
0.030000        0.63000        0.50000        0.14501
0.040000        0.63000        0.50000        0.17648
0.050000        0.63000        0.50000        0.20099
0.060000        0.63000        0.50000        0.22045
0.070000        0.63000        0.50000        0.23639
0.080000        0.63000        0.50000        0.24988
0.090000        0.63000        0.50000        0.26168
0.10000         0.63000        0.50000        0.27228
0.11000         0.63000        0.50000        0.28199
0.12000         0.63000        0.50000        0.29104
0.13000         0.63000        0.50000        0.29956
0.14000         0.63000        0.50000        0.30765
0.15000         0.63000        0.50000        0.31540
0.16000         0.63000        0.50000        0.32285
0.17000         0.63000        0.50000        0.33005
0.18000         0.63000        0.50000        0.33703
0.19000         0.63000        0.50000        0.34381
0.20000         0.63000        0.50000        0.35042
0.21000         0.63000        0.50000        0.35687
0.22000         0.63000        0.50000        0.36318
0.23000         0.63000        0.50000        0.36936
0.24000         0.63000        0.50000        0.37542
0.25000         0.63000        0.50000        0.38138
0.26000         0.63000        0.50000        0.38724
0.27000         0.63000        0.50000        0.39301
0.28000         0.63000        0.50000        0.39870
0.29000         0.63000        0.50000        0.40431
0.30000         0.63000        0.50000        0.40985
0.31000         0.63000        0.50000        0.41533
0.32000         0.63000        0.50000        0.42074
0.33000         0.63000        0.50000        0.42611
0.34000         0.63000        0.50000        0.43142
0.35000         0.63000        0.50000        0.43669
0.36000         0.63000        0.50000        0.44191
0.37000         0.63000        0.50000        0.44710
0.38000         0.63000        0.50000        0.45226
0.39000         0.63000        0.50000        0.45738
0.40000         0.63000        0.50000        0.46248
0.41000         0.63000        0.50000        0.46756
0.42000         0.63000        0.50000        0.47262
0.43000         0.63000        0.50000        0.47767
0.44000         0.63000        0.50000        0.48272
0.45000         0.63000        0.50000        0.48777
0.46000         0.63000        0.50000        0.49284
0.47000         0.63000        0.50000        0.49798
0.48000         0.63000        0.50000        0.50337
0.49000         0.63000        0.50000        0.50932
0.50000         0.63000        0.50000        0.51315
0.51000         0.63000        0.50000        0.50932
0.52000         0.63000        0.50000        0.50337
0.53000         0.63000        0.50000        0.49798
0.54000         0.63000        0.50000        0.49284
0.55000         0.63000        0.50000        0.48777
0.56000         0.63000        0.50000        0.48272
0.57000         0.63000        0.50000        0.47767
0.58000         0.63000        0.50000        0.47262
0.59000         0.63000        0.50000        0.46756
0.60000         0.63000        0.50000        0.46248
0.61000         0.63000        0.50000        0.45738
0.62000         0.63000        0.50000        0.45226
0.63000         0.63000        0.50000        0.44710
0.64000         0.63000        0.50000        0.44191
0.65000         0.63000        0.50000        0.43669
0.66000         0.63000        0.50000        0.43142
0.67000         0.63000        0.50000        0.42611
0.68000         0.63000        0.50000        0.42074
0.69000         0.63000        0.50000        0.41533
0.70000         0.63000        0.50000        0.40985
0.71000         0.63000        0.50000        0.40431
0.72000         0.63000        0.50000        0.39870
0.73000         0.63000        0.50000        0.39301
0.74000         0.63000        0.50000        0.38724
0.75000         0.63000        0.50000        0.38138
0.76000         0.63000        0.50000        0.37542
0.77000         0.63000        0.50000        0.36936
0.78000         0.63000        0.50000        0.36318
0.79000         0.63000        0.50000        0.35687
0.80000         0.63000        0.50000        0.35042
0.81000         0.63000        0.50000        0.34381
0.82000         0.63000        0.50000        0.33703
0.83000         0.63000        0.50000        0.33005
0.84000         0.63000        0.50000        0.32285
0.85000         0.63000        0.50000        0.31540
0.86000         0.63000        0.50000        0.30765
0.87000         0.63000        0.50000        0.29956
0.88000         0.63000        0.50000        0.29104
0.89000         0.63000        0.50000        0.28199
0.90000         0.63000        0.50000        0.27228
0.91000         0.63000        0.50000        0.26168
0.92000         0.63000        0.50000        0.24988
0.93000         0.63000        0.50000        0.23639
0.94000         0.63000        0.50000        0.22045
0.95000         0.63000        0.50000        0.20099
0.96000         0.63000        0.50000        0.17648
0.97000         0.63000        0.50000        0.14501
0.98000         0.63000        0.50000        0.10483
0.99000         0.63000        0.50000        0.055615
1.0000          0.63000        0.50000        -2.6029E-18
0.0000          0.64000        0.50000        -4.1225E-18
0.010000        0.64000        0.50000        0.061491
0.020000        0.64000        0.50000        0.11518
0.030000        0.64000        0.50000        0.15806
0.040000        0.64000        0.50000        0.19085
0.050000        0.64000        0.50000        0.21583
0.060000        0.64000        0.50000        0.23534
0.070000        0.64000        0.50000        0.25114
0.080000        0.64000        0.50000        0.26442
0.090000        0.64000        0.50000        0.27601
0.10000         0.64000        0.50000        0.28641
0.11000         0.64000        0.50000        0.29595
0.12000         0.64000        0.50000        0.30485
0.13000         0.64000        0.50000        0.31324
0.14000         0.64000        0.50000        0.32122
0.15000         0.64000        0.50000        0.32887
0.16000         0.64000        0.50000        0.33623
0.17000         0.64000        0.50000        0.34336
0.18000         0.64000        0.50000        0.35027
0.19000         0.64000        0.50000        0.35699
0.20000         0.64000        0.50000        0.36354
0.21000         0.64000        0.50000        0.36994
0.22000         0.64000        0.50000        0.37621
0.23000         0.64000        0.50000        0.38235
0.24000         0.64000        0.50000        0.38838
0.25000         0.64000        0.50000        0.39430
0.26000         0.64000        0.50000        0.40013
0.27000         0.64000        0.50000        0.40587
0.28000         0.64000        0.50000        0.41154
0.29000         0.64000        0.50000        0.41713
0.30000         0.64000        0.50000        0.42265
0.31000         0.64000        0.50000        0.42811
0.32000         0.64000        0.50000        0.43351
0.33000         0.64000        0.50000        0.43886
0.34000         0.64000        0.50000        0.44416
0.35000         0.64000        0.50000        0.44941
0.36000         0.64000        0.50000        0.45463
0.37000         0.64000        0.50000        0.45981
0.38000         0.64000        0.50000        0.46496
0.39000         0.64000        0.50000        0.47009
0.40000         0.64000        0.50000        0.47518
0.41000         0.64000        0.50000        0.48026
0.42000         0.64000        0.50000        0.48533
0.43000         0.64000        0.50000        0.49038
0.44000         0.64000        0.50000        0.49543
0.45000         0.64000        0.50000        0.50049
0.46000         0.64000        0.50000        0.50557
0.47000         0.64000        0.50000        0.51071
0.48000         0.64000        0.50000        0.51611
0.49000         0.64000        0.50000        0.52207
0.50000         0.64000        0.50000        0.52585
0.51000         0.64000        0.50000        0.52207
0.52000         0.64000        0.50000        0.51611
0.53000         0.64000        0.50000        0.51071
0.54000         0.64000        0.50000        0.50557
0.55000         0.64000        0.50000        0.50049
0.56000         0.64000        0.50000        0.49543
0.57000         0.64000        0.50000        0.49038
0.58000         0.64000        0.50000        0.48533
0.59000         0.64000        0.50000        0.48026
0.60000         0.64000        0.50000        0.47518
0.61000         0.64000        0.50000        0.47009
0.62000         0.64000        0.50000        0.46496
0.63000         0.64000        0.50000        0.45981
0.64000         0.64000        0.50000        0.45463
0.65000         0.64000        0.50000        0.44941
0.66000         0.64000        0.50000        0.44416
0.67000         0.64000        0.50000        0.43886
0.68000         0.64000        0.50000        0.43351
0.69000         0.64000        0.50000        0.42811
0.70000         0.64000        0.50000        0.42265
0.71000         0.64000        0.50000        0.41713
0.72000         0.64000        0.50000        0.41154
0.73000         0.64000        0.50000        0.40587
0.74000         0.64000        0.50000        0.40013
0.75000         0.64000        0.50000        0.39430
0.76000         0.64000        0.50000        0.38838
0.77000         0.64000        0.50000        0.38235
0.78000         0.64000        0.50000        0.37621
0.79000         0.64000        0.50000        0.36994
0.80000         0.64000        0.50000        0.36354
0.81000         0.64000        0.50000        0.35699
0.82000         0.64000        0.50000        0.35027
0.83000         0.64000        0.50000        0.34336
0.84000         0.64000        0.50000        0.33623
0.85000         0.64000        0.50000        0.32887
0.86000         0.64000        0.50000        0.32122
0.87000         0.64000        0.50000        0.31324
0.88000         0.64000        0.50000        0.30485
0.89000         0.64000        0.50000        0.29595
0.90000         0.64000        0.50000        0.28641
0.91000         0.64000        0.50000        0.27601
0.92000         0.64000        0.50000        0.26442
0.93000         0.64000        0.50000        0.25114
0.94000         0.64000        0.50000        0.23534
0.95000         0.64000        0.50000        0.21583
0.96000         0.64000        0.50000        0.19085
0.97000         0.64000        0.50000        0.15806
0.98000         0.64000        0.50000        0.11518
0.99000         0.64000        0.50000        0.061491
1.0000          0.64000        0.50000        -4.5348E-17
0.0000          0.65000        0.50000        1.5920E-21
0.010000        0.65000        0.50000        0.067960
0.020000        0.65000        0.50000        0.12643
0.030000        0.65000        0.50000        0.17206
0.040000        0.65000        0.50000        0.20606
0.050000        0.65000        0.50000        0.23138
0.060000        0.65000        0.50000        0.25082
0.070000        0.65000        0.50000        0.26639
0.080000        0.65000        0.50000        0.27941
0.090000        0.65000        0.50000        0.29074
0.10000         0.65000        0.50000        0.30092
0.11000         0.65000        0.50000        0.31026
0.12000         0.65000        0.50000        0.31899
0.13000         0.65000        0.50000        0.32724
0.14000         0.65000        0.50000        0.33510
0.15000         0.65000        0.50000        0.34265
0.16000         0.65000        0.50000        0.34992
0.17000         0.65000        0.50000        0.35696
0.18000         0.65000        0.50000        0.36379
0.19000         0.65000        0.50000        0.37045
0.20000         0.65000        0.50000        0.37694
0.21000         0.65000        0.50000        0.38329
0.22000         0.65000        0.50000        0.38951
0.23000         0.65000        0.50000        0.39561
0.24000         0.65000        0.50000        0.40159
0.25000         0.65000        0.50000        0.40748
0.26000         0.65000        0.50000        0.41328
0.27000         0.65000        0.50000        0.41899
0.28000         0.65000        0.50000        0.42463
0.29000         0.65000        0.50000        0.43019
0.30000         0.65000        0.50000        0.43569
0.31000         0.65000        0.50000        0.44113
0.32000         0.65000        0.50000        0.44651
0.33000         0.65000        0.50000        0.45185
0.34000         0.65000        0.50000        0.45713
0.35000         0.65000        0.50000        0.46238
0.36000         0.65000        0.50000        0.46759
0.37000         0.65000        0.50000        0.47276
0.38000         0.65000        0.50000        0.47790
0.39000         0.65000        0.50000        0.48302
0.40000         0.65000        0.50000        0.48812
0.41000         0.65000        0.50000        0.49320
0.42000         0.65000        0.50000        0.49826
0.43000         0.65000        0.50000        0.50332
0.44000         0.65000        0.50000        0.50837
0.45000         0.65000        0.50000        0.51344
0.46000         0.65000        0.50000        0.51852
0.47000         0.65000        0.50000        0.52367
0.48000         0.65000        0.50000        0.52908
0.49000         0.65000        0.50000        0.53503
0.50000         0.65000        0.50000        0.53875
0.51000         0.65000        0.50000        0.53503
0.52000         0.65000        0.50000        0.52908
0.53000         0.65000        0.50000        0.52367
0.54000         0.65000        0.50000        0.51852
0.55000         0.65000        0.50000        0.51344
0.56000         0.65000        0.50000        0.50837
0.57000         0.65000        0.50000        0.50332
0.58000         0.65000        0.50000        0.49826
0.59000         0.65000        0.50000        0.49320
0.60000         0.65000        0.50000        0.48812
0.61000         0.65000        0.50000        0.48302
0.62000         0.65000        0.50000        0.47790
0.63000         0.65000        0.50000        0.47276
0.64000         0.65000        0.50000        0.46759
0.65000         0.65000        0.50000        0.46238
0.66000         0.65000        0.50000        0.45713
0.67000         0.65000        0.50000        0.45185
0.68000         0.65000        0.50000        0.44651
0.69000         0.65000        0.50000        0.44113
0.70000         0.65000        0.50000        0.43569
0.71000         0.65000        0.50000        0.43019
0.72000         0.65000        0.50000        0.42463
0.73000         0.65000        0.50000        0.41899
0.74000         0.65000        0.50000        0.41328
0.75000         0.65000        0.50000        0.40748
0.76000         0.65000        0.50000        0.40159
0.77000         0.65000        0.50000        0.39561
0.78000         0.65000        0.50000        0.38951
0.79000         0.65000        0.50000        0.38329
0.80000         0.65000        0.50000        0.37694
0.81000         0.65000        0.50000        0.37045
0.82000         0.65000        0.50000        0.36379
0.83000         0.65000        0.50000        0.35696
0.84000         0.65000        0.50000        0.34992
0.85000         0.65000        0.50000        0.34265
0.86000         0.65000        0.50000        0.33510
0.87000         0.65000        0.50000        0.32724
0.88000         0.65000        0.50000        0.31899
0.89000         0.65000        0.50000        0.31026
0.90000         0.65000        0.50000        0.30092
0.91000         0.65000        0.50000        0.29074
0.92000         0.65000        0.50000        0.27941
0.93000         0.65000        0.50000        0.26639
0.94000         0.65000        0.50000        0.25082
0.95000         0.65000        0.50000        0.23138
0.96000         0.65000        0.50000        0.20606
0.97000         0.65000        0.50000        0.17206
0.98000         0.65000        0.50000        0.12643
0.99000         0.65000        0.50000        0.067960
1.0000          0.65000        0.50000        -4.6112E-19
0.0000          0.66000        0.50000        0.0000
0.010000        0.66000        0.50000        0.075054
0.020000        0.66000        0.50000        0.13862
0.030000        0.66000        0.50000        0.18699
0.040000        0.66000        0.50000        0.22207
0.050000        0.66000        0.50000        0.24758
0.060000        0.66000        0.50000        0.26683
0.070000        0.66000        0.50000        0.28208
0.080000        0.66000        0.50000        0.29478
0.090000        0.66000        0.50000        0.30583
0.10000         0.66000        0.50000        0.31576
0.11000         0.66000        0.50000        0.32489
0.12000         0.66000        0.50000        0.33345
0.13000         0.66000        0.50000        0.34154
0.14000         0.66000        0.50000        0.34928
0.15000         0.66000        0.50000        0.35671
0.16000         0.66000        0.50000        0.36388
0.17000         0.66000        0.50000        0.37083
0.18000         0.66000        0.50000        0.37759
0.19000         0.66000        0.50000        0.38418
0.20000         0.66000        0.50000        0.39061
0.21000         0.66000        0.50000        0.39690
0.22000         0.66000        0.50000        0.40307
0.23000         0.66000        0.50000        0.40912
0.24000         0.66000        0.50000        0.41506
0.25000         0.66000        0.50000        0.42091
0.26000         0.66000        0.50000        0.42667
0.27000         0.66000        0.50000        0.43235
0.28000         0.66000        0.50000        0.43796
0.29000         0.66000        0.50000        0.44350
0.30000         0.66000        0.50000        0.44897
0.31000         0.66000        0.50000        0.45439
0.32000         0.66000        0.50000        0.45976
0.33000         0.66000        0.50000        0.46507
0.34000         0.66000        0.50000        0.47034
0.35000         0.66000        0.50000        0.47557
0.36000         0.66000        0.50000        0.48077
0.37000         0.66000        0.50000        0.48594
0.38000         0.66000        0.50000        0.49107
0.39000         0.66000        0.50000        0.49618
0.40000         0.66000        0.50000        0.50128
0.41000         0.66000        0.50000        0.50635
0.42000         0.66000        0.50000        0.51142
0.43000         0.66000        0.50000        0.51647
0.44000         0.66000        0.50000        0.52153
0.45000         0.66000        0.50000        0.52660
0.46000         0.66000        0.50000        0.53168
0.47000         0.66000        0.50000        0.53683
0.48000         0.66000        0.50000        0.54224
0.49000         0.66000        0.50000        0.54816
0.50000         0.66000        0.50000        0.55190
0.51000         0.66000        0.50000        0.54816
0.52000         0.66000        0.50000        0.54224
0.53000         0.66000        0.50000        0.53683
0.54000         0.66000        0.50000        0.53168
0.55000         0.66000        0.50000        0.52660
0.56000         0.66000        0.50000        0.52153
0.57000         0.66000        0.50000        0.51647
0.58000         0.66000        0.50000        0.51142
0.59000         0.66000        0.50000        0.50635
0.60000         0.66000        0.50000        0.50128
0.61000         0.66000        0.50000        0.49618
0.62000         0.66000        0.50000        0.49107
0.63000         0.66000        0.50000        0.48594
0.64000         0.66000        0.50000        0.48077
0.65000         0.66000        0.50000        0.47557
0.66000         0.66000        0.50000        0.47034
0.67000         0.66000        0.50000        0.46507
0.68000         0.66000        0.50000        0.45976
0.69000         0.66000        0.50000        0.45439
0.70000         0.66000        0.50000        0.44897
0.71000         0.66000        0.50000        0.44350
0.72000         0.66000        0.50000        0.43796
0.73000         0.66000        0.50000        0.43235
0.74000         0.66000        0.50000        0.42667
0.75000         0.66000        0.50000        0.42091
0.76000         0.66000        0.50000        0.41506
0.77000         0.66000        0.50000        0.40912
0.78000         0.66000        0.50000        0.40307
0.79000         0.66000        0.50000        0.39690
0.80000         0.66000        0.50000        0.39061
0.81000         0.66000        0.50000        0.38418
0.82000         0.66000        0.50000        0.37759
0.83000         0.66000        0.50000        0.37083
0.84000         0.66000        0.50000        0.36388
0.85000         0.66000        0.50000        0.35671
0.86000         0.66000        0.50000        0.34928
0.87000         0.66000        0.50000        0.34154
0.88000         0.66000        0.50000        0.33345
0.89000         0.66000        0.50000        0.32489
0.90000         0.66000        0.50000        0.31576
0.91000         0.66000        0.50000        0.30583
0.92000         0.66000        0.50000        0.29478
0.93000         0.66000        0.50000        0.28208
0.94000         0.66000        0.50000        0.26683
0.95000         0.66000        0.50000        0.24758
0.96000         0.66000        0.50000        0.22207
0.97000         0.66000        0.50000        0.18699
0.98000         0.66000        0.50000        0.13862
0.99000         0.66000        0.50000        0.075054
1.0000          0.66000        0.50000        -3.5507E-18
0.0000          0.67000        0.50000        -7.2600E-18
0.010000        0.67000        0.50000        0.082800
0.020000        0.67000        0.50000        0.15174
0.030000        0.67000        0.50000        0.20281
0.040000        0.67000        0.50000        0.23881
0.050000        0.67000        0.50000        0.26435
0.060000        0.67000        0.50000        0.28329
0.070000        0.67000        0.50000        0.29816
0.080000        0.67000        0.50000        0.31049
0.090000        0.67000        0.50000        0.32122
0.10000         0.67000        0.50000        0.33089
0.11000         0.67000        0.50000        0.33981
0.12000         0.67000        0.50000        0.34818
0.13000         0.67000        0.50000        0.35612
0.14000         0.67000        0.50000        0.36372
0.15000         0.67000        0.50000        0.37103
0.16000         0.67000        0.50000        0.37810
0.17000         0.67000        0.50000        0.38496
0.18000         0.67000        0.50000        0.39164
0.19000         0.67000        0.50000        0.39815
0.20000         0.67000        0.50000        0.40452
0.21000         0.67000        0.50000        0.41075
0.22000         0.67000        0.50000        0.41686
0.23000         0.67000        0.50000        0.42286
0.24000         0.67000        0.50000        0.42876
0.25000         0.67000        0.50000        0.43457
0.26000         0.67000        0.50000        0.44030
0.27000         0.67000        0.50000        0.44594
0.28000         0.67000        0.50000        0.45152
0.29000         0.67000        0.50000        0.45703
0.30000         0.67000        0.50000        0.46248
0.31000         0.67000        0.50000        0.46787
0.32000         0.67000        0.50000        0.47322
0.33000         0.67000        0.50000        0.47851
0.34000         0.67000        0.50000        0.48377
0.35000         0.67000        0.50000        0.48899
0.36000         0.67000        0.50000        0.49417
0.37000         0.67000        0.50000        0.49933
0.38000         0.67000        0.50000        0.50445
0.39000         0.67000        0.50000        0.50956
0.40000         0.67000        0.50000        0.51465
0.41000         0.67000        0.50000        0.51972
0.42000         0.67000        0.50000        0.52479
0.43000         0.67000        0.50000        0.52984
0.44000         0.67000        0.50000        0.53490
0.45000         0.67000        0.50000        0.53997
0.46000         0.67000        0.50000        0.54505
0.47000         0.67000        0.50000        0.55020
0.48000         0.67000        0.50000        0.55562
0.49000         0.67000        0.50000        0.56154
0.50000         0.67000        0.50000        0.56514
0.51000         0.67000        0.50000        0.56154
0.52000         0.67000        0.50000        0.55562
0.53000         0.67000        0.50000        0.55020
0.54000         0.67000        0.50000        0.54505
0.55000         0.67000        0.50000        0.53997
0.56000         0.67000        0.50000        0.53490
0.57000         0.67000        0.50000        0.52984
0.58000         0.67000        0.50000        0.52479
0.59000         0.67000        0.50000        0.51972
0.60000         0.67000        0.50000        0.51465
0.61000         0.67000        0.50000        0.50956
0.62000         0.67000        0.50000        0.50445
0.63000         0.67000        0.50000        0.49933
0.64000         0.67000        0.50000        0.49417
0.65000         0.67000        0.50000        0.48899
0.66000         0.67000        0.50000        0.48377
0.67000         0.67000        0.50000        0.47851
0.68000         0.67000        0.50000        0.47322
0.69000         0.67000        0.50000        0.46787
0.70000         0.67000        0.50000        0.46248
0.71000         0.67000        0.50000        0.45703
0.72000         0.67000        0.50000        0.45152
0.73000         0.67000        0.50000        0.44594
0.74000         0.67000        0.50000        0.44030
0.75000         0.67000        0.50000        0.43457
0.76000         0.67000        0.50000        0.42876
0.77000         0.67000        0.50000        0.42286
0.78000         0.67000        0.50000        0.41686
0.79000         0.67000        0.50000        0.41075
0.80000         0.67000        0.50000        0.40452
0.81000         0.67000        0.50000        0.39815
0.82000         0.67000        0.50000        0.39164
0.83000         0.67000        0.50000        0.38496
0.84000         0.67000        0.50000        0.37810
0.85000         0.67000        0.50000        0.37103
0.86000         0.67000        0.50000        0.36372
0.87000         0.67000        0.50000        0.35612
0.88000         0.67000        0.50000        0.34818
0.89000         0.67000        0.50000        0.33981
0.90000         0.67000        0.50000        0.33089
0.91000         0.67000        0.50000        0.32122
0.92000         0.67000        0.50000        0.31049
0.93000         0.67000        0.50000        0.29816
0.94000         0.67000        0.50000        0.28329
0.95000         0.67000        0.50000        0.26435
0.96000         0.67000        0.50000        0.23881
0.97000         0.67000        0.50000        0.20281
0.98000         0.67000        0.50000        0.15174
0.99000         0.67000        0.50000        0.082800
1.0000          0.67000        0.50000        -7.2600E-17
0.0000          0.68000        0.50000        2.1634E-21
0.010000        0.68000        0.50000        0.091218
0.020000        0.68000        0.50000        0.16579
0.030000        0.68000        0.50000        0.21949
0.040000        0.68000        0.50000        0.25621
0.050000        0.68000        0.50000        0.28162
0.060000        0.68000        0.50000        0.30015
0.070000        0.68000        0.50000        0.31456
0.080000        0.68000        0.50000        0.32650
0.090000        0.68000        0.50000        0.33689
0.10000         0.68000        0.50000        0.34629
0.11000         0.68000        0.50000        0.35498
0.12000         0.68000        0.50000        0.36316
0.13000         0.68000        0.50000        0.37094
0.14000         0.68000        0.50000        0.37840
0.15000         0.68000        0.50000        0.38559
0.16000         0.68000        0.50000        0.39256
0.17000         0.68000        0.50000        0.39933
0.18000         0.68000        0.50000        0.40592
0.19000         0.68000        0.50000        0.41236
0.20000         0.68000        0.50000        0.41865
0.21000         0.68000        0.50000        0.42482
0.22000         0.68000        0.50000        0.43088
0.23000         0.68000        0.50000        0.43683
0.24000         0.68000        0.50000        0.44269
0.25000         0.68000        0.50000        0.44845
0.26000         0.68000        0.50000        0.45414
0.27000         0.68000        0.50000        0.45975
0.28000         0.68000        0.50000        0.46529
0.29000         0.68000        0.50000        0.47077
0.30000         0.68000        0.50000        0.47619
0.31000         0.68000        0.50000        0.48156
0.32000         0.68000        0.50000        0.48689
0.33000         0.68000        0.50000        0.49216
0.34000         0.68000        0.50000        0.49740
0.35000         0.68000        0.50000        0.50261
0.36000         0.68000        0.50000        0.50778
0.37000         0.68000        0.50000        0.51292
0.38000         0.68000        0.50000        0.51804
0.39000         0.68000        0.50000        0.52314
0.40000         0.68000        0.50000        0.52822
0.41000         0.68000        0.50000        0.53329
0.42000         0.68000        0.50000        0.53836
0.43000         0.68000        0.50000        0.54341
0.44000         0.68000        0.50000        0.54847
0.45000         0.68000        0.50000        0.55353
0.46000         0.68000        0.50000        0.55861
0.47000         0.68000        0.50000        0.56376
0.48000         0.68000        0.50000        0.56919
0.49000         0.68000        0.50000        0.57508
0.50000         0.68000        0.50000        0.57860
0.51000         0.68000        0.50000        0.57508
0.52000         0.68000        0.50000        0.56919
0.53000         0.68000        0.50000        0.56376
0.54000         0.68000        0.50000        0.55861
0.55000         0.68000        0.50000        0.55353
0.56000         0.68000        0.50000        0.54847
0.57000         0.68000        0.50000        0.54341
0.58000         0.68000        0.50000        0.53836
0.59000         0.68000        0.50000        0.53329
0.60000         0.68000        0.50000        0.52822
0.61000         0.68000        0.50000        0.52314
0.62000         0.68000        0.50000        0.51804
0.63000         0.68000        0.50000        0.51292
0.64000         0.68000        0.50000        0.50778
0.65000         0.68000        0.50000        0.50261
0.66000         0.68000        0.50000        0.49740
0.67000         0.68000        0.50000        0.49216
0.68000         0.68000        0.50000        0.48689
0.69000         0.68000        0.50000        0.48156
0.70000         0.68000        0.50000        0.47619
0.71000         0.68000        0.50000        0.47077
0.72000         0.68000        0.50000        0.46529
0.73000         0.68000        0.50000        0.45975
0.74000         0.68000        0.50000        0.45414
0.75000         0.68000        0.50000        0.44845
0.76000         0.68000        0.50000        0.44269
0.77000         0.68000        0.50000        0.43683
0.78000         0.68000        0.50000        0.43088
0.79000         0.68000        0.50000        0.42482
0.80000         0.68000        0.50000        0.41865
0.81000         0.68000        0.50000        0.41236
0.82000         0.68000        0.50000        0.40592
0.83000         0.68000        0.50000        0.39933
0.84000         0.68000        0.50000        0.39256
0.85000         0.68000        0.50000        0.38559
0.86000         0.68000        0.50000        0.37840
0.87000         0.68000        0.50000        0.37094
0.88000         0.68000        0.50000        0.36316
0.89000         0.68000        0.50000        0.35498
0.90000         0.68000        0.50000        0.34629
0.91000         0.68000        0.50000        0.33689
0.92000         0.68000        0.50000        0.32650
0.93000         0.68000        0.50000        0.31456
0.94000         0.68000        0.50000        0.30015
0.95000         0.68000        0.50000        0.28162
0.96000         0.68000        0.50000        0.25621
0.97000         0.68000        0.50000        0.21949
0.98000         0.68000        0.50000        0.16579
0.99000         0.68000        0.50000        0.091218
1.0000          0.68000        0.50000        -6.8630E-19
0.0000          0.69000        0.50000        0.0000
0.010000        0.69000        0.50000        0.10032
0.020000        0.69000        0.50000        0.18075
0.030000        0.69000        0.50000        0.23696
0.040000        0.69000        0.50000        0.27420
0.050000        0.69000        0.50000        0.29931
0.060000        0.69000        0.50000        0.31732
0.070000        0.69000        0.50000        0.33124
0.080000        0.69000        0.50000        0.34275
0.090000        0.69000        0.50000        0.35279
0.10000         0.69000        0.50000        0.36190
0.11000         0.69000        0.50000        0.37037
0.12000         0.69000        0.50000        0.37835
0.13000         0.69000        0.50000        0.38597
0.14000         0.69000        0.50000        0.39329
0.15000         0.69000        0.50000        0.40037
0.16000         0.69000        0.50000        0.40723
0.17000         0.69000        0.50000        0.41390
0.18000         0.69000        0.50000        0.42041
0.19000         0.69000        0.50000        0.42677
0.20000         0.69000        0.50000        0.43300
0.21000         0.69000        0.50000        0.43911
0.22000         0.69000        0.50000        0.44510
0.23000         0.69000        0.50000        0.45100
0.24000         0.69000        0.50000        0.45681
0.25000         0.69000        0.50000        0.46253
0.26000         0.69000        0.50000        0.46818
0.27000         0.69000        0.50000        0.47375
0.28000         0.69000        0.50000        0.47926
0.29000         0.69000        0.50000        0.48471
0.30000         0.69000        0.50000        0.49011
0.31000         0.69000        0.50000        0.49545
0.32000         0.69000        0.50000        0.50075
0.33000         0.69000        0.50000        0.50601
0.34000         0.69000        0.50000        0.51123
0.35000         0.69000        0.50000        0.51642
0.36000         0.69000        0.50000        0.52158
0.37000         0.69000        0.50000        0.52671
0.38000         0.69000        0.50000        0.53182
0.39000         0.69000        0.50000        0.53691
0.40000         0.69000        0.50000        0.54199
0.41000         0.69000        0.50000        0.54706
0.42000         0.69000        0.50000        0.55212
0.43000         0.69000        0.50000        0.55717
0.44000         0.69000        0.50000        0.56223
0.45000         0.69000        0.50000        0.56729
0.46000         0.69000        0.50000        0.57236
0.47000         0.69000        0.50000        0.57751
0.48000         0.69000        0.50000        0.58295
0.49000         0.69000        0.50000        0.58880
0.50000         0.69000        0.50000        0.59229
0.51000         0.69000        0.50000        0.58880
0.52000         0.69000        0.50000        0.58295
0.53000         0.69000        0.50000        0.57751
0.54000         0.69000        0.50000        0.57236
0.55000         0.69000        0.50000        0.56729
0.56000         0.69000        0.50000        0.56223
0.57000         0.69000        0.50000        0.55717
0.58000         0.69000        0.50000        0.55212
0.59000         0.69000        0.50000        0.54706
0.60000         0.69000        0.50000        0.54199
0.61000         0.69000        0.50000        0.53691
0.62000         0.69000        0.50000        0.53182
0.63000         0.69000        0.50000        0.52671
0.64000         0.69000        0.50000        0.52158
0.65000         0.69000        0.50000        0.51642
0.66000         0.69000        0.50000        0.51123
0.67000         0.69000        0.50000        0.50601
0.68000         0.69000        0.50000        0.50075
0.69000         0.69000        0.50000        0.49545
0.70000         0.69000        0.50000        0.49011
0.71000         0.69000        0.50000        0.48471
0.72000         0.69000        0.50000        0.47926
0.73000         0.69000        0.50000        0.47375
0.74000         0.69000        0.50000        0.46818
0.75000         0.69000        0.50000        0.46253
0.76000         0.69000        0.50000        0.45681
0.77000         0.69000        0.50000        0.45100
0.78000         0.69000        0.50000        0.44510
0.79000         0.69000        0.50000        0.43911
0.80000         0.69000        0.50000        0.43300
0.81000         0.69000        0.50000        0.42677
0.82000         0.69000        0.50000        0.42041
0.83000         0.69000        0.50000        0.41390
0.84000         0.69000        0.50000        0.40723
0.85000         0.69000        0.50000        0.40037
0.86000         0.69000        0.50000        0.39329
0.87000         0.69000        0.50000        0.38597
0.88000         0.69000        0.50000        0.37835
0.89000         0.69000        0.50000        0.37037
0.90000         0.69000        0.50000        0.36190
0.91000         0.69000        0.50000        0.35279
0.92000         0.69000        0.50000        0.34275
0.93000         0.69000        0.50000        0.33124
0.94000         0.69000        0.50000        0.31732
0.95000         0.69000        0.50000        0.29931
0.96000         0.69000        0.50000        0.27420
0.97000         0.69000        0.50000        0.23696
0.98000         0.69000        0.50000        0.18075
0.99000         0.69000        0.50000        0.10032
1.0000          0.69000        0.50000        -1.6686E-17
0.0000          0.70000        0.50000        -2.1031E-17
0.010000        0.70000        0.50000        0.11012
0.020000        0.70000        0.50000        0.19660
0.030000        0.70000        0.50000        0.25514
0.040000        0.70000        0.50000        0.29268
0.050000        0.70000        0.50000        0.31733
0.060000        0.70000        0.50000        0.33475
0.070000        0.70000        0.50000        0.34812
0.080000        0.70000        0.50000        0.35919
0.090000        0.70000        0.50000        0.36888
0.10000         0.70000        0.50000        0.37771
0.11000         0.70000        0.50000        0.38595
0.12000         0.70000        0.50000        0.39374
0.13000         0.70000        0.50000        0.40120
0.14000         0.70000        0.50000        0.40838
0.15000         0.70000        0.50000        0.41534
0.16000         0.70000        0.50000        0.42209
0.17000         0.70000        0.50000        0.42867
0.18000         0.70000        0.50000        0.43509
0.19000         0.70000        0.50000        0.44137
0.20000         0.70000        0.50000        0.44753
0.21000         0.70000        0.50000        0.45358
0.22000         0.70000        0.50000        0.45952
0.23000         0.70000        0.50000        0.46536
0.24000         0.70000        0.50000        0.47112
0.25000         0.70000        0.50000        0.47680
0.26000         0.70000        0.50000        0.48240
0.27000         0.70000        0.50000        0.48794
0.28000         0.70000        0.50000        0.49341
0.29000         0.70000        0.50000        0.49883
0.30000         0.70000        0.50000        0.50420
0.31000         0.70000        0.50000        0.50952
0.32000         0.70000        0.50000        0.51480
0.33000         0.70000        0.50000        0.52003
0.34000         0.70000        0.50000        0.52524
0.35000         0.70000        0.50000        0.53041
0.36000         0.70000        0.50000        0.53555
0.37000         0.70000        0.50000        0.54068
0.38000         0.70000        0.50000        0.54578
0.39000         0.70000        0.50000        0.55086
0.40000         0.70000        0.50000        0.55593
0.41000         0.70000        0.50000        0.56100
0.42000         0.70000        0.50000        0.56606
0.43000         0.70000        0.50000        0.57111
0.44000         0.70000        0.50000        0.57616
0.45000         0.70000        0.50000        0.58122
0.46000         0.70000        0.50000        0.58629
0.47000         0.70000        0.50000        0.59145
0.48000         0.70000        0.50000        0.59690
0.49000         0.70000        0.50000        0.60274
0.50000         0.70000        0.50000        0.60615
0.51000         0.70000        0.50000        0.60274
0.52000         0.70000        0.50000        0.59690
0.53000         0.70000        0.50000        0.59145
0.54000         0.70000        0.50000        0.58629
0.55000         0.70000        0.50000        0.58122
0.56000         0.70000        0.50000        0.57616
0.57000         0.70000        0.50000        0.57111
0.58000         0.70000        0.50000        0.56606
0.59000         0.70000        0.50000        0.56100
0.60000         0.70000        0.50000        0.55593
0.61000         0.70000        0.50000        0.55086
0.62000         0.70000        0.50000        0.54578
0.63000         0.70000        0.50000        0.54068
0.64000         0.70000        0.50000        0.53555
0.65000         0.70000        0.50000        0.53041
0.66000         0.70000        0.50000        0.52524
0.67000         0.70000        0.50000        0.52003
0.68000         0.70000        0.50000        0.51480
0.69000         0.70000        0.50000        0.50952
0.70000         0.70000        0.50000        0.50420
0.71000         0.70000        0.50000        0.49883
0.72000         0.70000        0.50000        0.49341
0.73000         0.70000        0.50000        0.48794
0.74000         0.70000        0.50000        0.48240
0.75000         0.70000        0.50000        0.47680
0.76000         0.70000        0.50000        0.47112
0.77000         0.70000        0.50000        0.46536
0.78000         0.70000        0.50000        0.45952
0.79000         0.70000        0.50000        0.45358
0.80000         0.70000        0.50000        0.44753
0.81000         0.70000        0.50000        0.44137
0.82000         0.70000        0.50000        0.43509
0.83000         0.70000        0.50000        0.42867
0.84000         0.70000        0.50000        0.42209
0.85000         0.70000        0.50000        0.41534
0.86000         0.70000        0.50000        0.40838
0.87000         0.70000        0.50000        0.40120
0.88000         0.70000        0.50000        0.39374
0.89000         0.70000        0.50000        0.38595
0.90000         0.70000        0.50000        0.37771
0.91000         0.70000        0.50000        0.36888
0.92000         0.70000        0.50000        0.35919
0.93000         0.70000        0.50000        0.34812
0.94000         0.70000        0.50000        0.33475
0.95000         0.70000        0.50000        0.31733
0.96000         0.70000        0.50000        0.29268
0.97000         0.70000        0.50000        0.25514
0.98000         0.70000        0.50000        0.19660
0.99000         0.70000        0.50000        0.11012
1.0000          0.70000        0.50000        -2.1055E-17
0.0000          0.71000        0.50000        -3.9043E-18
0.010000        0.71000        0.50000        0.12062
0.020000        0.71000        0.50000        0.21328
0.030000        0.71000        0.50000        0.27395
0.040000        0.71000        0.50000        0.31155
0.050000        0.71000        0.50000        0.33561
0.060000        0.71000        0.50000        0.35237
0.070000        0.71000        0.50000        0.36517
0.080000        0.71000        0.50000        0.37578
0.090000        0.71000        0.50000        0.38512
0.10000         0.71000        0.50000        0.39367
0.11000         0.71000        0.50000        0.40168
0.12000         0.71000        0.50000        0.40930
0.13000         0.71000        0.50000        0.41660
0.14000         0.71000        0.50000        0.42364
0.15000         0.71000        0.50000        0.43048
0.16000         0.71000        0.50000        0.43712
0.17000         0.71000        0.50000        0.44361
0.18000         0.71000        0.50000        0.44994
0.19000         0.71000        0.50000        0.45615
0.20000         0.71000        0.50000        0.46224
0.21000         0.71000        0.50000        0.46822
0.22000         0.71000        0.50000        0.47410
0.23000         0.71000        0.50000        0.47989
0.24000         0.71000        0.50000        0.48560
0.25000         0.71000        0.50000        0.49123
0.26000         0.71000        0.50000        0.49679
0.27000         0.71000        0.50000        0.50229
0.28000         0.71000        0.50000        0.50773
0.29000         0.71000        0.50000        0.51312
0.30000         0.71000        0.50000        0.51846
0.31000         0.71000        0.50000        0.52375
0.32000         0.71000        0.50000        0.52901
0.33000         0.71000        0.50000        0.53423
0.34000         0.71000        0.50000        0.53941
0.35000         0.71000        0.50000        0.54457
0.36000         0.71000        0.50000        0.54970
0.37000         0.71000        0.50000        0.55481
0.38000         0.71000        0.50000        0.55990
0.39000         0.71000        0.50000        0.56498
0.40000         0.71000        0.50000        0.57005
0.41000         0.71000        0.50000        0.57511
0.42000         0.71000        0.50000        0.58016
0.43000         0.71000        0.50000        0.58522
0.44000         0.71000        0.50000        0.59027
0.45000         0.71000        0.50000        0.59532
0.46000         0.71000        0.50000        0.60040
0.47000         0.71000        0.50000        0.60557
0.48000         0.71000        0.50000        0.61104
0.49000         0.71000        0.50000        0.61687
0.50000         0.71000        0.50000        0.62026
0.51000         0.71000        0.50000        0.61687
0.52000         0.71000        0.50000        0.61104
0.53000         0.71000        0.50000        0.60557
0.54000         0.71000        0.50000        0.60040
0.55000         0.71000        0.50000        0.59532
0.56000         0.71000        0.50000        0.59027
0.57000         0.71000        0.50000        0.58522
0.58000         0.71000        0.50000        0.58016
0.59000         0.71000        0.50000        0.57511
0.60000         0.71000        0.50000        0.57005
0.61000         0.71000        0.50000        0.56498
0.62000         0.71000        0.50000        0.55990
0.63000         0.71000        0.50000        0.55481
0.64000         0.71000        0.50000        0.54970
0.65000         0.71000        0.50000        0.54457
0.66000         0.71000        0.50000        0.53941
0.67000         0.71000        0.50000        0.53423
0.68000         0.71000        0.50000        0.52901
0.69000         0.71000        0.50000        0.52375
0.70000         0.71000        0.50000        0.51846
0.71000         0.71000        0.50000        0.51312
0.72000         0.71000        0.50000        0.50773
0.73000         0.71000        0.50000        0.50229
0.74000         0.71000        0.50000        0.49679
0.75000         0.71000        0.50000        0.49123
0.76000         0.71000        0.50000        0.48560
0.77000         0.71000        0.50000        0.47989
0.78000         0.71000        0.50000        0.47410
0.79000         0.71000        0.50000        0.46822
0.80000         0.71000        0.50000        0.46224
0.81000         0.71000        0.50000        0.45615
0.82000         0.71000        0.50000        0.44994
0.83000         0.71000        0.50000        0.44361
0.84000         0.71000        0.50000        0.43712
0.85000         0.71000        0.50000        0.43048
0.86000         0.71000        0.50000        0.42364
0.87000         0.71000        0.50000        0.41660
0.88000         0.71000        0.50000        0.40930
0.89000         0.71000        0.50000        0.40168
0.90000         0.71000        0.50000        0.39367
0.91000         0.71000        0.50000        0.38512
0.92000         0.71000        0.50000        0.37578
0.93000         0.71000        0.50000        0.36517
0.94000         0.71000        0.50000        0.35237
0.95000         0.71000        0.50000        0.33561
0.96000         0.71000        0.50000        0.31155
0.97000         0.71000        0.50000        0.27395
0.98000         0.71000        0.50000        0.21328
0.99000         0.71000        0.50000        0.12062
1.0000          0.71000        0.50000        -2.3072E-17
0.0000          0.72000        0.50000        2.5213E-17
0.010000        0.72000        0.50000        0.13181
0.020000        0.72000        0.50000        0.23074
0.030000        0.72000        0.50000        0.29330
0.040000        0.72000        0.50000        0.33074
0.050000        0.72000        0.50000        0.35407
0.060000        0.72000        0.50000        0.37010
0.070000        0.72000        0.50000        0.38232
0.080000        0.72000        0.50000        0.39248
0.090000        0.72000        0.50000        0.40148
0.10000         0.72000        0.50000        0.40976
0.11000         0.72000        0.50000        0.41756
0.12000         0.72000        0.50000        0.42499
0.13000         0.72000        0.50000        0.43213
0.14000         0.72000        0.50000        0.43905
0.15000         0.72000        0.50000        0.44576
0.16000         0.72000        0.50000        0.45230
0.17000         0.72000        0.50000        0.45869
0.18000         0.72000        0.50000        0.46494
0.19000         0.72000        0.50000        0.47107
0.20000         0.72000        0.50000        0.47709
0.21000         0.72000        0.50000        0.48301
0.22000         0.72000        0.50000        0.48883
0.23000         0.72000        0.50000        0.49457
0.24000         0.72000        0.50000        0.50023
0.25000         0.72000        0.50000        0.50582
0.26000         0.72000        0.50000        0.51134
0.27000         0.72000        0.50000        0.51680
0.28000         0.72000        0.50000        0.52221
0.29000         0.72000        0.50000        0.52756
0.30000         0.72000        0.50000        0.53287
0.31000         0.72000        0.50000        0.53814
0.32000         0.72000        0.50000        0.54337
0.33000         0.72000        0.50000        0.54857
0.34000         0.72000        0.50000        0.55374
0.35000         0.72000        0.50000        0.55888
0.36000         0.72000        0.50000        0.56400
0.37000         0.72000        0.50000        0.56910
0.38000         0.72000        0.50000        0.57418
0.39000         0.72000        0.50000        0.57926
0.40000         0.72000        0.50000        0.58432
0.41000         0.72000        0.50000        0.58938
0.42000         0.72000        0.50000        0.59443
0.43000         0.72000        0.50000        0.59948
0.44000         0.72000        0.50000        0.60454
0.45000         0.72000        0.50000        0.60960
0.46000         0.72000        0.50000        0.61468
0.47000         0.72000        0.50000        0.61988
0.48000         0.72000        0.50000        0.62538
0.49000         0.72000        0.50000        0.63125
0.50000         0.72000        0.50000        0.63461
0.51000         0.72000        0.50000        0.63125
0.52000         0.72000        0.50000        0.62538
0.53000         0.72000        0.50000        0.61988
0.54000         0.72000        0.50000        0.61468
0.55000         0.72000        0.50000        0.60960
0.56000         0.72000        0.50000        0.60454
0.57000         0.72000        0.50000        0.59948
0.58000         0.72000        0.50000        0.59443
0.59000         0.72000        0.50000        0.58938
0.60000         0.72000        0.50000        0.58432
0.61000         0.72000        0.50000        0.57926
0.62000         0.72000        0.50000        0.57418
0.63000         0.72000        0.50000        0.56910
0.64000         0.72000        0.50000        0.56400
0.65000         0.72000        0.50000        0.55888
0.66000         0.72000        0.50000        0.55374
0.67000         0.72000        0.50000        0.54857
0.68000         0.72000        0.50000        0.54337
0.69000         0.72000        0.50000        0.53814
0.70000         0.72000        0.50000        0.53287
0.71000         0.72000        0.50000        0.52756
0.72000         0.72000        0.50000        0.52221
0.73000         0.72000        0.50000        0.51680
0.74000         0.72000        0.50000        0.51134
0.75000         0.72000        0.50000        0.50582
0.76000         0.72000        0.50000        0.50023
0.77000         0.72000        0.50000        0.49457
0.78000         0.72000        0.50000        0.48883
0.79000         0.72000        0.50000        0.48301
0.80000         0.72000        0.50000        0.47709
0.81000         0.72000        0.50000        0.47107
0.82000         0.72000        0.50000        0.46494
0.83000         0.72000        0.50000        0.45869
0.84000         0.72000        0.50000        0.45230
0.85000         0.72000        0.50000        0.44576
0.86000         0.72000        0.50000        0.43905
0.87000         0.72000        0.50000        0.43213
0.88000         0.72000        0.50000        0.42499
0.89000         0.72000        0.50000        0.41756
0.90000         0.72000        0.50000        0.40976
0.91000         0.72000        0.50000        0.40148
0.92000         0.72000        0.50000        0.39248
0.93000         0.72000        0.50000        0.38232
0.94000         0.72000        0.50000        0.37010
0.95000         0.72000        0.50000        0.35407
0.96000         0.72000        0.50000        0.33074
0.97000         0.72000        0.50000        0.29330
0.98000         0.72000        0.50000        0.23074
0.99000         0.72000        0.50000        0.13181
1.0000          0.72000        0.50000        -1.9095E-17
0.0000          0.73000        0.50000        -2.7933E-17
0.010000        0.73000        0.50000        0.14367
0.020000        0.73000        0.50000        0.24892
0.030000        0.73000        0.50000        0.31308
0.040000        0.73000        0.50000        0.35013
0.050000        0.73000        0.50000        0.37263
0.060000        0.73000        0.50000        0.38791
0.070000        0.73000        0.50000        0.39953
0.080000        0.73000        0.50000        0.40926
0.090000        0.73000        0.50000        0.41793
0.10000         0.73000        0.50000        0.42595
0.11000         0.73000        0.50000        0.43353
0.12000         0.73000        0.50000        0.44079
0.13000         0.73000        0.50000        0.44779
0.14000         0.73000        0.50000        0.45457
0.15000         0.73000        0.50000        0.46117
0.16000         0.73000        0.50000        0.46761
0.17000         0.73000        0.50000        0.47391
0.18000         0.73000        0.50000        0.48008
0.19000         0.73000        0.50000        0.48613
0.20000         0.73000        0.50000        0.49208
0.21000         0.73000        0.50000        0.49793
0.22000         0.73000        0.50000        0.50370
0.23000         0.73000        0.50000        0.50938
0.24000         0.73000        0.50000        0.51499
0.25000         0.73000        0.50000        0.52054
0.26000         0.73000        0.50000        0.52602
0.27000         0.73000        0.50000        0.53144
0.28000         0.73000        0.50000        0.53681
0.29000         0.73000        0.50000        0.54214
0.30000         0.73000        0.50000        0.54742
0.31000         0.73000        0.50000        0.55267
0.32000         0.73000        0.50000        0.55788
0.33000         0.73000        0.50000        0.56305
0.34000         0.73000        0.50000        0.56820
0.35000         0.73000        0.50000        0.57333
0.36000         0.73000        0.50000        0.57844
0.37000         0.73000        0.50000        0.58353
0.38000         0.73000        0.50000        0.58861
0.39000         0.73000        0.50000        0.59367
0.40000         0.73000        0.50000        0.59873
0.41000         0.73000        0.50000        0.60379
0.42000         0.73000        0.50000        0.60885
0.43000         0.73000        0.50000        0.61390
0.44000         0.73000        0.50000        0.61896
0.45000         0.73000        0.50000        0.62403
0.46000         0.73000        0.50000        0.62914
0.47000         0.73000        0.50000        0.63437
0.48000         0.73000        0.50000        0.63994
0.49000         0.73000        0.50000        0.64588
0.50000         0.73000        0.50000        0.64925
0.51000         0.73000        0.50000        0.64588
0.52000         0.73000        0.50000        0.63994
0.53000         0.73000        0.50000        0.63437
0.54000         0.73000        0.50000        0.62914
0.55000         0.73000        0.50000        0.62403
0.56000         0.73000        0.50000        0.61896
0.57000         0.73000        0.50000        0.61390
0.58000         0.73000        0.50000        0.60885
0.59000         0.73000        0.50000        0.60379
0.60000         0.73000        0.50000        0.59873
0.61000         0.73000        0.50000        0.59367
0.62000         0.73000        0.50000        0.58861
0.63000         0.73000        0.50000        0.58353
0.64000         0.73000        0.50000        0.57844
0.65000         0.73000        0.50000        0.57333
0.66000         0.73000        0.50000        0.56820
0.67000         0.73000        0.50000        0.56305
0.68000         0.73000        0.50000        0.55788
0.69000         0.73000        0.50000        0.55267
0.70000         0.73000        0.50000        0.54742
0.71000         0.73000        0.50000        0.54214
0.72000         0.73000        0.50000        0.53681
0.73000         0.73000        0.50000        0.53144
0.74000         0.73000        0.50000        0.52602
0.75000         0.73000        0.50000        0.52054
0.76000         0.73000        0.50000        0.51499
0.77000         0.73000        0.50000        0.50938
0.78000         0.73000        0.50000        0.50370
0.79000         0.73000        0.50000        0.49793
0.80000         0.73000        0.50000        0.49208
0.81000         0.73000        0.50000        0.48613
0.82000         0.73000        0.50000        0.48008
0.83000         0.73000        0.50000        0.47391
0.84000         0.73000        0.50000        0.46761
0.85000         0.73000        0.50000        0.46117
0.86000         0.73000        0.50000        0.45457
0.87000         0.73000        0.50000        0.44779
0.88000         0.73000        0.50000        0.44079
0.89000         0.73000        0.50000        0.43353
0.90000         0.73000        0.50000        0.42595
0.91000         0.73000        0.50000        0.41793
0.92000         0.73000        0.50000        0.40926
0.93000         0.73000        0.50000        0.39953
0.94000         0.73000        0.50000        0.38791
0.95000         0.73000        0.50000        0.37263
0.96000         0.73000        0.50000        0.35013
0.97000         0.73000        0.50000        0.31308
0.98000         0.73000        0.50000        0.24892
0.99000         0.73000        0.50000        0.14367
1.0000          0.73000        0.50000        -2.4453E-17
0.0000          0.74000        0.50000        6.1841E-18
0.010000        0.74000        0.50000        0.15619
0.020000        0.74000        0.50000        0.26772
0.030000        0.74000        0.50000        0.33320
0.040000        0.74000        0.50000        0.36965
0.050000        0.74000        0.50000        0.39122
0.060000        0.74000        0.50000        0.40573
0.070000        0.74000        0.50000        0.41678
0.080000        0.74000        0.50000        0.42608
0.090000        0.74000        0.50000        0.43444
0.10000         0.74000        0.50000        0.44221
0.11000         0.74000        0.50000        0.44959
0.12000         0.74000        0.50000        0.45668
0.13000         0.74000        0.50000        0.46354
0.14000         0.74000        0.50000        0.47019
0.15000         0.74000        0.50000        0.47668
0.16000         0.74000        0.50000        0.48302
0.17000         0.74000        0.50000        0.48923
0.18000         0.74000        0.50000        0.49532
0.19000         0.74000        0.50000        0.50130
0.20000         0.74000        0.50000        0.50718
0.21000         0.74000        0.50000        0.51297
0.22000         0.74000        0.50000        0.51868
0.23000         0.74000        0.50000        0.52431
0.24000         0.74000        0.50000        0.52987
0.25000         0.74000        0.50000        0.53537
0.26000         0.74000        0.50000        0.54081
0.27000         0.74000        0.50000        0.54620
0.28000         0.74000        0.50000        0.55154
0.29000         0.74000        0.50000        0.55684
0.30000         0.74000        0.50000        0.56209
0.31000         0.74000        0.50000        0.56731
0.32000         0.74000        0.50000        0.57250
0.33000         0.74000        0.50000        0.57766
0.34000         0.74000        0.50000        0.58279
0.35000         0.74000        0.50000        0.58791
0.36000         0.74000        0.50000        0.59300
0.37000         0.74000        0.50000        0.59809
0.38000         0.74000        0.50000        0.60316
0.39000         0.74000        0.50000        0.60822
0.40000         0.74000        0.50000        0.61328
0.41000         0.74000        0.50000        0.61834
0.42000         0.74000        0.50000        0.62340
0.43000         0.74000        0.50000        0.62847
0.44000         0.74000        0.50000        0.63354
0.45000         0.74000        0.50000        0.63863
0.46000         0.74000        0.50000        0.64377
0.47000         0.74000        0.50000        0.64906
0.48000         0.74000        0.50000        0.65472
0.49000         0.74000        0.50000        0.66077
0.50000         0.74000        0.50000        0.66422
0.51000         0.74000        0.50000        0.66077
0.52000         0.74000        0.50000        0.65472
0.53000         0.74000        0.50000        0.64906
0.54000         0.74000        0.50000        0.64377
0.55000         0.74000        0.50000        0.63863
0.56000         0.74000        0.50000        0.63354
0.57000         0.74000        0.50000        0.62847
0.58000         0.74000        0.50000        0.62340
0.59000         0.74000        0.50000        0.61834
0.60000         0.74000        0.50000        0.61328
0.61000         0.74000        0.50000        0.60822
0.62000         0.74000        0.50000        0.60316
0.63000         0.74000        0.50000        0.59809
0.64000         0.74000        0.50000        0.59300
0.65000         0.74000        0.50000        0.58791
0.66000         0.74000        0.50000        0.58279
0.67000         0.74000        0.50000        0.57766
0.68000         0.74000        0.50000        0.57250
0.69000         0.74000        0.50000        0.56731
0.70000         0.74000        0.50000        0.56209
0.71000         0.74000        0.50000        0.55684
0.72000         0.74000        0.50000        0.55154
0.73000         0.74000        0.50000        0.54620
0.74000         0.74000        0.50000        0.54081
0.75000         0.74000        0.50000        0.53537
0.76000         0.74000        0.50000        0.52987
0.77000         0.74000        0.50000        0.52431
0.78000         0.74000        0.50000        0.51868
0.79000         0.74000        0.50000        0.51297
0.80000         0.74000        0.50000        0.50718
0.81000         0.74000        0.50000        0.50130
0.82000         0.74000        0.50000        0.49532
0.83000         0.74000        0.50000        0.48923
0.84000         0.74000        0.50000        0.48302
0.85000         0.74000        0.50000        0.47668
0.86000         0.74000        0.50000        0.47019
0.87000         0.74000        0.50000        0.46354
0.88000         0.74000        0.50000        0.45668
0.89000         0.74000        0.50000        0.44959
0.90000         0.74000        0.50000        0.44221
0.91000         0.74000        0.50000        0.43444
0.92000         0.74000        0.50000        0.42608
0.93000         0.74000        0.50000        0.41678
0.94000         0.74000        0.50000        0.40573
0.95000         0.74000        0.50000        0.39122
0.96000         0.74000        0.50000        0.36965
0.97000         0.74000        0.50000        0.33320
0.98000         0.74000        0.50000        0.26772
0.99000         0.74000        0.50000        0.15619
1.0000          0.74000        0.50000        0.0000
0.0000          0.75000        0.50000        0.0000
0.010000        0.75000        0.50000        0.16934
0.020000        0.75000        0.50000        0.28708
0.030000        0.75000        0.50000        0.35356
0.040000        0.75000        0.50000        0.38920
0.050000        0.75000        0.50000        0.40979
0.060000        0.75000        0.50000        0.42352
0.070000        0.75000        0.50000        0.43401
0.080000        0.75000        0.50000        0.44292
0.090000        0.75000        0.50000        0.45097
0.10000         0.75000        0.50000        0.45852
0.11000         0.75000        0.50000        0.46571
0.12000         0.75000        0.50000        0.47264
0.13000         0.75000        0.50000        0.47936
0.14000         0.75000        0.50000        0.48590
0.15000         0.75000        0.50000        0.49228
0.16000         0.75000        0.50000        0.49852
0.17000         0.75000        0.50000        0.50464
0.18000         0.75000        0.50000        0.51065
0.19000         0.75000        0.50000        0.51656
0.20000         0.75000        0.50000        0.52237
0.21000         0.75000        0.50000        0.52810
0.22000         0.75000        0.50000        0.53376
0.23000         0.75000        0.50000        0.53934
0.24000         0.75000        0.50000        0.54485
0.25000         0.75000        0.50000        0.55031
0.26000         0.75000        0.50000        0.55571
0.27000         0.75000        0.50000        0.56107
0.28000         0.75000        0.50000        0.56637
0.29000         0.75000        0.50000        0.57164
0.30000         0.75000        0.50000        0.57687
0.31000         0.75000        0.50000        0.58207
0.32000         0.75000        0.50000        0.58723
0.33000         0.75000        0.50000        0.59237
0.34000         0.75000        0.50000        0.59749
0.35000         0.75000        0.50000        0.60260
0.36000         0.75000        0.50000        0.60768
0.37000         0.75000        0.50000        0.61276
0.38000         0.75000        0.50000        0.61783
0.39000         0.75000        0.50000        0.62289
0.40000         0.75000        0.50000        0.62795
0.41000         0.75000        0.50000        0.63302
0.42000         0.75000        0.50000        0.63809
0.43000         0.75000        0.50000        0.64317
0.44000         0.75000        0.50000        0.64826
0.45000         0.75000        0.50000        0.65339
0.46000         0.75000        0.50000        0.65858
0.47000         0.75000        0.50000        0.66394
0.48000         0.75000        0.50000        0.66975
0.49000         0.75000        0.50000        0.67598
0.50000         0.75000        0.50000        0.67948
0.51000         0.75000        0.50000        0.67598
0.52000         0.75000        0.50000        0.66975
0.53000         0.75000        0.50000        0.66394
0.54000         0.75000        0.50000        0.65858
0.55000         0.75000        0.50000        0.65339
0.56000         0.75000        0.50000        0.64826
0.57000         0.75000        0.50000        0.64317
0.58000         0.75000        0.50000        0.63809
0.59000         0.75000        0.50000        0.63302
0.60000         0.75000        0.50000        0.62795
0.61000         0.75000        0.50000        0.62289
0.62000         0.75000        0.50000        0.61783
0.63000         0.75000        0.50000        0.61276
0.64000         0.75000        0.50000        0.60768
0.65000         0.75000        0.50000        0.60260
0.66000         0.75000        0.50000        0.59749
0.67000         0.75000        0.50000        0.59237
0.68000         0.75000        0.50000        0.58723
0.69000         0.75000        0.50000        0.58207
0.70000         0.75000        0.50000        0.57687
0.71000         0.75000        0.50000        0.57164
0.72000         0.75000        0.50000        0.56637
0.73000         0.75000        0.50000        0.56107
0.74000         0.75000        0.50000        0.55571
0.75000         0.75000        0.50000        0.55031
0.76000         0.75000        0.50000        0.54485
0.77000         0.75000        0.50000        0.53934
0.78000         0.75000        0.50000        0.53376
0.79000         0.75000        0.50000        0.52810
0.80000         0.75000        0.50000        0.52237
0.81000         0.75000        0.50000        0.51656
0.82000         0.75000        0.50000        0.51065
0.83000         0.75000        0.50000        0.50464
0.84000         0.75000        0.50000        0.49852
0.85000         0.75000        0.50000        0.49228
0.86000         0.75000        0.50000        0.48590
0.87000         0.75000        0.50000        0.47936
0.88000         0.75000        0.50000        0.47264
0.89000         0.75000        0.50000        0.46571
0.90000         0.75000        0.50000        0.45852
0.91000         0.75000        0.50000        0.45097
0.92000         0.75000        0.50000        0.44292
0.93000         0.75000        0.50000        0.43401
0.94000         0.75000        0.50000        0.42352
0.95000         0.75000        0.50000        0.40979
0.96000         0.75000        0.50000        0.38920
0.97000         0.75000        0.50000        0.35356
0.98000         0.75000        0.50000        0.28708
0.99000         0.75000        0.50000        0.16934
1.0000          0.75000        0.50000        8.3522E-18
0.0000          0.76000        0.50000        0.0000
0.010000        0.76000        0.50000        0.18308
0.020000        0.76000        0.50000        0.30690
0.030000        0.76000        0.50000        0.37405
0.040000        0.76000        0.50000        0.40872
0.050000        0.76000        0.50000        0.42829
0.060000        0.76000        0.50000        0.44124
0.070000        0.76000        0.50000        0.45121
0.080000        0.76000        0.50000        0.45974
0.090000        0.76000        0.50000        0.46752
0.10000         0.76000        0.50000        0.47484
0.11000         0.76000        0.50000        0.48186
0.12000         0.76000        0.50000        0.48864
0.13000         0.76000        0.50000        0.49523
0.14000         0.76000        0.50000        0.50165
0.15000         0.76000        0.50000        0.50793
0.16000         0.76000        0.50000        0.51409
0.17000         0.76000        0.50000        0.52012
0.18000         0.76000        0.50000        0.52605
0.19000         0.76000        0.50000        0.53189
0.20000         0.76000        0.50000        0.53764
0.21000         0.76000        0.50000        0.54331
0.22000         0.76000        0.50000        0.54891
0.23000         0.76000        0.50000        0.55444
0.24000         0.76000        0.50000        0.55992
0.25000         0.76000        0.50000        0.56533
0.26000         0.76000        0.50000        0.57070
0.27000         0.76000        0.50000        0.57601
0.28000         0.76000        0.50000        0.58129
0.29000         0.76000        0.50000        0.58653
0.30000         0.76000        0.50000        0.59173
0.31000         0.76000        0.50000        0.59691
0.32000         0.76000        0.50000        0.60206
0.33000         0.76000        0.50000        0.60718
0.34000         0.76000        0.50000        0.61229
0.35000         0.76000        0.50000        0.61738
0.36000         0.76000        0.50000        0.62246
0.37000         0.76000        0.50000        0.62753
0.38000         0.76000        0.50000        0.63260
0.39000         0.76000        0.50000        0.63767
0.40000         0.76000        0.50000        0.64274
0.41000         0.76000        0.50000        0.64781
0.42000         0.76000        0.50000        0.65290
0.43000         0.76000        0.50000        0.65800
0.44000         0.76000        0.50000        0.66313
0.45000         0.76000        0.50000        0.66830
0.46000         0.76000        0.50000        0.67356
0.47000         0.76000        0.50000        0.67904
0.48000         0.76000        0.50000        0.68503
0.49000         0.76000        0.50000        0.69149
0.50000         0.76000        0.50000        0.69507
0.51000         0.76000        0.50000        0.69149
0.52000         0.76000        0.50000        0.68503
0.53000         0.76000        0.50000        0.67904
0.54000         0.76000        0.50000        0.67356
0.55000         0.76000        0.50000        0.66830
0.56000         0.76000        0.50000        0.66313
0.57000         0.76000        0.50000        0.65800
0.58000         0.76000        0.50000        0.65290
0.59000         0.76000        0.50000        0.64781
0.60000         0.76000        0.50000        0.64274
0.61000         0.76000        0.50000        0.63767
0.62000         0.76000        0.50000        0.63260
0.63000         0.76000        0.50000        0.62753
0.64000         0.76000        0.50000        0.62246
0.65000         0.76000        0.50000        0.61738
0.66000         0.76000        0.50000        0.61229
0.67000         0.76000        0.50000        0.60718
0.68000         0.76000        0.50000        0.60206
0.69000         0.76000        0.50000        0.59691
0.70000         0.76000        0.50000        0.59173
0.71000         0.76000        0.50000        0.58653
0.72000         0.76000        0.50000        0.58129
0.73000         0.76000        0.50000        0.57601
0.74000         0.76000        0.50000        0.57070
0.75000         0.76000        0.50000        0.56533
0.76000         0.76000        0.50000        0.55992
0.77000         0.76000        0.50000        0.55444
0.78000         0.76000        0.50000        0.54891
0.79000         0.76000        0.50000        0.54331
0.80000         0.76000        0.50000        0.53764
0.81000         0.76000        0.50000        0.53189
0.82000         0.76000        0.50000        0.52605
0.83000         0.76000        0.50000        0.52012
0.84000         0.76000        0.50000        0.51409
0.85000         0.76000        0.50000        0.50793
0.86000         0.76000        0.50000        0.50165
0.87000         0.76000        0.50000        0.49523
0.88000         0.76000        0.50000        0.48864
0.89000         0.76000        0.50000        0.48186
0.90000         0.76000        0.50000        0.47484
0.91000         0.76000        0.50000        0.46752
0.92000         0.76000        0.50000        0.45974
0.93000         0.76000        0.50000        0.45121
0.94000         0.76000        0.50000        0.44124
0.95000         0.76000        0.50000        0.42829
0.96000         0.76000        0.50000        0.40872
0.97000         0.76000        0.50000        0.37405
0.98000         0.76000        0.50000        0.30690
0.99000         0.76000        0.50000        0.18308
1.0000          0.76000        0.50000        -3.1808E-17
0.0000          0.77000        0.50000        4.7045E-17
0.010000        0.77000        0.50000        0.19739
0.020000        0.77000        0.50000        0.32709
0.030000        0.77000        0.50000        0.39459
0.040000        0.77000        0.50000        0.42814
0.050000        0.77000        0.50000        0.44666
0.060000        0.77000        0.50000        0.45887
0.070000        0.77000        0.50000        0.46834
0.080000        0.77000        0.50000        0.47652
0.090000        0.77000        0.50000        0.48404
0.10000         0.77000        0.50000        0.49117
0.11000         0.77000        0.50000        0.49802
0.12000         0.77000        0.50000        0.50467
0.13000         0.77000        0.50000        0.51113
0.14000         0.77000        0.50000        0.51745
0.15000         0.77000        0.50000        0.52363
0.16000         0.77000        0.50000        0.52969
0.17000         0.77000        0.50000        0.53565
0.18000         0.77000        0.50000        0.54151
0.19000         0.77000        0.50000        0.54728
0.20000         0.77000        0.50000        0.55297
0.21000         0.77000        0.50000        0.55858
0.22000         0.77000        0.50000        0.56413
0.23000         0.77000        0.50000        0.56961
0.24000         0.77000        0.50000        0.57504
0.25000         0.77000        0.50000        0.58042
0.26000         0.77000        0.50000        0.58574
0.27000         0.77000        0.50000        0.59103
0.28000         0.77000        0.50000        0.59628
0.29000         0.77000        0.50000        0.60149
0.30000         0.77000        0.50000        0.60667
0.31000         0.77000        0.50000        0.61182
0.32000         0.77000        0.50000        0.61696
0.33000         0.77000        0.50000        0.62207
0.34000         0.77000        0.50000        0.62716
0.35000         0.77000        0.50000        0.63225
0.36000         0.77000        0.50000        0.63732
0.37000         0.77000        0.50000        0.64239
0.38000         0.77000        0.50000        0.64746
0.39000         0.77000        0.50000        0.65254
0.40000         0.77000        0.50000        0.65762
0.41000         0.77000        0.50000        0.66271
0.42000         0.77000        0.50000        0.66782
0.43000         0.77000        0.50000        0.67296
0.44000         0.77000        0.50000        0.67813
0.45000         0.77000        0.50000        0.68337
0.46000         0.77000        0.50000        0.68873
0.47000         0.77000        0.50000        0.69436
0.48000         0.77000        0.50000        0.70058
0.49000         0.77000        0.50000        0.70729
0.50000         0.77000        0.50000        0.71095
0.51000         0.77000        0.50000        0.70729
0.52000         0.77000        0.50000        0.70058
0.53000         0.77000        0.50000        0.69436
0.54000         0.77000        0.50000        0.68873
0.55000         0.77000        0.50000        0.68337
0.56000         0.77000        0.50000        0.67813
0.57000         0.77000        0.50000        0.67296
0.58000         0.77000        0.50000        0.66782
0.59000         0.77000        0.50000        0.66271
0.60000         0.77000        0.50000        0.65762
0.61000         0.77000        0.50000        0.65254
0.62000         0.77000        0.50000        0.64746
0.63000         0.77000        0.50000        0.64239
0.64000         0.77000        0.50000        0.63732
0.65000         0.77000        0.50000        0.63225
0.66000         0.77000        0.50000        0.62716
0.67000         0.77000        0.50000        0.62207
0.68000         0.77000        0.50000        0.61696
0.69000         0.77000        0.50000        0.61182
0.70000         0.77000        0.50000        0.60667
0.71000         0.77000        0.50000        0.60149
0.72000         0.77000        0.50000        0.59628
0.73000         0.77000        0.50000        0.59103
0.74000         0.77000        0.50000        0.58574
0.75000         0.77000        0.50000        0.58042
0.76000         0.77000        0.50000        0.57504
0.77000         0.77000        0.50000        0.56961
0.78000         0.77000        0.50000        0.56413
0.79000         0.77000        0.50000        0.55858
0.80000         0.77000        0.50000        0.55297
0.81000         0.77000        0.50000        0.54728
0.82000         0.77000        0.50000        0.54151
0.83000         0.77000        0.50000        0.53565
0.84000         0.77000        0.50000        0.52969
0.85000         0.77000        0.50000        0.52363
0.86000         0.77000        0.50000        0.51745
0.87000         0.77000        0.50000        0.51113
0.88000         0.77000        0.50000        0.50467
0.89000         0.77000        0.50000        0.49802
0.90000         0.77000        0.50000        0.49117
0.91000         0.77000        0.50000        0.48404
0.92000         0.77000        0.50000        0.47652
0.93000         0.77000        0.50000        0.46834
0.94000         0.77000        0.50000        0.45887
0.95000         0.77000        0.50000        0.44666
0.96000         0.77000        0.50000        0.42814
0.97000         0.77000        0.50000        0.39459
0.98000         0.77000        0.50000        0.32709
0.99000         0.77000        0.50000        0.19739
1.0000          0.77000        0.50000        -3.9264E-17
0.0000          0.78000        0.50000        3.4856E-17
0.010000        0.78000        0.50000        0.21223
0.020000        0.78000        0.50000        0.34757
0.030000        0.78000        0.50000        0.41509
0.040000        0.78000        0.50000        0.44741
0.050000        0.78000        0.50000        0.46487
0.060000        0.78000        0.50000        0.47638
0.070000        0.78000        0.50000        0.48538
0.080000        0.78000        0.50000        0.49325
0.090000        0.78000        0.50000        0.50054
0.10000         0.78000        0.50000        0.50748
0.11000         0.78000        0.50000        0.51418
0.12000         0.78000        0.50000        0.52069
0.13000         0.78000        0.50000        0.52704
0.14000         0.78000        0.50000        0.53325
0.15000         0.78000        0.50000        0.53934
0.16000         0.78000        0.50000        0.54532
0.17000         0.78000        0.50000        0.55120
0.18000         0.78000        0.50000        0.55699
0.19000         0.78000        0.50000        0.56269
0.20000         0.78000        0.50000        0.56832
0.21000         0.78000        0.50000        0.57388
0.22000         0.78000        0.50000        0.57938
0.23000         0.78000        0.50000        0.58482
0.24000         0.78000        0.50000        0.59021
0.25000         0.78000        0.50000        0.59554
0.26000         0.78000        0.50000        0.60084
0.27000         0.78000        0.50000        0.60609
0.28000         0.78000        0.50000        0.61131
0.29000         0.78000        0.50000        0.61650
0.30000         0.78000        0.50000        0.62166
0.31000         0.78000        0.50000        0.62680
0.32000         0.78000        0.50000        0.63191
0.33000         0.78000        0.50000        0.63701
0.34000         0.78000        0.50000        0.64210
0.35000         0.78000        0.50000        0.64718
0.36000         0.78000        0.50000        0.65225
0.37000         0.78000        0.50000        0.65733
0.38000         0.78000        0.50000        0.66241
0.39000         0.78000        0.50000        0.66749
0.40000         0.78000        0.50000        0.67259
0.41000         0.78000        0.50000        0.67771
0.42000         0.78000        0.50000        0.68285
0.43000         0.78000        0.50000        0.68803
0.44000         0.78000        0.50000        0.69327
0.45000         0.78000        0.50000        0.69859
0.46000         0.78000        0.50000        0.70407
0.47000         0.78000        0.50000        0.70989
0.48000         0.78000        0.50000        0.71639
0.49000         0.78000        0.50000        0.72337
0.50000         0.78000        0.50000        0.72709
0.51000         0.78000        0.50000        0.72337
0.52000         0.78000        0.50000        0.71639
0.53000         0.78000        0.50000        0.70989
0.54000         0.78000        0.50000        0.70407
0.55000         0.78000        0.50000        0.69859
0.56000         0.78000        0.50000        0.69327
0.57000         0.78000        0.50000        0.68803
0.58000         0.78000        0.50000        0.68285
0.59000         0.78000        0.50000        0.67771
0.60000         0.78000        0.50000        0.67259
0.61000         0.78000        0.50000        0.66749
0.62000         0.78000        0.50000        0.66241
0.63000         0.78000        0.50000        0.65733
0.64000         0.78000        0.50000        0.65225
0.65000         0.78000        0.50000        0.64718
0.66000         0.78000        0.50000        0.64210
0.67000         0.78000        0.50000        0.63701
0.68000         0.78000        0.50000        0.63191
0.69000         0.78000        0.50000        0.62680
0.70000         0.78000        0.50000        0.62166
0.71000         0.78000        0.50000        0.61650
0.72000         0.78000        0.50000        0.61131
0.73000         0.78000        0.50000        0.60609
0.74000         0.78000        0.50000        0.60084
0.75000         0.78000        0.50000        0.59554
0.76000         0.78000        0.50000        0.59021
0.77000         0.78000        0.50000        0.58482
0.78000         0.78000        0.50000        0.57938
0.79000         0.78000        0.50000        0.57388
0.80000         0.78000        0.50000        0.56832
0.81000         0.78000        0.50000        0.56269
0.82000         0.78000        0.50000        0.55699
0.83000         0.78000        0.50000        0.55120
0.84000         0.78000        0.50000        0.54532
0.85000         0.78000        0.50000        0.53934
0.86000         0.78000        0.50000        0.53325
0.87000         0.78000        0.50000        0.52704
0.88000         0.78000        0.50000        0.52069
0.89000         0.78000        0.50000        0.51418
0.90000         0.78000        0.50000        0.50748
0.91000         0.78000        0.50000        0.50054
0.92000         0.78000        0.50000        0.49325
0.93000         0.78000        0.50000        0.48538
0.94000         0.78000        0.50000        0.47638
0.95000         0.78000        0.50000        0.46487
0.96000         0.78000        0.50000        0.44741
0.97000         0.78000        0.50000        0.41509
0.98000         0.78000        0.50000        0.34757
0.99000         0.78000        0.50000        0.21223
1.0000          0.78000        0.50000        -2.3447E-18
0.0000          0.79000        0.50000        -2.5408E-18
0.010000        0.79000        0.50000        0.22755
0.020000        0.79000        0.50000        0.36824
0.030000        0.79000        0.50000        0.43547
0.040000        0.79000        0.50000        0.46646
0.050000        0.79000        0.50000        0.48289
0.060000        0.79000        0.50000        0.49374
0.070000        0.79000        0.50000        0.50231
0.080000        0.79000        0.50000        0.50989
0.090000        0.79000        0.50000        0.51697
0.10000         0.79000        0.50000        0.52374
0.11000         0.79000        0.50000        0.53030
0.12000         0.79000        0.50000        0.53669
0.13000         0.79000        0.50000        0.54293
0.14000         0.79000        0.50000        0.54905
0.15000         0.79000        0.50000        0.55505
0.16000         0.79000        0.50000        0.56095
0.17000         0.79000        0.50000        0.56675
0.18000         0.79000        0.50000        0.57247
0.19000         0.79000        0.50000        0.57812
0.20000         0.79000        0.50000        0.58369
0.21000         0.79000        0.50000        0.58920
0.22000         0.79000        0.50000        0.59465
0.23000         0.79000        0.50000        0.60005
0.24000         0.79000        0.50000        0.60540
0.25000         0.79000        0.50000        0.61070
0.26000         0.79000        0.50000        0.61596
0.27000         0.79000        0.50000        0.62119
0.28000         0.79000        0.50000        0.62638
0.29000         0.79000        0.50000        0.63155
0.30000         0.79000        0.50000        0.63669
0.31000         0.79000        0.50000        0.64181
0.32000         0.79000        0.50000        0.64691
0.33000         0.79000        0.50000        0.65200
0.34000         0.79000        0.50000        0.65709
0.35000         0.79000        0.50000        0.66216
0.36000         0.79000        0.50000        0.66724
0.37000         0.79000        0.50000        0.67232
0.38000         0.79000        0.50000        0.67741
0.39000         0.79000        0.50000        0.68251
0.40000         0.79000        0.50000        0.68764
0.41000         0.79000        0.50000        0.69279
0.42000         0.79000        0.50000        0.69797
0.43000         0.79000        0.50000        0.70321
0.44000         0.79000        0.50000        0.70852
0.45000         0.79000        0.50000        0.71395
0.46000         0.79000        0.50000        0.71958
0.47000         0.79000        0.50000        0.72563
0.48000         0.79000        0.50000        0.73243
0.49000         0.79000        0.50000        0.73964
0.50000         0.79000        0.50000        0.74344
0.51000         0.79000        0.50000        0.73964
0.52000         0.79000        0.50000        0.73243
0.53000         0.79000        0.50000        0.72563
0.54000         0.79000        0.50000        0.71958
0.55000         0.79000        0.50000        0.71395
0.56000         0.79000        0.50000        0.70852
0.57000         0.79000        0.50000        0.70321
0.58000         0.79000        0.50000        0.69797
0.59000         0.79000        0.50000        0.69279
0.60000         0.79000        0.50000        0.68764
0.61000         0.79000        0.50000        0.68251
0.62000         0.79000        0.50000        0.67741
0.63000         0.79000        0.50000        0.67232
0.64000         0.79000        0.50000        0.66724
0.65000         0.79000        0.50000        0.66216
0.66000         0.79000        0.50000        0.65709
0.67000         0.79000        0.50000        0.65200
0.68000         0.79000        0.50000        0.64691
0.69000         0.79000        0.50000        0.64181
0.70000         0.79000        0.50000        0.63669
0.71000         0.79000        0.50000        0.63155
0.72000         0.79000        0.50000        0.62638
0.73000         0.79000        0.50000        0.62119
0.74000         0.79000        0.50000        0.61596
0.75000         0.79000        0.50000        0.61070
0.76000         0.79000        0.50000        0.60540
0.77000         0.79000        0.50000        0.60005
0.78000         0.79000        0.50000        0.59465
0.79000         0.79000        0.50000        0.58920
0.80000         0.79000        0.50000        0.58369
0.81000         0.79000        0.50000        0.57812
0.82000         0.79000        0.50000        0.57247
0.83000         0.79000        0.50000        0.56675
0.84000         0.79000        0.50000        0.56095
0.85000         0.79000        0.50000        0.55505
0.86000         0.79000        0.50000        0.54905
0.87000         0.79000        0.50000        0.54293
0.88000         0.79000        0.50000        0.53669
0.89000         0.79000        0.50000        0.53030
0.90000         0.79000        0.50000        0.52374
0.91000         0.79000        0.50000        0.51697
0.92000         0.79000        0.50000        0.50989
0.93000         0.79000        0.50000        0.50231
0.94000         0.79000        0.50000        0.49374
0.95000         0.79000        0.50000        0.48289
0.96000         0.79000        0.50000        0.46646
0.97000         0.79000        0.50000        0.43547
0.98000         0.79000        0.50000        0.36824
0.99000         0.79000        0.50000        0.22755
1.0000          0.79000        0.50000        -4.0462E-17
0.0000          0.80000        0.50000        -9.1456E-18
0.010000        0.80000        0.50000        0.24329
0.020000        0.80000        0.50000        0.38903
0.030000        0.80000        0.50000        0.45568
0.040000        0.80000        0.50000        0.48527
0.050000        0.80000        0.50000        0.50070
0.060000        0.80000        0.50000        0.51093
0.070000        0.80000        0.50000        0.51912
0.080000        0.80000        0.50000        0.52644
0.090000        0.80000        0.50000        0.53333
0.10000         0.80000        0.50000        0.53995
0.11000         0.80000        0.50000        0.54637
0.12000         0.80000        0.50000        0.55265
0.13000         0.80000        0.50000        0.55879
0.14000         0.80000        0.50000        0.56481
0.15000         0.80000        0.50000        0.57073
0.16000         0.80000        0.50000        0.57655
0.17000         0.80000        0.50000        0.58229
0.18000         0.80000        0.50000        0.58795
0.19000         0.80000        0.50000        0.59354
0.20000         0.80000        0.50000        0.59906
0.21000         0.80000        0.50000        0.60452
0.22000         0.80000        0.50000        0.60992
0.23000         0.80000        0.50000        0.61528
0.24000         0.80000        0.50000        0.62059
0.25000         0.80000        0.50000        0.62586
0.26000         0.80000        0.50000        0.63109
0.27000         0.80000        0.50000        0.63629
0.28000         0.80000        0.50000        0.64146
0.29000         0.80000        0.50000        0.64661
0.30000         0.80000        0.50000        0.65173
0.31000         0.80000        0.50000        0.65684
0.32000         0.80000        0.50000        0.66193
0.33000         0.80000        0.50000        0.66702
0.34000         0.80000        0.50000        0.67210
0.35000         0.80000        0.50000        0.67718
0.36000         0.80000        0.50000        0.68226
0.37000         0.80000        0.50000        0.68735
0.38000         0.80000        0.50000        0.69246
0.39000         0.80000        0.50000        0.69758
0.40000         0.80000        0.50000        0.70274
0.41000         0.80000        0.50000        0.70793
0.42000         0.80000        0.50000        0.71317
0.43000         0.80000        0.50000        0.71848
0.44000         0.80000        0.50000        0.72388
0.45000         0.80000        0.50000        0.72943
0.46000         0.80000        0.50000        0.73525
0.47000         0.80000        0.50000        0.74155
0.48000         0.80000        0.50000        0.74867
0.49000         0.80000        0.50000        0.75608
0.50000         0.80000        0.50000        0.75985
0.51000         0.80000        0.50000        0.75608
0.52000         0.80000        0.50000        0.74867
0.53000         0.80000        0.50000        0.74155
0.54000         0.80000        0.50000        0.73525
0.55000         0.80000        0.50000        0.72943
0.56000         0.80000        0.50000        0.72388
0.57000         0.80000        0.50000        0.71848
0.58000         0.80000        0.50000        0.71317
0.59000         0.80000        0.50000        0.70793
0.60000         0.80000        0.50000        0.70274
0.61000         0.80000        0.50000        0.69758
0.62000         0.80000        0.50000        0.69246
0.63000         0.80000        0.50000        0.68735
0.64000         0.80000        0.50000        0.68226
0.65000         0.80000        0.50000        0.67718
0.66000         0.80000        0.50000        0.67210
0.67000         0.80000        0.50000        0.66702
0.68000         0.80000        0.50000        0.66193
0.69000         0.80000        0.50000        0.65684
0.70000         0.80000        0.50000        0.65173
0.71000         0.80000        0.50000        0.64661
0.72000         0.80000        0.50000        0.64146
0.73000         0.80000        0.50000        0.63629
0.74000         0.80000        0.50000        0.63109
0.75000         0.80000        0.50000        0.62586
0.76000         0.80000        0.50000        0.62059
0.77000         0.80000        0.50000        0.61528
0.78000         0.80000        0.50000        0.60992
0.79000         0.80000        0.50000        0.60452
0.80000         0.80000        0.50000        0.59906
0.81000         0.80000        0.50000        0.59354
0.82000         0.80000        0.50000        0.58795
0.83000         0.80000        0.50000        0.58229
0.84000         0.80000        0.50000        0.57655
0.85000         0.80000        0.50000        0.57073
0.86000         0.80000        0.50000        0.56481
0.87000         0.80000        0.50000        0.55879
0.88000         0.80000        0.50000        0.55265
0.89000         0.80000        0.50000        0.54637
0.90000         0.80000        0.50000        0.53995
0.91000         0.80000        0.50000        0.53333
0.92000         0.80000        0.50000        0.52644
0.93000         0.80000        0.50000        0.51912
0.94000         0.80000        0.50000        0.51093
0.95000         0.80000        0.50000        0.50070
0.96000         0.80000        0.50000        0.48527
0.97000         0.80000        0.50000        0.45568
0.98000         0.80000        0.50000        0.38903
0.99000         0.80000        0.50000        0.24329
1.0000          0.80000        0.50000        0.0000
0.0000          0.81000        0.50000        -9.9410E-18
0.010000        0.81000        0.50000        0.25939
0.020000        0.81000        0.50000        0.40985
0.030000        0.81000        0.50000        0.47565
0.040000        0.81000        0.50000        0.50380
0.050000        0.81000        0.50000        0.51828
0.060000        0.81000        0.50000        0.52794
0.070000        0.81000        0.50000        0.53578
0.080000        0.81000        0.50000        0.54287
0.090000        0.81000        0.50000        0.54958
0.10000         0.81000        0.50000        0.55606
0.11000         0.81000        0.50000        0.56237
0.12000         0.81000        0.50000        0.56854
0.13000         0.81000        0.50000        0.57458
0.14000         0.81000        0.50000        0.58052
0.15000         0.81000        0.50000        0.58636
0.16000         0.81000        0.50000        0.59212
0.17000         0.81000        0.50000        0.59779
0.18000         0.81000        0.50000        0.60339
0.19000         0.81000        0.50000        0.60892
0.20000         0.81000        0.50000        0.61439
0.21000         0.81000        0.50000        0.61981
0.22000         0.81000        0.50000        0.62517
0.23000         0.81000        0.50000        0.63049
0.24000         0.81000        0.50000        0.63576
0.25000         0.81000        0.50000        0.64100
0.26000         0.81000        0.50000        0.64621
0.27000         0.81000        0.50000        0.65138
0.28000         0.81000        0.50000        0.65653
0.29000         0.81000        0.50000        0.66166
0.30000         0.81000        0.50000        0.66677
0.31000         0.81000        0.50000        0.67187
0.32000         0.81000        0.50000        0.67696
0.33000         0.81000        0.50000        0.68204
0.34000         0.81000        0.50000        0.68712
0.35000         0.81000        0.50000        0.69220
0.36000         0.81000        0.50000        0.69730
0.37000         0.81000        0.50000        0.70240
0.38000         0.81000        0.50000        0.70753
0.39000         0.81000        0.50000        0.71269
0.40000         0.81000        0.50000        0.71788
0.41000         0.81000        0.50000        0.72312
0.42000         0.81000        0.50000        0.72843
0.43000         0.81000        0.50000        0.73381
0.44000         0.81000        0.50000        0.73932
0.45000         0.81000        0.50000        0.74502
0.46000         0.81000        0.50000        0.75103
0.47000         0.81000        0.50000        0.75761
0.48000         0.81000        0.50000        0.76503
0.49000         0.81000        0.50000        0.77256
0.50000         0.81000        0.50000        0.77626
0.51000         0.81000        0.50000        0.77256
0.52000         0.81000        0.50000        0.76503
0.53000         0.81000        0.50000        0.75761
0.54000         0.81000        0.50000        0.75103
0.55000         0.81000        0.50000        0.74502
0.56000         0.81000        0.50000        0.73932
0.57000         0.81000        0.50000        0.73381
0.58000         0.81000        0.50000        0.72843
0.59000         0.81000        0.50000        0.72312
0.60000         0.81000        0.50000        0.71788
0.61000         0.81000        0.50000        0.71269
0.62000         0.81000        0.50000        0.70753
0.63000         0.81000        0.50000        0.70240
0.64000         0.81000        0.50000        0.69730
0.65000         0.81000        0.50000        0.69220
0.66000         0.81000        0.50000        0.68712
0.67000         0.81000        0.50000        0.68204
0.68000         0.81000        0.50000        0.67696
0.69000         0.81000        0.50000        0.67187
0.70000         0.81000        0.50000        0.66677
0.71000         0.81000        0.50000        0.66166
0.72000         0.81000        0.50000        0.65653
0.73000         0.81000        0.50000        0.65138
0.74000         0.81000        0.50000        0.64621
0.75000         0.81000        0.50000        0.64100
0.76000         0.81000        0.50000        0.63576
0.77000         0.81000        0.50000        0.63049
0.78000         0.81000        0.50000        0.62517
0.79000         0.81000        0.50000        0.61981
0.80000         0.81000        0.50000        0.61439
0.81000         0.81000        0.50000        0.60892
0.82000         0.81000        0.50000        0.60339
0.83000         0.81000        0.50000        0.59779
0.84000         0.81000        0.50000        0.59212
0.85000         0.81000        0.50000        0.58636
0.86000         0.81000        0.50000        0.58052
0.87000         0.81000        0.50000        0.57458
0.88000         0.81000        0.50000        0.56854
0.89000         0.81000        0.50000        0.56237
0.90000         0.81000        0.50000        0.55606
0.91000         0.81000        0.50000        0.54958
0.92000         0.81000        0.50000        0.54287
0.93000         0.81000        0.50000        0.53578
0.94000         0.81000        0.50000        0.52794
0.95000         0.81000        0.50000        0.51828
0.96000         0.81000        0.50000        0.50380
0.97000         0.81000        0.50000        0.47565
0.98000         0.81000        0.50000        0.40985
0.99000         0.81000        0.50000        0.25939
1.0000          0.81000        0.50000        -3.2578E-18
0.0000          0.82000        0.50000        0.0000
0.010000        0.82000        0.50000        0.27575
0.020000        0.82000        0.50000        0.43062
0.030000        0.82000        0.50000        0.49534
0.040000        0.82000        0.50000        0.52203
0.050000        0.82000        0.50000        0.53560
0.060000        0.82000        0.50000        0.54475
0.070000        0.82000        0.50000        0.55228
0.080000        0.82000        0.50000        0.55916
0.090000        0.82000        0.50000        0.56572
0.10000         0.82000        0.50000        0.57207
0.11000         0.82000        0.50000        0.57827
0.12000         0.82000        0.50000        0.58434
0.13000         0.82000        0.50000        0.59030
0.14000         0.82000        0.50000        0.59615
0.15000         0.82000        0.50000        0.60192
0.16000         0.82000        0.50000        0.60761
0.17000         0.82000        0.50000        0.61322
0.18000         0.82000        0.50000        0.61877
0.19000         0.82000        0.50000        0.62425
0.20000         0.82000        0.50000        0.62967
0.21000         0.82000        0.50000        0.63505
0.22000         0.82000        0.50000        0.64037
0.23000         0.82000        0.50000        0.64565
0.24000         0.82000        0.50000        0.65090
0.25000         0.82000        0.50000        0.65611
0.26000         0.82000        0.50000        0.66129
0.27000         0.82000        0.50000        0.66644
0.28000         0.82000        0.50000        0.67157
0.29000         0.82000        0.50000        0.67669
0.30000         0.82000        0.50000        0.68179
0.31000         0.82000        0.50000        0.68688
0.32000         0.82000        0.50000        0.69196
0.33000         0.82000        0.50000        0.69704
0.34000         0.82000        0.50000        0.70213
0.35000         0.82000        0.50000        0.70722
0.36000         0.82000        0.50000        0.71233
0.37000         0.82000        0.50000        0.71745
0.38000         0.82000        0.50000        0.72261
0.39000         0.82000        0.50000        0.72780
0.40000         0.82000        0.50000        0.73304
0.41000         0.82000        0.50000        0.73834
0.42000         0.82000        0.50000        0.74371
0.43000         0.82000        0.50000        0.74919
0.44000         0.82000        0.50000        0.75482
0.45000         0.82000        0.50000        0.76067
0.46000         0.82000        0.50000        0.76690
0.47000         0.82000        0.50000        0.77375
0.48000         0.82000        0.50000        0.78140
0.49000         0.82000        0.50000        0.78896
0.50000         0.82000        0.50000        0.79258
0.51000         0.82000        0.50000        0.78896
0.52000         0.82000        0.50000        0.78140
0.53000         0.82000        0.50000        0.77375
0.54000         0.82000        0.50000        0.76690
0.55000         0.82000        0.50000        0.76067
0.56000         0.82000        0.50000        0.75482
0.57000         0.82000        0.50000        0.74919
0.58000         0.82000        0.50000        0.74371
0.59000         0.82000        0.50000        0.73834
0.60000         0.82000        0.50000        0.73304
0.61000         0.82000        0.50000        0.72780
0.62000         0.82000        0.50000        0.72261
0.63000         0.82000        0.50000        0.71745
0.64000         0.82000        0.50000        0.71233
0.65000         0.82000        0.50000        0.70722
0.66000         0.82000        0.50000        0.70213
0.67000         0.82000        0.50000        0.69704
0.68000         0.82000        0.50000        0.69196
0.69000         0.82000        0.50000        0.68688
0.70000         0.82000        0.50000        0.68179
0.71000         0.82000        0.50000        0.67669
0.72000         0.82000        0.50000        0.67157
0.73000         0.82000        0.50000        0.66644
0.74000         0.82000        0.50000        0.66129
0.75000         0.82000        0.50000        0.65611
0.76000         0.82000        0.50000        0.65090
0.77000         0.82000        0.50000        0.64565
0.78000         0.82000        0.50000        0.64037
0.79000         0.82000        0.50000        0.63505
0.80000         0.82000        0.50000        0.62967
0.81000         0.82000        0.50000        0.62425
0.82000         0.82000        0.50000        0.61877
0.83000         0.82000        0.50000        0.61322
0.84000         0.82000        0.50000        0.60761
0.85000         0.82000        0.50000        0.60192
0.86000         0.82000        0.50000        0.59615
0.87000         0.82000        0.50000        0.59030
0.88000         0.82000        0.50000        0.58434
0.89000         0.82000        0.50000        0.57827
0.90000         0.82000        0.50000        0.57207
0.91000         0.82000        0.50000        0.56572
0.92000         0.82000        0.50000        0.55916
0.93000         0.82000        0.50000        0.55228
0.94000         0.82000        0.50000        0.54475
0.95000         0.82000        0.50000        0.53560
0.96000         0.82000        0.50000        0.52203
0.97000         0.82000        0.50000        0.49534
0.98000         0.82000        0.50000        0.43062
0.99000         0.82000        0.50000        0.27575
1.0000          0.82000        0.50000        -5.0265E-17
0.0000          0.83000        0.50000        -7.2729E-17
0.010000        0.83000        0.50000        0.29229
0.020000        0.83000        0.50000        0.45123
0.030000        0.83000        0.50000        0.51472
0.040000        0.83000        0.50000        0.53993
0.050000        0.83000        0.50000        0.55265
0.060000        0.83000        0.50000        0.56134
0.070000        0.83000        0.50000        0.56860
0.080000        0.83000        0.50000        0.57529
0.090000        0.83000        0.50000        0.58171
0.10000         0.83000        0.50000        0.58794
0.11000         0.83000        0.50000        0.59404
0.12000         0.83000        0.50000        0.60002
0.13000         0.83000        0.50000        0.60590
0.14000         0.83000        0.50000        0.61169
0.15000         0.83000        0.50000        0.61739
0.16000         0.83000        0.50000        0.62301
0.17000         0.83000        0.50000        0.62857
0.18000         0.83000        0.50000        0.63406
0.19000         0.83000        0.50000        0.63950
0.20000         0.83000        0.50000        0.64488
0.21000         0.83000        0.50000        0.65021
0.22000         0.83000        0.50000        0.65550
0.23000         0.83000        0.50000        0.66075
0.24000         0.83000        0.50000        0.66597
0.25000         0.83000        0.50000        0.67115
0.26000         0.83000        0.50000        0.67631
0.27000         0.83000        0.50000        0.68144
0.28000         0.83000        0.50000        0.68656
0.29000         0.83000        0.50000        0.69166
0.30000         0.83000        0.50000        0.69675
0.31000         0.83000        0.50000        0.70184
0.32000         0.83000        0.50000        0.70692
0.33000         0.83000        0.50000        0.71200
0.34000         0.83000        0.50000        0.71709
0.35000         0.83000        0.50000        0.72220
0.36000         0.83000        0.50000        0.72733
0.37000         0.83000        0.50000        0.73248
0.38000         0.83000        0.50000        0.73766
0.39000         0.83000        0.50000        0.74289
0.40000         0.83000        0.50000        0.74818
0.41000         0.83000        0.50000        0.75354
0.42000         0.83000        0.50000        0.75899
0.43000         0.83000        0.50000        0.76457
0.44000         0.83000        0.50000        0.77033
0.45000         0.83000        0.50000        0.77635
0.46000         0.83000        0.50000        0.78279
0.47000         0.83000        0.50000        0.78987
0.48000         0.83000        0.50000        0.79769
0.49000         0.83000        0.50000        0.80518
0.50000         0.83000        0.50000        0.80863
0.51000         0.83000        0.50000        0.80518
0.52000         0.83000        0.50000        0.79769
0.53000         0.83000        0.50000        0.78987
0.54000         0.83000        0.50000        0.78279
0.55000         0.83000        0.50000        0.77635
0.56000         0.83000        0.50000        0.77033
0.57000         0.83000        0.50000        0.76457
0.58000         0.83000        0.50000        0.75899
0.59000         0.83000        0.50000        0.75354
0.60000         0.83000        0.50000        0.74818
0.61000         0.83000        0.50000        0.74289
0.62000         0.83000        0.50000        0.73766
0.63000         0.83000        0.50000        0.73248
0.64000         0.83000        0.50000        0.72733
0.65000         0.83000        0.50000        0.72220
0.66000         0.83000        0.50000        0.71709
0.67000         0.83000        0.50000        0.71200
0.68000         0.83000        0.50000        0.70692
0.69000         0.83000        0.50000        0.70184
0.70000         0.83000        0.50000        0.69675
0.71000         0.83000        0.50000        0.69166
0.72000         0.83000        0.50000        0.68656
0.73000         0.83000        0.50000        0.68144
0.74000         0.83000        0.50000        0.67631
0.75000         0.83000        0.50000        0.67115
0.76000         0.83000        0.50000        0.66597
0.77000         0.83000        0.50000        0.66075
0.78000         0.83000        0.50000        0.65550
0.79000         0.83000        0.50000        0.65021
0.80000         0.83000        0.50000        0.64488
0.81000         0.83000        0.50000        0.63950
0.82000         0.83000        0.50000        0.63406
0.83000         0.83000        0.50000        0.62857
0.84000         0.83000        0.50000        0.62301
0.85000         0.83000        0.50000        0.61739
0.86000         0.83000        0.50000        0.61169
0.87000         0.83000        0.50000        0.60590
0.88000         0.83000        0.50000        0.60002
0.89000         0.83000        0.50000        0.59404
0.90000         0.83000        0.50000        0.58794
0.91000         0.83000        0.50000        0.58171
0.92000         0.83000        0.50000        0.57529
0.93000         0.83000        0.50000        0.56860
0.94000         0.83000        0.50000        0.56134
0.95000         0.83000        0.50000        0.55265
0.96000         0.83000        0.50000        0.53993
0.97000         0.83000        0.50000        0.51472
0.98000         0.83000        0.50000        0.45123
0.99000         0.83000        0.50000        0.29229
1.0000          0.83000        0.50000        -2.7274E-16
0.0000          0.84000        0.50000        3.8109E-18
0.010000        0.84000        0.50000        0.30898
0.020000        0.84000        0.50000        0.47161
0.030000        0.84000        0.50000        0.53373
0.040000        0.84000        0.50000        0.55750
0.050000        0.84000        0.50000        0.56941
0.060000        0.84000        0.50000        0.57768
0.070000        0.84000        0.50000        0.58471
0.080000        0.84000        0.50000        0.59124
0.090000        0.84000        0.50000        0.59753
0.10000         0.84000        0.50000        0.60366
0.11000         0.84000        0.50000        0.60967
0.12000         0.84000        0.50000        0.61557
0.13000         0.84000        0.50000        0.62137
0.14000         0.84000        0.50000        0.62709
0.15000         0.84000        0.50000        0.63273
0.16000         0.84000        0.50000        0.63830
0.17000         0.84000        0.50000        0.64380
0.18000         0.84000        0.50000        0.64925
0.19000         0.84000        0.50000        0.65464
0.20000         0.84000        0.50000        0.65998
0.21000         0.84000        0.50000        0.66528
0.22000         0.84000        0.50000        0.67053
0.23000         0.84000        0.50000        0.67575
0.24000         0.84000        0.50000        0.68094
0.25000         0.84000        0.50000        0.68611
0.26000         0.84000        0.50000        0.69124
0.27000         0.84000        0.50000        0.69636
0.28000         0.84000        0.50000        0.70147
0.29000         0.84000        0.50000        0.70656
0.30000         0.84000        0.50000        0.71164
0.31000         0.84000        0.50000        0.71672
0.32000         0.84000        0.50000        0.72180
0.33000         0.84000        0.50000        0.72689
0.34000         0.84000        0.50000        0.73200
0.35000         0.84000        0.50000        0.73712
0.36000         0.84000        0.50000        0.74226
0.37000         0.84000        0.50000        0.74744
0.38000         0.84000        0.50000        0.75266
0.39000         0.84000        0.50000        0.75793
0.40000         0.84000        0.50000        0.76327
0.41000         0.84000        0.50000        0.76870
0.42000         0.84000        0.50000        0.77423
0.43000         0.84000        0.50000        0.77991
0.44000         0.84000        0.50000        0.78579
0.45000         0.84000        0.50000        0.79198
0.46000         0.84000        0.50000        0.79861
0.47000         0.84000        0.50000        0.80589
0.48000         0.84000        0.50000        0.81378
0.49000         0.84000        0.50000        0.82107
0.50000         0.84000        0.50000        0.82433
0.51000         0.84000        0.50000        0.82107
0.52000         0.84000        0.50000        0.81378
0.53000         0.84000        0.50000        0.80589
0.54000         0.84000        0.50000        0.79861
0.55000         0.84000        0.50000        0.79198
0.56000         0.84000        0.50000        0.78579
0.57000         0.84000        0.50000        0.77991
0.58000         0.84000        0.50000        0.77423
0.59000         0.84000        0.50000        0.76870
0.60000         0.84000        0.50000        0.76327
0.61000         0.84000        0.50000        0.75793
0.62000         0.84000        0.50000        0.75266
0.63000         0.84000        0.50000        0.74744
0.64000         0.84000        0.50000        0.74226
0.65000         0.84000        0.50000        0.73712
0.66000         0.84000        0.50000        0.73200
0.67000         0.84000        0.50000        0.72689
0.68000         0.84000        0.50000        0.72180
0.69000         0.84000        0.50000        0.71672
0.70000         0.84000        0.50000        0.71164
0.71000         0.84000        0.50000        0.70656
0.72000         0.84000        0.50000        0.70147
0.73000         0.84000        0.50000        0.69636
0.74000         0.84000        0.50000        0.69124
0.75000         0.84000        0.50000        0.68611
0.76000         0.84000        0.50000        0.68094
0.77000         0.84000        0.50000        0.67575
0.78000         0.84000        0.50000        0.67053
0.79000         0.84000        0.50000        0.66528
0.80000         0.84000        0.50000        0.65998
0.81000         0.84000        0.50000        0.65464
0.82000         0.84000        0.50000        0.64925
0.83000         0.84000        0.50000        0.64380
0.84000         0.84000        0.50000        0.63830
0.85000         0.84000        0.50000        0.63273
0.86000         0.84000        0.50000        0.62709
0.87000         0.84000        0.50000        0.62137
0.88000         0.84000        0.50000        0.61557
0.89000         0.84000        0.50000        0.60967
0.90000         0.84000        0.50000        0.60366
0.91000         0.84000        0.50000        0.59753
0.92000         0.84000        0.50000        0.59124
0.93000         0.84000        0.50000        0.58471
0.94000         0.84000        0.50000        0.57768
0.95000         0.84000        0.50000        0.56941
0.96000         0.84000        0.50000        0.55750
0.97000         0.84000        0.50000        0.53373
0.98000         0.84000        0.50000        0.47161
0.99000         0.84000        0.50000        0.30898
1.0000          0.84000        0.50000        -6.5058E-17
0.0000          0.85000        0.50000        -6.2936E-17
0.010000        0.85000        0.50000        0.32586
0.020000        0.85000        0.50000        0.49169
0.030000        0.85000        0.50000        0.55230
0.040000        0.85000        0.50000        0.57472
0.050000        0.85000        0.50000        0.58588
0.060000        0.85000        0.50000        0.59378
0.070000        0.85000        0.50000        0.60059
0.080000        0.85000        0.50000        0.60698
0.090000        0.85000        0.50000        0.61316
0.10000         0.85000        0.50000        0.61920
0.11000         0.85000        0.50000        0.62512
0.12000         0.85000        0.50000        0.63094
0.13000         0.85000        0.50000        0.63668
0.14000         0.85000        0.50000        0.64234
0.15000         0.85000        0.50000        0.64792
0.16000         0.85000        0.50000        0.65344
0.17000         0.85000        0.50000        0.65889
0.18000         0.85000        0.50000        0.66429
0.19000         0.85000        0.50000        0.66964
0.20000         0.85000        0.50000        0.67495
0.21000         0.85000        0.50000        0.68021
0.22000         0.85000        0.50000        0.68544
0.23000         0.85000        0.50000        0.69064
0.24000         0.85000        0.50000        0.69580
0.25000         0.85000        0.50000        0.70094
0.26000         0.85000        0.50000        0.70606
0.27000         0.85000        0.50000        0.71117
0.28000         0.85000        0.50000        0.71626
0.29000         0.85000        0.50000        0.72134
0.30000         0.85000        0.50000        0.72642
0.31000         0.85000        0.50000        0.73150
0.32000         0.85000        0.50000        0.73659
0.33000         0.85000        0.50000        0.74169
0.34000         0.85000        0.50000        0.74680
0.35000         0.85000        0.50000        0.75194
0.36000         0.85000        0.50000        0.75710
0.37000         0.85000        0.50000        0.76231
0.38000         0.85000        0.50000        0.76756
0.39000         0.85000        0.50000        0.77288
0.40000         0.85000        0.50000        0.77827
0.41000         0.85000        0.50000        0.78376
0.42000         0.85000        0.50000        0.78937
0.43000         0.85000        0.50000        0.79515
0.44000         0.85000        0.50000        0.80116
0.45000         0.85000        0.50000        0.80748
0.46000         0.85000        0.50000        0.81427
0.47000         0.85000        0.50000        0.82167
0.48000         0.85000        0.50000        0.82952
0.49000         0.85000        0.50000        0.83653
0.50000         0.85000        0.50000        0.83956
0.51000         0.85000        0.50000        0.83653
0.52000         0.85000        0.50000        0.82952
0.53000         0.85000        0.50000        0.82167
0.54000         0.85000        0.50000        0.81427
0.55000         0.85000        0.50000        0.80748
0.56000         0.85000        0.50000        0.80116
0.57000         0.85000        0.50000        0.79515
0.58000         0.85000        0.50000        0.78937
0.59000         0.85000        0.50000        0.78376
0.60000         0.85000        0.50000        0.77827
0.61000         0.85000        0.50000        0.77288
0.62000         0.85000        0.50000        0.76756
0.63000         0.85000        0.50000        0.76231
0.64000         0.85000        0.50000        0.75710
0.65000         0.85000        0.50000        0.75194
0.66000         0.85000        0.50000        0.74680
0.67000         0.85000        0.50000        0.74169
0.68000         0.85000        0.50000        0.73659
0.69000         0.85000        0.50000        0.73150
0.70000         0.85000        0.50000        0.72642
0.71000         0.85000        0.50000        0.72134
0.72000         0.85000        0.50000        0.71626
0.73000         0.85000        0.50000        0.71117
0.74000         0.85000        0.50000        0.70606
0.75000         0.85000        0.50000        0.70094
0.76000         0.85000        0.50000        0.69580
0.77000         0.85000        0.50000        0.69064
0.78000         0.85000        0.50000        0.68544
0.79000         0.85000        0.50000        0.68021
0.80000         0.85000        0.50000        0.67495
0.81000         0.85000        0.50000        0.66964
0.82000         0.85000        0.50000        0.66429
0.83000         0.85000        0.50000        0.65889
0.84000         0.85000        0.50000        0.65344
0.85000         0.85000        0.50000        0.64792
0.86000         0.85000        0.50000        0.64234
0.87000         0.85000        0.50000        0.63668
0.88000         0.85000        0.50000        0.63094
0.89000         0.85000        0.50000        0.62512
0.90000         0.85000        0.50000        0.61920
0.91000         0.85000        0.50000        0.61316
0.92000         0.85000        0.50000        0.60698
0.93000         0.85000        0.50000        0.60059
0.94000         0.85000        0.50000        0.59378
0.95000         0.85000        0.50000        0.58588
0.96000         0.85000        0.50000        0.57472
0.97000         0.85000        0.50000        0.55230
0.98000         0.85000        0.50000        0.49169
0.99000         0.85000        0.50000        0.32586
1.0000          0.85000        0.50000        8.7139E-17
0.0000          0.86000        0.50000        -1.2550E-16
0.010000        0.86000        0.50000        0.34305
0.020000        0.86000        0.50000        0.51147
0.030000        0.86000        0.50000        0.57040
0.040000        0.86000        0.50000        0.59155
0.050000        0.86000        0.50000        0.60203
0.060000        0.86000        0.50000        0.60959
0.070000        0.86000        0.50000        0.61621
0.080000        0.86000        0.50000        0.62248
0.090000        0.86000        0.50000        0.62856
0.10000         0.86000        0.50000        0.63451
0.11000         0.86000        0.50000        0.64036
0.12000         0.86000        0.50000        0.64612
0.13000         0.86000        0.50000        0.65180
0.14000         0.86000        0.50000        0.65740
0.15000         0.86000        0.50000        0.66293
0.16000         0.86000        0.50000        0.66840
0.17000         0.86000        0.50000        0.67381
0.18000         0.86000        0.50000        0.67917
0.19000         0.86000        0.50000        0.68448
0.20000         0.86000        0.50000        0.68976
0.21000         0.86000        0.50000        0.69499
0.22000         0.86000        0.50000        0.70019
0.23000         0.86000        0.50000        0.70536
0.24000         0.86000        0.50000        0.71051
0.25000         0.86000        0.50000        0.71563
0.26000         0.86000        0.50000        0.72073
0.27000         0.86000        0.50000        0.72583
0.28000         0.86000        0.50000        0.73091
0.29000         0.86000        0.50000        0.73599
0.30000         0.86000        0.50000        0.74106
0.31000         0.86000        0.50000        0.74614
0.32000         0.86000        0.50000        0.75123
0.33000         0.86000        0.50000        0.75634
0.34000         0.86000        0.50000        0.76146
0.35000         0.86000        0.50000        0.76662
0.36000         0.86000        0.50000        0.77180
0.37000         0.86000        0.50000        0.77704
0.38000         0.86000        0.50000        0.78233
0.39000         0.86000        0.50000        0.78768
0.40000         0.86000        0.50000        0.79313
0.41000         0.86000        0.50000        0.79867
0.42000         0.86000        0.50000        0.80436
0.43000         0.86000        0.50000        0.81022
0.44000         0.86000        0.50000        0.81633
0.45000         0.86000        0.50000        0.82277
0.46000         0.86000        0.50000        0.82967
0.47000         0.86000        0.50000        0.83711
0.48000         0.86000        0.50000        0.84481
0.49000         0.86000        0.50000        0.85142
0.50000         0.86000        0.50000        0.85420
0.51000         0.86000        0.50000        0.85142
0.52000         0.86000        0.50000        0.84481
0.53000         0.86000        0.50000        0.83711
0.54000         0.86000        0.50000        0.82967
0.55000         0.86000        0.50000        0.82277
0.56000         0.86000        0.50000        0.81633
0.57000         0.86000        0.50000        0.81022
0.58000         0.86000        0.50000        0.80436
0.59000         0.86000        0.50000        0.79867
0.60000         0.86000        0.50000        0.79313
0.61000         0.86000        0.50000        0.78768
0.62000         0.86000        0.50000        0.78233
0.63000         0.86000        0.50000        0.77704
0.64000         0.86000        0.50000        0.77180
0.65000         0.86000        0.50000        0.76662
0.66000         0.86000        0.50000        0.76146
0.67000         0.86000        0.50000        0.75634
0.68000         0.86000        0.50000        0.75123
0.69000         0.86000        0.50000        0.74614
0.70000         0.86000        0.50000        0.74106
0.71000         0.86000        0.50000        0.73599
0.72000         0.86000        0.50000        0.73091
0.73000         0.86000        0.50000        0.72583
0.74000         0.86000        0.50000        0.72073
0.75000         0.86000        0.50000        0.71563
0.76000         0.86000        0.50000        0.71051
0.77000         0.86000        0.50000        0.70536
0.78000         0.86000        0.50000        0.70019
0.79000         0.86000        0.50000        0.69499
0.80000         0.86000        0.50000        0.68976
0.81000         0.86000        0.50000        0.68448
0.82000         0.86000        0.50000        0.67917
0.83000         0.86000        0.50000        0.67381
0.84000         0.86000        0.50000        0.66840
0.85000         0.86000        0.50000        0.66293
0.86000         0.86000        0.50000        0.65740
0.87000         0.86000        0.50000        0.65180
0.88000         0.86000        0.50000        0.64612
0.89000         0.86000        0.50000        0.64036
0.90000         0.86000        0.50000        0.63451
0.91000         0.86000        0.50000        0.62856
0.92000         0.86000        0.50000        0.62248
0.93000         0.86000        0.50000        0.61621
0.94000         0.86000        0.50000        0.60959
0.95000         0.86000        0.50000        0.60203
0.96000         0.86000        0.50000        0.59154
0.97000         0.86000        0.50000        0.57040
0.98000         0.86000        0.50000        0.51147
0.99000         0.86000        0.50000        0.34305
1.0000          0.86000        0.50000        -3.2629E-16
0.0000          0.87000        0.50000        8.2122E-17
0.010000        0.87000        0.50000        0.36056
0.020000        0.87000        0.50000        0.53097
0.030000        0.87000        0.50000        0.58800
0.040000        0.87000        0.50000        0.60794
0.050000        0.87000        0.50000        0.61785
0.060000        0.87000        0.50000        0.62510
0.070000        0.87000        0.50000        0.63156
0.080000        0.87000        0.50000        0.63771
0.090000        0.87000        0.50000        0.64371
0.10000         0.87000        0.50000        0.64959
0.11000         0.87000        0.50000        0.65537
0.12000         0.87000        0.50000        0.66106
0.13000         0.87000        0.50000        0.66668
0.14000         0.87000        0.50000        0.67223
0.15000         0.87000        0.50000        0.67772
0.16000         0.87000        0.50000        0.68314
0.17000         0.87000        0.50000        0.68852
0.18000         0.87000        0.50000        0.69384
0.19000         0.87000        0.50000        0.69912
0.20000         0.87000        0.50000        0.70437
0.21000         0.87000        0.50000        0.70957
0.22000         0.87000        0.50000        0.71475
0.23000         0.87000        0.50000        0.71990
0.24000         0.87000        0.50000        0.72502
0.25000         0.87000        0.50000        0.73013
0.26000         0.87000        0.50000        0.73522
0.27000         0.87000        0.50000        0.74030
0.28000         0.87000        0.50000        0.74538
0.29000         0.87000        0.50000        0.75045
0.30000         0.87000        0.50000        0.75552
0.31000         0.87000        0.50000        0.76060
0.32000         0.87000        0.50000        0.76570
0.33000         0.87000        0.50000        0.77081
0.34000         0.87000        0.50000        0.77594
0.35000         0.87000        0.50000        0.78111
0.36000         0.87000        0.50000        0.78632
0.37000         0.87000        0.50000        0.79158
0.38000         0.87000        0.50000        0.79690
0.39000         0.87000        0.50000        0.80229
0.40000         0.87000        0.50000        0.80777
0.41000         0.87000        0.50000        0.81337
0.42000         0.87000        0.50000        0.81912
0.43000         0.87000        0.50000        0.82505
0.44000         0.87000        0.50000        0.83123
0.45000         0.87000        0.50000        0.83774
0.46000         0.87000        0.50000        0.84468
0.47000         0.87000        0.50000        0.85205
0.48000         0.87000        0.50000        0.85949
0.49000         0.87000        0.50000        0.86566
0.50000         0.87000        0.50000        0.86819
0.51000         0.87000        0.50000        0.86566
0.52000         0.87000        0.50000        0.85949
0.53000         0.87000        0.50000        0.85205
0.54000         0.87000        0.50000        0.84468
0.55000         0.87000        0.50000        0.83774
0.56000         0.87000        0.50000        0.83123
0.57000         0.87000        0.50000        0.82505
0.58000         0.87000        0.50000        0.81912
0.59000         0.87000        0.50000        0.81337
0.60000         0.87000        0.50000        0.80777
0.61000         0.87000        0.50000        0.80229
0.62000         0.87000        0.50000        0.79690
0.63000         0.87000        0.50000        0.79158
0.64000         0.87000        0.50000        0.78632
0.65000         0.87000        0.50000        0.78111
0.66000         0.87000        0.50000        0.77594
0.67000         0.87000        0.50000        0.77081
0.68000         0.87000        0.50000        0.76570
0.69000         0.87000        0.50000        0.76060
0.70000         0.87000        0.50000        0.75552
0.71000         0.87000        0.50000        0.75045
0.72000         0.87000        0.50000        0.74538
0.73000         0.87000        0.50000        0.74030
0.74000         0.87000        0.50000        0.73522
0.75000         0.87000        0.50000        0.73013
0.76000         0.87000        0.50000        0.72502
0.77000         0.87000        0.50000        0.71990
0.78000         0.87000        0.50000        0.71475
0.79000         0.87000        0.50000        0.70957
0.80000         0.87000        0.50000        0.70437
0.81000         0.87000        0.50000        0.69912
0.82000         0.87000        0.50000        0.69384
0.83000         0.87000        0.50000        0.68852
0.84000         0.87000        0.50000        0.68314
0.85000         0.87000        0.50000        0.67772
0.86000         0.87000        0.50000        0.67223
0.87000         0.87000        0.50000        0.66668
0.88000         0.87000        0.50000        0.66106
0.89000         0.87000        0.50000        0.65537
0.90000         0.87000        0.50000        0.64959
0.91000         0.87000        0.50000        0.64371
0.92000         0.87000        0.50000        0.63771
0.93000         0.87000        0.50000        0.63156
0.94000         0.87000        0.50000        0.62510
0.95000         0.87000        0.50000        0.61785
0.96000         0.87000        0.50000        0.60794
0.97000         0.87000        0.50000        0.58800
0.98000         0.87000        0.50000        0.53097
0.99000         0.87000        0.50000        0.36056
1.0000          0.87000        0.50000        0.0000
0.0000          0.88000        0.50000        0.0000
0.010000        0.88000        0.50000        0.37825
0.020000        0.88000        0.50000        0.55012
0.030000        0.88000        0.50000        0.60509
0.040000        0.88000        0.50000        0.62387
0.050000        0.88000        0.50000        0.63328
0.060000        0.88000        0.50000        0.64028
0.070000        0.88000        0.50000        0.64659
0.080000        0.88000        0.50000        0.65264
0.090000        0.88000        0.50000        0.65856
0.10000         0.88000        0.50000        0.66437
0.11000         0.88000        0.50000        0.67010
0.12000         0.88000        0.50000        0.67574
0.13000         0.88000        0.50000        0.68131
0.14000         0.88000        0.50000        0.68681
0.15000         0.88000        0.50000        0.69225
0.16000         0.88000        0.50000        0.69764
0.17000         0.88000        0.50000        0.70298
0.18000         0.88000        0.50000        0.70827
0.19000         0.88000        0.50000        0.71352
0.20000         0.88000        0.50000        0.71874
0.21000         0.88000        0.50000        0.72392
0.22000         0.88000        0.50000        0.72907
0.23000         0.88000        0.50000        0.73420
0.24000         0.88000        0.50000        0.73931
0.25000         0.88000        0.50000        0.74440
0.26000         0.88000        0.50000        0.74948
0.27000         0.88000        0.50000        0.75455
0.28000         0.88000        0.50000        0.75962
0.29000         0.88000        0.50000        0.76469
0.30000         0.88000        0.50000        0.76976
0.31000         0.88000        0.50000        0.77484
0.32000         0.88000        0.50000        0.77993
0.33000         0.88000        0.50000        0.78505
0.34000         0.88000        0.50000        0.79019
0.35000         0.88000        0.50000        0.79537
0.36000         0.88000        0.50000        0.80060
0.37000         0.88000        0.50000        0.80587
0.38000         0.88000        0.50000        0.81121
0.39000         0.88000        0.50000        0.81663
0.40000         0.88000        0.50000        0.82215
0.41000         0.88000        0.50000        0.82778
0.42000         0.88000        0.50000        0.83356
0.43000         0.88000        0.50000        0.83954
0.44000         0.88000        0.50000        0.84576
0.45000         0.88000        0.50000        0.85229
0.46000         0.88000        0.50000        0.85919
0.47000         0.88000        0.50000        0.86641
0.48000         0.88000        0.50000        0.87348
0.49000         0.88000        0.50000        0.87916
0.50000         0.88000        0.50000        0.88142
0.51000         0.88000        0.50000        0.87916
0.52000         0.88000        0.50000        0.87348
0.53000         0.88000        0.50000        0.86641
0.54000         0.88000        0.50000        0.85919
0.55000         0.88000        0.50000        0.85229
0.56000         0.88000        0.50000        0.84576
0.57000         0.88000        0.50000        0.83954
0.58000         0.88000        0.50000        0.83356
0.59000         0.88000        0.50000        0.82778
0.60000         0.88000        0.50000        0.82215
0.61000         0.88000        0.50000        0.81663
0.62000         0.88000        0.50000        0.81121
0.63000         0.88000        0.50000        0.80587
0.64000         0.88000        0.50000        0.80060
0.65000         0.88000        0.50000        0.79537
0.66000         0.88000        0.50000        0.79019
0.67000         0.88000        0.50000        0.78505
0.68000         0.88000        0.50000        0.77993
0.69000         0.88000        0.50000        0.77484
0.70000         0.88000        0.50000        0.76976
0.71000         0.88000        0.50000        0.76469
0.72000         0.88000        0.50000        0.75962
0.73000         0.88000        0.50000        0.75455
0.74000         0.88000        0.50000        0.74948
0.75000         0.88000        0.50000        0.74440
0.76000         0.88000        0.50000        0.73931
0.77000         0.88000        0.50000        0.73420
0.78000         0.88000        0.50000        0.72907
0.79000         0.88000        0.50000        0.72392
0.80000         0.88000        0.50000        0.71874
0.81000         0.88000        0.50000        0.71352
0.82000         0.88000        0.50000        0.70827
0.83000         0.88000        0.50000        0.70298
0.84000         0.88000        0.50000        0.69764
0.85000         0.88000        0.50000        0.69225
0.86000         0.88000        0.50000        0.68681
0.87000         0.88000        0.50000        0.68131
0.88000         0.88000        0.50000        0.67574
0.89000         0.88000        0.50000        0.67010
0.90000         0.88000        0.50000        0.66437
0.91000         0.88000        0.50000        0.65856
0.92000         0.88000        0.50000        0.65264
0.93000         0.88000        0.50000        0.64659
0.94000         0.88000        0.50000        0.64028
0.95000         0.88000        0.50000        0.63328
0.96000         0.88000        0.50000        0.62387
0.97000         0.88000        0.50000        0.60509
0.98000         0.88000        0.50000        0.55012
0.99000         0.88000        0.50000        0.37825
1.0000          0.88000        0.50000        -7.4560E-18
0.0000          0.89000        0.50000        -1.6515E-16
0.010000        0.89000        0.50000        0.39594
0.020000        0.89000        0.50000        0.56880
0.030000        0.89000        0.50000        0.62163
0.040000        0.89000        0.50000        0.63929
0.050000        0.89000        0.50000        0.64828
0.060000        0.89000        0.50000        0.65508
0.070000        0.89000        0.50000        0.66126
0.080000        0.89000        0.50000        0.66723
0.090000        0.89000        0.50000        0.67308
0.10000         0.89000        0.50000        0.67883
0.11000         0.89000        0.50000        0.68450
0.12000         0.89000        0.50000        0.69010
0.13000         0.89000        0.50000        0.69562
0.14000         0.89000        0.50000        0.70109
0.15000         0.89000        0.50000        0.70649
0.16000         0.89000        0.50000        0.71184
0.17000         0.89000        0.50000        0.71715
0.18000         0.89000        0.50000        0.72241
0.19000         0.89000        0.50000        0.72764
0.20000         0.89000        0.50000        0.73283
0.21000         0.89000        0.50000        0.73799
0.22000         0.89000        0.50000        0.74312
0.23000         0.89000        0.50000        0.74823
0.24000         0.89000        0.50000        0.75333
0.25000         0.89000        0.50000        0.75840
0.26000         0.89000        0.50000        0.76347
0.27000         0.89000        0.50000        0.76853
0.28000         0.89000        0.50000        0.77359
0.29000         0.89000        0.50000        0.77865
0.30000         0.89000        0.50000        0.78371
0.31000         0.89000        0.50000        0.78879
0.32000         0.89000        0.50000        0.79389
0.33000         0.89000        0.50000        0.79901
0.34000         0.89000        0.50000        0.80415
0.35000         0.89000        0.50000        0.80934
0.36000         0.89000        0.50000        0.81457
0.37000         0.89000        0.50000        0.81985
0.38000         0.89000        0.50000        0.82520
0.39000         0.89000        0.50000        0.83064
0.40000         0.89000        0.50000        0.83617
0.41000         0.89000        0.50000        0.84182
0.42000         0.89000        0.50000        0.84761
0.43000         0.89000        0.50000        0.85359
0.44000         0.89000        0.50000        0.85981
0.45000         0.89000        0.50000        0.86630
0.46000         0.89000        0.50000        0.87308
0.47000         0.89000        0.50000        0.88004
0.48000         0.89000        0.50000        0.88668
0.49000         0.89000        0.50000        0.89183
0.50000         0.89000        0.50000        0.89383
0.51000         0.89000        0.50000        0.89183
0.52000         0.89000        0.50000        0.88668
0.53000         0.89000        0.50000        0.88004
0.54000         0.89000        0.50000        0.87308
0.55000         0.89000        0.50000        0.86630
0.56000         0.89000        0.50000        0.85981
0.57000         0.89000        0.50000        0.85359
0.58000         0.89000        0.50000        0.84761
0.59000         0.89000        0.50000        0.84182
0.60000         0.89000        0.50000        0.83617
0.61000         0.89000        0.50000        0.83064
0.62000         0.89000        0.50000        0.82520
0.63000         0.89000        0.50000        0.81985
0.64000         0.89000        0.50000        0.81457
0.65000         0.89000        0.50000        0.80934
0.66000         0.89000        0.50000        0.80415
0.67000         0.89000        0.50000        0.79901
0.68000         0.89000        0.50000        0.79389
0.69000         0.89000        0.50000        0.78879
0.70000         0.89000        0.50000        0.78371
0.71000         0.89000        0.50000        0.77865
0.72000         0.89000        0.50000        0.77359
0.73000         0.89000        0.50000        0.76853
0.74000         0.89000        0.50000        0.76347
0.75000         0.89000        0.50000        0.75840
0.76000         0.89000        0.50000        0.75333
0.77000         0.89000        0.50000        0.74823
0.78000         0.89000        0.50000        0.74312
0.79000         0.89000        0.50000        0.73799
0.80000         0.89000        0.50000        0.73283
0.81000         0.89000        0.50000        0.72764
0.82000         0.89000        0.50000        0.72241
0.83000         0.89000        0.50000        0.71715
0.84000         0.89000        0.50000        0.71184
0.85000         0.89000        0.50000        0.70649
0.86000         0.89000        0.50000        0.70109
0.87000         0.89000        0.50000        0.69562
0.88000         0.89000        0.50000        0.69010
0.89000         0.89000        0.50000        0.68450
0.90000         0.89000        0.50000        0.67883
0.91000         0.89000        0.50000        0.67308
0.92000         0.89000        0.50000        0.66723
0.93000         0.89000        0.50000        0.66126
0.94000         0.89000        0.50000        0.65508
0.95000         0.89000        0.50000        0.64828
0.96000         0.89000        0.50000        0.63929
0.97000         0.89000        0.50000        0.62163
0.98000         0.89000        0.50000        0.56880
0.99000         0.89000        0.50000        0.39594
1.0000          0.89000        0.50000        -3.2965E-16
0.0000          0.90000        0.50000        4.4767E-18
0.010000        0.90000        0.50000        0.41356
0.020000        0.90000        0.50000        0.58689
0.030000        0.90000        0.50000        0.63756
0.040000        0.90000        0.50000        0.65416
0.050000        0.90000        0.50000        0.66279
0.060000        0.90000        0.50000        0.66944
0.070000        0.90000        0.50000        0.67553
0.080000        0.90000        0.50000        0.68143
0.090000        0.90000        0.50000        0.68722
0.10000         0.90000        0.50000        0.69292
0.11000         0.90000        0.50000        0.69854
0.12000         0.90000        0.50000        0.70409
0.13000         0.90000        0.50000        0.70958
0.14000         0.90000        0.50000        0.71501
0.15000         0.90000        0.50000        0.72038
0.16000         0.90000        0.50000        0.72570
0.17000         0.90000        0.50000        0.73098
0.18000         0.90000        0.50000        0.73622
0.19000         0.90000        0.50000        0.74142
0.20000         0.90000        0.50000        0.74659
0.21000         0.90000        0.50000        0.75173
0.22000         0.90000        0.50000        0.75684
0.23000         0.90000        0.50000        0.76194
0.24000         0.90000        0.50000        0.76701
0.25000         0.90000        0.50000        0.77208
0.26000         0.90000        0.50000        0.77713
0.27000         0.90000        0.50000        0.78218
0.28000         0.90000        0.50000        0.78723
0.29000         0.90000        0.50000        0.79228
0.30000         0.90000        0.50000        0.79734
0.31000         0.90000        0.50000        0.80241
0.32000         0.90000        0.50000        0.80750
0.33000         0.90000        0.50000        0.81261
0.34000         0.90000        0.50000        0.81776
0.35000         0.90000        0.50000        0.82294
0.36000         0.90000        0.50000        0.82817
0.37000         0.90000        0.50000        0.83345
0.38000         0.90000        0.50000        0.83880
0.39000         0.90000        0.50000        0.84423
0.40000         0.90000        0.50000        0.84975
0.41000         0.90000        0.50000        0.85539
0.42000         0.90000        0.50000        0.86116
0.43000         0.90000        0.50000        0.86711
0.44000         0.90000        0.50000        0.87327
0.45000         0.90000        0.50000        0.87965
0.46000         0.90000        0.50000        0.88623
0.47000         0.90000        0.50000        0.89286
0.48000         0.90000        0.50000        0.89900
0.49000         0.90000        0.50000        0.90363
0.50000         0.90000        0.50000        0.90540
0.51000         0.90000        0.50000        0.90363
0.52000         0.90000        0.50000        0.89900
0.53000         0.90000        0.50000        0.89286
0.54000         0.90000        0.50000        0.88623
0.55000         0.90000        0.50000        0.87965
0.56000         0.90000        0.50000        0.87327
0.57000         0.90000        0.50000        0.86711
0.58000         0.90000        0.50000        0.86116
0.59000         0.90000        0.50000        0.85539
0.60000         0.90000        0.50000        0.84975
0.61000         0.90000        0.50000        0.84423
0.62000         0.90000        0.50000        0.83880
0.63000         0.90000        0.50000        0.83345
0.64000         0.90000        0.50000        0.82817
0.65000         0.90000        0.50000        0.82294
0.66000         0.90000        0.50000        0.81776
0.67000         0.90000        0.50000        0.81261
0.68000         0.90000        0.50000        0.80750
0.69000         0.90000        0.50000        0.80241
0.70000         0.90000        0.50000        0.79734
0.71000         0.90000        0.50000        0.79228
0.72000         0.90000        0.50000        0.78723
0.73000         0.90000        0.50000        0.78218
0.74000         0.90000        0.50000        0.77713
0.75000         0.90000        0.50000        0.77208
0.76000         0.90000        0.50000        0.76701
0.77000         0.90000        0.50000        0.76194
0.78000         0.90000        0.50000        0.75684
0.79000         0.90000        0.50000        0.75173
0.80000         0.90000        0.50000        0.74659
0.81000         0.90000        0.50000        0.74142
0.82000         0.90000        0.50000        0.73622
0.83000         0.90000        0.50000        0.73098
0.84000         0.90000        0.50000        0.72570
0.85000         0.90000        0.50000        0.72038
0.86000         0.90000        0.50000        0.71501
0.87000         0.90000        0.50000        0.70958
0.88000         0.90000        0.50000        0.70409
0.89000         0.90000        0.50000        0.69854
0.90000         0.90000        0.50000        0.69292
0.91000         0.90000        0.50000        0.68722
0.92000         0.90000        0.50000        0.68143
0.93000         0.90000        0.50000        0.67553
0.94000         0.90000        0.50000        0.66944
0.95000         0.90000        0.50000        0.66279
0.96000         0.90000        0.50000        0.65416
0.97000         0.90000        0.50000        0.63756
0.98000         0.90000        0.50000        0.58689
0.99000         0.90000        0.50000        0.41356
1.0000          0.90000        0.50000        -7.8454E-18
0.0000          0.91000        0.50000        9.8594E-17
0.010000        0.91000        0.50000        0.43108
0.020000        0.91000        0.50000        0.60435
0.030000        0.91000        0.50000        0.65284
0.040000        0.91000        0.50000        0.66846
0.050000        0.91000        0.50000        0.67675
0.060000        0.91000        0.50000        0.68330
0.070000        0.91000        0.50000        0.68932
0.080000        0.91000        0.50000        0.69517
0.090000        0.91000        0.50000        0.70091
0.10000         0.91000        0.50000        0.70657
0.11000         0.91000        0.50000        0.71215
0.12000         0.91000        0.50000        0.71767
0.13000         0.91000        0.50000        0.72312
0.14000         0.91000        0.50000        0.72852
0.15000         0.91000        0.50000        0.73387
0.16000         0.91000        0.50000        0.73916
0.17000         0.91000        0.50000        0.74442
0.18000         0.91000        0.50000        0.74963
0.19000         0.91000        0.50000        0.75481
0.20000         0.91000        0.50000        0.75996
0.21000         0.91000        0.50000        0.76508
0.22000         0.91000        0.50000        0.77018
0.23000         0.91000        0.50000        0.77525
0.24000         0.91000        0.50000        0.78031
0.25000         0.91000        0.50000        0.78536
0.26000         0.91000        0.50000        0.79040
0.27000         0.91000        0.50000        0.79544
0.28000         0.91000        0.50000        0.80047
0.29000         0.91000        0.50000        0.80551
0.30000         0.91000        0.50000        0.81056
0.31000         0.91000        0.50000        0.81562
0.32000         0.91000        0.50000        0.82070
0.33000         0.91000        0.50000        0.82580
0.34000         0.91000        0.50000        0.83093
0.35000         0.91000        0.50000        0.83610
0.36000         0.91000        0.50000        0.84131
0.37000         0.91000        0.50000        0.84658
0.38000         0.91000        0.50000        0.85190
0.39000         0.91000        0.50000        0.85731
0.40000         0.91000        0.50000        0.86280
0.41000         0.91000        0.50000        0.86840
0.42000         0.91000        0.50000        0.87412
0.43000         0.91000        0.50000        0.87999
0.44000         0.91000        0.50000        0.88603
0.45000         0.91000        0.50000        0.89224
0.46000         0.91000        0.50000        0.89855
0.47000         0.91000        0.50000        0.90478
0.48000         0.91000        0.50000        0.91039
0.49000         0.91000        0.50000        0.91450
0.50000         0.91000        0.50000        0.91604
0.51000         0.91000        0.50000        0.91450
0.52000         0.91000        0.50000        0.91039
0.53000         0.91000        0.50000        0.90478
0.54000         0.91000        0.50000        0.89855
0.55000         0.91000        0.50000        0.89224
0.56000         0.91000        0.50000        0.88603
0.57000         0.91000        0.50000        0.87999
0.58000         0.91000        0.50000        0.87412
0.59000         0.91000        0.50000        0.86840
0.60000         0.91000        0.50000        0.86280
0.61000         0.91000        0.50000        0.85731
0.62000         0.91000        0.50000        0.85190
0.63000         0.91000        0.50000        0.84658
0.64000         0.91000        0.50000        0.84131
0.65000         0.91000        0.50000        0.83610
0.66000         0.91000        0.50000        0.83093
0.67000         0.91000        0.50000        0.82580
0.68000         0.91000        0.50000        0.82070
0.69000         0.91000        0.50000        0.81562
0.70000         0.91000        0.50000        0.81056
0.71000         0.91000        0.50000        0.80551
0.72000         0.91000        0.50000        0.80047
0.73000         0.91000        0.50000        0.79544
0.74000         0.91000        0.50000        0.79040
0.75000         0.91000        0.50000        0.78536
0.76000         0.91000        0.50000        0.78031
0.77000         0.91000        0.50000        0.77525
0.78000         0.91000        0.50000        0.77018
0.79000         0.91000        0.50000        0.76508
0.80000         0.91000        0.50000        0.75996
0.81000         0.91000        0.50000        0.75481
0.82000         0.91000        0.50000        0.74963
0.83000         0.91000        0.50000        0.74442
0.84000         0.91000        0.50000        0.73916
0.85000         0.91000        0.50000        0.73387
0.86000         0.91000        0.50000        0.72852
0.87000         0.91000        0.50000        0.72312
0.88000         0.91000        0.50000        0.71767
0.89000         0.91000        0.50000        0.71215
0.90000         0.91000        0.50000        0.70657
0.91000         0.91000        0.50000        0.70091
0.92000         0.91000        0.50000        0.69517
0.93000         0.91000        0.50000        0.68932
0.94000         0.91000        0.50000        0.68330
0.95000         0.91000        0.50000        0.67675
0.96000         0.91000        0.50000        0.66845
0.97000         0.91000        0.50000        0.65285
0.98000         0.91000        0.50000        0.60437
0.99000         0.91000        0.50000        0.43109
1.0000          0.91000        0.50000        8.0401E-17
0.0000          0.92000        0.50000        -1.7640E-16
0.010000        0.92000        0.50000        0.44815
0.020000        0.92000        0.50000        0.62118
0.030000        0.92000        0.50000        0.66745
0.040000        0.92000        0.50000        0.68212
0.050000        0.92000        0.50000        0.69011
0.060000        0.92000        0.50000        0.69657
0.070000        0.92000        0.50000        0.70256
0.080000        0.92000        0.50000        0.70837
0.090000        0.92000        0.50000        0.71408
0.10000         0.92000        0.50000        0.71971
0.11000         0.92000        0.50000        0.72526
0.12000         0.92000        0.50000        0.73075
0.13000         0.92000        0.50000        0.73618
0.14000         0.92000        0.50000        0.74156
0.15000         0.92000        0.50000        0.74688
0.16000         0.92000        0.50000        0.75216
0.17000         0.92000        0.50000        0.75739
0.18000         0.92000        0.50000        0.76258
0.19000         0.92000        0.50000        0.76774
0.20000         0.92000        0.50000        0.77287
0.21000         0.92000        0.50000        0.77798
0.22000         0.92000        0.50000        0.78306
0.23000         0.92000        0.50000        0.78812
0.24000         0.92000        0.50000        0.79316
0.25000         0.92000        0.50000        0.79819
0.26000         0.92000        0.50000        0.80322
0.27000         0.92000        0.50000        0.80824
0.28000         0.92000        0.50000        0.81325
0.29000         0.92000        0.50000        0.81828
0.30000         0.92000        0.50000        0.82330
0.31000         0.92000        0.50000        0.82835
0.32000         0.92000        0.50000        0.83340
0.33000         0.92000        0.50000        0.83848
0.34000         0.92000        0.50000        0.84359
0.35000         0.92000        0.50000        0.84873
0.36000         0.92000        0.50000        0.85392
0.37000         0.92000        0.50000        0.85915
0.38000         0.92000        0.50000        0.86443
0.39000         0.92000        0.50000        0.86979
0.40000         0.92000        0.50000        0.87522
0.41000         0.92000        0.50000        0.88074
0.42000         0.92000        0.50000        0.88637
0.43000         0.92000        0.50000        0.89212
0.44000         0.92000        0.50000        0.89799
0.45000         0.92000        0.50000        0.90396
0.46000         0.92000        0.50000        0.90994
0.47000         0.92000        0.50000        0.91571
0.48000         0.92000        0.50000        0.92079
0.49000         0.92000        0.50000        0.92442
0.50000         0.92000        0.50000        0.92575
0.51000         0.92000        0.50000        0.92442
0.52000         0.92000        0.50000        0.92079
0.53000         0.92000        0.50000        0.91571
0.54000         0.92000        0.50000        0.90994
0.55000         0.92000        0.50000        0.90396
0.56000         0.92000        0.50000        0.89799
0.57000         0.92000        0.50000        0.89212
0.58000         0.92000        0.50000        0.88637
0.59000         0.92000        0.50000        0.88074
0.60000         0.92000        0.50000        0.87522
0.61000         0.92000        0.50000        0.86979
0.62000         0.92000        0.50000        0.86443
0.63000         0.92000        0.50000        0.85915
0.64000         0.92000        0.50000        0.85392
0.65000         0.92000        0.50000        0.84873
0.66000         0.92000        0.50000        0.84359
0.67000         0.92000        0.50000        0.83848
0.68000         0.92000        0.50000        0.83340
0.69000         0.92000        0.50000        0.82835
0.70000         0.92000        0.50000        0.82330
0.71000         0.92000        0.50000        0.81828
0.72000         0.92000        0.50000        0.81325
0.73000         0.92000        0.50000        0.80824
0.74000         0.92000        0.50000        0.80322
0.75000         0.92000        0.50000        0.79819
0.76000         0.92000        0.50000        0.79316
0.77000         0.92000        0.50000        0.78812
0.78000         0.92000        0.50000        0.78306
0.79000         0.92000        0.50000        0.77798
0.80000         0.92000        0.50000        0.77287
0.81000         0.92000        0.50000        0.76774
0.82000         0.92000        0.50000        0.76258
0.83000         0.92000        0.50000        0.75739
0.84000         0.92000        0.50000        0.75216
0.85000         0.92000        0.50000        0.74688
0.86000         0.92000        0.50000        0.74156
0.87000         0.92000        0.50000        0.73618
0.88000         0.92000        0.50000        0.73075
0.89000         0.92000        0.50000        0.72526
0.90000         0.92000        0.50000        0.71971
0.91000         0.92000        0.50000        0.71408
0.92000         0.92000        0.50000        0.70837
0.93000         0.92000        0.50000        0.70256
0.94000         0.92000        0.50000        0.69657
0.95000         0.92000        0.50000        0.69011
0.96000         0.92000        0.50000        0.68211
0.97000         0.92000        0.50000        0.66745
0.98000         0.92000        0.50000        0.62121
0.99000         0.92000        0.50000        0.44817
1.0000          0.92000        0.50000        -2.3955E-16
0.0000          0.93000        0.50000        1.6699E-17
0.010000        0.93000        0.50000        0.46402
0.020000        0.93000        0.50000        0.63709
0.030000        0.93000        0.50000        0.68129
0.040000        0.93000        0.50000        0.69509
0.050000        0.93000        0.50000        0.70279
0.060000        0.93000        0.50000        0.70917
0.070000        0.93000        0.50000        0.71514
0.080000        0.93000        0.50000        0.72094
0.090000        0.93000        0.50000        0.72664
0.10000         0.93000        0.50000        0.73225
0.11000         0.93000        0.50000        0.73779
0.12000         0.93000        0.50000        0.74326
0.13000         0.93000        0.50000        0.74867
0.14000         0.93000        0.50000        0.75403
0.15000         0.93000        0.50000        0.75934
0.16000         0.93000        0.50000        0.76459
0.17000         0.93000        0.50000        0.76981
0.18000         0.93000        0.50000        0.77499
0.19000         0.93000        0.50000        0.78013
0.20000         0.93000        0.50000        0.78525
0.21000         0.93000        0.50000        0.79033
0.22000         0.93000        0.50000        0.79540
0.23000         0.93000        0.50000        0.80044
0.24000         0.93000        0.50000        0.80547
0.25000         0.93000        0.50000        0.81048
0.26000         0.93000        0.50000        0.81549
0.27000         0.93000        0.50000        0.82048
0.28000         0.93000        0.50000        0.82548
0.29000         0.93000        0.50000        0.83048
0.30000         0.93000        0.50000        0.83549
0.31000         0.93000        0.50000        0.84050
0.32000         0.93000        0.50000        0.84553
0.33000         0.93000        0.50000        0.85058
0.34000         0.93000        0.50000        0.85565
0.35000         0.93000        0.50000        0.86075
0.36000         0.93000        0.50000        0.86588
0.37000         0.93000        0.50000        0.87106
0.38000         0.93000        0.50000        0.87628
0.39000         0.93000        0.50000        0.88156
0.40000         0.93000        0.50000        0.88690
0.41000         0.93000        0.50000        0.89232
0.42000         0.93000        0.50000        0.89781
0.43000         0.93000        0.50000        0.90339
0.44000         0.93000        0.50000        0.90904
0.45000         0.93000        0.50000        0.91472
0.46000         0.93000        0.50000        0.92032
0.47000         0.93000        0.50000        0.92561
0.48000         0.93000        0.50000        0.93016
0.49000         0.93000        0.50000        0.93334
0.50000         0.93000        0.50000        0.93449
0.51000         0.93000        0.50000        0.93334
0.52000         0.93000        0.50000        0.93016
0.53000         0.93000        0.50000        0.92561
0.54000         0.93000        0.50000        0.92032
0.55000         0.93000        0.50000        0.91472
0.56000         0.93000        0.50000        0.90904
0.57000         0.93000        0.50000        0.90339
0.58000         0.93000        0.50000        0.89781
0.59000         0.93000        0.50000        0.89232
0.60000         0.93000        0.50000        0.88690
0.61000         0.93000        0.50000        0.88156
0.62000         0.93000        0.50000        0.87628
0.63000         0.93000        0.50000        0.87106
0.64000         0.93000        0.50000        0.86588
0.65000         0.93000        0.50000        0.86075
0.66000         0.93000        0.50000        0.85565
0.67000         0.93000        0.50000        0.85058
0.68000         0.93000        0.50000        0.84553
0.69000         0.93000        0.50000        0.84050
0.70000         0.93000        0.50000        0.83549
0.71000         0.93000        0.50000        0.83048
0.72000         0.93000        0.50000        0.82548
0.73000         0.93000        0.50000        0.82048
0.74000         0.93000        0.50000        0.81549
0.75000         0.93000        0.50000        0.81048
0.76000         0.93000        0.50000        0.80547
0.77000         0.93000        0.50000        0.80044
0.78000         0.93000        0.50000        0.79540
0.79000         0.93000        0.50000        0.79033
0.80000         0.93000        0.50000        0.78525
0.81000         0.93000        0.50000        0.78013
0.82000         0.93000        0.50000        0.77499
0.83000         0.93000        0.50000        0.76981
0.84000         0.93000        0.50000        0.76459
0.85000         0.93000        0.50000        0.75934
0.86000         0.93000        0.50000        0.75403
0.87000         0.93000        0.50000        0.74867
0.88000         0.93000        0.50000        0.74326
0.89000         0.93000        0.50000        0.73779
0.90000         0.93000        0.50000        0.73225
0.91000         0.93000        0.50000        0.72664
0.92000         0.93000        0.50000        0.72094
0.93000         0.93000        0.50000        0.71514
0.94000         0.93000        0.50000        0.70917
0.95000         0.93000        0.50000        0.70279
0.96000         0.93000        0.50000        0.69505
0.97000         0.93000        0.50000        0.68130
0.98000         0.93000        0.50000        0.63715
0.99000         0.93000        0.50000        0.46405
1.0000          0.93000        0.50000        -9.8696E-18
0.0000          0.94000        0.50000        0.0000
0.010000        0.94000        0.50000        0.47703
0.020000        0.94000        0.50000        0.65147
0.030000        0.94000        0.50000        0.69420
0.040000        0.94000        0.50000        0.70722
0.050000        0.94000        0.50000        0.71466
0.060000        0.94000        0.50000        0.72097
0.070000        0.94000        0.50000        0.72694
0.080000        0.94000        0.50000        0.73275
0.090000        0.94000        0.50000        0.73845
0.10000         0.94000        0.50000        0.74407
0.11000         0.94000        0.50000        0.74960
0.12000         0.94000        0.50000        0.75507
0.13000         0.94000        0.50000        0.76048
0.14000         0.94000        0.50000        0.76583
0.15000         0.94000        0.50000        0.77112
0.16000         0.94000        0.50000        0.77637
0.17000         0.94000        0.50000        0.78158
0.18000         0.94000        0.50000        0.78675
0.19000         0.94000        0.50000        0.79188
0.20000         0.94000        0.50000        0.79698
0.21000         0.94000        0.50000        0.80205
0.22000         0.94000        0.50000        0.80710
0.23000         0.94000        0.50000        0.81212
0.24000         0.94000        0.50000        0.81713
0.25000         0.94000        0.50000        0.82213
0.26000         0.94000        0.50000        0.82711
0.27000         0.94000        0.50000        0.83208
0.28000         0.94000        0.50000        0.83706
0.29000         0.94000        0.50000        0.84202
0.30000         0.94000        0.50000        0.84700
0.31000         0.94000        0.50000        0.85198
0.32000         0.94000        0.50000        0.85696
0.33000         0.94000        0.50000        0.86197
0.34000         0.94000        0.50000        0.86699
0.35000         0.94000        0.50000        0.87203
0.36000         0.94000        0.50000        0.87710
0.37000         0.94000        0.50000        0.88220
0.38000         0.94000        0.50000        0.88734
0.39000         0.94000        0.50000        0.89251
0.40000         0.94000        0.50000        0.89774
0.41000         0.94000        0.50000        0.90301
0.42000         0.94000        0.50000        0.90833
0.43000         0.94000        0.50000        0.91369
0.44000         0.94000        0.50000        0.91907
0.45000         0.94000        0.50000        0.92442
0.46000         0.94000        0.50000        0.92961
0.47000         0.94000        0.50000        0.93442
0.48000         0.94000        0.50000        0.93845
0.49000         0.94000        0.50000        0.94121
0.50000         0.94000        0.50000        0.94220
0.51000         0.94000        0.50000        0.94121
0.52000         0.94000        0.50000        0.93845
0.53000         0.94000        0.50000        0.93442
0.54000         0.94000        0.50000        0.92961
0.55000         0.94000        0.50000        0.92442
0.56000         0.94000        0.50000        0.91907
0.57000         0.94000        0.50000        0.91369
0.58000         0.94000        0.50000        0.90833
0.59000         0.94000        0.50000        0.90301
0.60000         0.94000        0.50000        0.89774
0.61000         0.94000        0.50000        0.89251
0.62000         0.94000        0.50000        0.88734
0.63000         0.94000        0.50000        0.88220
0.64000         0.94000        0.50000        0.87710
0.65000         0.94000        0.50000        0.87203
0.66000         0.94000        0.50000        0.86699
0.67000         0.94000        0.50000        0.86197
0.68000         0.94000        0.50000        0.85696
0.69000         0.94000        0.50000        0.85198
0.70000         0.94000        0.50000        0.84700
0.71000         0.94000        0.50000        0.84202
0.72000         0.94000        0.50000        0.83706
0.73000         0.94000        0.50000        0.83208
0.74000         0.94000        0.50000        0.82711
0.75000         0.94000        0.50000        0.82213
0.76000         0.94000        0.50000        0.81713
0.77000         0.94000        0.50000        0.81212
0.78000         0.94000        0.50000        0.80710
0.79000         0.94000        0.50000        0.80205
0.80000         0.94000        0.50000        0.79698
0.81000         0.94000        0.50000        0.79188
0.82000         0.94000        0.50000        0.78675
0.83000         0.94000        0.50000        0.78158
0.84000         0.94000        0.50000        0.77637
0.85000         0.94000        0.50000        0.77112
0.86000         0.94000        0.50000        0.76583
0.87000         0.94000        0.50000        0.76048
0.88000         0.94000        0.50000        0.75507
0.89000         0.94000        0.50000        0.74960
0.90000         0.94000        0.50000        0.74407
0.91000         0.94000        0.50000        0.73845
0.92000         0.94000        0.50000        0.73275
0.93000         0.94000        0.50000        0.72694
0.94000         0.94000        0.50000        0.72097
0.95000         0.94000        0.50000        0.71466
0.96000         0.94000        0.50000        0.70717
0.97000         0.94000        0.50000        0.69423
0.98000         0.94000        0.50000        0.65162
0.99000         0.94000        0.50000        0.47710
1.0000          0.94000        0.50000        -1.0521E-16
0.0000          0.95000        0.50000        9.4902E-17
0.010000        0.95000        0.50000        0.48580
0.020000        0.95000        0.50000        0.66238
0.030000        0.95000        0.50000        0.70536
0.040000        0.95000        0.50000        0.71815
0.050000        0.95000        0.50000        0.72550
0.060000        0.95000        0.50000        0.73179
0.070000        0.95000        0.50000        0.73778
0.080000        0.95000        0.50000        0.74363
0.090000        0.95000        0.50000        0.74936
0.10000         0.95000        0.50000        0.75500
0.11000         0.95000        0.50000        0.76055
0.12000         0.95000        0.50000        0.76603
0.13000         0.95000        0.50000        0.77145
0.14000         0.95000        0.50000        0.77680
0.15000         0.95000        0.50000        0.78210
0.16000         0.95000        0.50000        0.78735
0.17000         0.95000        0.50000        0.79256
0.18000         0.95000        0.50000        0.79772
0.19000         0.95000        0.50000        0.80285
0.20000         0.95000        0.50000        0.80794
0.21000         0.95000        0.50000        0.81300
0.22000         0.95000        0.50000        0.81803
0.23000         0.95000        0.50000        0.82304
0.24000         0.95000        0.50000        0.82803
0.25000         0.95000        0.50000        0.83300
0.26000         0.95000        0.50000        0.83796
0.27000         0.95000        0.50000        0.84291
0.28000         0.95000        0.50000        0.84785
0.29000         0.95000        0.50000        0.85278
0.30000         0.95000        0.50000        0.85771
0.31000         0.95000        0.50000        0.86265
0.32000         0.95000        0.50000        0.86758
0.33000         0.95000        0.50000        0.87253
0.34000         0.95000        0.50000        0.87748
0.35000         0.95000        0.50000        0.88245
0.36000         0.95000        0.50000        0.88744
0.37000         0.95000        0.50000        0.89244
0.38000         0.95000        0.50000        0.89746
0.39000         0.95000        0.50000        0.90251
0.40000         0.95000        0.50000        0.90759
0.41000         0.95000        0.50000        0.91268
0.42000         0.95000        0.50000        0.91779
0.43000         0.95000        0.50000        0.92291
0.44000         0.95000        0.50000        0.92799
0.45000         0.95000        0.50000        0.93297
0.46000         0.95000        0.50000        0.93773
0.47000         0.95000        0.50000        0.94206
0.48000         0.95000        0.50000        0.94562
0.49000         0.95000        0.50000        0.94801
0.50000         0.95000        0.50000        0.94886
0.51000         0.95000        0.50000        0.94801
0.52000         0.95000        0.50000        0.94562
0.53000         0.95000        0.50000        0.94206
0.54000         0.95000        0.50000        0.93773
0.55000         0.95000        0.50000        0.93297
0.56000         0.95000        0.50000        0.92799
0.57000         0.95000        0.50000        0.92291
0.58000         0.95000        0.50000        0.91779
0.59000         0.95000        0.50000        0.91268
0.60000         0.95000        0.50000        0.90759
0.61000         0.95000        0.50000        0.90251
0.62000         0.95000        0.50000        0.89746
0.63000         0.95000        0.50000        0.89244
0.64000         0.95000        0.50000        0.88744
0.65000         0.95000        0.50000        0.88245
0.66000         0.95000        0.50000        0.87748
0.67000         0.95000        0.50000        0.87253
0.68000         0.95000        0.50000        0.86758
0.69000         0.95000        0.50000        0.86265
0.70000         0.95000        0.50000        0.85771
0.71000         0.95000        0.50000        0.85278
0.72000         0.95000        0.50000        0.84785
0.73000         0.95000        0.50000        0.84291
0.74000         0.95000        0.50000        0.83796
0.75000         0.95000        0.50000        0.83300
0.76000         0.95000        0.50000        0.82803
0.77000         0.95000        0.50000        0.82304
0.78000         0.95000        0.50000        0.81803
0.79000         0.95000        0.50000        0.81300
0.80000         0.95000        0.50000        0.80794
0.81000         0.95000        0.50000        0.80285
0.82000         0.95000        0.50000        0.79772
0.83000         0.95000        0.50000        0.79256
0.84000         0.95000        0.50000        0.78735
0.85000         0.95000        0.50000        0.78210
0.86000         0.95000        0.50000        0.77680
0.87000         0.95000        0.50000        0.77145
0.88000         0.95000        0.50000        0.76603
0.89000         0.95000        0.50000        0.76055
0.90000         0.95000        0.50000        0.75500
0.91000         0.95000        0.50000        0.74936
0.92000         0.95000        0.50000        0.74363
0.93000         0.95000        0.50000        0.73778
0.94000         0.95000        0.50000        0.73179
0.95000         0.95000        0.50000        0.72549
0.96000         0.95000        0.50000        0.71810
0.97000         0.95000        0.50000        0.70538
0.98000         0.95000        0.50000        0.66269
0.99000         0.95000        0.50000        0.48598
1.0000          0.95000        0.50000        8.5491E-17
0.0000          0.96000        0.50000        1.1572E-16
0.010000        0.96000        0.50000        0.49051
0.020000        0.96000        0.50000        0.66854
0.030000        0.96000        0.50000        0.71255
0.040000        0.96000        0.50000        0.72611
0.050000        0.96000        0.50000        0.73405
0.060000        0.96000        0.50000        0.74075
0.070000        0.96000        0.50000        0.74702
0.080000        0.96000        0.50000        0.75306
0.090000        0.96000        0.50000        0.75894
0.10000         0.96000        0.50000        0.76469
0.11000         0.96000        0.50000        0.77033
0.12000         0.96000        0.50000        0.77587
0.13000         0.96000        0.50000        0.78134
0.14000         0.96000        0.50000        0.78673
0.15000         0.96000        0.50000        0.79206
0.16000         0.96000        0.50000        0.79733
0.17000         0.96000        0.50000        0.80255
0.18000         0.96000        0.50000        0.80772
0.19000         0.96000        0.50000        0.81285
0.20000         0.96000        0.50000        0.81794
0.21000         0.96000        0.50000        0.82299
0.22000         0.96000        0.50000        0.82802
0.23000         0.96000        0.50000        0.83302
0.24000         0.96000        0.50000        0.83799
0.25000         0.96000        0.50000        0.84294
0.26000         0.96000        0.50000        0.84787
0.27000         0.96000        0.50000        0.85279
0.28000         0.96000        0.50000        0.85769
0.29000         0.96000        0.50000        0.86259
0.30000         0.96000        0.50000        0.86747
0.31000         0.96000        0.50000        0.87235
0.32000         0.96000        0.50000        0.87723
0.33000         0.96000        0.50000        0.88210
0.34000         0.96000        0.50000        0.88698
0.35000         0.96000        0.50000        0.89185
0.36000         0.96000        0.50000        0.89674
0.37000         0.96000        0.50000        0.90162
0.38000         0.96000        0.50000        0.90651
0.39000         0.96000        0.50000        0.91141
0.40000         0.96000        0.50000        0.91631
0.41000         0.96000        0.50000        0.92120
0.42000         0.96000        0.50000        0.92607
0.43000         0.96000        0.50000        0.93091
0.44000         0.96000        0.50000        0.93566
0.45000         0.96000        0.50000        0.94027
0.46000         0.96000        0.50000        0.94460
0.47000         0.96000        0.50000        0.94846
0.48000         0.96000        0.50000        0.95158
0.49000         0.96000        0.50000        0.95364
0.50000         0.96000        0.50000        0.95436
0.51000         0.96000        0.50000        0.95364
0.52000         0.96000        0.50000        0.95158
0.53000         0.96000        0.50000        0.94846
0.54000         0.96000        0.50000        0.94460
0.55000         0.96000        0.50000        0.94027
0.56000         0.96000        0.50000        0.93566
0.57000         0.96000        0.50000        0.93091
0.58000         0.96000        0.50000        0.92607
0.59000         0.96000        0.50000        0.92120
0.60000         0.96000        0.50000        0.91631
0.61000         0.96000        0.50000        0.91141
0.62000         0.96000        0.50000        0.90651
0.63000         0.96000        0.50000        0.90162
0.64000         0.96000        0.50000        0.89674
0.65000         0.96000        0.50000        0.89185
0.66000         0.96000        0.50000        0.88698
0.67000         0.96000        0.50000        0.88210
0.68000         0.96000        0.50000        0.87723
0.69000         0.96000        0.50000        0.87235
0.70000         0.96000        0.50000        0.86747
0.71000         0.96000        0.50000        0.86259
0.72000         0.96000        0.50000        0.85769
0.73000         0.96000        0.50000        0.85279
0.74000         0.96000        0.50000        0.84787
0.75000         0.96000        0.50000        0.84294
0.76000         0.96000        0.50000        0.83799
0.77000         0.96000        0.50000        0.83302
0.78000         0.96000        0.50000        0.82802
0.79000         0.96000        0.50000        0.82299
0.80000         0.96000        0.50000        0.81794
0.81000         0.96000        0.50000        0.81285
0.82000         0.96000        0.50000        0.80772
0.83000         0.96000        0.50000        0.80255
0.84000         0.96000        0.50000        0.79733
0.85000         0.96000        0.50000        0.79206
0.86000         0.96000        0.50000        0.78673
0.87000         0.96000        0.50000        0.78134
0.88000         0.96000        0.50000        0.77587
0.89000         0.96000        0.50000        0.77033
0.90000         0.96000        0.50000        0.76469
0.91000         0.96000        0.50000        0.75895
0.92000         0.96000        0.50000        0.75307
0.93000         0.96000        0.50000        0.74702
0.94000         0.96000        0.50000        0.74075
0.95000         0.96000        0.50000        0.73408
0.96000         0.96000        0.50000        0.72611
0.97000         0.96000        0.50000        0.71278
0.98000         0.96000        0.50000        0.66919
0.99000         0.96000        0.50000        0.49097
1.0000          0.96000        0.50000        4.6462E-17
0.0000          0.97000        0.50000        1.0240E-16
0.010000        0.97000        0.50000        0.51879
0.020000        0.97000        0.50000        0.67247
0.030000        0.97000        0.50000        0.71303
0.040000        0.97000        0.50000        0.72903
0.050000        0.97000        0.50000        0.73822
0.060000        0.97000        0.50000        0.74576
0.070000        0.97000        0.50000        0.75267
0.080000        0.97000        0.50000        0.75920
0.090000        0.97000        0.50000        0.76548
0.10000         0.97000        0.50000        0.77154
0.11000         0.97000        0.50000        0.77745
0.12000         0.97000        0.50000        0.78322
0.13000         0.97000        0.50000        0.78887
0.14000         0.97000        0.50000        0.79443
0.15000         0.97000        0.50000        0.79989
0.16000         0.97000        0.50000        0.80528
0.17000         0.97000        0.50000        0.81060
0.18000         0.97000        0.50000        0.81586
0.19000         0.97000        0.50000        0.82106
0.20000         0.97000        0.50000        0.82621
0.21000         0.97000        0.50000        0.83131
0.22000         0.97000        0.50000        0.83637
0.23000         0.97000        0.50000        0.84140
0.24000         0.97000        0.50000        0.84639
0.25000         0.97000        0.50000        0.85135
0.26000         0.97000        0.50000        0.85628
0.27000         0.97000        0.50000        0.86119
0.28000         0.97000        0.50000        0.86607
0.29000         0.97000        0.50000        0.87094
0.30000         0.97000        0.50000        0.87579
0.31000         0.97000        0.50000        0.88062
0.32000         0.97000        0.50000        0.88544
0.33000         0.97000        0.50000        0.89025
0.34000         0.97000        0.50000        0.89505
0.35000         0.97000        0.50000        0.89983
0.36000         0.97000        0.50000        0.90461
0.37000         0.97000        0.50000        0.90937
0.38000         0.97000        0.50000        0.91412
0.39000         0.97000        0.50000        0.91885
0.40000         0.97000        0.50000        0.92356
0.41000         0.97000        0.50000        0.92823
0.42000         0.97000        0.50000        0.93285
0.43000         0.97000        0.50000        0.93740
0.44000         0.97000        0.50000        0.94182
0.45000         0.97000        0.50000        0.94605
0.46000         0.97000        0.50000        0.94996
0.47000         0.97000        0.50000        0.95339
0.48000         0.97000        0.50000        0.95611
0.49000         0.97000        0.50000        0.95789
0.50000         0.97000        0.50000        0.95851
0.51000         0.97000        0.50000        0.95789
0.52000         0.97000        0.50000        0.95611
0.53000         0.97000        0.50000        0.95339
0.54000         0.97000        0.50000        0.94996
0.55000         0.97000        0.50000        0.94605
0.56000         0.97000        0.50000        0.94182
0.57000         0.97000        0.50000        0.93740
0.58000         0.97000        0.50000        0.93285
0.59000         0.97000        0.50000        0.92823
0.60000         0.97000        0.50000        0.92356
0.61000         0.97000        0.50000        0.91885
0.62000         0.97000        0.50000        0.91412
0.63000         0.97000        0.50000        0.90937
0.64000         0.97000        0.50000        0.90461
0.65000         0.97000        0.50000        0.89983
0.66000         0.97000        0.50000        0.89505
0.67000         0.97000        0.50000        0.89025
0.68000         0.97000        0.50000        0.88544
0.69000         0.97000        0.50000        0.88062
0.70000         0.97000        0.50000        0.87579
0.71000         0.97000        0.50000        0.87094
0.72000         0.97000        0.50000        0.86607
0.73000         0.97000        0.50000        0.86119
0.74000         0.97000        0.50000        0.85628
0.75000         0.97000        0.50000        0.85135
0.76000         0.97000        0.50000        0.84639
0.77000         0.97000        0.50000        0.84140
0.78000         0.97000        0.50000        0.83637
0.79000         0.97000        0.50000        0.83131
0.80000         0.97000        0.50000        0.82621
0.81000         0.97000        0.50000        0.82106
0.82000         0.97000        0.50000        0.81586
0.83000         0.97000        0.50000        0.81060
0.84000         0.97000        0.50000        0.80528
0.85000         0.97000        0.50000        0.79989
0.86000         0.97000        0.50000        0.79443
0.87000         0.97000        0.50000        0.78887
0.88000         0.97000        0.50000        0.78322
0.89000         0.97000        0.50000        0.77745
0.90000         0.97000        0.50000        0.77154
0.91000         0.97000        0.50000        0.76547
0.92000         0.97000        0.50000        0.75920
0.93000         0.97000        0.50000        0.75266
0.94000         0.97000        0.50000        0.74574
0.95000         0.97000        0.50000        0.73818
0.96000         0.97000        0.50000        0.72900
0.97000         0.97000        0.50000        0.71280
0.98000         0.97000        0.50000        0.67295
0.99000         0.97000        0.50000        0.51833
1.0000          0.97000        0.50000        -9.8162E-17
0.0000          0.98000        0.50000        0.0000
0.010000        0.98000        0.50000        0.53385
0.020000        0.98000        0.50000        0.69513
0.030000        0.98000        0.50000        0.72033
0.040000        0.98000        0.50000        0.72918
0.050000        0.98000        0.50000        0.73582
0.060000        0.98000        0.50000        0.74207
0.070000        0.98000        0.50000        0.74829
0.080000        0.98000        0.50000        0.75455
0.090000        0.98000        0.50000        0.76081
0.10000         0.98000        0.50000        0.76701
0.11000         0.98000        0.50000        0.77315
0.12000         0.98000        0.50000        0.77920
0.13000         0.98000        0.50000        0.78517
0.14000         0.98000        0.50000        0.79106
0.15000         0.98000        0.50000        0.79685
0.16000         0.98000        0.50000        0.80256
0.17000         0.98000        0.50000        0.80819
0.18000         0.98000        0.50000        0.81375
0.19000         0.98000        0.50000        0.81923
0.20000         0.98000        0.50000        0.82465
0.21000         0.98000        0.50000        0.83001
0.22000         0.98000        0.50000        0.83531
0.23000         0.98000        0.50000        0.84056
0.24000         0.98000        0.50000        0.84576
0.25000         0.98000        0.50000        0.85091
0.26000         0.98000        0.50000        0.85602
0.27000         0.98000        0.50000        0.86109
0.28000         0.98000        0.50000        0.86612
0.29000         0.98000        0.50000        0.87111
0.30000         0.98000        0.50000        0.87607
0.31000         0.98000        0.50000        0.88100
0.32000         0.98000        0.50000        0.88590
0.33000         0.98000        0.50000        0.89077
0.34000         0.98000        0.50000        0.89560
0.35000         0.98000        0.50000        0.90041
0.36000         0.98000        0.50000        0.90518
0.37000         0.98000        0.50000        0.90992
0.38000         0.98000        0.50000        0.91462
0.39000         0.98000        0.50000        0.91928
0.40000         0.98000        0.50000        0.92388
0.41000         0.98000        0.50000        0.92842
0.42000         0.98000        0.50000        0.93286
0.43000         0.98000        0.50000        0.93719
0.44000         0.98000        0.50000        0.94135
0.45000         0.98000        0.50000        0.94527
0.46000         0.98000        0.50000        0.94885
0.47000         0.98000        0.50000        0.95194
0.48000         0.98000        0.50000        0.95435
0.49000         0.98000        0.50000        0.95590
0.50000         0.98000        0.50000        0.95644
0.51000         0.98000        0.50000        0.95590
0.52000         0.98000        0.50000        0.95435
0.53000         0.98000        0.50000        0.95194
0.54000         0.98000        0.50000        0.94885
0.55000         0.98000        0.50000        0.94527
0.56000         0.98000        0.50000        0.94135
0.57000         0.98000        0.50000        0.93719
0.58000         0.98000        0.50000        0.93286
0.59000         0.98000        0.50000        0.92842
0.60000         0.98000        0.50000        0.92388
0.61000         0.98000        0.50000        0.91928
0.62000         0.98000        0.50000        0.91462
0.63000         0.98000        0.50000        0.90992
0.64000         0.98000        0.50000        0.90518
0.65000         0.98000        0.50000        0.90041
0.66000         0.98000        0.50000        0.89560
0.67000         0.98000        0.50000        0.89077
0.68000         0.98000        0.50000        0.88590
0.69000         0.98000        0.50000        0.88100
0.70000         0.98000        0.50000        0.87607
0.71000         0.98000        0.50000        0.87111
0.72000         0.98000        0.50000        0.86612
0.73000         0.98000        0.50000        0.86109
0.74000         0.98000        0.50000        0.85602
0.75000         0.98000        0.50000        0.85091
0.76000         0.98000        0.50000        0.84576
0.77000         0.98000        0.50000        0.84056
0.78000         0.98000        0.50000        0.83531
0.79000         0.98000        0.50000        0.83001
0.80000         0.98000        0.50000        0.82465
0.81000         0.98000        0.50000        0.81923
0.82000         0.98000        0.50000        0.81375
0.83000         0.98000        0.50000        0.80819
0.84000         0.98000        0.50000        0.80256
0.85000         0.98000        0.50000        0.79685
0.86000         0.98000        0.50000        0.79106
0.87000         0.98000        0.50000        0.78517
0.88000         0.98000        0.50000        0.77920
0.89000         0.98000        0.50000        0.77314
0.90000         0.98000        0.50000        0.76699
0.91000         0.98000        0.50000        0.76076
0.92000         0.98000        0.50000        0.75449
0.93000         0.98000        0.50000        0.74819
0.94000         0.98000        0.50000        0.74190
0.95000         0.98000        0.50000        0.73560
0.96000         0.98000        0.50000        0.72897
0.97000         0.98000        0.50000        0.72017
0.98000         0.98000        0.50000        0.69483
0.99000         0.98000        0.50000        0.53361
1.0000          0.98000        0.50000        8.2416E-17
0.0000          0.99000        0.50000        0.0000
0.010000        0.99000        0.50000        0.43081
0.020000        0.99000        0.50000        0.59997
0.030000        0.99000        0.50000        0.63221
0.040000        0.99000        0.50000        0.63909
0.050000        0.99000        0.50000        0.64354
0.060000        0.99000        0.50000        0.64800
0.070000        0.99000        0.50000        0.65272
0.080000        0.99000        0.50000        0.65773
0.090000        0.99000        0.50000        0.66296
0.10000         0.99000        0.50000        0.66835
0.11000         0.99000        0.50000        0.67388
0.12000         0.99000        0.50000        0.67950
0.13000         0.99000        0.50000        0.68518
0.14000         0.99000        0.50000        0.69092
0.15000         0.99000        0.50000        0.69669
0.16000         0.99000        0.50000        0.70247
0.17000         0.99000        0.50000        0.70827
0.18000         0.99000        0.50000        0.71406
0.19000         0.99000        0.50000        0.71985
0.20000         0.99000        0.50000        0.72563
0.21000         0.99000        0.50000        0.73139
0.22000         0.99000        0.50000        0.73712
0.23000         0.99000        0.50000        0.74284
0.24000         0.99000        0.50000        0.74853
0.25000         0.99000        0.50000        0.75419
0.26000         0.99000        0.50000        0.75982
0.27000         0.99000        0.50000        0.76542
0.28000         0.99000        0.50000        0.77099
0.29000         0.99000        0.50000        0.77653
0.30000         0.99000        0.50000        0.78203
0.31000         0.99000        0.50000        0.78749
0.32000         0.99000        0.50000        0.79292
0.33000         0.99000        0.50000        0.79830
0.34000         0.99000        0.50000        0.80364
0.35000         0.99000        0.50000        0.80893
0.36000         0.99000        0.50000        0.81418
0.37000         0.99000        0.50000        0.81936
0.38000         0.99000        0.50000        0.82448
0.39000         0.99000        0.50000        0.82952
0.40000         0.99000        0.50000        0.83448
0.41000         0.99000        0.50000        0.83933
0.42000         0.99000        0.50000        0.84404
0.43000         0.99000        0.50000        0.84858
0.44000         0.99000        0.50000        0.85289
0.45000         0.99000        0.50000        0.85691
0.46000         0.99000        0.50000        0.86051
0.47000         0.99000        0.50000        0.86357
0.48000         0.99000        0.50000        0.86594
0.49000         0.99000        0.50000        0.86743
0.50000         0.99000        0.50000        0.86795
0.51000         0.99000        0.50000        0.86743
0.52000         0.99000        0.50000        0.86594
0.53000         0.99000        0.50000        0.86357
0.54000         0.99000        0.50000        0.86051
0.55000         0.99000        0.50000        0.85691
0.56000         0.99000        0.50000        0.85289
0.57000         0.99000        0.50000        0.84858
0.58000         0.99000        0.50000        0.84404
0.59000         0.99000        0.50000        0.83933
0.60000         0.99000        0.50000        0.83448
0.61000         0.99000        0.50000        0.82952
0.62000         0.99000        0.50000        0.82448
0.63000         0.99000        0.50000        0.81936
0.64000         0.99000        0.50000        0.81418
0.65000         0.99000        0.50000        0.80893
0.66000         0.99000        0.50000        0.80364
0.67000         0.99000        0.50000        0.79830
0.68000         0.99000        0.50000        0.79292
0.69000         0.99000        0.50000        0.78749
0.70000         0.99000        0.50000        0.78203
0.71000         0.99000        0.50000        0.77653
0.72000         0.99000        0.50000        0.77099
0.73000         0.99000        0.50000        0.76542
0.74000         0.99000        0.50000        0.75982
0.75000         0.99000        0.50000        0.75419
0.76000         0.99000        0.50000        0.74853
0.77000         0.99000        0.50000        0.74284
0.78000         0.99000        0.50000        0.73712
0.79000         0.99000        0.50000        0.73139
0.80000         0.99000        0.50000        0.72563
0.81000         0.99000        0.50000        0.71985
0.82000         0.99000        0.50000        0.71406
0.83000         0.99000        0.50000        0.70827
0.84000         0.99000        0.50000        0.70247
0.85000         0.99000        0.50000        0.69669
0.86000         0.99000        0.50000        0.69092
0.87000         0.99000        0.50000        0.68518
0.88000         0.99000        0.50000        0.67950
0.89000         0.99000        0.50000        0.67387
0.90000         0.99000        0.50000        0.66834
0.91000         0.99000        0.50000        0.66293
0.92000         0.99000        0.50000        0.65769
0.93000         0.99000        0.50000        0.65267
0.94000         0.99000        0.50000        0.64791
0.95000         0.99000        0.50000        0.64342
0.96000         0.99000        0.50000        0.63902
0.97000         0.99000        0.50000        0.63224
0.98000         0.99000        0.50000        0.60054
0.99000         0.99000        0.50000        0.43002
1.0000          0.99000        0.50000        4.4290E-16
0.0000          1.0000         0.50000        0.0000
0.010000        1.0000         0.50000        3.9012E-17
0.020000        1.0000         0.50000        2.8432E-17
0.030000        1.0000         0.50000        1.1226E-17
0.040000        1.0000         0.50000        6.4067E-18
0.050000        1.0000         0.50000        6.2755E-18
0.060000        1.0000         0.50000        6.0841E-18
0.070000        1.0000         0.50000        9.3234E-18
0.080000        1.0000         0.50000        9.4661E-18
0.090000        1.0000         0.50000        9.6070E-18
0.10000         1.0000         0.50000        1.3023E-17
0.11000         1.0000         0.50000        1.3251E-17
0.12000         1.0000         0.50000        1.3468E-17
0.13000         1.0000         0.50000        1.3679E-17
0.14000         1.0000         0.50000        1.3918E-17
0.15000         1.0000         0.50000        7.0707E-18
0.16000         1.0000         0.50000        7.1751E-18
0.17000         1.0000         0.50000        7.2722E-18
0.18000         1.0000         0.50000        0.0000
0.19000         1.0000         0.50000        0.0000
0.20000         1.0000         0.50000        0.0000
0.21000         1.0000         0.50000        -7.5886E-18
0.22000         1.0000         0.50000        -7.6508E-18
0.23000         1.0000         0.50000        -7.7066E-18
0.24000         1.0000         0.50000        -1.5512E-17
0.25000         1.0000         0.50000        0.0000
0.26000         1.0000         0.50000        -1.5674E-17
0.27000         1.0000         0.50000        -1.5736E-17
0.28000         1.0000         0.50000        -1.5787E-17
0.29000         1.0000         0.50000        -3.1648E-17
0.30000         1.0000         0.50000        -3.1696E-17
0.31000         1.0000         0.50000        -3.1716E-17
0.32000         1.0000         0.50000        -3.1704E-17
0.33000         1.0000         0.50000        -3.1657E-17
0.34000         1.0000         0.50000        -3.1570E-17
0.35000         1.0000         0.50000        -3.1438E-17
0.36000         1.0000         0.50000        -4.6878E-17
0.37000         1.0000         0.50000        -4.6501E-17
0.38000         1.0000         0.50000        -4.6004E-17
0.39000         1.0000         0.50000        -4.5356E-17
0.40000         1.0000         0.50000        -4.4514E-17
0.41000         1.0000         0.50000        -4.3418E-17
0.42000         1.0000         0.50000        -5.5974E-17
0.43000         1.0000         0.50000        -5.3442E-17
0.44000         1.0000         0.50000        -5.0075E-17
0.45000         1.0000         0.50000        -4.5597E-17
0.46000         1.0000         0.50000        -3.9697E-17
0.47000         1.0000         0.50000        -3.2109E-17
0.48000         1.0000         0.50000        -2.8426E-17
0.49000         1.0000         0.50000        -1.4784E-17
0.50000         1.0000         0.50000        0.0000
0.51000         1.0000         0.50000        1.1827E-17
0.52000         1.0000         0.50000        2.2741E-17
0.53000         1.0000         0.50000        3.2109E-17
0.54000         1.0000         0.50000        3.9697E-17
0.55000         1.0000         0.50000        4.5597E-17
0.56000         1.0000         0.50000        5.0075E-17
0.57000         1.0000         0.50000        5.3442E-17
0.58000         1.0000         0.50000        8.3961E-17
0.59000         1.0000         0.50000        8.6835E-17
0.60000         1.0000         0.50000        8.9028E-17
0.61000         1.0000         0.50000        9.0711E-17
0.62000         1.0000         0.50000        9.2007E-17
0.63000         1.0000         0.50000        9.3001E-17
0.64000         1.0000         0.50000        9.3756E-17
0.65000         1.0000         0.50000        9.4315E-17
0.66000         1.0000         0.50000        9.4711E-17
0.67000         1.0000         0.50000        9.4971E-17
0.68000         1.0000         0.50000        9.5112E-17
0.69000         1.0000         0.50000        9.5147E-17
0.70000         1.0000         0.50000        9.5089E-17
0.71000         1.0000         0.50000        1.2659E-16
0.72000         1.0000         0.50000        1.2629E-16
0.73000         1.0000         0.50000        1.2589E-16
0.74000         1.0000         0.50000        1.2539E-16
0.75000         1.0000         0.50000        0.0000
0.76000         1.0000         0.50000        1.2410E-16
0.77000         1.0000         0.50000        1.2330E-16
0.78000         1.0000         0.50000        1.2241E-16
0.79000         1.0000         0.50000        1.2142E-16
0.80000         1.0000         0.50000        1.2032E-16
0.81000         1.0000         0.50000        1.1911E-16
0.82000         1.0000         0.50000        1.1779E-16
0.83000         1.0000         0.50000        1.1635E-16
0.84000         1.0000         0.50000        1.4350E-16
0.85000         1.0000         0.50000        1.4141E-16
0.86000         1.0000         0.50000        1.3918E-16
0.87000         1.0000         0.50000        1.3681E-16
0.88000         1.0000         0.50000        1.3406E-16
0.89000         1.0000         0.50000        1.3112E-16
0.90000         1.0000         0.50000        1.2801E-16
0.91000         1.0000         0.50000        1.2476E-16
0.92000         1.0000         0.50000        1.2129E-16
0.93000         1.0000         0.50000        1.1566E-16
0.94000         1.0000         0.50000        1.1014E-16
0.95000         1.0000         0.50000        1.1420E-16
0.96000         1.0000         0.50000        1.8738E-16
0.97000         1.0000         0.50000        0.0000
0.98000         1.0000         0.50000        2.1324E-15
0.99000         1.0000         0.50000        5.0849E-15
1.0000          1.0000         0.50000        0.0000
