0.0000          0.0000         1.0000         0.0000
0.010000        0.0000         1.0000         -5.1224E-19
0.020000        0.0000         1.0000         -3.8945E-19
0.030000        0.0000         1.0000         -4.0254E-19
0.040000        0.0000         1.0000         -3.6168E-19
0.050000        0.0000         1.0000         -3.1967E-19
0.060000        0.0000         1.0000         -2.8893E-19
0.070000        0.0000         1.0000         -2.6014E-19
0.080000        0.0000         1.0000         -2.3411E-19
0.090000        0.0000         1.0000         -2.0978E-19
0.10000         0.0000         1.0000         -1.8740E-19
0.11000         0.0000         1.0000         -1.6701E-19
0.12000         0.0000         1.0000         -1.4800E-19
0.13000         0.0000         1.0000         -1.3012E-19
0.14000         0.0000         1.0000         -1.1360E-19
0.15000         0.0000         1.0000         -9.8717E-20
0.16000         0.0000         1.0000         -8.4730E-20
0.17000         0.0000         1.0000         -7.1935E-20
0.18000         0.0000         1.0000         -6.0459E-20
0.19000         0.0000         1.0000         -4.9795E-20
0.20000         0.0000         1.0000         -4.0103E-20
0.21000         0.0000         1.0000         -3.1420E-20
0.22000         0.0000         1.0000         -2.3431E-20
0.23000         0.0000         1.0000         -1.6204E-20
0.24000         0.0000         1.0000         -9.7102E-21
0.25000         0.0000         1.0000         -2.3672E-21
0.26000         0.0000         1.0000         1.5370E-21
0.27000         0.0000         1.0000         6.3470E-21
0.28000         0.0000         1.0000         1.0686E-20
0.29000         0.0000         1.0000         1.4719E-20
0.30000         0.0000         1.0000         1.8301E-20
0.31000         0.0000         1.0000         2.1567E-20
0.32000         0.0000         1.0000         2.4574E-20
0.33000         0.0000         1.0000         2.7390E-20
0.34000         0.0000         1.0000         3.0101E-20
0.35000         0.0000         1.0000         3.2816E-20
0.36000         0.0000         1.0000         3.6000E-20
0.37000         0.0000         1.0000         3.9297E-20
0.38000         0.0000         1.0000         4.3299E-20
0.39000         0.0000         1.0000         4.8434E-20
0.40000         0.0000         1.0000         5.5227E-20
0.41000         0.0000         1.0000         6.4227E-20
0.42000         0.0000         1.0000         7.6505E-20
0.43000         0.0000         1.0000         9.0536E-20
0.44000         0.0000         1.0000         1.0547E-19
0.45000         0.0000         1.0000         1.1809E-19
0.46000         0.0000         1.0000         1.2335E-19
0.47000         0.0000         1.0000         1.1549E-19
0.48000         0.0000         1.0000         9.1585E-20
0.49000         0.0000         1.0000         5.0298E-20
0.50000         0.0000         1.0000         1.5475E-19
0.51000         0.0000         1.0000         -4.8158E-20
0.52000         0.0000         1.0000         -8.3953E-20
0.53000         0.0000         1.0000         -1.0239E-19
0.54000         0.0000         1.0000         -1.0466E-19
0.55000         0.0000         1.0000         -9.5876E-20
0.56000         0.0000         1.0000         -8.1920E-20
0.57000         0.0000         1.0000         -6.7256E-20
0.58000         0.0000         1.0000         -5.5770E-20
0.59000         0.0000         1.0000         -4.5197E-20
0.60000         0.0000         1.0000         -3.7153E-20
0.61000         0.0000         1.0000         -3.1136E-20
0.62000         0.0000         1.0000         -2.6587E-20
0.63000         0.0000         1.0000         -2.3036E-20
0.64000         0.0000         1.0000         -2.0136E-20
0.65000         0.0000         1.0000         -1.7649E-20
0.66000         0.0000         1.0000         -1.5423E-20
0.67000         0.0000         1.0000         -1.3361E-20
0.68000         0.0000         1.0000         -1.1402E-20
0.69000         0.0000         1.0000         -9.5097E-21
0.70000         0.0000         1.0000         -7.6608E-21
0.71000         0.0000         1.0000         -6.0673E-21
0.72000         0.0000         1.0000         -4.2098E-21
0.73000         0.0000         1.0000         -2.3683E-21
0.74000         0.0000         1.0000         -5.4247E-22
0.75000         0.0000         1.0000         2.0462E-19
0.76000         0.0000         1.0000         3.0518E-21
0.77000         0.0000         1.0000         4.8097E-21
0.78000         0.0000         1.0000         6.5312E-21
0.79000         0.0000         1.0000         8.2058E-21
0.80000         0.0000         1.0000         9.8212E-21
0.81000         0.0000         1.0000         1.1363E-20
0.82000         0.0000         1.0000         1.2812E-20
0.83000         0.0000         1.0000         1.4151E-20
0.84000         0.0000         1.0000         1.6452E-20
0.85000         0.0000         1.0000         1.7662E-20
0.86000         0.0000         1.0000         1.8694E-20
0.87000         0.0000         1.0000         1.9518E-20
0.88000         0.0000         1.0000         2.0099E-20
0.89000         0.0000         1.0000         2.0399E-20
0.90000         0.0000         1.0000         2.0392E-20
0.91000         0.0000         1.0000         2.0038E-20
0.92000         0.0000         1.0000         1.9257E-20
0.93000         0.0000         1.0000         1.7928E-20
0.94000         0.0000         1.0000         1.5972E-20
0.95000         0.0000         1.0000         1.3784E-20
0.96000         0.0000         1.0000         1.4415E-20
0.97000         0.0000         1.0000         1.1840E-20
0.98000         0.0000         1.0000         7.6524E-21
0.99000         0.0000         1.0000         7.4681E-21
1.0000          0.0000         1.0000         0.0000
0.0000          0.010000       1.0000         6.4366E-21
0.010000        0.010000       1.0000         2.2644E-4
0.020000        0.010000       1.0000         4.5181E-4
0.030000        0.010000       1.0000         6.7488E-4
0.040000        0.010000       1.0000         8.9504E-4
0.050000        0.010000       1.0000         0.0011117
0.060000        0.010000       1.0000         0.0013244
0.070000        0.010000       1.0000         0.0015329
0.080000        0.010000       1.0000         0.0017369
0.090000        0.010000       1.0000         0.0019363
0.10000         0.010000       1.0000         0.0021311
0.11000         0.010000       1.0000         0.0023212
0.12000         0.010000       1.0000         0.0025066
0.13000         0.010000       1.0000         0.0026874
0.14000         0.010000       1.0000         0.0028637
0.15000         0.010000       1.0000         0.0030354
0.16000         0.010000       1.0000         0.0032028
0.17000         0.010000       1.0000         0.0033659
0.18000         0.010000       1.0000         0.0035249
0.19000         0.010000       1.0000         0.0036798
0.20000         0.010000       1.0000         0.0038308
0.21000         0.010000       1.0000         0.0039781
0.22000         0.010000       1.0000         0.0041217
0.23000         0.010000       1.0000         0.0042618
0.24000         0.010000       1.0000         0.0043985
0.25000         0.010000       1.0000         0.0045319
0.26000         0.010000       1.0000         0.0046623
0.27000         0.010000       1.0000         0.0047896
0.28000         0.010000       1.0000         0.0049141
0.29000         0.010000       1.0000         0.0050359
0.30000         0.010000       1.0000         0.0051551
0.31000         0.010000       1.0000         0.0052718
0.32000         0.010000       1.0000         0.0053863
0.33000         0.010000       1.0000         0.0054985
0.34000         0.010000       1.0000         0.0056087
0.35000         0.010000       1.0000         0.0057170
0.36000         0.010000       1.0000         0.0058236
0.37000         0.010000       1.0000         0.0059286
0.38000         0.010000       1.0000         0.0060322
0.39000         0.010000       1.0000         0.0061345
0.40000         0.010000       1.0000         0.0062355
0.41000         0.010000       1.0000         0.0063352
0.42000         0.010000       1.0000         0.0064332
0.43000         0.010000       1.0000         0.0065289
0.44000         0.010000       1.0000         0.0066211
0.45000         0.010000       1.0000         0.0067080
0.46000         0.010000       1.0000         0.0067868
0.47000         0.010000       1.0000         0.0068541
0.48000         0.010000       1.0000         0.0069060
0.49000         0.010000       1.0000         0.0069390
0.50000         0.010000       1.0000         0.0069503
0.51000         0.010000       1.0000         0.0069390
0.52000         0.010000       1.0000         0.0069060
0.53000         0.010000       1.0000         0.0068541
0.54000         0.010000       1.0000         0.0067868
0.55000         0.010000       1.0000         0.0067080
0.56000         0.010000       1.0000         0.0066211
0.57000         0.010000       1.0000         0.0065289
0.58000         0.010000       1.0000         0.0064332
0.59000         0.010000       1.0000         0.0063352
0.60000         0.010000       1.0000         0.0062355
0.61000         0.010000       1.0000         0.0061345
0.62000         0.010000       1.0000         0.0060322
0.63000         0.010000       1.0000         0.0059286
0.64000         0.010000       1.0000         0.0058236
0.65000         0.010000       1.0000         0.0057170
0.66000         0.010000       1.0000         0.0056087
0.67000         0.010000       1.0000         0.0054985
0.68000         0.010000       1.0000         0.0053863
0.69000         0.010000       1.0000         0.0052718
0.70000         0.010000       1.0000         0.0051551
0.71000         0.010000       1.0000         0.0050359
0.72000         0.010000       1.0000         0.0049141
0.73000         0.010000       1.0000         0.0047896
0.74000         0.010000       1.0000         0.0046623
0.75000         0.010000       1.0000         0.0045319
0.76000         0.010000       1.0000         0.0043985
0.77000         0.010000       1.0000         0.0042618
0.78000         0.010000       1.0000         0.0041217
0.79000         0.010000       1.0000         0.0039781
0.80000         0.010000       1.0000         0.0038308
0.81000         0.010000       1.0000         0.0036798
0.82000         0.010000       1.0000         0.0035249
0.83000         0.010000       1.0000         0.0033659
0.84000         0.010000       1.0000         0.0032028
0.85000         0.010000       1.0000         0.0030354
0.86000         0.010000       1.0000         0.0028637
0.87000         0.010000       1.0000         0.0026874
0.88000         0.010000       1.0000         0.0025066
0.89000         0.010000       1.0000         0.0023212
0.90000         0.010000       1.0000         0.0021311
0.91000         0.010000       1.0000         0.0019363
0.92000         0.010000       1.0000         0.0017369
0.93000         0.010000       1.0000         0.0015329
0.94000         0.010000       1.0000         0.0013244
0.95000         0.010000       1.0000         0.0011117
0.96000         0.010000       1.0000         8.9503E-4
0.97000         0.010000       1.0000         6.7487E-4
0.98000         0.010000       1.0000         4.5176E-4
0.99000         0.010000       1.0000         2.2647E-4
1.0000          0.010000       1.0000         0.0000
0.0000          0.020000       1.0000         1.4651E-22
0.010000        0.020000       1.0000         4.4752E-4
0.020000        0.020000       1.0000         8.9300E-4
0.030000        0.020000       1.0000         0.0013340
0.040000        0.020000       1.0000         0.0017695
0.050000        0.020000       1.0000         0.0021981
0.060000        0.020000       1.0000         0.0026192
0.070000        0.020000       1.0000         0.0030322
0.080000        0.020000       1.0000         0.0034365
0.090000        0.020000       1.0000         0.0038319
0.10000         0.020000       1.0000         0.0042183
0.11000         0.020000       1.0000         0.0045957
0.12000         0.020000       1.0000         0.0049639
0.13000         0.020000       1.0000         0.0053232
0.14000         0.020000       1.0000         0.0056736
0.15000         0.020000       1.0000         0.0060152
0.16000         0.020000       1.0000         0.0063484
0.17000         0.020000       1.0000         0.0066731
0.18000         0.020000       1.0000         0.0069898
0.19000         0.020000       1.0000         0.0072986
0.20000         0.020000       1.0000         0.0075998
0.21000         0.020000       1.0000         0.0078936
0.22000         0.020000       1.0000         0.0081802
0.23000         0.020000       1.0000         0.0084600
0.24000         0.020000       1.0000         0.0087331
0.25000         0.020000       1.0000         0.0089998
0.26000         0.020000       1.0000         0.0092604
0.27000         0.020000       1.0000         0.0095151
0.28000         0.020000       1.0000         0.0097642
0.29000         0.020000       1.0000         0.010008
0.30000         0.020000       1.0000         0.010247
0.31000         0.020000       1.0000         0.010480
0.32000         0.020000       1.0000         0.010710
0.33000         0.020000       1.0000         0.010935
0.34000         0.020000       1.0000         0.011156
0.35000         0.020000       1.0000         0.011373
0.36000         0.020000       1.0000         0.011587
0.37000         0.020000       1.0000         0.011797
0.38000         0.020000       1.0000         0.012005
0.39000         0.020000       1.0000         0.012211
0.40000         0.020000       1.0000         0.012414
0.41000         0.020000       1.0000         0.012615
0.42000         0.020000       1.0000         0.012813
0.43000         0.020000       1.0000         0.013007
0.44000         0.020000       1.0000         0.013194
0.45000         0.020000       1.0000         0.013372
0.46000         0.020000       1.0000         0.013534
0.47000         0.020000       1.0000         0.013673
0.48000         0.020000       1.0000         0.013781
0.49000         0.020000       1.0000         0.013850
0.50000         0.020000       1.0000         0.013874
0.51000         0.020000       1.0000         0.013850
0.52000         0.020000       1.0000         0.013781
0.53000         0.020000       1.0000         0.013673
0.54000         0.020000       1.0000         0.013534
0.55000         0.020000       1.0000         0.013372
0.56000         0.020000       1.0000         0.013194
0.57000         0.020000       1.0000         0.013007
0.58000         0.020000       1.0000         0.012813
0.59000         0.020000       1.0000         0.012615
0.60000         0.020000       1.0000         0.012414
0.61000         0.020000       1.0000         0.012211
0.62000         0.020000       1.0000         0.012005
0.63000         0.020000       1.0000         0.011797
0.64000         0.020000       1.0000         0.011587
0.65000         0.020000       1.0000         0.011373
0.66000         0.020000       1.0000         0.011156
0.67000         0.020000       1.0000         0.010935
0.68000         0.020000       1.0000         0.010710
0.69000         0.020000       1.0000         0.010480
0.70000         0.020000       1.0000         0.010247
0.71000         0.020000       1.0000         0.010008
0.72000         0.020000       1.0000         0.0097642
0.73000         0.020000       1.0000         0.0095151
0.74000         0.020000       1.0000         0.0092604
0.75000         0.020000       1.0000         0.0089998
0.76000         0.020000       1.0000         0.0087331
0.77000         0.020000       1.0000         0.0084600
0.78000         0.020000       1.0000         0.0081802
0.79000         0.020000       1.0000         0.0078936
0.80000         0.020000       1.0000         0.0075998
0.81000         0.020000       1.0000         0.0072986
0.82000         0.020000       1.0000         0.0069898
0.83000         0.020000       1.0000         0.0066731
0.84000         0.020000       1.0000         0.0063484
0.85000         0.020000       1.0000         0.0060152
0.86000         0.020000       1.0000         0.0056736
0.87000         0.020000       1.0000         0.0053232
0.88000         0.020000       1.0000         0.0049639
0.89000         0.020000       1.0000         0.0045957
0.90000         0.020000       1.0000         0.0042183
0.91000         0.020000       1.0000         0.0038319
0.92000         0.020000       1.0000         0.0034365
0.93000         0.020000       1.0000         0.0030322
0.94000         0.020000       1.0000         0.0026192
0.95000         0.020000       1.0000         0.0021981
0.96000         0.020000       1.0000         0.0017695
0.97000         0.020000       1.0000         0.0013340
0.98000         0.020000       1.0000         8.9296E-4
0.99000         0.020000       1.0000         4.4757E-4
1.0000          0.020000       1.0000         0.0000
0.0000          0.030000       1.0000         3.2145E-20
0.010000        0.030000       1.0000         6.5910E-4
0.020000        0.030000       1.0000         0.0013153
0.030000        0.030000       1.0000         0.0019650
0.040000        0.030000       1.0000         0.0026071
0.050000        0.030000       1.0000         0.0032395
0.060000        0.030000       1.0000         0.0038613
0.070000        0.030000       1.0000         0.0044714
0.080000        0.030000       1.0000         0.0050692
0.090000        0.030000       1.0000         0.0056545
0.10000         0.030000       1.0000         0.0062268
0.11000         0.030000       1.0000         0.0067862
0.12000         0.030000       1.0000         0.0073326
0.13000         0.030000       1.0000         0.0078660
0.14000         0.030000       1.0000         0.0083867
0.15000         0.030000       1.0000         0.0088949
0.16000         0.030000       1.0000         0.0093908
0.17000         0.030000       1.0000         0.0098746
0.18000         0.030000       1.0000         0.010347
0.19000         0.030000       1.0000         0.010807
0.20000         0.030000       1.0000         0.011257
0.21000         0.030000       1.0000         0.011696
0.22000         0.030000       1.0000         0.012124
0.23000         0.030000       1.0000         0.012543
0.24000         0.030000       1.0000         0.012952
0.25000         0.030000       1.0000         0.013351
0.26000         0.030000       1.0000         0.013742
0.27000         0.030000       1.0000         0.014124
0.28000         0.030000       1.0000         0.014498
0.29000         0.030000       1.0000         0.014863
0.30000         0.030000       1.0000         0.015222
0.31000         0.030000       1.0000         0.015573
0.32000         0.030000       1.0000         0.015918
0.33000         0.030000       1.0000         0.016256
0.34000         0.030000       1.0000         0.016589
0.35000         0.030000       1.0000         0.016916
0.36000         0.030000       1.0000         0.017238
0.37000         0.030000       1.0000         0.017556
0.38000         0.030000       1.0000         0.017870
0.39000         0.030000       1.0000         0.018180
0.40000         0.030000       1.0000         0.018488
0.41000         0.030000       1.0000         0.018792
0.42000         0.030000       1.0000         0.019093
0.43000         0.030000       1.0000         0.019388
0.44000         0.030000       1.0000         0.019676
0.45000         0.030000       1.0000         0.019950
0.46000         0.030000       1.0000         0.020202
0.47000         0.030000       1.0000         0.020421
0.48000         0.030000       1.0000         0.020593
0.49000         0.030000       1.0000         0.020703
0.50000         0.030000       1.0000         0.020741
0.51000         0.030000       1.0000         0.020703
0.52000         0.030000       1.0000         0.020593
0.53000         0.030000       1.0000         0.020421
0.54000         0.030000       1.0000         0.020202
0.55000         0.030000       1.0000         0.019950
0.56000         0.030000       1.0000         0.019676
0.57000         0.030000       1.0000         0.019388
0.58000         0.030000       1.0000         0.019093
0.59000         0.030000       1.0000         0.018792
0.60000         0.030000       1.0000         0.018488
0.61000         0.030000       1.0000         0.018180
0.62000         0.030000       1.0000         0.017870
0.63000         0.030000       1.0000         0.017556
0.64000         0.030000       1.0000         0.017238
0.65000         0.030000       1.0000         0.016916
0.66000         0.030000       1.0000         0.016589
0.67000         0.030000       1.0000         0.016256
0.68000         0.030000       1.0000         0.015918
0.69000         0.030000       1.0000         0.015573
0.70000         0.030000       1.0000         0.015222
0.71000         0.030000       1.0000         0.014863
0.72000         0.030000       1.0000         0.014498
0.73000         0.030000       1.0000         0.014124
0.74000         0.030000       1.0000         0.013742
0.75000         0.030000       1.0000         0.013351
0.76000         0.030000       1.0000         0.012952
0.77000         0.030000       1.0000         0.012543
0.78000         0.030000       1.0000         0.012124
0.79000         0.030000       1.0000         0.011696
0.80000         0.030000       1.0000         0.011257
0.81000         0.030000       1.0000         0.010807
0.82000         0.030000       1.0000         0.010347
0.83000         0.030000       1.0000         0.0098746
0.84000         0.030000       1.0000         0.0093908
0.85000         0.030000       1.0000         0.0088949
0.86000         0.030000       1.0000         0.0083867
0.87000         0.030000       1.0000         0.0078660
0.88000         0.030000       1.0000         0.0073326
0.89000         0.030000       1.0000         0.0067862
0.90000         0.030000       1.0000         0.0062268
0.91000         0.030000       1.0000         0.0056545
0.92000         0.030000       1.0000         0.0050692
0.93000         0.030000       1.0000         0.0044714
0.94000         0.030000       1.0000         0.0038613
0.95000         0.030000       1.0000         0.0032396
0.96000         0.030000       1.0000         0.0026071
0.97000         0.030000       1.0000         0.0019650
0.98000         0.030000       1.0000         0.0013153
0.99000         0.030000       1.0000         6.5914E-4
1.0000          0.030000       1.0000         5.1184E-20
0.0000          0.040000       1.0000         7.6445E-20
0.010000        0.040000       1.0000         8.5825E-4
0.020000        0.040000       1.0000         0.0017129
0.030000        0.040000       1.0000         0.0025596
0.040000        0.040000       1.0000         0.0033969
0.050000        0.040000       1.0000         0.0042223
0.060000        0.040000       1.0000         0.0050344
0.070000        0.040000       1.0000         0.0058320
0.080000        0.040000       1.0000         0.0066145
0.090000        0.040000       1.0000         0.0073812
0.10000         0.040000       1.0000         0.0081317
0.11000         0.040000       1.0000         0.0088661
0.12000         0.040000       1.0000         0.0095841
0.13000         0.040000       1.0000         0.010286
0.14000         0.040000       1.0000         0.010972
0.15000         0.040000       1.0000         0.011641
0.16000         0.040000       1.0000         0.012296
0.17000         0.040000       1.0000         0.012935
0.18000         0.040000       1.0000         0.013559
0.19000         0.040000       1.0000         0.014169
0.20000         0.040000       1.0000         0.014764
0.21000         0.040000       1.0000         0.015346
0.22000         0.040000       1.0000         0.015915
0.23000         0.040000       1.0000         0.016470
0.24000         0.040000       1.0000         0.017014
0.25000         0.040000       1.0000         0.017545
0.26000         0.040000       1.0000         0.018065
0.27000         0.040000       1.0000         0.018574
0.28000         0.040000       1.0000         0.019072
0.29000         0.040000       1.0000         0.019560
0.30000         0.040000       1.0000         0.020038
0.31000         0.040000       1.0000         0.020508
0.32000         0.040000       1.0000         0.020968
0.33000         0.040000       1.0000         0.021421
0.34000         0.040000       1.0000         0.021866
0.35000         0.040000       1.0000         0.022304
0.36000         0.040000       1.0000         0.022736
0.37000         0.040000       1.0000         0.023162
0.38000         0.040000       1.0000         0.023583
0.39000         0.040000       1.0000         0.024001
0.40000         0.040000       1.0000         0.024414
0.41000         0.040000       1.0000         0.024824
0.42000         0.040000       1.0000         0.025231
0.43000         0.040000       1.0000         0.025633
0.44000         0.040000       1.0000         0.026027
0.45000         0.040000       1.0000         0.026406
0.46000         0.040000       1.0000         0.026758
0.47000         0.040000       1.0000         0.027067
0.48000         0.040000       1.0000         0.027312
0.49000         0.040000       1.0000         0.027470
0.50000         0.040000       1.0000         0.027525
0.51000         0.040000       1.0000         0.027470
0.52000         0.040000       1.0000         0.027312
0.53000         0.040000       1.0000         0.027067
0.54000         0.040000       1.0000         0.026758
0.55000         0.040000       1.0000         0.026406
0.56000         0.040000       1.0000         0.026027
0.57000         0.040000       1.0000         0.025633
0.58000         0.040000       1.0000         0.025231
0.59000         0.040000       1.0000         0.024824
0.60000         0.040000       1.0000         0.024414
0.61000         0.040000       1.0000         0.024001
0.62000         0.040000       1.0000         0.023583
0.63000         0.040000       1.0000         0.023162
0.64000         0.040000       1.0000         0.022736
0.65000         0.040000       1.0000         0.022304
0.66000         0.040000       1.0000         0.021866
0.67000         0.040000       1.0000         0.021421
0.68000         0.040000       1.0000         0.020968
0.69000         0.040000       1.0000         0.020508
0.70000         0.040000       1.0000         0.020038
0.71000         0.040000       1.0000         0.019560
0.72000         0.040000       1.0000         0.019072
0.73000         0.040000       1.0000         0.018574
0.74000         0.040000       1.0000         0.018065
0.75000         0.040000       1.0000         0.017545
0.76000         0.040000       1.0000         0.017014
0.77000         0.040000       1.0000         0.016470
0.78000         0.040000       1.0000         0.015915
0.79000         0.040000       1.0000         0.015346
0.80000         0.040000       1.0000         0.014764
0.81000         0.040000       1.0000         0.014169
0.82000         0.040000       1.0000         0.013559
0.83000         0.040000       1.0000         0.012935
0.84000         0.040000       1.0000         0.012296
0.85000         0.040000       1.0000         0.011641
0.86000         0.040000       1.0000         0.010972
0.87000         0.040000       1.0000         0.010286
0.88000         0.040000       1.0000         0.0095841
0.89000         0.040000       1.0000         0.0088661
0.90000         0.040000       1.0000         0.0081317
0.91000         0.040000       1.0000         0.0073812
0.92000         0.040000       1.0000         0.0066145
0.93000         0.040000       1.0000         0.0058320
0.94000         0.040000       1.0000         0.0050344
0.95000         0.040000       1.0000         0.0042223
0.96000         0.040000       1.0000         0.0033970
0.97000         0.040000       1.0000         0.0025596
0.98000         0.040000       1.0000         0.0017129
0.99000         0.040000       1.0000         8.5827E-4
1.0000          0.040000       1.0000         -3.4236E-20
0.0000          0.050000       1.0000         1.0808E-19
0.010000        0.050000       1.0000         0.0010432
0.020000        0.050000       1.0000         0.0020822
0.030000        0.050000       1.0000         0.0031124
0.040000        0.050000       1.0000         0.0041317
0.050000        0.050000       1.0000         0.0051374
0.060000        0.050000       1.0000         0.0061278
0.070000        0.050000       1.0000         0.0071018
0.080000        0.050000       1.0000         0.0080582
0.090000        0.050000       1.0000         0.0089965
0.10000         0.050000       1.0000         0.0099162
0.11000         0.050000       1.0000         0.010817
0.12000         0.050000       1.0000         0.011699
0.13000         0.050000       1.0000         0.012562
0.14000         0.050000       1.0000         0.013406
0.15000         0.050000       1.0000         0.014232
0.16000         0.050000       1.0000         0.015039
0.17000         0.050000       1.0000         0.015828
0.18000         0.050000       1.0000         0.016600
0.19000         0.050000       1.0000         0.017355
0.20000         0.050000       1.0000         0.018093
0.21000         0.050000       1.0000         0.018815
0.22000         0.050000       1.0000         0.019521
0.23000         0.050000       1.0000         0.020212
0.24000         0.050000       1.0000         0.020888
0.25000         0.050000       1.0000         0.021549
0.26000         0.050000       1.0000         0.022197
0.27000         0.050000       1.0000         0.022832
0.28000         0.050000       1.0000         0.023454
0.29000         0.050000       1.0000         0.024064
0.30000         0.050000       1.0000         0.024662
0.31000         0.050000       1.0000         0.025250
0.32000         0.050000       1.0000         0.025827
0.33000         0.050000       1.0000         0.026394
0.34000         0.050000       1.0000         0.026952
0.35000         0.050000       1.0000         0.027502
0.36000         0.050000       1.0000         0.028045
0.37000         0.050000       1.0000         0.028580
0.38000         0.050000       1.0000         0.029110
0.39000         0.050000       1.0000         0.029636
0.40000         0.050000       1.0000         0.030157
0.41000         0.050000       1.0000         0.030676
0.42000         0.050000       1.0000         0.031192
0.43000         0.050000       1.0000         0.031705
0.44000         0.050000       1.0000         0.032210
0.45000         0.050000       1.0000         0.032701
0.46000         0.050000       1.0000         0.033164
0.47000         0.050000       1.0000         0.033575
0.48000         0.050000       1.0000         0.033906
0.49000         0.050000       1.0000         0.034122
0.50000         0.050000       1.0000         0.034198
0.51000         0.050000       1.0000         0.034122
0.52000         0.050000       1.0000         0.033906
0.53000         0.050000       1.0000         0.033575
0.54000         0.050000       1.0000         0.033164
0.55000         0.050000       1.0000         0.032701
0.56000         0.050000       1.0000         0.032210
0.57000         0.050000       1.0000         0.031705
0.58000         0.050000       1.0000         0.031192
0.59000         0.050000       1.0000         0.030676
0.60000         0.050000       1.0000         0.030157
0.61000         0.050000       1.0000         0.029636
0.62000         0.050000       1.0000         0.029110
0.63000         0.050000       1.0000         0.028580
0.64000         0.050000       1.0000         0.028045
0.65000         0.050000       1.0000         0.027502
0.66000         0.050000       1.0000         0.026952
0.67000         0.050000       1.0000         0.026394
0.68000         0.050000       1.0000         0.025827
0.69000         0.050000       1.0000         0.025250
0.70000         0.050000       1.0000         0.024662
0.71000         0.050000       1.0000         0.024064
0.72000         0.050000       1.0000         0.023454
0.73000         0.050000       1.0000         0.022832
0.74000         0.050000       1.0000         0.022197
0.75000         0.050000       1.0000         0.021549
0.76000         0.050000       1.0000         0.020888
0.77000         0.050000       1.0000         0.020212
0.78000         0.050000       1.0000         0.019521
0.79000         0.050000       1.0000         0.018815
0.80000         0.050000       1.0000         0.018093
0.81000         0.050000       1.0000         0.017355
0.82000         0.050000       1.0000         0.016600
0.83000         0.050000       1.0000         0.015828
0.84000         0.050000       1.0000         0.015039
0.85000         0.050000       1.0000         0.014232
0.86000         0.050000       1.0000         0.013406
0.87000         0.050000       1.0000         0.012562
0.88000         0.050000       1.0000         0.011699
0.89000         0.050000       1.0000         0.010817
0.90000         0.050000       1.0000         0.0099162
0.91000         0.050000       1.0000         0.0089965
0.92000         0.050000       1.0000         0.0080583
0.93000         0.050000       1.0000         0.0071018
0.94000         0.050000       1.0000         0.0061279
0.95000         0.050000       1.0000         0.0051374
0.96000         0.050000       1.0000         0.0041317
0.97000         0.050000       1.0000         0.0031123
0.98000         0.050000       1.0000         0.0020822
0.99000         0.050000       1.0000         0.0010432
1.0000          0.050000       1.0000         1.0284E-19
0.0000          0.060000       1.0000         1.1717E-19
0.010000        0.060000       1.0000         0.0012132
0.020000        0.060000       1.0000         0.0024218
0.030000        0.060000       1.0000         0.0036208
0.040000        0.060000       1.0000         0.0048082
0.050000        0.060000       1.0000         0.0059809
0.060000        0.060000       1.0000         0.0071368
0.070000        0.060000       1.0000         0.0082748
0.080000        0.060000       1.0000         0.0093936
0.090000        0.060000       1.0000         0.010493
0.10000         0.060000       1.0000         0.011571
0.11000         0.060000       1.0000         0.012629
0.12000         0.060000       1.0000         0.013666
0.13000         0.060000       1.0000         0.014682
0.14000         0.060000       1.0000         0.015677
0.15000         0.060000       1.0000         0.016651
0.16000         0.060000       1.0000         0.017605
0.17000         0.060000       1.0000         0.018539
0.18000         0.060000       1.0000         0.019453
0.19000         0.060000       1.0000         0.020348
0.20000         0.060000       1.0000         0.021225
0.21000         0.060000       1.0000         0.022083
0.22000         0.060000       1.0000         0.022923
0.23000         0.060000       1.0000         0.023746
0.24000         0.060000       1.0000         0.024552
0.25000         0.060000       1.0000         0.025342
0.26000         0.060000       1.0000         0.026116
0.27000         0.060000       1.0000         0.026875
0.28000         0.060000       1.0000         0.027620
0.29000         0.060000       1.0000         0.028350
0.30000         0.060000       1.0000         0.029068
0.31000         0.060000       1.0000         0.029773
0.32000         0.060000       1.0000         0.030466
0.33000         0.060000       1.0000         0.031148
0.34000         0.060000       1.0000         0.031820
0.35000         0.060000       1.0000         0.032482
0.36000         0.060000       1.0000         0.033135
0.37000         0.060000       1.0000         0.033781
0.38000         0.060000       1.0000         0.034421
0.39000         0.060000       1.0000         0.035055
0.40000         0.060000       1.0000         0.035686
0.41000         0.060000       1.0000         0.036315
0.42000         0.060000       1.0000         0.036943
0.43000         0.060000       1.0000         0.037569
0.44000         0.060000       1.0000         0.038191
0.45000         0.060000       1.0000         0.038802
0.46000         0.060000       1.0000         0.039384
0.47000         0.060000       1.0000         0.039911
0.48000         0.060000       1.0000         0.040341
0.49000         0.060000       1.0000         0.040627
0.50000         0.060000       1.0000         0.040727
0.51000         0.060000       1.0000         0.040627
0.52000         0.060000       1.0000         0.040341
0.53000         0.060000       1.0000         0.039911
0.54000         0.060000       1.0000         0.039384
0.55000         0.060000       1.0000         0.038802
0.56000         0.060000       1.0000         0.038191
0.57000         0.060000       1.0000         0.037569
0.58000         0.060000       1.0000         0.036943
0.59000         0.060000       1.0000         0.036315
0.60000         0.060000       1.0000         0.035686
0.61000         0.060000       1.0000         0.035055
0.62000         0.060000       1.0000         0.034421
0.63000         0.060000       1.0000         0.033781
0.64000         0.060000       1.0000         0.033135
0.65000         0.060000       1.0000         0.032482
0.66000         0.060000       1.0000         0.031820
0.67000         0.060000       1.0000         0.031148
0.68000         0.060000       1.0000         0.030466
0.69000         0.060000       1.0000         0.029773
0.70000         0.060000       1.0000         0.029068
0.71000         0.060000       1.0000         0.028350
0.72000         0.060000       1.0000         0.027620
0.73000         0.060000       1.0000         0.026875
0.74000         0.060000       1.0000         0.026116
0.75000         0.060000       1.0000         0.025342
0.76000         0.060000       1.0000         0.024552
0.77000         0.060000       1.0000         0.023746
0.78000         0.060000       1.0000         0.022923
0.79000         0.060000       1.0000         0.022083
0.80000         0.060000       1.0000         0.021225
0.81000         0.060000       1.0000         0.020348
0.82000         0.060000       1.0000         0.019453
0.83000         0.060000       1.0000         0.018539
0.84000         0.060000       1.0000         0.017605
0.85000         0.060000       1.0000         0.016651
0.86000         0.060000       1.0000         0.015677
0.87000         0.060000       1.0000         0.014682
0.88000         0.060000       1.0000         0.013666
0.89000         0.060000       1.0000         0.012629
0.90000         0.060000       1.0000         0.011571
0.91000         0.060000       1.0000         0.010493
0.92000         0.060000       1.0000         0.0093936
0.93000         0.060000       1.0000         0.0082748
0.94000         0.060000       1.0000         0.0071368
0.95000         0.060000       1.0000         0.0059808
0.96000         0.060000       1.0000         0.0048082
0.97000         0.060000       1.0000         0.0036208
0.98000         0.060000       1.0000         0.0024218
0.99000         0.060000       1.0000         0.0012132
1.0000          0.060000       1.0000         0.0000
0.0000          0.070000       1.0000         -1.1649E-19
0.010000        0.070000       1.0000         0.0013681
0.020000        0.070000       1.0000         0.0027315
0.030000        0.070000       1.0000         0.0040849
0.040000        0.070000       1.0000         0.0054261
0.050000        0.070000       1.0000         0.0067520
0.060000        0.070000       1.0000         0.0080602
0.070000        0.070000       1.0000         0.0093499
0.080000        0.070000       1.0000         0.010619
0.090000        0.070000       1.0000         0.011867
0.10000         0.070000       1.0000         0.013094
0.11000         0.070000       1.0000         0.014299
0.12000         0.070000       1.0000         0.015481
0.13000         0.070000       1.0000         0.016641
0.14000         0.070000       1.0000         0.017779
0.15000         0.070000       1.0000         0.018894
0.16000         0.070000       1.0000         0.019988
0.17000         0.070000       1.0000         0.021060
0.18000         0.070000       1.0000         0.022110
0.19000         0.070000       1.0000         0.023140
0.20000         0.070000       1.0000         0.024149
0.21000         0.070000       1.0000         0.025139
0.22000         0.070000       1.0000         0.026109
0.23000         0.070000       1.0000         0.027060
0.24000         0.070000       1.0000         0.027993
0.25000         0.070000       1.0000         0.028908
0.26000         0.070000       1.0000         0.029806
0.27000         0.070000       1.0000         0.030687
0.28000         0.070000       1.0000         0.031553
0.29000         0.070000       1.0000         0.032403
0.30000         0.070000       1.0000         0.033238
0.31000         0.070000       1.0000         0.034060
0.32000         0.070000       1.0000         0.034868
0.33000         0.070000       1.0000         0.035664
0.34000         0.070000       1.0000         0.036449
0.35000         0.070000       1.0000         0.037222
0.36000         0.070000       1.0000         0.037987
0.37000         0.070000       1.0000         0.038743
0.38000         0.070000       1.0000         0.039493
0.39000         0.070000       1.0000         0.040237
0.40000         0.070000       1.0000         0.040977
0.41000         0.070000       1.0000         0.041717
0.42000         0.070000       1.0000         0.042457
0.43000         0.070000       1.0000         0.043198
0.44000         0.070000       1.0000         0.043940
0.45000         0.070000       1.0000         0.044676
0.46000         0.070000       1.0000         0.045387
0.47000         0.070000       1.0000         0.046043
0.48000         0.070000       1.0000         0.046588
0.49000         0.070000       1.0000         0.046956
0.50000         0.070000       1.0000         0.047087
0.51000         0.070000       1.0000         0.046956
0.52000         0.070000       1.0000         0.046588
0.53000         0.070000       1.0000         0.046043
0.54000         0.070000       1.0000         0.045387
0.55000         0.070000       1.0000         0.044676
0.56000         0.070000       1.0000         0.043940
0.57000         0.070000       1.0000         0.043198
0.58000         0.070000       1.0000         0.042457
0.59000         0.070000       1.0000         0.041717
0.60000         0.070000       1.0000         0.040977
0.61000         0.070000       1.0000         0.040237
0.62000         0.070000       1.0000         0.039493
0.63000         0.070000       1.0000         0.038743
0.64000         0.070000       1.0000         0.037987
0.65000         0.070000       1.0000         0.037222
0.66000         0.070000       1.0000         0.036449
0.67000         0.070000       1.0000         0.035664
0.68000         0.070000       1.0000         0.034868
0.69000         0.070000       1.0000         0.034060
0.70000         0.070000       1.0000         0.033238
0.71000         0.070000       1.0000         0.032403
0.72000         0.070000       1.0000         0.031553
0.73000         0.070000       1.0000         0.030687
0.74000         0.070000       1.0000         0.029806
0.75000         0.070000       1.0000         0.028908
0.76000         0.070000       1.0000         0.027993
0.77000         0.070000       1.0000         0.027060
0.78000         0.070000       1.0000         0.026109
0.79000         0.070000       1.0000         0.025139
0.80000         0.070000       1.0000         0.024149
0.81000         0.070000       1.0000         0.023140
0.82000         0.070000       1.0000         0.022110
0.83000         0.070000       1.0000         0.021060
0.84000         0.070000       1.0000         0.019988
0.85000         0.070000       1.0000         0.018894
0.86000         0.070000       1.0000         0.017779
0.87000         0.070000       1.0000         0.016641
0.88000         0.070000       1.0000         0.015481
0.89000         0.070000       1.0000         0.014299
0.90000         0.070000       1.0000         0.013094
0.91000         0.070000       1.0000         0.011867
0.92000         0.070000       1.0000         0.010619
0.93000         0.070000       1.0000         0.0093498
0.94000         0.070000       1.0000         0.0080602
0.95000         0.070000       1.0000         0.0067520
0.96000         0.070000       1.0000         0.0054261
0.97000         0.070000       1.0000         0.0040849
0.98000         0.070000       1.0000         0.0027315
0.99000         0.070000       1.0000         0.0013681
1.0000          0.070000       1.0000         -1.9674E-19
0.0000          0.080000       1.0000         -1.5367E-22
0.010000        0.080000       1.0000         0.0015086
0.020000        0.080000       1.0000         0.0030124
0.030000        0.080000       1.0000         0.0045062
0.040000        0.080000       1.0000         0.0059875
0.050000        0.080000       1.0000         0.0074533
0.060000        0.080000       1.0000         0.0089009
0.070000        0.080000       1.0000         0.010330
0.080000        0.080000       1.0000         0.011737
0.090000        0.080000       1.0000         0.013123
0.10000         0.080000       1.0000         0.014487
0.11000         0.080000       1.0000         0.015828
0.12000         0.080000       1.0000         0.017146
0.13000         0.080000       1.0000         0.018441
0.14000         0.080000       1.0000         0.019713
0.15000         0.080000       1.0000         0.020961
0.16000         0.080000       1.0000         0.022186
0.17000         0.080000       1.0000         0.023389
0.18000         0.080000       1.0000         0.024570
0.19000         0.080000       1.0000         0.025728
0.20000         0.080000       1.0000         0.026865
0.21000         0.080000       1.0000         0.027980
0.22000         0.080000       1.0000         0.029075
0.23000         0.080000       1.0000         0.030151
0.24000         0.080000       1.0000         0.031206
0.25000         0.080000       1.0000         0.032242
0.26000         0.080000       1.0000         0.033261
0.27000         0.080000       1.0000         0.034261
0.28000         0.080000       1.0000         0.035244
0.29000         0.080000       1.0000         0.036211
0.30000         0.080000       1.0000         0.037162
0.31000         0.080000       1.0000         0.038098
0.32000         0.080000       1.0000         0.039020
0.33000         0.080000       1.0000         0.039929
0.34000         0.080000       1.0000         0.040825
0.35000         0.080000       1.0000         0.041710
0.36000         0.080000       1.0000         0.042584
0.37000         0.080000       1.0000         0.043450
0.38000         0.080000       1.0000         0.044309
0.39000         0.080000       1.0000         0.045162
0.40000         0.080000       1.0000         0.046011
0.41000         0.080000       1.0000         0.046861
0.42000         0.080000       1.0000         0.047713
0.43000         0.080000       1.0000         0.048569
0.44000         0.080000       1.0000         0.049432
0.45000         0.080000       1.0000         0.050295
0.46000         0.080000       1.0000         0.051142
0.47000         0.080000       1.0000         0.051936
0.48000         0.080000       1.0000         0.052611
0.49000         0.080000       1.0000         0.053074
0.50000         0.080000       1.0000         0.053241
0.51000         0.080000       1.0000         0.053074
0.52000         0.080000       1.0000         0.052611
0.53000         0.080000       1.0000         0.051936
0.54000         0.080000       1.0000         0.051142
0.55000         0.080000       1.0000         0.050295
0.56000         0.080000       1.0000         0.049432
0.57000         0.080000       1.0000         0.048569
0.58000         0.080000       1.0000         0.047713
0.59000         0.080000       1.0000         0.046861
0.60000         0.080000       1.0000         0.046011
0.61000         0.080000       1.0000         0.045162
0.62000         0.080000       1.0000         0.044309
0.63000         0.080000       1.0000         0.043450
0.64000         0.080000       1.0000         0.042584
0.65000         0.080000       1.0000         0.041710
0.66000         0.080000       1.0000         0.040825
0.67000         0.080000       1.0000         0.039929
0.68000         0.080000       1.0000         0.039020
0.69000         0.080000       1.0000         0.038098
0.70000         0.080000       1.0000         0.037162
0.71000         0.080000       1.0000         0.036211
0.72000         0.080000       1.0000         0.035244
0.73000         0.080000       1.0000         0.034261
0.74000         0.080000       1.0000         0.033261
0.75000         0.080000       1.0000         0.032242
0.76000         0.080000       1.0000         0.031206
0.77000         0.080000       1.0000         0.030151
0.78000         0.080000       1.0000         0.029075
0.79000         0.080000       1.0000         0.027980
0.80000         0.080000       1.0000         0.026865
0.81000         0.080000       1.0000         0.025728
0.82000         0.080000       1.0000         0.024570
0.83000         0.080000       1.0000         0.023389
0.84000         0.080000       1.0000         0.022186
0.85000         0.080000       1.0000         0.020961
0.86000         0.080000       1.0000         0.019713
0.87000         0.080000       1.0000         0.018441
0.88000         0.080000       1.0000         0.017146
0.89000         0.080000       1.0000         0.015828
0.90000         0.080000       1.0000         0.014487
0.91000         0.080000       1.0000         0.013124
0.92000         0.080000       1.0000         0.011737
0.93000         0.080000       1.0000         0.010330
0.94000         0.080000       1.0000         0.0089009
0.95000         0.080000       1.0000         0.0074532
0.96000         0.080000       1.0000         0.0059875
0.97000         0.080000       1.0000         0.0045062
0.98000         0.080000       1.0000         0.0030124
0.99000         0.080000       1.0000         0.0015086
1.0000          0.080000       1.0000         1.7093E-20
0.0000          0.090000       1.0000         2.5803E-19
0.010000        0.090000       1.0000         0.0016357
0.020000        0.090000       1.0000         0.0032666
0.030000        0.090000       1.0000         0.0048876
0.040000        0.090000       1.0000         0.0064961
0.050000        0.090000       1.0000         0.0080890
0.060000        0.090000       1.0000         0.0096638
0.070000        0.090000       1.0000         0.011220
0.080000        0.090000       1.0000         0.012754
0.090000        0.090000       1.0000         0.014267
0.10000         0.090000       1.0000         0.015758
0.11000         0.090000       1.0000         0.017225
0.12000         0.090000       1.0000         0.018669
0.13000         0.090000       1.0000         0.020089
0.14000         0.090000       1.0000         0.021485
0.15000         0.090000       1.0000         0.022858
0.16000         0.090000       1.0000         0.024207
0.17000         0.090000       1.0000         0.025533
0.18000         0.090000       1.0000         0.026836
0.19000         0.090000       1.0000         0.028116
0.20000         0.090000       1.0000         0.029374
0.21000         0.090000       1.0000         0.030610
0.22000         0.090000       1.0000         0.031824
0.23000         0.090000       1.0000         0.033018
0.24000         0.090000       1.0000         0.034191
0.25000         0.090000       1.0000         0.035344
0.26000         0.090000       1.0000         0.036479
0.27000         0.090000       1.0000         0.037594
0.28000         0.090000       1.0000         0.038692
0.29000         0.090000       1.0000         0.039772
0.30000         0.090000       1.0000         0.040836
0.31000         0.090000       1.0000         0.041884
0.32000         0.090000       1.0000         0.042917
0.33000         0.090000       1.0000         0.043936
0.34000         0.090000       1.0000         0.044942
0.35000         0.090000       1.0000         0.045936
0.36000         0.090000       1.0000         0.046919
0.37000         0.090000       1.0000         0.047892
0.38000         0.090000       1.0000         0.048858
0.39000         0.090000       1.0000         0.049819
0.40000         0.090000       1.0000         0.050776
0.41000         0.090000       1.0000         0.051733
0.42000         0.090000       1.0000         0.052695
0.43000         0.090000       1.0000         0.053665
0.44000         0.090000       1.0000         0.054646
0.45000         0.090000       1.0000         0.055637
0.46000         0.090000       1.0000         0.056622
0.47000         0.090000       1.0000         0.057564
0.48000         0.090000       1.0000         0.058381
0.49000         0.090000       1.0000         0.058955
0.50000         0.090000       1.0000         0.059164
0.51000         0.090000       1.0000         0.058955
0.52000         0.090000       1.0000         0.058381
0.53000         0.090000       1.0000         0.057564
0.54000         0.090000       1.0000         0.056622
0.55000         0.090000       1.0000         0.055637
0.56000         0.090000       1.0000         0.054646
0.57000         0.090000       1.0000         0.053665
0.58000         0.090000       1.0000         0.052695
0.59000         0.090000       1.0000         0.051733
0.60000         0.090000       1.0000         0.050776
0.61000         0.090000       1.0000         0.049819
0.62000         0.090000       1.0000         0.048858
0.63000         0.090000       1.0000         0.047892
0.64000         0.090000       1.0000         0.046919
0.65000         0.090000       1.0000         0.045936
0.66000         0.090000       1.0000         0.044942
0.67000         0.090000       1.0000         0.043936
0.68000         0.090000       1.0000         0.042917
0.69000         0.090000       1.0000         0.041884
0.70000         0.090000       1.0000         0.040836
0.71000         0.090000       1.0000         0.039772
0.72000         0.090000       1.0000         0.038692
0.73000         0.090000       1.0000         0.037594
0.74000         0.090000       1.0000         0.036479
0.75000         0.090000       1.0000         0.035344
0.76000         0.090000       1.0000         0.034191
0.77000         0.090000       1.0000         0.033018
0.78000         0.090000       1.0000         0.031824
0.79000         0.090000       1.0000         0.030610
0.80000         0.090000       1.0000         0.029374
0.81000         0.090000       1.0000         0.028116
0.82000         0.090000       1.0000         0.026836
0.83000         0.090000       1.0000         0.025533
0.84000         0.090000       1.0000         0.024207
0.85000         0.090000       1.0000         0.022858
0.86000         0.090000       1.0000         0.021485
0.87000         0.090000       1.0000         0.020089
0.88000         0.090000       1.0000         0.018669
0.89000         0.090000       1.0000         0.017225
0.90000         0.090000       1.0000         0.015758
0.91000         0.090000       1.0000         0.014267
0.92000         0.090000       1.0000         0.012754
0.93000         0.090000       1.0000         0.011220
0.94000         0.090000       1.0000         0.0096638
0.95000         0.090000       1.0000         0.0080890
0.96000         0.090000       1.0000         0.0064961
0.97000         0.090000       1.0000         0.0048876
0.98000         0.090000       1.0000         0.0032666
0.99000         0.090000       1.0000         0.0016357
1.0000          0.090000       1.0000         0.0000
0.0000          0.10000        1.0000         -1.5287E-19
0.010000        0.10000        1.0000         0.0017507
0.020000        0.10000        1.0000         0.0034966
0.030000        0.10000        1.0000         0.0052327
0.040000        0.10000        1.0000         0.0069566
0.050000        0.10000        1.0000         0.0086651
0.060000        0.10000        1.0000         0.010356
0.070000        0.10000        1.0000         0.012027
0.080000        0.10000        1.0000         0.013678
0.090000        0.10000        1.0000         0.015307
0.10000         0.10000        1.0000         0.016914
0.11000         0.10000        1.0000         0.018497
0.12000         0.10000        1.0000         0.020057
0.13000         0.10000        1.0000         0.021594
0.14000         0.10000        1.0000         0.023106
0.15000         0.10000        1.0000         0.024594
0.16000         0.10000        1.0000         0.026059
0.17000         0.10000        1.0000         0.027500
0.18000         0.10000        1.0000         0.028918
0.19000         0.10000        1.0000         0.030313
0.20000         0.10000        1.0000         0.031685
0.21000         0.10000        1.0000         0.033035
0.22000         0.10000        1.0000         0.034363
0.23000         0.10000        1.0000         0.035669
0.24000         0.10000        1.0000         0.036955
0.25000         0.10000        1.0000         0.038220
0.26000         0.10000        1.0000         0.039465
0.27000         0.10000        1.0000         0.040692
0.28000         0.10000        1.0000         0.041899
0.29000         0.10000        1.0000         0.043089
0.30000         0.10000        1.0000         0.044262
0.31000         0.10000        1.0000         0.045419
0.32000         0.10000        1.0000         0.046559
0.33000         0.10000        1.0000         0.047686
0.34000         0.10000        1.0000         0.048798
0.35000         0.10000        1.0000         0.049898
0.36000         0.10000        1.0000         0.050987
0.37000         0.10000        1.0000         0.052066
0.38000         0.10000        1.0000         0.053137
0.39000         0.10000        1.0000         0.054202
0.40000         0.10000        1.0000         0.055264
0.41000         0.10000        1.0000         0.056327
0.42000         0.10000        1.0000         0.057395
0.43000         0.10000        1.0000         0.058474
0.44000         0.10000        1.0000         0.059570
0.45000         0.10000        1.0000         0.060684
0.46000         0.10000        1.0000         0.061807
0.47000         0.10000        1.0000         0.062900
0.48000         0.10000        1.0000         0.063872
0.49000         0.10000        1.0000         0.064571
0.50000         0.10000        1.0000         0.064829
0.51000         0.10000        1.0000         0.064571
0.52000         0.10000        1.0000         0.063872
0.53000         0.10000        1.0000         0.062900
0.54000         0.10000        1.0000         0.061807
0.55000         0.10000        1.0000         0.060684
0.56000         0.10000        1.0000         0.059570
0.57000         0.10000        1.0000         0.058474
0.58000         0.10000        1.0000         0.057395
0.59000         0.10000        1.0000         0.056327
0.60000         0.10000        1.0000         0.055264
0.61000         0.10000        1.0000         0.054202
0.62000         0.10000        1.0000         0.053137
0.63000         0.10000        1.0000         0.052066
0.64000         0.10000        1.0000         0.050987
0.65000         0.10000        1.0000         0.049898
0.66000         0.10000        1.0000         0.048798
0.67000         0.10000        1.0000         0.047686
0.68000         0.10000        1.0000         0.046559
0.69000         0.10000        1.0000         0.045419
0.70000         0.10000        1.0000         0.044262
0.71000         0.10000        1.0000         0.043089
0.72000         0.10000        1.0000         0.041899
0.73000         0.10000        1.0000         0.040692
0.74000         0.10000        1.0000         0.039465
0.75000         0.10000        1.0000         0.038220
0.76000         0.10000        1.0000         0.036955
0.77000         0.10000        1.0000         0.035669
0.78000         0.10000        1.0000         0.034363
0.79000         0.10000        1.0000         0.033035
0.80000         0.10000        1.0000         0.031685
0.81000         0.10000        1.0000         0.030313
0.82000         0.10000        1.0000         0.028918
0.83000         0.10000        1.0000         0.027500
0.84000         0.10000        1.0000         0.026059
0.85000         0.10000        1.0000         0.024594
0.86000         0.10000        1.0000         0.023106
0.87000         0.10000        1.0000         0.021594
0.88000         0.10000        1.0000         0.020057
0.89000         0.10000        1.0000         0.018497
0.90000         0.10000        1.0000         0.016914
0.91000         0.10000        1.0000         0.015307
0.92000         0.10000        1.0000         0.013678
0.93000         0.10000        1.0000         0.012027
0.94000         0.10000        1.0000         0.010356
0.95000         0.10000        1.0000         0.0086651
0.96000         0.10000        1.0000         0.0069566
0.97000         0.10000        1.0000         0.0052327
0.98000         0.10000        1.0000         0.0034966
0.99000         0.10000        1.0000         0.0017507
1.0000          0.10000        1.0000         1.3667E-19
0.0000          0.11000        1.0000         -2.4213E-22
0.010000        0.11000        1.0000         0.0018549
0.020000        0.11000        1.0000         0.0037051
0.030000        0.11000        1.0000         0.0055458
0.040000        0.11000        1.0000         0.0073745
0.050000        0.11000        1.0000         0.0091881
0.060000        0.11000        1.0000         0.010984
0.070000        0.11000        1.0000         0.012762
0.080000        0.11000        1.0000         0.014518
0.090000        0.11000        1.0000         0.016254
0.10000         0.11000        1.0000         0.017967
0.11000         0.11000        1.0000         0.019658
0.12000         0.11000        1.0000         0.021325
0.13000         0.11000        1.0000         0.022968
0.14000         0.11000        1.0000         0.024588
0.15000         0.11000        1.0000         0.026184
0.16000         0.11000        1.0000         0.027756
0.17000         0.11000        1.0000         0.029304
0.18000         0.11000        1.0000         0.030830
0.19000         0.11000        1.0000         0.032332
0.20000         0.11000        1.0000         0.033811
0.21000         0.11000        1.0000         0.035268
0.22000         0.11000        1.0000         0.036702
0.23000         0.11000        1.0000         0.038115
0.24000         0.11000        1.0000         0.039507
0.25000         0.11000        1.0000         0.040879
0.26000         0.11000        1.0000         0.042230
0.27000         0.11000        1.0000         0.043562
0.28000         0.11000        1.0000         0.044875
0.29000         0.11000        1.0000         0.046170
0.30000         0.11000        1.0000         0.047447
0.31000         0.11000        1.0000         0.048708
0.32000         0.11000        1.0000         0.049952
0.33000         0.11000        1.0000         0.051182
0.34000         0.11000        1.0000         0.052398
0.35000         0.11000        1.0000         0.053600
0.36000         0.11000        1.0000         0.054791
0.37000         0.11000        1.0000         0.055972
0.38000         0.11000        1.0000         0.057145
0.39000         0.11000        1.0000         0.058311
0.40000         0.11000        1.0000         0.059475
0.41000         0.11000        1.0000         0.060639
0.42000         0.11000        1.0000         0.061809
0.43000         0.11000        1.0000         0.062993
0.44000         0.11000        1.0000         0.064197
0.45000         0.11000        1.0000         0.065429
0.46000         0.11000        1.0000         0.066685
0.47000         0.11000        1.0000         0.067929
0.48000         0.11000        1.0000         0.069061
0.49000         0.11000        1.0000         0.069893
0.50000         0.11000        1.0000         0.070206
0.51000         0.11000        1.0000         0.069893
0.52000         0.11000        1.0000         0.069061
0.53000         0.11000        1.0000         0.067929
0.54000         0.11000        1.0000         0.066685
0.55000         0.11000        1.0000         0.065429
0.56000         0.11000        1.0000         0.064197
0.57000         0.11000        1.0000         0.062993
0.58000         0.11000        1.0000         0.061809
0.59000         0.11000        1.0000         0.060639
0.60000         0.11000        1.0000         0.059475
0.61000         0.11000        1.0000         0.058311
0.62000         0.11000        1.0000         0.057145
0.63000         0.11000        1.0000         0.055972
0.64000         0.11000        1.0000         0.054791
0.65000         0.11000        1.0000         0.053600
0.66000         0.11000        1.0000         0.052398
0.67000         0.11000        1.0000         0.051182
0.68000         0.11000        1.0000         0.049952
0.69000         0.11000        1.0000         0.048708
0.70000         0.11000        1.0000         0.047447
0.71000         0.11000        1.0000         0.046170
0.72000         0.11000        1.0000         0.044875
0.73000         0.11000        1.0000         0.043562
0.74000         0.11000        1.0000         0.042230
0.75000         0.11000        1.0000         0.040879
0.76000         0.11000        1.0000         0.039507
0.77000         0.11000        1.0000         0.038115
0.78000         0.11000        1.0000         0.036702
0.79000         0.11000        1.0000         0.035268
0.80000         0.11000        1.0000         0.033811
0.81000         0.11000        1.0000         0.032332
0.82000         0.11000        1.0000         0.030830
0.83000         0.11000        1.0000         0.029305
0.84000         0.11000        1.0000         0.027756
0.85000         0.11000        1.0000         0.026184
0.86000         0.11000        1.0000         0.024588
0.87000         0.11000        1.0000         0.022968
0.88000         0.11000        1.0000         0.021325
0.89000         0.11000        1.0000         0.019658
0.90000         0.11000        1.0000         0.017967
0.91000         0.11000        1.0000         0.016254
0.92000         0.11000        1.0000         0.014518
0.93000         0.11000        1.0000         0.012762
0.94000         0.11000        1.0000         0.010984
0.95000         0.11000        1.0000         0.0091881
0.96000         0.11000        1.0000         0.0073745
0.97000         0.11000        1.0000         0.0055458
0.98000         0.11000        1.0000         0.0037051
0.99000         0.11000        1.0000         0.0018549
1.0000          0.11000        1.0000         3.9141E-20
0.0000          0.12000        1.0000         -2.6253E-19
0.010000        0.12000        1.0000         0.0019499
0.020000        0.12000        1.0000         0.0038951
0.030000        0.12000        1.0000         0.0058312
0.040000        0.12000        1.0000         0.0077555
0.050000        0.12000        1.0000         0.0096650
0.060000        0.12000        1.0000         0.011557
0.070000        0.12000        1.0000         0.013432
0.080000        0.12000        1.0000         0.015286
0.090000        0.12000        1.0000         0.017119
0.10000         0.12000        1.0000         0.018930
0.11000         0.12000        1.0000         0.020718
0.12000         0.12000        1.0000         0.022484
0.13000         0.12000        1.0000         0.024226
0.14000         0.12000        1.0000         0.025945
0.15000         0.12000        1.0000         0.027640
0.16000         0.12000        1.0000         0.029312
0.17000         0.12000        1.0000         0.030960
0.18000         0.12000        1.0000         0.032585
0.19000         0.12000        1.0000         0.034187
0.20000         0.12000        1.0000         0.035767
0.21000         0.12000        1.0000         0.037324
0.22000         0.12000        1.0000         0.038859
0.23000         0.12000        1.0000         0.040372
0.24000         0.12000        1.0000         0.041864
0.25000         0.12000        1.0000         0.043335
0.26000         0.12000        1.0000         0.044787
0.27000         0.12000        1.0000         0.046218
0.28000         0.12000        1.0000         0.047631
0.29000         0.12000        1.0000         0.049026
0.30000         0.12000        1.0000         0.050402
0.31000         0.12000        1.0000         0.051762
0.32000         0.12000        1.0000         0.053106
0.33000         0.12000        1.0000         0.054435
0.34000         0.12000        1.0000         0.055749
0.35000         0.12000        1.0000         0.057050
0.36000         0.12000        1.0000         0.058340
0.37000         0.12000        1.0000         0.059618
0.38000         0.12000        1.0000         0.060888
0.39000         0.12000        1.0000         0.062152
0.40000         0.12000        1.0000         0.063413
0.41000         0.12000        1.0000         0.064674
0.42000         0.12000        1.0000         0.065941
0.43000         0.12000        1.0000         0.067223
0.44000         0.12000        1.0000         0.068529
0.45000         0.12000        1.0000         0.069870
0.46000         0.12000        1.0000         0.071249
0.47000         0.12000        1.0000         0.072638
0.48000         0.12000        1.0000         0.073933
0.49000         0.12000        1.0000         0.074912
0.50000         0.12000        1.0000         0.075286
0.51000         0.12000        1.0000         0.074912
0.52000         0.12000        1.0000         0.073933
0.53000         0.12000        1.0000         0.072638
0.54000         0.12000        1.0000         0.071249
0.55000         0.12000        1.0000         0.069870
0.56000         0.12000        1.0000         0.068529
0.57000         0.12000        1.0000         0.067223
0.58000         0.12000        1.0000         0.065941
0.59000         0.12000        1.0000         0.064674
0.60000         0.12000        1.0000         0.063413
0.61000         0.12000        1.0000         0.062152
0.62000         0.12000        1.0000         0.060888
0.63000         0.12000        1.0000         0.059618
0.64000         0.12000        1.0000         0.058340
0.65000         0.12000        1.0000         0.057050
0.66000         0.12000        1.0000         0.055749
0.67000         0.12000        1.0000         0.054435
0.68000         0.12000        1.0000         0.053106
0.69000         0.12000        1.0000         0.051762
0.70000         0.12000        1.0000         0.050402
0.71000         0.12000        1.0000         0.049026
0.72000         0.12000        1.0000         0.047631
0.73000         0.12000        1.0000         0.046218
0.74000         0.12000        1.0000         0.044787
0.75000         0.12000        1.0000         0.043335
0.76000         0.12000        1.0000         0.041864
0.77000         0.12000        1.0000         0.040372
0.78000         0.12000        1.0000         0.038859
0.79000         0.12000        1.0000         0.037324
0.80000         0.12000        1.0000         0.035767
0.81000         0.12000        1.0000         0.034187
0.82000         0.12000        1.0000         0.032585
0.83000         0.12000        1.0000         0.030960
0.84000         0.12000        1.0000         0.029312
0.85000         0.12000        1.0000         0.027640
0.86000         0.12000        1.0000         0.025945
0.87000         0.12000        1.0000         0.024226
0.88000         0.12000        1.0000         0.022484
0.89000         0.12000        1.0000         0.020718
0.90000         0.12000        1.0000         0.018930
0.91000         0.12000        1.0000         0.017118
0.92000         0.12000        1.0000         0.015286
0.93000         0.12000        1.0000         0.013432
0.94000         0.12000        1.0000         0.011557
0.95000         0.12000        1.0000         0.0096650
0.96000         0.12000        1.0000         0.0077555
0.97000         0.12000        1.0000         0.0058312
0.98000         0.12000        1.0000         0.0038951
0.99000         0.12000        1.0000         0.0019499
1.0000          0.12000        1.0000         -3.5088E-19
0.0000          0.13000        1.0000         1.8685E-19
0.010000        0.13000        1.0000         0.0020370
0.020000        0.13000        1.0000         0.0040696
0.030000        0.13000        1.0000         0.0060932
0.040000        0.13000        1.0000         0.0081052
0.050000        0.13000        1.0000         0.010103
0.060000        0.13000        1.0000         0.012084
0.070000        0.13000        1.0000         0.014047
0.080000        0.13000        1.0000         0.015990
0.090000        0.13000        1.0000         0.017913
0.10000         0.13000        1.0000         0.019814
0.11000         0.13000        1.0000         0.021693
0.12000         0.13000        1.0000         0.023549
0.13000         0.13000        1.0000         0.025383
0.14000         0.13000        1.0000         0.027193
0.15000         0.13000        1.0000         0.028980
0.16000         0.13000        1.0000         0.030744
0.17000         0.13000        1.0000         0.032485
0.18000         0.13000        1.0000         0.034202
0.19000         0.13000        1.0000         0.035897
0.20000         0.13000        1.0000         0.037570
0.21000         0.13000        1.0000         0.039220
0.22000         0.13000        1.0000         0.040848
0.23000         0.13000        1.0000         0.042455
0.24000         0.13000        1.0000         0.044041
0.25000         0.13000        1.0000         0.045606
0.26000         0.13000        1.0000         0.047151
0.27000         0.13000        1.0000         0.048677
0.28000         0.13000        1.0000         0.050184
0.29000         0.13000        1.0000         0.051672
0.30000         0.13000        1.0000         0.053143
0.31000         0.13000        1.0000         0.054597
0.32000         0.13000        1.0000         0.056035
0.33000         0.13000        1.0000         0.057457
0.34000         0.13000        1.0000         0.058866
0.35000         0.13000        1.0000         0.060260
0.36000         0.13000        1.0000         0.061643
0.37000         0.13000        1.0000         0.063015
0.38000         0.13000        1.0000         0.064378
0.39000         0.13000        1.0000         0.065735
0.40000         0.13000        1.0000         0.067088
0.41000         0.13000        1.0000         0.068441
0.42000         0.13000        1.0000         0.069800
0.43000         0.13000        1.0000         0.071173
0.44000         0.13000        1.0000         0.072573
0.45000         0.13000        1.0000         0.074013
0.46000         0.13000        1.0000         0.075505
0.47000         0.13000        1.0000         0.077028
0.48000         0.13000        1.0000         0.078483
0.49000         0.13000        1.0000         0.079611
0.50000         0.13000        1.0000         0.080051
0.51000         0.13000        1.0000         0.079611
0.52000         0.13000        1.0000         0.078483
0.53000         0.13000        1.0000         0.077028
0.54000         0.13000        1.0000         0.075505
0.55000         0.13000        1.0000         0.074013
0.56000         0.13000        1.0000         0.072573
0.57000         0.13000        1.0000         0.071173
0.58000         0.13000        1.0000         0.069800
0.59000         0.13000        1.0000         0.068441
0.60000         0.13000        1.0000         0.067088
0.61000         0.13000        1.0000         0.065735
0.62000         0.13000        1.0000         0.064378
0.63000         0.13000        1.0000         0.063015
0.64000         0.13000        1.0000         0.061643
0.65000         0.13000        1.0000         0.060260
0.66000         0.13000        1.0000         0.058866
0.67000         0.13000        1.0000         0.057457
0.68000         0.13000        1.0000         0.056035
0.69000         0.13000        1.0000         0.054597
0.70000         0.13000        1.0000         0.053143
0.71000         0.13000        1.0000         0.051672
0.72000         0.13000        1.0000         0.050184
0.73000         0.13000        1.0000         0.048677
0.74000         0.13000        1.0000         0.047151
0.75000         0.13000        1.0000         0.045606
0.76000         0.13000        1.0000         0.044041
0.77000         0.13000        1.0000         0.042455
0.78000         0.13000        1.0000         0.040848
0.79000         0.13000        1.0000         0.039220
0.80000         0.13000        1.0000         0.037570
0.81000         0.13000        1.0000         0.035897
0.82000         0.13000        1.0000         0.034202
0.83000         0.13000        1.0000         0.032485
0.84000         0.13000        1.0000         0.030744
0.85000         0.13000        1.0000         0.028980
0.86000         0.13000        1.0000         0.027193
0.87000         0.13000        1.0000         0.025383
0.88000         0.13000        1.0000         0.023549
0.89000         0.13000        1.0000         0.021693
0.90000         0.13000        1.0000         0.019814
0.91000         0.13000        1.0000         0.017913
0.92000         0.13000        1.0000         0.015990
0.93000         0.13000        1.0000         0.014047
0.94000         0.13000        1.0000         0.012084
0.95000         0.13000        1.0000         0.010103
0.96000         0.13000        1.0000         0.0081052
0.97000         0.13000        1.0000         0.0060932
0.98000         0.13000        1.0000         0.0040696
0.99000         0.13000        1.0000         0.0020370
1.0000          0.13000        1.0000         -2.7567E-19
0.0000          0.14000        1.0000         -1.9350E-22
0.010000        0.14000        1.0000         0.0021179
0.020000        0.14000        1.0000         0.0042312
0.030000        0.14000        1.0000         0.0063360
0.040000        0.14000        1.0000         0.0084293
0.050000        0.14000        1.0000         0.010508
0.060000        0.14000        1.0000         0.012571
0.070000        0.14000        1.0000         0.014616
0.080000        0.14000        1.0000         0.016642
0.090000        0.14000        1.0000         0.018648
0.10000         0.14000        1.0000         0.020632
0.11000         0.14000        1.0000         0.022594
0.12000         0.14000        1.0000         0.024535
0.13000         0.14000        1.0000         0.026452
0.14000         0.14000        1.0000         0.028347
0.15000         0.14000        1.0000         0.030219
0.16000         0.14000        1.0000         0.032068
0.17000         0.14000        1.0000         0.033895
0.18000         0.14000        1.0000         0.035698
0.19000         0.14000        1.0000         0.037479
0.20000         0.14000        1.0000         0.039238
0.21000         0.14000        1.0000         0.040975
0.22000         0.14000        1.0000         0.042690
0.23000         0.14000        1.0000         0.044384
0.24000         0.14000        1.0000         0.046057
0.25000         0.14000        1.0000         0.047710
0.26000         0.14000        1.0000         0.049343
0.27000         0.14000        1.0000         0.050957
0.28000         0.14000        1.0000         0.052552
0.29000         0.14000        1.0000         0.054128
0.30000         0.14000        1.0000         0.055688
0.31000         0.14000        1.0000         0.057230
0.32000         0.14000        1.0000         0.058756
0.33000         0.14000        1.0000         0.060267
0.34000         0.14000        1.0000         0.061763
0.35000         0.14000        1.0000         0.063247
0.36000         0.14000        1.0000         0.064718
0.37000         0.14000        1.0000         0.066178
0.38000         0.14000        1.0000         0.067629
0.39000         0.14000        1.0000         0.069073
0.40000         0.14000        1.0000         0.070513
0.41000         0.14000        1.0000         0.071952
0.42000         0.14000        1.0000         0.073397
0.43000         0.14000        1.0000         0.074856
0.44000         0.14000        1.0000         0.076341
0.45000         0.14000        1.0000         0.077871
0.46000         0.14000        1.0000         0.079462
0.47000         0.14000        1.0000         0.081108
0.48000         0.14000        1.0000         0.082713
0.49000         0.14000        1.0000         0.083990
0.50000         0.14000        1.0000         0.084497
0.51000         0.14000        1.0000         0.083990
0.52000         0.14000        1.0000         0.082713
0.53000         0.14000        1.0000         0.081108
0.54000         0.14000        1.0000         0.079462
0.55000         0.14000        1.0000         0.077871
0.56000         0.14000        1.0000         0.076341
0.57000         0.14000        1.0000         0.074856
0.58000         0.14000        1.0000         0.073397
0.59000         0.14000        1.0000         0.071952
0.60000         0.14000        1.0000         0.070513
0.61000         0.14000        1.0000         0.069073
0.62000         0.14000        1.0000         0.067629
0.63000         0.14000        1.0000         0.066178
0.64000         0.14000        1.0000         0.064718
0.65000         0.14000        1.0000         0.063247
0.66000         0.14000        1.0000         0.061763
0.67000         0.14000        1.0000         0.060267
0.68000         0.14000        1.0000         0.058756
0.69000         0.14000        1.0000         0.057230
0.70000         0.14000        1.0000         0.055688
0.71000         0.14000        1.0000         0.054128
0.72000         0.14000        1.0000         0.052552
0.73000         0.14000        1.0000         0.050957
0.74000         0.14000        1.0000         0.049343
0.75000         0.14000        1.0000         0.047710
0.76000         0.14000        1.0000         0.046057
0.77000         0.14000        1.0000         0.044384
0.78000         0.14000        1.0000         0.042690
0.79000         0.14000        1.0000         0.040975
0.80000         0.14000        1.0000         0.039238
0.81000         0.14000        1.0000         0.037479
0.82000         0.14000        1.0000         0.035698
0.83000         0.14000        1.0000         0.033895
0.84000         0.14000        1.0000         0.032068
0.85000         0.14000        1.0000         0.030219
0.86000         0.14000        1.0000         0.028347
0.87000         0.14000        1.0000         0.026452
0.88000         0.14000        1.0000         0.024535
0.89000         0.14000        1.0000         0.022594
0.90000         0.14000        1.0000         0.020632
0.91000         0.14000        1.0000         0.018648
0.92000         0.14000        1.0000         0.016642
0.93000         0.14000        1.0000         0.014616
0.94000         0.14000        1.0000         0.012571
0.95000         0.14000        1.0000         0.010508
0.96000         0.14000        1.0000         0.0084293
0.97000         0.14000        1.0000         0.0063360
0.98000         0.14000        1.0000         0.0042312
0.99000         0.14000        1.0000         0.0021179
1.0000          0.14000        1.0000         3.0573E-20
0.0000          0.15000        1.0000         1.7253E-19
0.010000        0.15000        1.0000         0.0021936
0.020000        0.15000        1.0000         0.0043828
0.030000        0.15000        1.0000         0.0065635
0.040000        0.15000        1.0000         0.0087329
0.050000        0.15000        1.0000         0.010888
0.060000        0.15000        1.0000         0.013028
0.070000        0.15000        1.0000         0.015149
0.080000        0.15000        1.0000         0.017252
0.090000        0.15000        1.0000         0.019334
0.10000         0.15000        1.0000         0.021396
0.11000         0.15000        1.0000         0.023436
0.12000         0.15000        1.0000         0.025454
0.13000         0.15000        1.0000         0.027450
0.14000         0.15000        1.0000         0.029423
0.15000         0.15000        1.0000         0.031374
0.16000         0.15000        1.0000         0.033302
0.17000         0.15000        1.0000         0.035208
0.18000         0.15000        1.0000         0.037091
0.19000         0.15000        1.0000         0.038952
0.20000         0.15000        1.0000         0.040791
0.21000         0.15000        1.0000         0.042608
0.22000         0.15000        1.0000         0.044404
0.23000         0.15000        1.0000         0.046179
0.24000         0.15000        1.0000         0.047933
0.25000         0.15000        1.0000         0.049668
0.26000         0.15000        1.0000         0.051382
0.27000         0.15000        1.0000         0.053078
0.28000         0.15000        1.0000         0.054755
0.29000         0.15000        1.0000         0.056414
0.30000         0.15000        1.0000         0.058055
0.31000         0.15000        1.0000         0.059680
0.32000         0.15000        1.0000         0.061289
0.33000         0.15000        1.0000         0.062883
0.34000         0.15000        1.0000         0.064462
0.35000         0.15000        1.0000         0.066028
0.36000         0.15000        1.0000         0.067582
0.37000         0.15000        1.0000         0.069125
0.38000         0.15000        1.0000         0.070659
0.39000         0.15000        1.0000         0.072185
0.40000         0.15000        1.0000         0.073706
0.41000         0.15000        1.0000         0.075227
0.42000         0.15000        1.0000         0.076751
0.43000         0.15000        1.0000         0.078288
0.44000         0.15000        1.0000         0.079852
0.45000         0.15000        1.0000         0.081460
0.46000         0.15000        1.0000         0.083138
0.47000         0.15000        1.0000         0.084891
0.48000         0.15000        1.0000         0.086633
0.49000         0.15000        1.0000         0.088060
0.50000         0.15000        1.0000         0.088638
0.51000         0.15000        1.0000         0.088060
0.52000         0.15000        1.0000         0.086633
0.53000         0.15000        1.0000         0.084891
0.54000         0.15000        1.0000         0.083138
0.55000         0.15000        1.0000         0.081460
0.56000         0.15000        1.0000         0.079852
0.57000         0.15000        1.0000         0.078288
0.58000         0.15000        1.0000         0.076751
0.59000         0.15000        1.0000         0.075227
0.60000         0.15000        1.0000         0.073706
0.61000         0.15000        1.0000         0.072185
0.62000         0.15000        1.0000         0.070659
0.63000         0.15000        1.0000         0.069125
0.64000         0.15000        1.0000         0.067582
0.65000         0.15000        1.0000         0.066028
0.66000         0.15000        1.0000         0.064462
0.67000         0.15000        1.0000         0.062883
0.68000         0.15000        1.0000         0.061289
0.69000         0.15000        1.0000         0.059680
0.70000         0.15000        1.0000         0.058055
0.71000         0.15000        1.0000         0.056414
0.72000         0.15000        1.0000         0.054755
0.73000         0.15000        1.0000         0.053078
0.74000         0.15000        1.0000         0.051382
0.75000         0.15000        1.0000         0.049668
0.76000         0.15000        1.0000         0.047933
0.77000         0.15000        1.0000         0.046179
0.78000         0.15000        1.0000         0.044404
0.79000         0.15000        1.0000         0.042608
0.80000         0.15000        1.0000         0.040791
0.81000         0.15000        1.0000         0.038952
0.82000         0.15000        1.0000         0.037091
0.83000         0.15000        1.0000         0.035208
0.84000         0.15000        1.0000         0.033302
0.85000         0.15000        1.0000         0.031374
0.86000         0.15000        1.0000         0.029423
0.87000         0.15000        1.0000         0.027450
0.88000         0.15000        1.0000         0.025454
0.89000         0.15000        1.0000         0.023436
0.90000         0.15000        1.0000         0.021396
0.91000         0.15000        1.0000         0.019334
0.92000         0.15000        1.0000         0.017252
0.93000         0.15000        1.0000         0.015149
0.94000         0.15000        1.0000         0.013028
0.95000         0.15000        1.0000         0.010888
0.96000         0.15000        1.0000         0.0087329
0.97000         0.15000        1.0000         0.0065635
0.98000         0.15000        1.0000         0.0043828
0.99000         0.15000        1.0000         0.0021936
1.0000          0.15000        1.0000         -1.9733E-19
0.0000          0.16000        1.0000         2.0684E-19
0.010000        0.16000        1.0000         0.0022656
0.020000        0.16000        1.0000         0.0045268
0.030000        0.16000        1.0000         0.0067795
0.040000        0.16000        1.0000         0.0090210
0.050000        0.16000        1.0000         0.011248
0.060000        0.16000        1.0000         0.013460
0.070000        0.16000        1.0000         0.015654
0.080000        0.16000        1.0000         0.017829
0.090000        0.16000        1.0000         0.019984
0.10000         0.16000        1.0000         0.022118
0.11000         0.16000        1.0000         0.024231
0.12000         0.16000        1.0000         0.026322
0.13000         0.16000        1.0000         0.028390
0.14000         0.16000        1.0000         0.030437
0.15000         0.16000        1.0000         0.032461
0.16000         0.16000        1.0000         0.034462
0.17000         0.16000        1.0000         0.036441
0.18000         0.16000        1.0000         0.038398
0.19000         0.16000        1.0000         0.040333
0.20000         0.16000        1.0000         0.042247
0.21000         0.16000        1.0000         0.044138
0.22000         0.16000        1.0000         0.046009
0.23000         0.16000        1.0000         0.047859
0.24000         0.16000        1.0000         0.049689
0.25000         0.16000        1.0000         0.051499
0.26000         0.16000        1.0000         0.053289
0.27000         0.16000        1.0000         0.055061
0.28000         0.16000        1.0000         0.056814
0.29000         0.16000        1.0000         0.058549
0.30000         0.16000        1.0000         0.060267
0.31000         0.16000        1.0000         0.061969
0.32000         0.16000        1.0000         0.063655
0.33000         0.16000        1.0000         0.065325
0.34000         0.16000        1.0000         0.066982
0.35000         0.16000        1.0000         0.068625
0.36000         0.16000        1.0000         0.070256
0.37000         0.16000        1.0000         0.071876
0.38000         0.16000        1.0000         0.073487
0.39000         0.16000        1.0000         0.075090
0.40000         0.16000        1.0000         0.076687
0.41000         0.16000        1.0000         0.078283
0.42000         0.16000        1.0000         0.079881
0.43000         0.16000        1.0000         0.081491
0.44000         0.16000        1.0000         0.083125
0.45000         0.16000        1.0000         0.084804
0.46000         0.16000        1.0000         0.086557
0.47000         0.16000        1.0000         0.088400
0.48000         0.16000        1.0000         0.090265
0.49000         0.16000        1.0000         0.091829
0.50000         0.16000        1.0000         0.092475
0.51000         0.16000        1.0000         0.091829
0.52000         0.16000        1.0000         0.090265
0.53000         0.16000        1.0000         0.088400
0.54000         0.16000        1.0000         0.086557
0.55000         0.16000        1.0000         0.084804
0.56000         0.16000        1.0000         0.083125
0.57000         0.16000        1.0000         0.081491
0.58000         0.16000        1.0000         0.079881
0.59000         0.16000        1.0000         0.078283
0.60000         0.16000        1.0000         0.076687
0.61000         0.16000        1.0000         0.075090
0.62000         0.16000        1.0000         0.073487
0.63000         0.16000        1.0000         0.071876
0.64000         0.16000        1.0000         0.070256
0.65000         0.16000        1.0000         0.068625
0.66000         0.16000        1.0000         0.066982
0.67000         0.16000        1.0000         0.065325
0.68000         0.16000        1.0000         0.063655
0.69000         0.16000        1.0000         0.061969
0.70000         0.16000        1.0000         0.060267
0.71000         0.16000        1.0000         0.058549
0.72000         0.16000        1.0000         0.056814
0.73000         0.16000        1.0000         0.055061
0.74000         0.16000        1.0000         0.053289
0.75000         0.16000        1.0000         0.051499
0.76000         0.16000        1.0000         0.049689
0.77000         0.16000        1.0000         0.047859
0.78000         0.16000        1.0000         0.046009
0.79000         0.16000        1.0000         0.044138
0.80000         0.16000        1.0000         0.042247
0.81000         0.16000        1.0000         0.040333
0.82000         0.16000        1.0000         0.038398
0.83000         0.16000        1.0000         0.036441
0.84000         0.16000        1.0000         0.034462
0.85000         0.16000        1.0000         0.032461
0.86000         0.16000        1.0000         0.030437
0.87000         0.16000        1.0000         0.028390
0.88000         0.16000        1.0000         0.026322
0.89000         0.16000        1.0000         0.024231
0.90000         0.16000        1.0000         0.022118
0.91000         0.16000        1.0000         0.019984
0.92000         0.16000        1.0000         0.017829
0.93000         0.16000        1.0000         0.015654
0.94000         0.16000        1.0000         0.013460
0.95000         0.16000        1.0000         0.011248
0.96000         0.16000        1.0000         0.0090210
0.97000         0.16000        1.0000         0.0067795
0.98000         0.16000        1.0000         0.0045268
0.99000         0.16000        1.0000         0.0022656
1.0000          0.16000        1.0000         -1.2830E-19
0.0000          0.17000        1.0000         -5.1720E-23
0.010000        0.17000        1.0000         0.0023350
0.020000        0.17000        1.0000         0.0046654
0.030000        0.17000        1.0000         0.0069873
0.040000        0.17000        1.0000         0.0092979
0.050000        0.17000        1.0000         0.011594
0.060000        0.17000        1.0000         0.013875
0.070000        0.17000        1.0000         0.016138
0.080000        0.17000        1.0000         0.018381
0.090000        0.17000        1.0000         0.020605
0.10000         0.17000        1.0000         0.022808
0.11000         0.17000        1.0000         0.024989
0.12000         0.17000        1.0000         0.027149
0.13000         0.17000        1.0000         0.029286
0.14000         0.17000        1.0000         0.031401
0.15000         0.17000        1.0000         0.033493
0.16000         0.17000        1.0000         0.035563
0.17000         0.17000        1.0000         0.037611
0.18000         0.17000        1.0000         0.039637
0.19000         0.17000        1.0000         0.041641
0.20000         0.17000        1.0000         0.043623
0.21000         0.17000        1.0000         0.045584
0.22000         0.17000        1.0000         0.047525
0.23000         0.17000        1.0000         0.049444
0.24000         0.17000        1.0000         0.051344
0.25000         0.17000        1.0000         0.053223
0.26000         0.17000        1.0000         0.055084
0.27000         0.17000        1.0000         0.056926
0.28000         0.17000        1.0000         0.058750
0.29000         0.17000        1.0000         0.060556
0.30000         0.17000        1.0000         0.062345
0.31000         0.17000        1.0000         0.064118
0.32000         0.17000        1.0000         0.065875
0.33000         0.17000        1.0000         0.067617
0.34000         0.17000        1.0000         0.069345
0.35000         0.17000        1.0000         0.071060
0.36000         0.17000        1.0000         0.072762
0.37000         0.17000        1.0000         0.074454
0.38000         0.17000        1.0000         0.076136
0.39000         0.17000        1.0000         0.077810
0.40000         0.17000        1.0000         0.079478
0.41000         0.17000        1.0000         0.081143
0.42000         0.17000        1.0000         0.082809
0.43000         0.17000        1.0000         0.084485
0.44000         0.17000        1.0000         0.086183
0.45000         0.17000        1.0000         0.087924
0.46000         0.17000        1.0000         0.089741
0.47000         0.17000        1.0000         0.091661
0.48000         0.17000        1.0000         0.093632
0.49000         0.17000        1.0000         0.095324
0.50000         0.17000        1.0000         0.096038
0.51000         0.17000        1.0000         0.095324
0.52000         0.17000        1.0000         0.093632
0.53000         0.17000        1.0000         0.091661
0.54000         0.17000        1.0000         0.089741
0.55000         0.17000        1.0000         0.087924
0.56000         0.17000        1.0000         0.086183
0.57000         0.17000        1.0000         0.084485
0.58000         0.17000        1.0000         0.082809
0.59000         0.17000        1.0000         0.081143
0.60000         0.17000        1.0000         0.079478
0.61000         0.17000        1.0000         0.077810
0.62000         0.17000        1.0000         0.076136
0.63000         0.17000        1.0000         0.074454
0.64000         0.17000        1.0000         0.072762
0.65000         0.17000        1.0000         0.071060
0.66000         0.17000        1.0000         0.069345
0.67000         0.17000        1.0000         0.067617
0.68000         0.17000        1.0000         0.065875
0.69000         0.17000        1.0000         0.064118
0.70000         0.17000        1.0000         0.062345
0.71000         0.17000        1.0000         0.060556
0.72000         0.17000        1.0000         0.058750
0.73000         0.17000        1.0000         0.056926
0.74000         0.17000        1.0000         0.055084
0.75000         0.17000        1.0000         0.053223
0.76000         0.17000        1.0000         0.051344
0.77000         0.17000        1.0000         0.049444
0.78000         0.17000        1.0000         0.047525
0.79000         0.17000        1.0000         0.045584
0.80000         0.17000        1.0000         0.043623
0.81000         0.17000        1.0000         0.041641
0.82000         0.17000        1.0000         0.039637
0.83000         0.17000        1.0000         0.037611
0.84000         0.17000        1.0000         0.035563
0.85000         0.17000        1.0000         0.033493
0.86000         0.17000        1.0000         0.031401
0.87000         0.17000        1.0000         0.029286
0.88000         0.17000        1.0000         0.027149
0.89000         0.17000        1.0000         0.024989
0.90000         0.17000        1.0000         0.022808
0.91000         0.17000        1.0000         0.020605
0.92000         0.17000        1.0000         0.018381
0.93000         0.17000        1.0000         0.016138
0.94000         0.17000        1.0000         0.013875
0.95000         0.17000        1.0000         0.011594
0.96000         0.17000        1.0000         0.0092979
0.97000         0.17000        1.0000         0.0069873
0.98000         0.17000        1.0000         0.0046654
0.99000         0.17000        1.0000         0.0023350
1.0000          0.17000        1.0000         1.5775E-20
0.0000          0.18000        1.0000         0.0000
0.010000        0.18000        1.0000         0.0024026
0.020000        0.18000        1.0000         0.0048006
0.030000        0.18000        1.0000         0.0071900
0.040000        0.18000        1.0000         0.0095679
0.050000        0.18000        1.0000         0.011931
0.060000        0.18000        1.0000         0.014279
0.070000        0.18000        1.0000         0.016608
0.080000        0.18000        1.0000         0.018918
0.090000        0.18000        1.0000         0.021207
0.10000         0.18000        1.0000         0.023476
0.11000         0.18000        1.0000         0.025722
0.12000         0.18000        1.0000         0.027947
0.13000         0.18000        1.0000         0.030149
0.14000         0.18000        1.0000         0.032329
0.15000         0.18000        1.0000         0.034486
0.16000         0.18000        1.0000         0.036621
0.17000         0.18000        1.0000         0.038733
0.18000         0.18000        1.0000         0.040823
0.19000         0.18000        1.0000         0.042892
0.20000         0.18000        1.0000         0.044939
0.21000         0.18000        1.0000         0.046964
0.22000         0.18000        1.0000         0.048969
0.23000         0.18000        1.0000         0.050953
0.24000         0.18000        1.0000         0.052917
0.25000         0.18000        1.0000         0.054862
0.26000         0.18000        1.0000         0.056788
0.27000         0.18000        1.0000         0.058695
0.28000         0.18000        1.0000         0.060584
0.29000         0.18000        1.0000         0.062455
0.30000         0.18000        1.0000         0.064310
0.31000         0.18000        1.0000         0.066148
0.32000         0.18000        1.0000         0.067971
0.33000         0.18000        1.0000         0.069779
0.34000         0.18000        1.0000         0.071574
0.35000         0.18000        1.0000         0.073354
0.36000         0.18000        1.0000         0.075123
0.37000         0.18000        1.0000         0.076881
0.38000         0.18000        1.0000         0.078628
0.39000         0.18000        1.0000         0.080368
0.40000         0.18000        1.0000         0.082101
0.41000         0.18000        1.0000         0.083830
0.42000         0.18000        1.0000         0.085559
0.43000         0.18000        1.0000         0.087296
0.44000         0.18000        1.0000         0.089052
0.45000         0.18000        1.0000         0.090848
0.46000         0.18000        1.0000         0.092720
0.47000         0.18000        1.0000         0.094703
0.48000         0.18000        1.0000         0.096762
0.49000         0.18000        1.0000         0.098571
0.50000         0.18000        1.0000         0.099348
0.51000         0.18000        1.0000         0.098571
0.52000         0.18000        1.0000         0.096762
0.53000         0.18000        1.0000         0.094703
0.54000         0.18000        1.0000         0.092720
0.55000         0.18000        1.0000         0.090848
0.56000         0.18000        1.0000         0.089052
0.57000         0.18000        1.0000         0.087296
0.58000         0.18000        1.0000         0.085559
0.59000         0.18000        1.0000         0.083830
0.60000         0.18000        1.0000         0.082101
0.61000         0.18000        1.0000         0.080368
0.62000         0.18000        1.0000         0.078628
0.63000         0.18000        1.0000         0.076881
0.64000         0.18000        1.0000         0.075123
0.65000         0.18000        1.0000         0.073354
0.66000         0.18000        1.0000         0.071574
0.67000         0.18000        1.0000         0.069779
0.68000         0.18000        1.0000         0.067971
0.69000         0.18000        1.0000         0.066148
0.70000         0.18000        1.0000         0.064310
0.71000         0.18000        1.0000         0.062455
0.72000         0.18000        1.0000         0.060584
0.73000         0.18000        1.0000         0.058695
0.74000         0.18000        1.0000         0.056788
0.75000         0.18000        1.0000         0.054862
0.76000         0.18000        1.0000         0.052917
0.77000         0.18000        1.0000         0.050953
0.78000         0.18000        1.0000         0.048969
0.79000         0.18000        1.0000         0.046964
0.80000         0.18000        1.0000         0.044939
0.81000         0.18000        1.0000         0.042892
0.82000         0.18000        1.0000         0.040823
0.83000         0.18000        1.0000         0.038733
0.84000         0.18000        1.0000         0.036621
0.85000         0.18000        1.0000         0.034486
0.86000         0.18000        1.0000         0.032329
0.87000         0.18000        1.0000         0.030149
0.88000         0.18000        1.0000         0.027947
0.89000         0.18000        1.0000         0.025722
0.90000         0.18000        1.0000         0.023476
0.91000         0.18000        1.0000         0.021207
0.92000         0.18000        1.0000         0.018918
0.93000         0.18000        1.0000         0.016608
0.94000         0.18000        1.0000         0.014279
0.95000         0.18000        1.0000         0.011931
0.96000         0.18000        1.0000         0.0095679
0.97000         0.18000        1.0000         0.0071900
0.98000         0.18000        1.0000         0.0048006
0.99000         0.18000        1.0000         0.0024026
1.0000          0.18000        1.0000         3.1064E-21
0.0000          0.19000        1.0000         0.0000
0.010000        0.19000        1.0000         0.0024696
0.020000        0.19000        1.0000         0.0049344
0.030000        0.19000        1.0000         0.0073904
0.040000        0.19000        1.0000         0.0098345
0.050000        0.19000        1.0000         0.012264
0.060000        0.19000        1.0000         0.014676
0.070000        0.19000        1.0000         0.017071
0.080000        0.19000        1.0000         0.019445
0.090000        0.19000        1.0000         0.021798
0.10000         0.19000        1.0000         0.024130
0.11000         0.19000        1.0000         0.026440
0.12000         0.19000        1.0000         0.028727
0.13000         0.19000        1.0000         0.030992
0.14000         0.19000        1.0000         0.033233
0.15000         0.19000        1.0000         0.035452
0.16000         0.19000        1.0000         0.037648
0.17000         0.19000        1.0000         0.039821
0.18000         0.19000        1.0000         0.041972
0.19000         0.19000        1.0000         0.044101
0.20000         0.19000        1.0000         0.046209
0.21000         0.19000        1.0000         0.048295
0.22000         0.19000        1.0000         0.050360
0.23000         0.19000        1.0000         0.052404
0.24000         0.19000        1.0000         0.054429
0.25000         0.19000        1.0000         0.056434
0.26000         0.19000        1.0000         0.058420
0.27000         0.19000        1.0000         0.060387
0.28000         0.19000        1.0000         0.062336
0.29000         0.19000        1.0000         0.064268
0.30000         0.19000        1.0000         0.066184
0.31000         0.19000        1.0000         0.068083
0.32000         0.19000        1.0000         0.069966
0.33000         0.19000        1.0000         0.071835
0.34000         0.19000        1.0000         0.073690
0.35000         0.19000        1.0000         0.075532
0.36000         0.19000        1.0000         0.077361
0.37000         0.19000        1.0000         0.079180
0.38000         0.19000        1.0000         0.080988
0.39000         0.19000        1.0000         0.082787
0.40000         0.19000        1.0000         0.084580
0.41000         0.19000        1.0000         0.086368
0.42000         0.19000        1.0000         0.088155
0.43000         0.19000        1.0000         0.089947
0.44000         0.19000        1.0000         0.091756
0.45000         0.19000        1.0000         0.093602
0.46000         0.19000        1.0000         0.095520
0.47000         0.19000        1.0000         0.097556
0.48000         0.19000        1.0000         0.099691
0.49000         0.19000        1.0000         0.10160
0.50000         0.19000        1.0000         0.10243
0.51000         0.19000        1.0000         0.10160
0.52000         0.19000        1.0000         0.099691
0.53000         0.19000        1.0000         0.097556
0.54000         0.19000        1.0000         0.095520
0.55000         0.19000        1.0000         0.093602
0.56000         0.19000        1.0000         0.091756
0.57000         0.19000        1.0000         0.089947
0.58000         0.19000        1.0000         0.088155
0.59000         0.19000        1.0000         0.086368
0.60000         0.19000        1.0000         0.084580
0.61000         0.19000        1.0000         0.082787
0.62000         0.19000        1.0000         0.080988
0.63000         0.19000        1.0000         0.079180
0.64000         0.19000        1.0000         0.077361
0.65000         0.19000        1.0000         0.075532
0.66000         0.19000        1.0000         0.073690
0.67000         0.19000        1.0000         0.071835
0.68000         0.19000        1.0000         0.069966
0.69000         0.19000        1.0000         0.068083
0.70000         0.19000        1.0000         0.066184
0.71000         0.19000        1.0000         0.064268
0.72000         0.19000        1.0000         0.062336
0.73000         0.19000        1.0000         0.060387
0.74000         0.19000        1.0000         0.058420
0.75000         0.19000        1.0000         0.056434
0.76000         0.19000        1.0000         0.054429
0.77000         0.19000        1.0000         0.052404
0.78000         0.19000        1.0000         0.050360
0.79000         0.19000        1.0000         0.048295
0.80000         0.19000        1.0000         0.046209
0.81000         0.19000        1.0000         0.044101
0.82000         0.19000        1.0000         0.041972
0.83000         0.19000        1.0000         0.039821
0.84000         0.19000        1.0000         0.037648
0.85000         0.19000        1.0000         0.035452
0.86000         0.19000        1.0000         0.033233
0.87000         0.19000        1.0000         0.030992
0.88000         0.19000        1.0000         0.028727
0.89000         0.19000        1.0000         0.026440
0.90000         0.19000        1.0000         0.024130
0.91000         0.19000        1.0000         0.021798
0.92000         0.19000        1.0000         0.019445
0.93000         0.19000        1.0000         0.017071
0.94000         0.19000        1.0000         0.014676
0.95000         0.19000        1.0000         0.012264
0.96000         0.19000        1.0000         0.0098345
0.97000         0.19000        1.0000         0.0073904
0.98000         0.19000        1.0000         0.0049344
0.99000         0.19000        1.0000         0.0024696
1.0000          0.19000        1.0000         3.3122E-19
0.0000          0.20000        1.0000         0.0000
0.010000        0.20000        1.0000         0.0025367
0.020000        0.20000        1.0000         0.0050684
0.030000        0.20000        1.0000         0.0075910
0.040000        0.20000        1.0000         0.010101
0.050000        0.20000        1.0000         0.012596
0.060000        0.20000        1.0000         0.015074
0.070000        0.20000        1.0000         0.017532
0.080000        0.20000        1.0000         0.019970
0.090000        0.20000        1.0000         0.022386
0.10000         0.20000        1.0000         0.024780
0.11000         0.20000        1.0000         0.027151
0.12000         0.20000        1.0000         0.029499
0.13000         0.20000        1.0000         0.031824
0.14000         0.20000        1.0000         0.034125
0.15000         0.20000        1.0000         0.036403
0.16000         0.20000        1.0000         0.038657
0.17000         0.20000        1.0000         0.040889
0.18000         0.20000        1.0000         0.043098
0.19000         0.20000        1.0000         0.045284
0.20000         0.20000        1.0000         0.047449
0.21000         0.20000        1.0000         0.049591
0.22000         0.20000        1.0000         0.051713
0.23000         0.20000        1.0000         0.053814
0.24000         0.20000        1.0000         0.055895
0.25000         0.20000        1.0000         0.057956
0.26000         0.20000        1.0000         0.059998
0.27000         0.20000        1.0000         0.062022
0.28000         0.20000        1.0000         0.064027
0.29000         0.20000        1.0000         0.066015
0.30000         0.20000        1.0000         0.067986
0.31000         0.20000        1.0000         0.069941
0.32000         0.20000        1.0000         0.071881
0.33000         0.20000        1.0000         0.073806
0.34000         0.20000        1.0000         0.075717
0.35000         0.20000        1.0000         0.077614
0.36000         0.20000        1.0000         0.079499
0.37000         0.20000        1.0000         0.081373
0.38000         0.20000        1.0000         0.083237
0.39000         0.20000        1.0000         0.085091
0.40000         0.20000        1.0000         0.086939
0.41000         0.20000        1.0000         0.088780
0.42000         0.20000        1.0000         0.090620
0.43000         0.20000        1.0000         0.092463
0.44000         0.20000        1.0000         0.094320
0.45000         0.20000        1.0000         0.096210
0.46000         0.20000        1.0000         0.098170
0.47000         0.20000        1.0000         0.10025
0.48000         0.20000        1.0000         0.10244
0.49000         0.20000        1.0000         0.10444
0.50000         0.20000        1.0000         0.10533
0.51000         0.20000        1.0000         0.10444
0.52000         0.20000        1.0000         0.10244
0.53000         0.20000        1.0000         0.10025
0.54000         0.20000        1.0000         0.098170
0.55000         0.20000        1.0000         0.096210
0.56000         0.20000        1.0000         0.094320
0.57000         0.20000        1.0000         0.092463
0.58000         0.20000        1.0000         0.090620
0.59000         0.20000        1.0000         0.088780
0.60000         0.20000        1.0000         0.086939
0.61000         0.20000        1.0000         0.085091
0.62000         0.20000        1.0000         0.083237
0.63000         0.20000        1.0000         0.081373
0.64000         0.20000        1.0000         0.079499
0.65000         0.20000        1.0000         0.077614
0.66000         0.20000        1.0000         0.075717
0.67000         0.20000        1.0000         0.073806
0.68000         0.20000        1.0000         0.071881
0.69000         0.20000        1.0000         0.069941
0.70000         0.20000        1.0000         0.067986
0.71000         0.20000        1.0000         0.066015
0.72000         0.20000        1.0000         0.064027
0.73000         0.20000        1.0000         0.062022
0.74000         0.20000        1.0000         0.059998
0.75000         0.20000        1.0000         0.057956
0.76000         0.20000        1.0000         0.055895
0.77000         0.20000        1.0000         0.053814
0.78000         0.20000        1.0000         0.051713
0.79000         0.20000        1.0000         0.049592
0.80000         0.20000        1.0000         0.047449
0.81000         0.20000        1.0000         0.045284
0.82000         0.20000        1.0000         0.043098
0.83000         0.20000        1.0000         0.040889
0.84000         0.20000        1.0000         0.038657
0.85000         0.20000        1.0000         0.036403
0.86000         0.20000        1.0000         0.034125
0.87000         0.20000        1.0000         0.031824
0.88000         0.20000        1.0000         0.029499
0.89000         0.20000        1.0000         0.027151
0.90000         0.20000        1.0000         0.024780
0.91000         0.20000        1.0000         0.022386
0.92000         0.20000        1.0000         0.019970
0.93000         0.20000        1.0000         0.017532
0.94000         0.20000        1.0000         0.015074
0.95000         0.20000        1.0000         0.012596
0.96000         0.20000        1.0000         0.010101
0.97000         0.20000        1.0000         0.0075910
0.98000         0.20000        1.0000         0.0050684
0.99000         0.20000        1.0000         0.0025367
1.0000          0.20000        1.0000         -1.4074E-21
0.0000          0.21000        1.0000         -2.0483E-19
0.010000        0.21000        1.0000         0.0026047
0.020000        0.21000        1.0000         0.0052042
0.030000        0.21000        1.0000         0.0077941
0.040000        0.21000        1.0000         0.010371
0.050000        0.21000        1.0000         0.012932
0.060000        0.21000        1.0000         0.015474
0.070000        0.21000        1.0000         0.017997
0.080000        0.21000        1.0000         0.020498
0.090000        0.21000        1.0000         0.022977
0.10000         0.21000        1.0000         0.025432
0.11000         0.21000        1.0000         0.027864
0.12000         0.21000        1.0000         0.030272
0.13000         0.21000        1.0000         0.032655
0.14000         0.21000        1.0000         0.035014
0.15000         0.21000        1.0000         0.037349
0.16000         0.21000        1.0000         0.039660
0.17000         0.21000        1.0000         0.041948
0.18000         0.21000        1.0000         0.044212
0.19000         0.21000        1.0000         0.046454
0.20000         0.21000        1.0000         0.048672
0.21000         0.21000        1.0000         0.050869
0.22000         0.21000        1.0000         0.053044
0.23000         0.21000        1.0000         0.055199
0.24000         0.21000        1.0000         0.057332
0.25000         0.21000        1.0000         0.059446
0.26000         0.21000        1.0000         0.061541
0.27000         0.21000        1.0000         0.063616
0.28000         0.21000        1.0000         0.065674
0.29000         0.21000        1.0000         0.067714
0.30000         0.21000        1.0000         0.069737
0.31000         0.21000        1.0000         0.071744
0.32000         0.21000        1.0000         0.073735
0.33000         0.21000        1.0000         0.075711
0.34000         0.21000        1.0000         0.077673
0.35000         0.21000        1.0000         0.079622
0.36000         0.21000        1.0000         0.081559
0.37000         0.21000        1.0000         0.083484
0.38000         0.21000        1.0000         0.085398
0.39000         0.21000        1.0000         0.087303
0.40000         0.21000        1.0000         0.089200
0.41000         0.21000        1.0000         0.091091
0.42000         0.21000        1.0000         0.092978
0.43000         0.21000        1.0000         0.094868
0.44000         0.21000        1.0000         0.096768
0.45000         0.21000        1.0000         0.098699
0.46000         0.21000        1.0000         0.10069
0.47000         0.21000        1.0000         0.10281
0.48000         0.21000        1.0000         0.10505
0.49000         0.21000        1.0000         0.10713
0.50000         0.21000        1.0000         0.10807
0.51000         0.21000        1.0000         0.10713
0.52000         0.21000        1.0000         0.10505
0.53000         0.21000        1.0000         0.10281
0.54000         0.21000        1.0000         0.10069
0.55000         0.21000        1.0000         0.098699
0.56000         0.21000        1.0000         0.096768
0.57000         0.21000        1.0000         0.094868
0.58000         0.21000        1.0000         0.092978
0.59000         0.21000        1.0000         0.091091
0.60000         0.21000        1.0000         0.089200
0.61000         0.21000        1.0000         0.087303
0.62000         0.21000        1.0000         0.085398
0.63000         0.21000        1.0000         0.083484
0.64000         0.21000        1.0000         0.081559
0.65000         0.21000        1.0000         0.079622
0.66000         0.21000        1.0000         0.077673
0.67000         0.21000        1.0000         0.075711
0.68000         0.21000        1.0000         0.073735
0.69000         0.21000        1.0000         0.071744
0.70000         0.21000        1.0000         0.069737
0.71000         0.21000        1.0000         0.067714
0.72000         0.21000        1.0000         0.065674
0.73000         0.21000        1.0000         0.063616
0.74000         0.21000        1.0000         0.061541
0.75000         0.21000        1.0000         0.059446
0.76000         0.21000        1.0000         0.057332
0.77000         0.21000        1.0000         0.055199
0.78000         0.21000        1.0000         0.053044
0.79000         0.21000        1.0000         0.050869
0.80000         0.21000        1.0000         0.048672
0.81000         0.21000        1.0000         0.046454
0.82000         0.21000        1.0000         0.044212
0.83000         0.21000        1.0000         0.041948
0.84000         0.21000        1.0000         0.039660
0.85000         0.21000        1.0000         0.037349
0.86000         0.21000        1.0000         0.035014
0.87000         0.21000        1.0000         0.032655
0.88000         0.21000        1.0000         0.030272
0.89000         0.21000        1.0000         0.027864
0.90000         0.21000        1.0000         0.025432
0.91000         0.21000        1.0000         0.022977
0.92000         0.21000        1.0000         0.020498
0.93000         0.21000        1.0000         0.017997
0.94000         0.21000        1.0000         0.015474
0.95000         0.21000        1.0000         0.012932
0.96000         0.21000        1.0000         0.010371
0.97000         0.21000        1.0000         0.0077941
0.98000         0.21000        1.0000         0.0052042
0.99000         0.21000        1.0000         0.0026047
1.0000          0.21000        1.0000         -2.3111E-19
0.0000          0.22000        1.0000         -9.6836E-19
0.010000        0.22000        1.0000         0.0026744
0.020000        0.22000        1.0000         0.0053432
0.030000        0.22000        1.0000         0.0080019
0.040000        0.22000        1.0000         0.010647
0.050000        0.22000        1.0000         0.013275
0.060000        0.22000        1.0000         0.015883
0.070000        0.22000        1.0000         0.018471
0.080000        0.22000        1.0000         0.021036
0.090000        0.22000        1.0000         0.023577
0.10000         0.22000        1.0000         0.026094
0.11000         0.22000        1.0000         0.028586
0.12000         0.22000        1.0000         0.031053
0.13000         0.22000        1.0000         0.033494
0.14000         0.22000        1.0000         0.035911
0.15000         0.22000        1.0000         0.038302
0.16000         0.22000        1.0000         0.040668
0.17000         0.22000        1.0000         0.043010
0.18000         0.22000        1.0000         0.045328
0.19000         0.22000        1.0000         0.047622
0.20000         0.22000        1.0000         0.049893
0.21000         0.22000        1.0000         0.052141
0.22000         0.22000        1.0000         0.054367
0.23000         0.22000        1.0000         0.056572
0.24000         0.22000        1.0000         0.058756
0.25000         0.22000        1.0000         0.060919
0.26000         0.22000        1.0000         0.063063
0.27000         0.22000        1.0000         0.065187
0.28000         0.22000        1.0000         0.067294
0.29000         0.22000        1.0000         0.069382
0.30000         0.22000        1.0000         0.071453
0.31000         0.22000        1.0000         0.073508
0.32000         0.22000        1.0000         0.075547
0.33000         0.22000        1.0000         0.077571
0.34000         0.22000        1.0000         0.079580
0.35000         0.22000        1.0000         0.081576
0.36000         0.22000        1.0000         0.083560
0.37000         0.22000        1.0000         0.085531
0.38000         0.22000        1.0000         0.087492
0.39000         0.22000        1.0000         0.089443
0.40000         0.22000        1.0000         0.091385
0.41000         0.22000        1.0000         0.093321
0.42000         0.22000        1.0000         0.095253
0.43000         0.22000        1.0000         0.097184
0.44000         0.22000        1.0000         0.099125
0.45000         0.22000        1.0000         0.10109
0.46000         0.22000        1.0000         0.10312
0.47000         0.22000        1.0000         0.10527
0.48000         0.22000        1.0000         0.10755
0.49000         0.22000        1.0000         0.10969
0.50000         0.22000        1.0000         0.11067
0.51000         0.22000        1.0000         0.10969
0.52000         0.22000        1.0000         0.10755
0.53000         0.22000        1.0000         0.10527
0.54000         0.22000        1.0000         0.10312
0.55000         0.22000        1.0000         0.10109
0.56000         0.22000        1.0000         0.099125
0.57000         0.22000        1.0000         0.097184
0.58000         0.22000        1.0000         0.095253
0.59000         0.22000        1.0000         0.093321
0.60000         0.22000        1.0000         0.091385
0.61000         0.22000        1.0000         0.089443
0.62000         0.22000        1.0000         0.087492
0.63000         0.22000        1.0000         0.085531
0.64000         0.22000        1.0000         0.083560
0.65000         0.22000        1.0000         0.081576
0.66000         0.22000        1.0000         0.079580
0.67000         0.22000        1.0000         0.077571
0.68000         0.22000        1.0000         0.075547
0.69000         0.22000        1.0000         0.073508
0.70000         0.22000        1.0000         0.071453
0.71000         0.22000        1.0000         0.069382
0.72000         0.22000        1.0000         0.067294
0.73000         0.22000        1.0000         0.065187
0.74000         0.22000        1.0000         0.063063
0.75000         0.22000        1.0000         0.060919
0.76000         0.22000        1.0000         0.058756
0.77000         0.22000        1.0000         0.056572
0.78000         0.22000        1.0000         0.054367
0.79000         0.22000        1.0000         0.052141
0.80000         0.22000        1.0000         0.049893
0.81000         0.22000        1.0000         0.047622
0.82000         0.22000        1.0000         0.045328
0.83000         0.22000        1.0000         0.043010
0.84000         0.22000        1.0000         0.040668
0.85000         0.22000        1.0000         0.038302
0.86000         0.22000        1.0000         0.035911
0.87000         0.22000        1.0000         0.033494
0.88000         0.22000        1.0000         0.031053
0.89000         0.22000        1.0000         0.028586
0.90000         0.22000        1.0000         0.026094
0.91000         0.22000        1.0000         0.023577
0.92000         0.22000        1.0000         0.021036
0.93000         0.22000        1.0000         0.018471
0.94000         0.22000        1.0000         0.015883
0.95000         0.22000        1.0000         0.013275
0.96000         0.22000        1.0000         0.010647
0.97000         0.22000        1.0000         0.0080019
0.98000         0.22000        1.0000         0.0053432
0.99000         0.22000        1.0000         0.0026744
1.0000          0.22000        1.0000         8.7993E-20
0.0000          0.23000        1.0000         -9.9450E-19
0.010000        0.23000        1.0000         0.0027464
0.020000        0.23000        1.0000         0.0054867
0.030000        0.23000        1.0000         0.0082164
0.040000        0.23000        1.0000         0.010931
0.050000        0.23000        1.0000         0.013628
0.060000        0.23000        1.0000         0.016304
0.070000        0.23000        1.0000         0.018958
0.080000        0.23000        1.0000         0.021588
0.090000        0.23000        1.0000         0.024193
0.10000         0.23000        1.0000         0.026772
0.11000         0.23000        1.0000         0.029324
0.12000         0.23000        1.0000         0.031850
0.13000         0.23000        1.0000         0.034350
0.14000         0.23000        1.0000         0.036823
0.15000         0.23000        1.0000         0.039269
0.16000         0.23000        1.0000         0.041690
0.17000         0.23000        1.0000         0.044085
0.18000         0.23000        1.0000         0.046455
0.19000         0.23000        1.0000         0.048800
0.20000         0.23000        1.0000         0.051122
0.21000         0.23000        1.0000         0.053420
0.22000         0.23000        1.0000         0.055695
0.23000         0.23000        1.0000         0.057948
0.24000         0.23000        1.0000         0.060179
0.25000         0.23000        1.0000         0.062389
0.26000         0.23000        1.0000         0.064580
0.27000         0.23000        1.0000         0.066750
0.28000         0.23000        1.0000         0.068902
0.29000         0.23000        1.0000         0.071036
0.30000         0.23000        1.0000         0.073152
0.31000         0.23000        1.0000         0.075251
0.32000         0.23000        1.0000         0.077335
0.33000         0.23000        1.0000         0.079402
0.34000         0.23000        1.0000         0.081456
0.35000         0.23000        1.0000         0.083495
0.36000         0.23000        1.0000         0.085522
0.37000         0.23000        1.0000         0.087536
0.38000         0.23000        1.0000         0.089539
0.39000         0.23000        1.0000         0.091532
0.40000         0.23000        1.0000         0.093516
0.41000         0.23000        1.0000         0.095493
0.42000         0.23000        1.0000         0.097465
0.43000         0.23000        1.0000         0.099435
0.44000         0.23000        1.0000         0.10141
0.45000         0.23000        1.0000         0.10341
0.46000         0.23000        1.0000         0.10547
0.47000         0.23000        1.0000         0.10764
0.48000         0.23000        1.0000         0.10996
0.49000         0.23000        1.0000         0.11216
0.50000         0.23000        1.0000         0.11317
0.51000         0.23000        1.0000         0.11216
0.52000         0.23000        1.0000         0.10996
0.53000         0.23000        1.0000         0.10764
0.54000         0.23000        1.0000         0.10547
0.55000         0.23000        1.0000         0.10341
0.56000         0.23000        1.0000         0.10141
0.57000         0.23000        1.0000         0.099435
0.58000         0.23000        1.0000         0.097465
0.59000         0.23000        1.0000         0.095493
0.60000         0.23000        1.0000         0.093516
0.61000         0.23000        1.0000         0.091532
0.62000         0.23000        1.0000         0.089539
0.63000         0.23000        1.0000         0.087536
0.64000         0.23000        1.0000         0.085522
0.65000         0.23000        1.0000         0.083495
0.66000         0.23000        1.0000         0.081456
0.67000         0.23000        1.0000         0.079402
0.68000         0.23000        1.0000         0.077335
0.69000         0.23000        1.0000         0.075251
0.70000         0.23000        1.0000         0.073152
0.71000         0.23000        1.0000         0.071036
0.72000         0.23000        1.0000         0.068902
0.73000         0.23000        1.0000         0.066750
0.74000         0.23000        1.0000         0.064580
0.75000         0.23000        1.0000         0.062389
0.76000         0.23000        1.0000         0.060179
0.77000         0.23000        1.0000         0.057948
0.78000         0.23000        1.0000         0.055695
0.79000         0.23000        1.0000         0.053420
0.80000         0.23000        1.0000         0.051122
0.81000         0.23000        1.0000         0.048800
0.82000         0.23000        1.0000         0.046455
0.83000         0.23000        1.0000         0.044085
0.84000         0.23000        1.0000         0.041690
0.85000         0.23000        1.0000         0.039269
0.86000         0.23000        1.0000         0.036823
0.87000         0.23000        1.0000         0.034350
0.88000         0.23000        1.0000         0.031850
0.89000         0.23000        1.0000         0.029324
0.90000         0.23000        1.0000         0.026772
0.91000         0.23000        1.0000         0.024193
0.92000         0.23000        1.0000         0.021588
0.93000         0.23000        1.0000         0.018958
0.94000         0.23000        1.0000         0.016304
0.95000         0.23000        1.0000         0.013628
0.96000         0.23000        1.0000         0.010931
0.97000         0.23000        1.0000         0.0082164
0.98000         0.23000        1.0000         0.0054867
0.99000         0.23000        1.0000         0.0027464
1.0000          0.23000        1.0000         -2.7950E-19
0.0000          0.24000        1.0000         -1.2749E-19
0.010000        0.24000        1.0000         0.0028213
0.020000        0.24000        1.0000         0.0056361
0.030000        0.24000        1.0000         0.0084394
0.040000        0.24000        1.0000         0.011227
0.050000        0.24000        1.0000         0.013995
0.060000        0.24000        1.0000         0.016741
0.070000        0.24000        1.0000         0.019463
0.080000        0.24000        1.0000         0.022159
0.090000        0.24000        1.0000         0.024829
0.10000         0.24000        1.0000         0.027471
0.11000         0.24000        1.0000         0.030085
0.12000         0.24000        1.0000         0.032671
0.13000         0.24000        1.0000         0.035228
0.14000         0.24000        1.0000         0.037758
0.15000         0.24000        1.0000         0.040260
0.16000         0.24000        1.0000         0.042734
0.17000         0.24000        1.0000         0.045182
0.18000         0.24000        1.0000         0.047603
0.19000         0.24000        1.0000         0.049999
0.20000         0.24000        1.0000         0.052370
0.21000         0.24000        1.0000         0.054716
0.22000         0.24000        1.0000         0.057038
0.23000         0.24000        1.0000         0.059338
0.24000         0.24000        1.0000         0.061615
0.25000         0.24000        1.0000         0.063870
0.26000         0.24000        1.0000         0.066105
0.27000         0.24000        1.0000         0.068319
0.28000         0.24000        1.0000         0.070514
0.29000         0.24000        1.0000         0.072690
0.30000         0.24000        1.0000         0.074849
0.31000         0.24000        1.0000         0.076990
0.32000         0.24000        1.0000         0.079114
0.33000         0.24000        1.0000         0.081223
0.34000         0.24000        1.0000         0.083317
0.35000         0.24000        1.0000         0.085397
0.36000         0.24000        1.0000         0.087463
0.37000         0.24000        1.0000         0.089517
0.38000         0.24000        1.0000         0.091559
0.39000         0.24000        1.0000         0.093590
0.40000         0.24000        1.0000         0.095613
0.41000         0.24000        1.0000         0.097627
0.42000         0.24000        1.0000         0.099634
0.43000         0.24000        1.0000         0.10164
0.44000         0.24000        1.0000         0.10365
0.45000         0.24000        1.0000         0.10568
0.46000         0.24000        1.0000         0.10776
0.47000         0.24000        1.0000         0.10996
0.48000         0.24000        1.0000         0.11231
0.49000         0.24000        1.0000         0.11455
0.50000         0.24000        1.0000         0.11560
0.51000         0.24000        1.0000         0.11455
0.52000         0.24000        1.0000         0.11231
0.53000         0.24000        1.0000         0.10996
0.54000         0.24000        1.0000         0.10776
0.55000         0.24000        1.0000         0.10568
0.56000         0.24000        1.0000         0.10365
0.57000         0.24000        1.0000         0.10164
0.58000         0.24000        1.0000         0.099634
0.59000         0.24000        1.0000         0.097627
0.60000         0.24000        1.0000         0.095613
0.61000         0.24000        1.0000         0.093590
0.62000         0.24000        1.0000         0.091559
0.63000         0.24000        1.0000         0.089517
0.64000         0.24000        1.0000         0.087463
0.65000         0.24000        1.0000         0.085397
0.66000         0.24000        1.0000         0.083317
0.67000         0.24000        1.0000         0.081223
0.68000         0.24000        1.0000         0.079114
0.69000         0.24000        1.0000         0.076990
0.70000         0.24000        1.0000         0.074849
0.71000         0.24000        1.0000         0.072690
0.72000         0.24000        1.0000         0.070514
0.73000         0.24000        1.0000         0.068319
0.74000         0.24000        1.0000         0.066105
0.75000         0.24000        1.0000         0.063870
0.76000         0.24000        1.0000         0.061615
0.77000         0.24000        1.0000         0.059338
0.78000         0.24000        1.0000         0.057038
0.79000         0.24000        1.0000         0.054716
0.80000         0.24000        1.0000         0.052370
0.81000         0.24000        1.0000         0.049999
0.82000         0.24000        1.0000         0.047603
0.83000         0.24000        1.0000         0.045182
0.84000         0.24000        1.0000         0.042734
0.85000         0.24000        1.0000         0.040260
0.86000         0.24000        1.0000         0.037758
0.87000         0.24000        1.0000         0.035228
0.88000         0.24000        1.0000         0.032671
0.89000         0.24000        1.0000         0.030085
0.90000         0.24000        1.0000         0.027471
0.91000         0.24000        1.0000         0.024829
0.92000         0.24000        1.0000         0.022159
0.93000         0.24000        1.0000         0.019463
0.94000         0.24000        1.0000         0.016741
0.95000         0.24000        1.0000         0.013995
0.96000         0.24000        1.0000         0.011227
0.97000         0.24000        1.0000         0.0084394
0.98000         0.24000        1.0000         0.0056361
0.99000         0.24000        1.0000         0.0028213
1.0000          0.24000        1.0000         -5.0399E-19
0.0000          0.25000        1.0000         0.0000
0.010000        0.25000        1.0000         0.0028997
0.020000        0.25000        1.0000         0.0057925
0.030000        0.25000        1.0000         0.0086728
0.040000        0.25000        1.0000         0.011536
0.050000        0.25000        1.0000         0.014378
0.060000        0.25000        1.0000         0.017197
0.070000        0.25000        1.0000         0.019989
0.080000        0.25000        1.0000         0.022754
0.090000        0.25000        1.0000         0.025490
0.10000         0.25000        1.0000         0.028197
0.11000         0.25000        1.0000         0.030874
0.12000         0.25000        1.0000         0.033521
0.13000         0.25000        1.0000         0.036137
0.14000         0.25000        1.0000         0.038724
0.15000         0.25000        1.0000         0.041282
0.16000         0.25000        1.0000         0.043810
0.17000         0.25000        1.0000         0.046310
0.18000         0.25000        1.0000         0.048783
0.19000         0.25000        1.0000         0.051228
0.20000         0.25000        1.0000         0.053647
0.21000         0.25000        1.0000         0.056040
0.22000         0.25000        1.0000         0.058409
0.23000         0.25000        1.0000         0.060753
0.24000         0.25000        1.0000         0.063074
0.25000         0.25000        1.0000         0.065373
0.26000         0.25000        1.0000         0.067650
0.27000         0.25000        1.0000         0.069906
0.28000         0.25000        1.0000         0.072142
0.29000         0.25000        1.0000         0.074359
0.30000         0.25000        1.0000         0.076557
0.31000         0.25000        1.0000         0.078737
0.32000         0.25000        1.0000         0.080900
0.33000         0.25000        1.0000         0.083048
0.34000         0.25000        1.0000         0.085179
0.35000         0.25000        1.0000         0.087296
0.36000         0.25000        1.0000         0.089399
0.37000         0.25000        1.0000         0.091489
0.38000         0.25000        1.0000         0.093567
0.39000         0.25000        1.0000         0.095634
0.40000         0.25000        1.0000         0.097691
0.41000         0.25000        1.0000         0.099739
0.42000         0.25000        1.0000         0.10178
0.43000         0.25000        1.0000         0.10382
0.44000         0.25000        1.0000         0.10586
0.45000         0.25000        1.0000         0.10792
0.46000         0.25000        1.0000         0.11002
0.47000         0.25000        1.0000         0.11224
0.48000         0.25000        1.0000         0.11462
0.49000         0.25000        1.0000         0.11690
0.50000         0.25000        1.0000         0.11798
0.51000         0.25000        1.0000         0.11690
0.52000         0.25000        1.0000         0.11462
0.53000         0.25000        1.0000         0.11224
0.54000         0.25000        1.0000         0.11002
0.55000         0.25000        1.0000         0.10792
0.56000         0.25000        1.0000         0.10586
0.57000         0.25000        1.0000         0.10382
0.58000         0.25000        1.0000         0.10178
0.59000         0.25000        1.0000         0.099739
0.60000         0.25000        1.0000         0.097691
0.61000         0.25000        1.0000         0.095634
0.62000         0.25000        1.0000         0.093567
0.63000         0.25000        1.0000         0.091489
0.64000         0.25000        1.0000         0.089399
0.65000         0.25000        1.0000         0.087296
0.66000         0.25000        1.0000         0.085179
0.67000         0.25000        1.0000         0.083048
0.68000         0.25000        1.0000         0.080900
0.69000         0.25000        1.0000         0.078737
0.70000         0.25000        1.0000         0.076557
0.71000         0.25000        1.0000         0.074359
0.72000         0.25000        1.0000         0.072142
0.73000         0.25000        1.0000         0.069906
0.74000         0.25000        1.0000         0.067650
0.75000         0.25000        1.0000         0.065373
0.76000         0.25000        1.0000         0.063074
0.77000         0.25000        1.0000         0.060753
0.78000         0.25000        1.0000         0.058409
0.79000         0.25000        1.0000         0.056040
0.80000         0.25000        1.0000         0.053647
0.81000         0.25000        1.0000         0.051228
0.82000         0.25000        1.0000         0.048783
0.83000         0.25000        1.0000         0.046310
0.84000         0.25000        1.0000         0.043810
0.85000         0.25000        1.0000         0.041282
0.86000         0.25000        1.0000         0.038724
0.87000         0.25000        1.0000         0.036137
0.88000         0.25000        1.0000         0.033521
0.89000         0.25000        1.0000         0.030874
0.90000         0.25000        1.0000         0.028197
0.91000         0.25000        1.0000         0.025490
0.92000         0.25000        1.0000         0.022754
0.93000         0.25000        1.0000         0.019989
0.94000         0.25000        1.0000         0.017197
0.95000         0.25000        1.0000         0.014378
0.96000         0.25000        1.0000         0.011536
0.97000         0.25000        1.0000         0.0086728
0.98000         0.25000        1.0000         0.0057925
0.99000         0.25000        1.0000         0.0028997
1.0000          0.25000        1.0000         -5.2311E-19
0.0000          0.26000        1.0000         0.0000
0.010000        0.26000        1.0000         0.0029824
0.020000        0.26000        1.0000         0.0059571
0.030000        0.26000        1.0000         0.0089184
0.040000        0.26000        1.0000         0.011861
0.050000        0.26000        1.0000         0.014781
0.060000        0.26000        1.0000         0.017675
0.070000        0.26000        1.0000         0.020541
0.080000        0.26000        1.0000         0.023378
0.090000        0.26000        1.0000         0.026183
0.10000         0.26000        1.0000         0.028956
0.11000         0.26000        1.0000         0.031698
0.12000         0.26000        1.0000         0.034407
0.13000         0.26000        1.0000         0.037084
0.14000         0.26000        1.0000         0.039729
0.15000         0.26000        1.0000         0.042342
0.16000         0.26000        1.0000         0.044925
0.17000         0.26000        1.0000         0.047477
0.18000         0.26000        1.0000         0.050001
0.19000         0.26000        1.0000         0.052495
0.20000         0.26000        1.0000         0.054962
0.21000         0.26000        1.0000         0.057402
0.22000         0.26000        1.0000         0.059816
0.23000         0.26000        1.0000         0.062204
0.24000         0.26000        1.0000         0.064568
0.25000         0.26000        1.0000         0.066909
0.26000         0.26000        1.0000         0.069227
0.27000         0.26000        1.0000         0.071523
0.28000         0.26000        1.0000         0.073798
0.29000         0.26000        1.0000         0.076054
0.30000         0.26000        1.0000         0.078290
0.31000         0.26000        1.0000         0.080507
0.32000         0.26000        1.0000         0.082707
0.33000         0.26000        1.0000         0.084890
0.34000         0.26000        1.0000         0.087057
0.35000         0.26000        1.0000         0.089208
0.36000         0.26000        1.0000         0.091346
0.37000         0.26000        1.0000         0.093470
0.38000         0.26000        1.0000         0.095581
0.39000         0.26000        1.0000         0.097680
0.40000         0.26000        1.0000         0.099769
0.41000         0.26000        1.0000         0.10185
0.42000         0.26000        1.0000         0.10392
0.43000         0.26000        1.0000         0.10599
0.44000         0.26000        1.0000         0.10806
0.45000         0.26000        1.0000         0.11014
0.46000         0.26000        1.0000         0.11227
0.47000         0.26000        1.0000         0.11451
0.48000         0.26000        1.0000         0.11690
0.49000         0.26000        1.0000         0.11922
0.50000         0.26000        1.0000         0.12033
0.51000         0.26000        1.0000         0.11922
0.52000         0.26000        1.0000         0.11690
0.53000         0.26000        1.0000         0.11451
0.54000         0.26000        1.0000         0.11227
0.55000         0.26000        1.0000         0.11014
0.56000         0.26000        1.0000         0.10806
0.57000         0.26000        1.0000         0.10599
0.58000         0.26000        1.0000         0.10392
0.59000         0.26000        1.0000         0.10185
0.60000         0.26000        1.0000         0.099769
0.61000         0.26000        1.0000         0.097680
0.62000         0.26000        1.0000         0.095581
0.63000         0.26000        1.0000         0.093470
0.64000         0.26000        1.0000         0.091346
0.65000         0.26000        1.0000         0.089208
0.66000         0.26000        1.0000         0.087057
0.67000         0.26000        1.0000         0.084890
0.68000         0.26000        1.0000         0.082707
0.69000         0.26000        1.0000         0.080507
0.70000         0.26000        1.0000         0.078290
0.71000         0.26000        1.0000         0.076054
0.72000         0.26000        1.0000         0.073799
0.73000         0.26000        1.0000         0.071523
0.74000         0.26000        1.0000         0.069227
0.75000         0.26000        1.0000         0.066909
0.76000         0.26000        1.0000         0.064568
0.77000         0.26000        1.0000         0.062204
0.78000         0.26000        1.0000         0.059816
0.79000         0.26000        1.0000         0.057402
0.80000         0.26000        1.0000         0.054962
0.81000         0.26000        1.0000         0.052495
0.82000         0.26000        1.0000         0.050001
0.83000         0.26000        1.0000         0.047477
0.84000         0.26000        1.0000         0.044925
0.85000         0.26000        1.0000         0.042342
0.86000         0.26000        1.0000         0.039729
0.87000         0.26000        1.0000         0.037084
0.88000         0.26000        1.0000         0.034407
0.89000         0.26000        1.0000         0.031698
0.90000         0.26000        1.0000         0.028956
0.91000         0.26000        1.0000         0.026183
0.92000         0.26000        1.0000         0.023378
0.93000         0.26000        1.0000         0.020541
0.94000         0.26000        1.0000         0.017675
0.95000         0.26000        1.0000         0.014781
0.96000         0.26000        1.0000         0.011861
0.97000         0.26000        1.0000         0.0089184
0.98000         0.26000        1.0000         0.0059571
0.99000         0.26000        1.0000         0.0029824
1.0000          0.26000        1.0000         -6.8927E-20
0.0000          0.27000        1.0000         6.9385E-20
0.010000        0.27000        1.0000         0.0030698
0.020000        0.27000        1.0000         0.0061313
0.030000        0.27000        1.0000         0.0091781
0.040000        0.27000        1.0000         0.012204
0.050000        0.27000        1.0000         0.015206
0.060000        0.27000        1.0000         0.018180
0.070000        0.27000        1.0000         0.021123
0.080000        0.27000        1.0000         0.024034
0.090000        0.27000        1.0000         0.026911
0.10000         0.27000        1.0000         0.029753
0.11000         0.27000        1.0000         0.032561
0.12000         0.27000        1.0000         0.035334
0.13000         0.27000        1.0000         0.038073
0.14000         0.27000        1.0000         0.040777
0.15000         0.27000        1.0000         0.043448
0.16000         0.27000        1.0000         0.046086
0.17000         0.27000        1.0000         0.048692
0.18000         0.27000        1.0000         0.051266
0.19000         0.27000        1.0000         0.053810
0.20000         0.27000        1.0000         0.056324
0.21000         0.27000        1.0000         0.058810
0.22000         0.27000        1.0000         0.061269
0.23000         0.27000        1.0000         0.063701
0.24000         0.27000        1.0000         0.066107
0.25000         0.27000        1.0000         0.068488
0.26000         0.27000        1.0000         0.070846
0.27000         0.27000        1.0000         0.073181
0.28000         0.27000        1.0000         0.075494
0.29000         0.27000        1.0000         0.077786
0.30000         0.27000        1.0000         0.080058
0.31000         0.27000        1.0000         0.082311
0.32000         0.27000        1.0000         0.084545
0.33000         0.27000        1.0000         0.086762
0.34000         0.27000        1.0000         0.088962
0.35000         0.27000        1.0000         0.091147
0.36000         0.27000        1.0000         0.093316
0.37000         0.27000        1.0000         0.095471
0.38000         0.27000        1.0000         0.097614
0.39000         0.27000        1.0000         0.099743
0.40000         0.27000        1.0000         0.10186
0.41000         0.27000        1.0000         0.10397
0.42000         0.27000        1.0000         0.10607
0.43000         0.27000        1.0000         0.10816
0.44000         0.27000        1.0000         0.11026
0.45000         0.27000        1.0000         0.11236
0.46000         0.27000        1.0000         0.11451
0.47000         0.27000        1.0000         0.11677
0.48000         0.27000        1.0000         0.11919
0.49000         0.27000        1.0000         0.12154
0.50000         0.27000        1.0000         0.12267
0.51000         0.27000        1.0000         0.12154
0.52000         0.27000        1.0000         0.11919
0.53000         0.27000        1.0000         0.11677
0.54000         0.27000        1.0000         0.11451
0.55000         0.27000        1.0000         0.11236
0.56000         0.27000        1.0000         0.11026
0.57000         0.27000        1.0000         0.10816
0.58000         0.27000        1.0000         0.10607
0.59000         0.27000        1.0000         0.10397
0.60000         0.27000        1.0000         0.10186
0.61000         0.27000        1.0000         0.099743
0.62000         0.27000        1.0000         0.097614
0.63000         0.27000        1.0000         0.095471
0.64000         0.27000        1.0000         0.093316
0.65000         0.27000        1.0000         0.091147
0.66000         0.27000        1.0000         0.088962
0.67000         0.27000        1.0000         0.086762
0.68000         0.27000        1.0000         0.084545
0.69000         0.27000        1.0000         0.082311
0.70000         0.27000        1.0000         0.080058
0.71000         0.27000        1.0000         0.077786
0.72000         0.27000        1.0000         0.075494
0.73000         0.27000        1.0000         0.073181
0.74000         0.27000        1.0000         0.070846
0.75000         0.27000        1.0000         0.068488
0.76000         0.27000        1.0000         0.066107
0.77000         0.27000        1.0000         0.063701
0.78000         0.27000        1.0000         0.061269
0.79000         0.27000        1.0000         0.058810
0.80000         0.27000        1.0000         0.056324
0.81000         0.27000        1.0000         0.053810
0.82000         0.27000        1.0000         0.051266
0.83000         0.27000        1.0000         0.048692
0.84000         0.27000        1.0000         0.046086
0.85000         0.27000        1.0000         0.043448
0.86000         0.27000        1.0000         0.040777
0.87000         0.27000        1.0000         0.038073
0.88000         0.27000        1.0000         0.035334
0.89000         0.27000        1.0000         0.032561
0.90000         0.27000        1.0000         0.029753
0.91000         0.27000        1.0000         0.026911
0.92000         0.27000        1.0000         0.024034
0.93000         0.27000        1.0000         0.021123
0.94000         0.27000        1.0000         0.018180
0.95000         0.27000        1.0000         0.015206
0.96000         0.27000        1.0000         0.012204
0.97000         0.27000        1.0000         0.0091781
0.98000         0.27000        1.0000         0.0061313
0.99000         0.27000        1.0000         0.0030698
1.0000          0.27000        1.0000         4.0843E-21
0.0000          0.28000        1.0000         7.1485E-20
0.010000        0.28000        1.0000         0.0031627
0.020000        0.28000        1.0000         0.0063161
0.030000        0.28000        1.0000         0.0094536
0.040000        0.28000        1.0000         0.012568
0.050000        0.28000        1.0000         0.015656
0.060000        0.28000        1.0000         0.018714
0.070000        0.28000        1.0000         0.021738
0.080000        0.28000        1.0000         0.024727
0.090000        0.28000        1.0000         0.027679
0.10000         0.28000        1.0000         0.030593
0.11000         0.28000        1.0000         0.033471
0.12000         0.28000        1.0000         0.036310
0.13000         0.28000        1.0000         0.039112
0.14000         0.28000        1.0000         0.041877
0.15000         0.28000        1.0000         0.044606
0.16000         0.28000        1.0000         0.047300
0.17000         0.28000        1.0000         0.049960
0.18000         0.28000        1.0000         0.052586
0.19000         0.28000        1.0000         0.055179
0.20000         0.28000        1.0000         0.057741
0.21000         0.28000        1.0000         0.060273
0.22000         0.28000        1.0000         0.062776
0.23000         0.28000        1.0000         0.065251
0.24000         0.28000        1.0000         0.067699
0.25000         0.28000        1.0000         0.070120
0.26000         0.28000        1.0000         0.072517
0.27000         0.28000        1.0000         0.074890
0.28000         0.28000        1.0000         0.077240
0.29000         0.28000        1.0000         0.079567
0.30000         0.28000        1.0000         0.081874
0.31000         0.28000        1.0000         0.084161
0.32000         0.28000        1.0000         0.086428
0.33000         0.28000        1.0000         0.088677
0.34000         0.28000        1.0000         0.090909
0.35000         0.28000        1.0000         0.093124
0.36000         0.28000        1.0000         0.095323
0.37000         0.28000        1.0000         0.097508
0.38000         0.28000        1.0000         0.099679
0.39000         0.28000        1.0000         0.10184
0.40000         0.28000        1.0000         0.10398
0.41000         0.28000        1.0000         0.10612
0.42000         0.28000        1.0000         0.10824
0.43000         0.28000        1.0000         0.11036
0.44000         0.28000        1.0000         0.11248
0.45000         0.28000        1.0000         0.11461
0.46000         0.28000        1.0000         0.11678
0.47000         0.28000        1.0000         0.11905
0.48000         0.28000        1.0000         0.12149
0.49000         0.28000        1.0000         0.12387
0.50000         0.28000        1.0000         0.12501
0.51000         0.28000        1.0000         0.12387
0.52000         0.28000        1.0000         0.12149
0.53000         0.28000        1.0000         0.11905
0.54000         0.28000        1.0000         0.11678
0.55000         0.28000        1.0000         0.11461
0.56000         0.28000        1.0000         0.11248
0.57000         0.28000        1.0000         0.11036
0.58000         0.28000        1.0000         0.10824
0.59000         0.28000        1.0000         0.10612
0.60000         0.28000        1.0000         0.10398
0.61000         0.28000        1.0000         0.10184
0.62000         0.28000        1.0000         0.099679
0.63000         0.28000        1.0000         0.097508
0.64000         0.28000        1.0000         0.095323
0.65000         0.28000        1.0000         0.093124
0.66000         0.28000        1.0000         0.090909
0.67000         0.28000        1.0000         0.088677
0.68000         0.28000        1.0000         0.086428
0.69000         0.28000        1.0000         0.084161
0.70000         0.28000        1.0000         0.081874
0.71000         0.28000        1.0000         0.079567
0.72000         0.28000        1.0000         0.077240
0.73000         0.28000        1.0000         0.074890
0.74000         0.28000        1.0000         0.072517
0.75000         0.28000        1.0000         0.070120
0.76000         0.28000        1.0000         0.067699
0.77000         0.28000        1.0000         0.065251
0.78000         0.28000        1.0000         0.062776
0.79000         0.28000        1.0000         0.060273
0.80000         0.28000        1.0000         0.057741
0.81000         0.28000        1.0000         0.055179
0.82000         0.28000        1.0000         0.052586
0.83000         0.28000        1.0000         0.049960
0.84000         0.28000        1.0000         0.047300
0.85000         0.28000        1.0000         0.044606
0.86000         0.28000        1.0000         0.041877
0.87000         0.28000        1.0000         0.039112
0.88000         0.28000        1.0000         0.036310
0.89000         0.28000        1.0000         0.033471
0.90000         0.28000        1.0000         0.030593
0.91000         0.28000        1.0000         0.027679
0.92000         0.28000        1.0000         0.024727
0.93000         0.28000        1.0000         0.021738
0.94000         0.28000        1.0000         0.018714
0.95000         0.28000        1.0000         0.015656
0.96000         0.28000        1.0000         0.012568
0.97000         0.28000        1.0000         0.0094536
0.98000         0.28000        1.0000         0.0063161
0.99000         0.28000        1.0000         0.0031627
1.0000          0.28000        1.0000         0.0000
0.0000          0.29000        1.0000         -5.8675E-19
0.010000        0.29000        1.0000         0.0032616
0.020000        0.29000        1.0000         0.0065130
0.030000        0.29000        1.0000         0.0097468
0.040000        0.29000        1.0000         0.012956
0.050000        0.29000        1.0000         0.016135
0.060000        0.29000        1.0000         0.019281
0.070000        0.29000        1.0000         0.022390
0.080000        0.29000        1.0000         0.025461
0.090000        0.29000        1.0000         0.028492
0.10000         0.29000        1.0000         0.031482
0.11000         0.29000        1.0000         0.034431
0.12000         0.29000        1.0000         0.037339
0.13000         0.29000        1.0000         0.040207
0.14000         0.29000        1.0000         0.043035
0.15000         0.29000        1.0000         0.045824
0.16000         0.29000        1.0000         0.048575
0.17000         0.29000        1.0000         0.051289
0.18000         0.29000        1.0000         0.053967
0.19000         0.29000        1.0000         0.056611
0.20000         0.29000        1.0000         0.059221
0.21000         0.29000        1.0000         0.061799
0.22000         0.29000        1.0000         0.064346
0.23000         0.29000        1.0000         0.066864
0.24000         0.29000        1.0000         0.069352
0.25000         0.29000        1.0000         0.071814
0.26000         0.29000        1.0000         0.074248
0.27000         0.29000        1.0000         0.076658
0.28000         0.29000        1.0000         0.079044
0.29000         0.29000        1.0000         0.081406
0.30000         0.29000        1.0000         0.083746
0.31000         0.29000        1.0000         0.086065
0.32000         0.29000        1.0000         0.088364
0.33000         0.29000        1.0000         0.090644
0.34000         0.29000        1.0000         0.092906
0.35000         0.29000        1.0000         0.095150
0.36000         0.29000        1.0000         0.097378
0.37000         0.29000        1.0000         0.099590
0.38000         0.29000        1.0000         0.10179
0.39000         0.29000        1.0000         0.10397
0.40000         0.29000        1.0000         0.10614
0.41000         0.29000        1.0000         0.10830
0.42000         0.29000        1.0000         0.11045
0.43000         0.29000        1.0000         0.11259
0.44000         0.29000        1.0000         0.11473
0.45000         0.29000        1.0000         0.11688
0.46000         0.29000        1.0000         0.11907
0.47000         0.29000        1.0000         0.12136
0.48000         0.29000        1.0000         0.12381
0.49000         0.29000        1.0000         0.12621
0.50000         0.29000        1.0000         0.12739
0.51000         0.29000        1.0000         0.12621
0.52000         0.29000        1.0000         0.12381
0.53000         0.29000        1.0000         0.12136
0.54000         0.29000        1.0000         0.11907
0.55000         0.29000        1.0000         0.11688
0.56000         0.29000        1.0000         0.11473
0.57000         0.29000        1.0000         0.11259
0.58000         0.29000        1.0000         0.11045
0.59000         0.29000        1.0000         0.10830
0.60000         0.29000        1.0000         0.10614
0.61000         0.29000        1.0000         0.10397
0.62000         0.29000        1.0000         0.10179
0.63000         0.29000        1.0000         0.099590
0.64000         0.29000        1.0000         0.097378
0.65000         0.29000        1.0000         0.095150
0.66000         0.29000        1.0000         0.092906
0.67000         0.29000        1.0000         0.090644
0.68000         0.29000        1.0000         0.088364
0.69000         0.29000        1.0000         0.086065
0.70000         0.29000        1.0000         0.083746
0.71000         0.29000        1.0000         0.081406
0.72000         0.29000        1.0000         0.079044
0.73000         0.29000        1.0000         0.076658
0.74000         0.29000        1.0000         0.074248
0.75000         0.29000        1.0000         0.071814
0.76000         0.29000        1.0000         0.069352
0.77000         0.29000        1.0000         0.066864
0.78000         0.29000        1.0000         0.064346
0.79000         0.29000        1.0000         0.061799
0.80000         0.29000        1.0000         0.059221
0.81000         0.29000        1.0000         0.056611
0.82000         0.29000        1.0000         0.053967
0.83000         0.29000        1.0000         0.051289
0.84000         0.29000        1.0000         0.048575
0.85000         0.29000        1.0000         0.045824
0.86000         0.29000        1.0000         0.043035
0.87000         0.29000        1.0000         0.040207
0.88000         0.29000        1.0000         0.037339
0.89000         0.29000        1.0000         0.034431
0.90000         0.29000        1.0000         0.031482
0.91000         0.29000        1.0000         0.028492
0.92000         0.29000        1.0000         0.025461
0.93000         0.29000        1.0000         0.022390
0.94000         0.29000        1.0000         0.019281
0.95000         0.29000        1.0000         0.016135
0.96000         0.29000        1.0000         0.012956
0.97000         0.29000        1.0000         0.0097468
0.98000         0.29000        1.0000         0.0065130
0.99000         0.29000        1.0000         0.0032616
1.0000          0.29000        1.0000         -5.1465E-19
0.0000          0.30000        1.0000         5.2473E-19
0.010000        0.30000        1.0000         0.0033672
0.020000        0.30000        1.0000         0.0067233
0.030000        0.30000        1.0000         0.010060
0.040000        0.30000        1.0000         0.013369
0.050000        0.30000        1.0000         0.016646
0.060000        0.30000        1.0000         0.019885
0.070000        0.30000        1.0000         0.023084
0.080000        0.30000        1.0000         0.026242
0.090000        0.30000        1.0000         0.029355
0.10000         0.30000        1.0000         0.032424
0.11000         0.30000        1.0000         0.035448
0.12000         0.30000        1.0000         0.038428
0.13000         0.30000        1.0000         0.041363
0.14000         0.30000        1.0000         0.044256
0.15000         0.30000        1.0000         0.047107
0.16000         0.30000        1.0000         0.049916
0.17000         0.30000        1.0000         0.052686
0.18000         0.30000        1.0000         0.055418
0.19000         0.30000        1.0000         0.058112
0.20000         0.30000        1.0000         0.060771
0.21000         0.30000        1.0000         0.063396
0.22000         0.30000        1.0000         0.065987
0.23000         0.30000        1.0000         0.068547
0.24000         0.30000        1.0000         0.071076
0.25000         0.30000        1.0000         0.073576
0.26000         0.30000        1.0000         0.076049
0.27000         0.30000        1.0000         0.078495
0.28000         0.30000        1.0000         0.080915
0.29000         0.30000        1.0000         0.083311
0.30000         0.30000        1.0000         0.085684
0.31000         0.30000        1.0000         0.088035
0.32000         0.30000        1.0000         0.090364
0.33000         0.30000        1.0000         0.092673
0.34000         0.30000        1.0000         0.094963
0.35000         0.30000        1.0000         0.097235
0.36000         0.30000        1.0000         0.099490
0.37000         0.30000        1.0000         0.10173
0.38000         0.30000        1.0000         0.10395
0.39000         0.30000        1.0000         0.10616
0.40000         0.30000        1.0000         0.10836
0.41000         0.30000        1.0000         0.11054
0.42000         0.30000        1.0000         0.11271
0.43000         0.30000        1.0000         0.11487
0.44000         0.30000        1.0000         0.11703
0.45000         0.30000        1.0000         0.11920
0.46000         0.30000        1.0000         0.12140
0.47000         0.30000        1.0000         0.12371
0.48000         0.30000        1.0000         0.12617
0.49000         0.30000        1.0000         0.12860
0.50000         0.30000        1.0000         0.12979
0.51000         0.30000        1.0000         0.12860
0.52000         0.30000        1.0000         0.12617
0.53000         0.30000        1.0000         0.12371
0.54000         0.30000        1.0000         0.12140
0.55000         0.30000        1.0000         0.11920
0.56000         0.30000        1.0000         0.11703
0.57000         0.30000        1.0000         0.11487
0.58000         0.30000        1.0000         0.11271
0.59000         0.30000        1.0000         0.11054
0.60000         0.30000        1.0000         0.10836
0.61000         0.30000        1.0000         0.10616
0.62000         0.30000        1.0000         0.10395
0.63000         0.30000        1.0000         0.10173
0.64000         0.30000        1.0000         0.099490
0.65000         0.30000        1.0000         0.097235
0.66000         0.30000        1.0000         0.094963
0.67000         0.30000        1.0000         0.092673
0.68000         0.30000        1.0000         0.090364
0.69000         0.30000        1.0000         0.088034
0.70000         0.30000        1.0000         0.085684
0.71000         0.30000        1.0000         0.083311
0.72000         0.30000        1.0000         0.080915
0.73000         0.30000        1.0000         0.078495
0.74000         0.30000        1.0000         0.076049
0.75000         0.30000        1.0000         0.073576
0.76000         0.30000        1.0000         0.071076
0.77000         0.30000        1.0000         0.068547
0.78000         0.30000        1.0000         0.065987
0.79000         0.30000        1.0000         0.063396
0.80000         0.30000        1.0000         0.060771
0.81000         0.30000        1.0000         0.058112
0.82000         0.30000        1.0000         0.055418
0.83000         0.30000        1.0000         0.052686
0.84000         0.30000        1.0000         0.049916
0.85000         0.30000        1.0000         0.047107
0.86000         0.30000        1.0000         0.044256
0.87000         0.30000        1.0000         0.041363
0.88000         0.30000        1.0000         0.038428
0.89000         0.30000        1.0000         0.035448
0.90000         0.30000        1.0000         0.032424
0.91000         0.30000        1.0000         0.029355
0.92000         0.30000        1.0000         0.026242
0.93000         0.30000        1.0000         0.023084
0.94000         0.30000        1.0000         0.019885
0.95000         0.30000        1.0000         0.016646
0.96000         0.30000        1.0000         0.013369
0.97000         0.30000        1.0000         0.010060
0.98000         0.30000        1.0000         0.0067233
0.99000         0.30000        1.0000         0.0033672
1.0000          0.30000        1.0000         -3.0288E-19
0.0000          0.31000        1.0000         -8.3950E-20
0.010000        0.31000        1.0000         0.0034803
0.020000        0.31000        1.0000         0.0069483
0.030000        0.31000        1.0000         0.010395
0.040000        0.31000        1.0000         0.013811
0.050000        0.31000        1.0000         0.017191
0.060000        0.31000        1.0000         0.020530
0.070000        0.31000        1.0000         0.023825
0.080000        0.31000        1.0000         0.027073
0.090000        0.31000        1.0000         0.030273
0.10000         0.31000        1.0000         0.033425
0.11000         0.31000        1.0000         0.036527
0.12000         0.31000        1.0000         0.039582
0.13000         0.31000        1.0000         0.042588
0.14000         0.31000        1.0000         0.045548
0.15000         0.31000        1.0000         0.048462
0.16000         0.31000        1.0000         0.051332
0.17000         0.31000        1.0000         0.054159
0.18000         0.31000        1.0000         0.056944
0.19000         0.31000        1.0000         0.059690
0.20000         0.31000        1.0000         0.062398
0.21000         0.31000        1.0000         0.065069
0.22000         0.31000        1.0000         0.067705
0.23000         0.31000        1.0000         0.070307
0.24000         0.31000        1.0000         0.072877
0.25000         0.31000        1.0000         0.075416
0.26000         0.31000        1.0000         0.077926
0.27000         0.31000        1.0000         0.080408
0.28000         0.31000        1.0000         0.082862
0.29000         0.31000        1.0000         0.085291
0.30000         0.31000        1.0000         0.087696
0.31000         0.31000        1.0000         0.090077
0.32000         0.31000        1.0000         0.092436
0.33000         0.31000        1.0000         0.094773
0.34000         0.31000        1.0000         0.097091
0.35000         0.31000        1.0000         0.099390
0.36000         0.31000        1.0000         0.10167
0.37000         0.31000        1.0000         0.10393
0.38000         0.31000        1.0000         0.10618
0.39000         0.31000        1.0000         0.10841
0.40000         0.31000        1.0000         0.11063
0.41000         0.31000        1.0000         0.11283
0.42000         0.31000        1.0000         0.11503
0.43000         0.31000        1.0000         0.11721
0.44000         0.31000        1.0000         0.11939
0.45000         0.31000        1.0000         0.12157
0.46000         0.31000        1.0000         0.12379
0.47000         0.31000        1.0000         0.12611
0.48000         0.31000        1.0000         0.12859
0.49000         0.31000        1.0000         0.13104
0.50000         0.31000        1.0000         0.13224
0.51000         0.31000        1.0000         0.13104
0.52000         0.31000        1.0000         0.12859
0.53000         0.31000        1.0000         0.12611
0.54000         0.31000        1.0000         0.12379
0.55000         0.31000        1.0000         0.12157
0.56000         0.31000        1.0000         0.11939
0.57000         0.31000        1.0000         0.11721
0.58000         0.31000        1.0000         0.11503
0.59000         0.31000        1.0000         0.11283
0.60000         0.31000        1.0000         0.11063
0.61000         0.31000        1.0000         0.10841
0.62000         0.31000        1.0000         0.10618
0.63000         0.31000        1.0000         0.10393
0.64000         0.31000        1.0000         0.10167
0.65000         0.31000        1.0000         0.099390
0.66000         0.31000        1.0000         0.097091
0.67000         0.31000        1.0000         0.094773
0.68000         0.31000        1.0000         0.092436
0.69000         0.31000        1.0000         0.090077
0.70000         0.31000        1.0000         0.087696
0.71000         0.31000        1.0000         0.085291
0.72000         0.31000        1.0000         0.082862
0.73000         0.31000        1.0000         0.080408
0.74000         0.31000        1.0000         0.077926
0.75000         0.31000        1.0000         0.075416
0.76000         0.31000        1.0000         0.072877
0.77000         0.31000        1.0000         0.070307
0.78000         0.31000        1.0000         0.067705
0.79000         0.31000        1.0000         0.065069
0.80000         0.31000        1.0000         0.062398
0.81000         0.31000        1.0000         0.059690
0.82000         0.31000        1.0000         0.056944
0.83000         0.31000        1.0000         0.054159
0.84000         0.31000        1.0000         0.051332
0.85000         0.31000        1.0000         0.048462
0.86000         0.31000        1.0000         0.045548
0.87000         0.31000        1.0000         0.042588
0.88000         0.31000        1.0000         0.039582
0.89000         0.31000        1.0000         0.036527
0.90000         0.31000        1.0000         0.033425
0.91000         0.31000        1.0000         0.030273
0.92000         0.31000        1.0000         0.027073
0.93000         0.31000        1.0000         0.023825
0.94000         0.31000        1.0000         0.020530
0.95000         0.31000        1.0000         0.017191
0.96000         0.31000        1.0000         0.013811
0.97000         0.31000        1.0000         0.010395
0.98000         0.31000        1.0000         0.0069483
0.99000         0.31000        1.0000         0.0034803
1.0000          0.31000        1.0000         5.3150E-21
0.0000          0.32000        1.0000         -6.4803E-19
0.010000        0.32000        1.0000         0.0036017
0.020000        0.32000        1.0000         0.0071896
0.030000        0.32000        1.0000         0.010753
0.040000        0.32000        1.0000         0.014284
0.050000        0.32000        1.0000         0.017774
0.060000        0.32000        1.0000         0.021219
0.070000        0.32000        1.0000         0.024615
0.080000        0.32000        1.0000         0.027960
0.090000        0.32000        1.0000         0.031252
0.10000         0.32000        1.0000         0.034490
0.11000         0.32000        1.0000         0.037675
0.12000         0.32000        1.0000         0.040807
0.13000         0.32000        1.0000         0.043887
0.14000         0.32000        1.0000         0.046916
0.15000         0.32000        1.0000         0.049895
0.16000         0.32000        1.0000         0.052827
0.17000         0.32000        1.0000         0.055713
0.18000         0.32000        1.0000         0.058554
0.19000         0.32000        1.0000         0.061352
0.20000         0.32000        1.0000         0.064109
0.21000         0.32000        1.0000         0.066828
0.22000         0.32000        1.0000         0.069508
0.23000         0.32000        1.0000         0.072153
0.24000         0.32000        1.0000         0.074763
0.25000         0.32000        1.0000         0.077341
0.26000         0.32000        1.0000         0.079888
0.27000         0.32000        1.0000         0.082404
0.28000         0.32000        1.0000         0.084893
0.29000         0.32000        1.0000         0.087354
0.30000         0.32000        1.0000         0.089789
0.31000         0.32000        1.0000         0.092200
0.32000         0.32000        1.0000         0.094587
0.33000         0.32000        1.0000         0.096953
0.34000         0.32000        1.0000         0.099297
0.35000         0.32000        1.0000         0.10162
0.36000         0.32000        1.0000         0.10393
0.37000         0.32000        1.0000         0.10621
0.38000         0.32000        1.0000         0.10848
0.39000         0.32000        1.0000         0.11074
0.40000         0.32000        1.0000         0.11298
0.41000         0.32000        1.0000         0.11520
0.42000         0.32000        1.0000         0.11741
0.43000         0.32000        1.0000         0.11961
0.44000         0.32000        1.0000         0.12181
0.45000         0.32000        1.0000         0.12401
0.46000         0.32000        1.0000         0.12625
0.47000         0.32000        1.0000         0.12857
0.48000         0.32000        1.0000         0.13107
0.49000         0.32000        1.0000         0.13354
0.50000         0.32000        1.0000         0.13475
0.51000         0.32000        1.0000         0.13354
0.52000         0.32000        1.0000         0.13107
0.53000         0.32000        1.0000         0.12857
0.54000         0.32000        1.0000         0.12625
0.55000         0.32000        1.0000         0.12401
0.56000         0.32000        1.0000         0.12181
0.57000         0.32000        1.0000         0.11961
0.58000         0.32000        1.0000         0.11741
0.59000         0.32000        1.0000         0.11520
0.60000         0.32000        1.0000         0.11298
0.61000         0.32000        1.0000         0.11074
0.62000         0.32000        1.0000         0.10848
0.63000         0.32000        1.0000         0.10621
0.64000         0.32000        1.0000         0.10393
0.65000         0.32000        1.0000         0.10162
0.66000         0.32000        1.0000         0.099297
0.67000         0.32000        1.0000         0.096953
0.68000         0.32000        1.0000         0.094587
0.69000         0.32000        1.0000         0.092200
0.70000         0.32000        1.0000         0.089789
0.71000         0.32000        1.0000         0.087354
0.72000         0.32000        1.0000         0.084893
0.73000         0.32000        1.0000         0.082404
0.74000         0.32000        1.0000         0.079888
0.75000         0.32000        1.0000         0.077341
0.76000         0.32000        1.0000         0.074763
0.77000         0.32000        1.0000         0.072153
0.78000         0.32000        1.0000         0.069508
0.79000         0.32000        1.0000         0.066828
0.80000         0.32000        1.0000         0.064109
0.81000         0.32000        1.0000         0.061352
0.82000         0.32000        1.0000         0.058554
0.83000         0.32000        1.0000         0.055713
0.84000         0.32000        1.0000         0.052827
0.85000         0.32000        1.0000         0.049895
0.86000         0.32000        1.0000         0.046916
0.87000         0.32000        1.0000         0.043887
0.88000         0.32000        1.0000         0.040807
0.89000         0.32000        1.0000         0.037675
0.90000         0.32000        1.0000         0.034490
0.91000         0.32000        1.0000         0.031252
0.92000         0.32000        1.0000         0.027960
0.93000         0.32000        1.0000         0.024615
0.94000         0.32000        1.0000         0.021219
0.95000         0.32000        1.0000         0.017774
0.96000         0.32000        1.0000         0.014284
0.97000         0.32000        1.0000         0.010753
0.98000         0.32000        1.0000         0.0071896
0.99000         0.32000        1.0000         0.0036017
1.0000          0.32000        1.0000         4.8351E-19
0.0000          0.33000        1.0000         -1.0122E-21
0.010000        0.33000        1.0000         0.0037322
0.020000        0.33000        1.0000         0.0074490
0.030000        0.33000        1.0000         0.011139
0.040000        0.33000        1.0000         0.014792
0.050000        0.33000        1.0000         0.018400
0.060000        0.33000        1.0000         0.021958
0.070000        0.33000        1.0000         0.025461
0.080000        0.33000        1.0000         0.028908
0.090000        0.33000        1.0000         0.032297
0.10000         0.33000        1.0000         0.035626
0.11000         0.33000        1.0000         0.038897
0.12000         0.33000        1.0000         0.042110
0.13000         0.33000        1.0000         0.045267
0.14000         0.33000        1.0000         0.048367
0.15000         0.33000        1.0000         0.051414
0.16000         0.33000        1.0000         0.054410
0.17000         0.33000        1.0000         0.057355
0.18000         0.33000        1.0000         0.060253
0.19000         0.33000        1.0000         0.063104
0.20000         0.33000        1.0000         0.065912
0.21000         0.33000        1.0000         0.068677
0.22000         0.33000        1.0000         0.071403
0.23000         0.33000        1.0000         0.074090
0.24000         0.33000        1.0000         0.076741
0.25000         0.33000        1.0000         0.079357
0.26000         0.33000        1.0000         0.081940
0.27000         0.33000        1.0000         0.084492
0.28000         0.33000        1.0000         0.087013
0.29000         0.33000        1.0000         0.089506
0.30000         0.33000        1.0000         0.091972
0.31000         0.33000        1.0000         0.094412
0.32000         0.33000        1.0000         0.096827
0.33000         0.33000        1.0000         0.099219
0.34000         0.33000        1.0000         0.10159
0.35000         0.33000        1.0000         0.10394
0.36000         0.33000        1.0000         0.10627
0.37000         0.33000        1.0000         0.10857
0.38000         0.33000        1.0000         0.11087
0.39000         0.33000        1.0000         0.11314
0.40000         0.33000        1.0000         0.11540
0.41000         0.33000        1.0000         0.11764
0.42000         0.33000        1.0000         0.11987
0.43000         0.33000        1.0000         0.12209
0.44000         0.33000        1.0000         0.12431
0.45000         0.33000        1.0000         0.12652
0.46000         0.33000        1.0000         0.12877
0.47000         0.33000        1.0000         0.13111
0.48000         0.33000        1.0000         0.13362
0.49000         0.33000        1.0000         0.13610
0.50000         0.33000        1.0000         0.13733
0.51000         0.33000        1.0000         0.13610
0.52000         0.33000        1.0000         0.13362
0.53000         0.33000        1.0000         0.13111
0.54000         0.33000        1.0000         0.12877
0.55000         0.33000        1.0000         0.12652
0.56000         0.33000        1.0000         0.12431
0.57000         0.33000        1.0000         0.12209
0.58000         0.33000        1.0000         0.11987
0.59000         0.33000        1.0000         0.11764
0.60000         0.33000        1.0000         0.11540
0.61000         0.33000        1.0000         0.11314
0.62000         0.33000        1.0000         0.11087
0.63000         0.33000        1.0000         0.10857
0.64000         0.33000        1.0000         0.10627
0.65000         0.33000        1.0000         0.10394
0.66000         0.33000        1.0000         0.10159
0.67000         0.33000        1.0000         0.099219
0.68000         0.33000        1.0000         0.096827
0.69000         0.33000        1.0000         0.094412
0.70000         0.33000        1.0000         0.091972
0.71000         0.33000        1.0000         0.089506
0.72000         0.33000        1.0000         0.087013
0.73000         0.33000        1.0000         0.084492
0.74000         0.33000        1.0000         0.081940
0.75000         0.33000        1.0000         0.079357
0.76000         0.33000        1.0000         0.076741
0.77000         0.33000        1.0000         0.074090
0.78000         0.33000        1.0000         0.071403
0.79000         0.33000        1.0000         0.068677
0.80000         0.33000        1.0000         0.065912
0.81000         0.33000        1.0000         0.063104
0.82000         0.33000        1.0000         0.060253
0.83000         0.33000        1.0000         0.057355
0.84000         0.33000        1.0000         0.054410
0.85000         0.33000        1.0000         0.051414
0.86000         0.33000        1.0000         0.048367
0.87000         0.33000        1.0000         0.045267
0.88000         0.33000        1.0000         0.042110
0.89000         0.33000        1.0000         0.038897
0.90000         0.33000        1.0000         0.035626
0.91000         0.33000        1.0000         0.032297
0.92000         0.33000        1.0000         0.028908
0.93000         0.33000        1.0000         0.025461
0.94000         0.33000        1.0000         0.021958
0.95000         0.33000        1.0000         0.018400
0.96000         0.33000        1.0000         0.014792
0.97000         0.33000        1.0000         0.011139
0.98000         0.33000        1.0000         0.0074490
0.99000         0.33000        1.0000         0.0037322
1.0000          0.33000        1.0000         -6.2250E-20
0.0000          0.34000        1.0000         6.0268E-19
0.010000        0.34000        1.0000         0.0038726
0.020000        0.34000        1.0000         0.0077280
0.030000        0.34000        1.0000         0.011553
0.040000        0.34000        1.0000         0.015337
0.050000        0.34000        1.0000         0.019071
0.060000        0.34000        1.0000         0.022750
0.070000        0.34000        1.0000         0.026368
0.080000        0.34000        1.0000         0.029923
0.090000        0.34000        1.0000         0.033413
0.10000         0.34000        1.0000         0.036839
0.11000         0.34000        1.0000         0.040200
0.12000         0.34000        1.0000         0.043498
0.13000         0.34000        1.0000         0.046734
0.14000         0.34000        1.0000         0.049909
0.15000         0.34000        1.0000         0.053026
0.16000         0.34000        1.0000         0.056086
0.17000         0.34000        1.0000         0.059093
0.18000         0.34000        1.0000         0.062048
0.19000         0.34000        1.0000         0.064954
0.20000         0.34000        1.0000         0.067812
0.21000         0.34000        1.0000         0.070626
0.22000         0.34000        1.0000         0.073397
0.23000         0.34000        1.0000         0.076127
0.24000         0.34000        1.0000         0.078818
0.25000         0.34000        1.0000         0.081472
0.26000         0.34000        1.0000         0.084091
0.27000         0.34000        1.0000         0.086677
0.28000         0.34000        1.0000         0.089231
0.29000         0.34000        1.0000         0.091755
0.30000         0.34000        1.0000         0.094250
0.31000         0.34000        1.0000         0.096719
0.32000         0.34000        1.0000         0.099161
0.33000         0.34000        1.0000         0.10158
0.34000         0.34000        1.0000         0.10397
0.35000         0.34000        1.0000         0.10634
0.36000         0.34000        1.0000         0.10870
0.37000         0.34000        1.0000         0.11103
0.38000         0.34000        1.0000         0.11334
0.39000         0.34000        1.0000         0.11563
0.40000         0.34000        1.0000         0.11791
0.41000         0.34000        1.0000         0.12017
0.42000         0.34000        1.0000         0.12242
0.43000         0.34000        1.0000         0.12466
0.44000         0.34000        1.0000         0.12689
0.45000         0.34000        1.0000         0.12912
0.46000         0.34000        1.0000         0.13138
0.47000         0.34000        1.0000         0.13373
0.48000         0.34000        1.0000         0.13625
0.49000         0.34000        1.0000         0.13875
0.50000         0.34000        1.0000         0.13999
0.51000         0.34000        1.0000         0.13875
0.52000         0.34000        1.0000         0.13625
0.53000         0.34000        1.0000         0.13373
0.54000         0.34000        1.0000         0.13138
0.55000         0.34000        1.0000         0.12912
0.56000         0.34000        1.0000         0.12689
0.57000         0.34000        1.0000         0.12466
0.58000         0.34000        1.0000         0.12242
0.59000         0.34000        1.0000         0.12017
0.60000         0.34000        1.0000         0.11791
0.61000         0.34000        1.0000         0.11563
0.62000         0.34000        1.0000         0.11334
0.63000         0.34000        1.0000         0.11103
0.64000         0.34000        1.0000         0.10870
0.65000         0.34000        1.0000         0.10634
0.66000         0.34000        1.0000         0.10397
0.67000         0.34000        1.0000         0.10158
0.68000         0.34000        1.0000         0.099161
0.69000         0.34000        1.0000         0.096719
0.70000         0.34000        1.0000         0.094250
0.71000         0.34000        1.0000         0.091755
0.72000         0.34000        1.0000         0.089231
0.73000         0.34000        1.0000         0.086677
0.74000         0.34000        1.0000         0.084091
0.75000         0.34000        1.0000         0.081472
0.76000         0.34000        1.0000         0.078818
0.77000         0.34000        1.0000         0.076127
0.78000         0.34000        1.0000         0.073397
0.79000         0.34000        1.0000         0.070626
0.80000         0.34000        1.0000         0.067812
0.81000         0.34000        1.0000         0.064954
0.82000         0.34000        1.0000         0.062048
0.83000         0.34000        1.0000         0.059093
0.84000         0.34000        1.0000         0.056086
0.85000         0.34000        1.0000         0.053026
0.86000         0.34000        1.0000         0.049909
0.87000         0.34000        1.0000         0.046734
0.88000         0.34000        1.0000         0.043498
0.89000         0.34000        1.0000         0.040200
0.90000         0.34000        1.0000         0.036839
0.91000         0.34000        1.0000         0.033413
0.92000         0.34000        1.0000         0.029923
0.93000         0.34000        1.0000         0.026368
0.94000         0.34000        1.0000         0.022750
0.95000         0.34000        1.0000         0.019071
0.96000         0.34000        1.0000         0.015337
0.97000         0.34000        1.0000         0.011553
0.98000         0.34000        1.0000         0.0077280
0.99000         0.34000        1.0000         0.0038726
1.0000          0.34000        1.0000         -3.5504E-19
0.0000          0.35000        1.0000         0.0000
0.010000        0.35000        1.0000         0.0040240
0.020000        0.35000        1.0000         0.0080288
0.030000        0.35000        1.0000         0.012000
0.040000        0.35000        1.0000         0.015924
0.050000        0.35000        1.0000         0.019793
0.060000        0.35000        1.0000         0.023600
0.070000        0.35000        1.0000         0.027340
0.080000        0.35000        1.0000         0.031010
0.090000        0.35000        1.0000         0.034608
0.10000         0.35000        1.0000         0.038135
0.11000         0.35000        1.0000         0.041591
0.12000         0.35000        1.0000         0.044977
0.13000         0.35000        1.0000         0.048295
0.14000         0.35000        1.0000         0.051548
0.15000         0.35000        1.0000         0.054736
0.16000         0.35000        1.0000         0.057864
0.17000         0.35000        1.0000         0.060934
0.18000         0.35000        1.0000         0.063947
0.19000         0.35000        1.0000         0.066908
0.20000         0.35000        1.0000         0.069818
0.21000         0.35000        1.0000         0.072680
0.22000         0.35000        1.0000         0.075496
0.23000         0.35000        1.0000         0.078268
0.24000         0.35000        1.0000         0.081000
0.25000         0.35000        1.0000         0.083692
0.26000         0.35000        1.0000         0.086347
0.27000         0.35000        1.0000         0.088967
0.28000         0.35000        1.0000         0.091553
0.29000         0.35000        1.0000         0.094108
0.30000         0.35000        1.0000         0.096632
0.31000         0.35000        1.0000         0.099127
0.32000         0.35000        1.0000         0.10160
0.33000         0.35000        1.0000         0.10404
0.34000         0.35000        1.0000         0.10646
0.35000         0.35000        1.0000         0.10885
0.36000         0.35000        1.0000         0.11122
0.37000         0.35000        1.0000         0.11358
0.38000         0.35000        1.0000         0.11591
0.39000         0.35000        1.0000         0.11822
0.40000         0.35000        1.0000         0.12052
0.41000         0.35000        1.0000         0.12280
0.42000         0.35000        1.0000         0.12506
0.43000         0.35000        1.0000         0.12731
0.44000         0.35000        1.0000         0.12955
0.45000         0.35000        1.0000         0.13180
0.46000         0.35000        1.0000         0.13407
0.47000         0.35000        1.0000         0.13643
0.48000         0.35000        1.0000         0.13896
0.49000         0.35000        1.0000         0.14148
0.50000         0.35000        1.0000         0.14272
0.51000         0.35000        1.0000         0.14148
0.52000         0.35000        1.0000         0.13896
0.53000         0.35000        1.0000         0.13643
0.54000         0.35000        1.0000         0.13407
0.55000         0.35000        1.0000         0.13180
0.56000         0.35000        1.0000         0.12955
0.57000         0.35000        1.0000         0.12731
0.58000         0.35000        1.0000         0.12506
0.59000         0.35000        1.0000         0.12280
0.60000         0.35000        1.0000         0.12052
0.61000         0.35000        1.0000         0.11822
0.62000         0.35000        1.0000         0.11591
0.63000         0.35000        1.0000         0.11358
0.64000         0.35000        1.0000         0.11122
0.65000         0.35000        1.0000         0.10885
0.66000         0.35000        1.0000         0.10646
0.67000         0.35000        1.0000         0.10404
0.68000         0.35000        1.0000         0.10160
0.69000         0.35000        1.0000         0.099127
0.70000         0.35000        1.0000         0.096632
0.71000         0.35000        1.0000         0.094108
0.72000         0.35000        1.0000         0.091553
0.73000         0.35000        1.0000         0.088967
0.74000         0.35000        1.0000         0.086347
0.75000         0.35000        1.0000         0.083692
0.76000         0.35000        1.0000         0.081000
0.77000         0.35000        1.0000         0.078268
0.78000         0.35000        1.0000         0.075496
0.79000         0.35000        1.0000         0.072680
0.80000         0.35000        1.0000         0.069818
0.81000         0.35000        1.0000         0.066908
0.82000         0.35000        1.0000         0.063947
0.83000         0.35000        1.0000         0.060934
0.84000         0.35000        1.0000         0.057864
0.85000         0.35000        1.0000         0.054736
0.86000         0.35000        1.0000         0.051548
0.87000         0.35000        1.0000         0.048295
0.88000         0.35000        1.0000         0.044977
0.89000         0.35000        1.0000         0.041591
0.90000         0.35000        1.0000         0.038135
0.91000         0.35000        1.0000         0.034608
0.92000         0.35000        1.0000         0.031010
0.93000         0.35000        1.0000         0.027340
0.94000         0.35000        1.0000         0.023600
0.95000         0.35000        1.0000         0.019793
0.96000         0.35000        1.0000         0.015924
0.97000         0.35000        1.0000         0.012000
0.98000         0.35000        1.0000         0.0080288
0.99000         0.35000        1.0000         0.0040240
1.0000          0.35000        1.0000         -1.8375E-19
0.0000          0.36000        1.0000         -2.3779E-21
0.010000        0.36000        1.0000         0.0041875
0.020000        0.36000        1.0000         0.0083534
0.030000        0.36000        1.0000         0.012481
0.040000        0.36000        1.0000         0.016557
0.050000        0.36000        1.0000         0.020571
0.060000        0.36000        1.0000         0.024515
0.070000        0.36000        1.0000         0.028384
0.080000        0.36000        1.0000         0.032176
0.090000        0.36000        1.0000         0.035888
0.10000         0.36000        1.0000         0.039521
0.11000         0.36000        1.0000         0.043076
0.12000         0.36000        1.0000         0.046555
0.13000         0.36000        1.0000         0.049959
0.14000         0.36000        1.0000         0.053290
0.15000         0.36000        1.0000         0.056553
0.16000         0.36000        1.0000         0.059750
0.17000         0.36000        1.0000         0.062884
0.18000         0.36000        1.0000         0.065957
0.19000         0.36000        1.0000         0.068973
0.20000         0.36000        1.0000         0.071935
0.21000         0.36000        1.0000         0.074846
0.22000         0.36000        1.0000         0.077707
0.23000         0.36000        1.0000         0.080522
0.24000         0.36000        1.0000         0.083294
0.25000         0.36000        1.0000         0.086024
0.26000         0.36000        1.0000         0.088714
0.27000         0.36000        1.0000         0.091367
0.28000         0.36000        1.0000         0.093985
0.29000         0.36000        1.0000         0.096569
0.30000         0.36000        1.0000         0.099122
0.31000         0.36000        1.0000         0.10164
0.32000         0.36000        1.0000         0.10414
0.33000         0.36000        1.0000         0.10660
0.34000         0.36000        1.0000         0.10905
0.35000         0.36000        1.0000         0.11146
0.36000         0.36000        1.0000         0.11386
0.37000         0.36000        1.0000         0.11623
0.38000         0.36000        1.0000         0.11858
0.39000         0.36000        1.0000         0.12091
0.40000         0.36000        1.0000         0.12322
0.41000         0.36000        1.0000         0.12552
0.42000         0.36000        1.0000         0.12780
0.43000         0.36000        1.0000         0.13006
0.44000         0.36000        1.0000         0.13232
0.45000         0.36000        1.0000         0.13458
0.46000         0.36000        1.0000         0.13686
0.47000         0.36000        1.0000         0.13923
0.48000         0.36000        1.0000         0.14177
0.49000         0.36000        1.0000         0.14430
0.50000         0.36000        1.0000         0.14555
0.51000         0.36000        1.0000         0.14430
0.52000         0.36000        1.0000         0.14177
0.53000         0.36000        1.0000         0.13923
0.54000         0.36000        1.0000         0.13686
0.55000         0.36000        1.0000         0.13458
0.56000         0.36000        1.0000         0.13232
0.57000         0.36000        1.0000         0.13006
0.58000         0.36000        1.0000         0.12780
0.59000         0.36000        1.0000         0.12552
0.60000         0.36000        1.0000         0.12322
0.61000         0.36000        1.0000         0.12091
0.62000         0.36000        1.0000         0.11858
0.63000         0.36000        1.0000         0.11623
0.64000         0.36000        1.0000         0.11386
0.65000         0.36000        1.0000         0.11146
0.66000         0.36000        1.0000         0.10905
0.67000         0.36000        1.0000         0.10660
0.68000         0.36000        1.0000         0.10414
0.69000         0.36000        1.0000         0.10164
0.70000         0.36000        1.0000         0.099122
0.71000         0.36000        1.0000         0.096569
0.72000         0.36000        1.0000         0.093985
0.73000         0.36000        1.0000         0.091367
0.74000         0.36000        1.0000         0.088714
0.75000         0.36000        1.0000         0.086024
0.76000         0.36000        1.0000         0.083294
0.77000         0.36000        1.0000         0.080522
0.78000         0.36000        1.0000         0.077707
0.79000         0.36000        1.0000         0.074846
0.80000         0.36000        1.0000         0.071935
0.81000         0.36000        1.0000         0.068973
0.82000         0.36000        1.0000         0.065957
0.83000         0.36000        1.0000         0.062884
0.84000         0.36000        1.0000         0.059750
0.85000         0.36000        1.0000         0.056553
0.86000         0.36000        1.0000         0.053290
0.87000         0.36000        1.0000         0.049959
0.88000         0.36000        1.0000         0.046555
0.89000         0.36000        1.0000         0.043076
0.90000         0.36000        1.0000         0.039521
0.91000         0.36000        1.0000         0.035888
0.92000         0.36000        1.0000         0.032176
0.93000         0.36000        1.0000         0.028384
0.94000         0.36000        1.0000         0.024515
0.95000         0.36000        1.0000         0.020571
0.96000         0.36000        1.0000         0.016557
0.97000         0.36000        1.0000         0.012481
0.98000         0.36000        1.0000         0.0083534
0.99000         0.36000        1.0000         0.0041875
1.0000          0.36000        1.0000         -9.3530E-20
0.0000          0.37000        1.0000         7.7711E-19
0.010000        0.37000        1.0000         0.0043642
0.020000        0.37000        1.0000         0.0087040
0.030000        0.37000        1.0000         0.013001
0.040000        0.37000        1.0000         0.017240
0.050000        0.37000        1.0000         0.021408
0.060000        0.37000        1.0000         0.025499
0.070000        0.37000        1.0000         0.029506
0.080000        0.37000        1.0000         0.033427
0.090000        0.37000        1.0000         0.037260
0.10000         0.37000        1.0000         0.041005
0.11000         0.37000        1.0000         0.044664
0.12000         0.37000        1.0000         0.048238
0.13000         0.37000        1.0000         0.051731
0.14000         0.37000        1.0000         0.055145
0.15000         0.37000        1.0000         0.058484
0.16000         0.37000        1.0000         0.061751
0.17000         0.37000        1.0000         0.064950
0.18000         0.37000        1.0000         0.068084
0.19000         0.37000        1.0000         0.071157
0.20000         0.37000        1.0000         0.074171
0.21000         0.37000        1.0000         0.077130
0.22000         0.37000        1.0000         0.080037
0.23000         0.37000        1.0000         0.082895
0.24000         0.37000        1.0000         0.085706
0.25000         0.37000        1.0000         0.088473
0.26000         0.37000        1.0000         0.091199
0.27000         0.37000        1.0000         0.093885
0.28000         0.37000        1.0000         0.096534
0.29000         0.37000        1.0000         0.099147
0.30000         0.37000        1.0000         0.10173
0.31000         0.37000        1.0000         0.10428
0.32000         0.37000        1.0000         0.10679
0.33000         0.37000        1.0000         0.10928
0.34000         0.37000        1.0000         0.11175
0.35000         0.37000        1.0000         0.11418
0.36000         0.37000        1.0000         0.11660
0.37000         0.37000        1.0000         0.11899
0.38000         0.37000        1.0000         0.12136
0.39000         0.37000        1.0000         0.12370
0.40000         0.37000        1.0000         0.12603
0.41000         0.37000        1.0000         0.12834
0.42000         0.37000        1.0000         0.13064
0.43000         0.37000        1.0000         0.13292
0.44000         0.37000        1.0000         0.13519
0.45000         0.37000        1.0000         0.13745
0.46000         0.37000        1.0000         0.13975
0.47000         0.37000        1.0000         0.14213
0.48000         0.37000        1.0000         0.14468
0.49000         0.37000        1.0000         0.14722
0.50000         0.37000        1.0000         0.14848
0.51000         0.37000        1.0000         0.14722
0.52000         0.37000        1.0000         0.14468
0.53000         0.37000        1.0000         0.14213
0.54000         0.37000        1.0000         0.13975
0.55000         0.37000        1.0000         0.13745
0.56000         0.37000        1.0000         0.13519
0.57000         0.37000        1.0000         0.13292
0.58000         0.37000        1.0000         0.13064
0.59000         0.37000        1.0000         0.12834
0.60000         0.37000        1.0000         0.12603
0.61000         0.37000        1.0000         0.12370
0.62000         0.37000        1.0000         0.12136
0.63000         0.37000        1.0000         0.11899
0.64000         0.37000        1.0000         0.11660
0.65000         0.37000        1.0000         0.11418
0.66000         0.37000        1.0000         0.11175
0.67000         0.37000        1.0000         0.10928
0.68000         0.37000        1.0000         0.10679
0.69000         0.37000        1.0000         0.10428
0.70000         0.37000        1.0000         0.10173
0.71000         0.37000        1.0000         0.099147
0.72000         0.37000        1.0000         0.096534
0.73000         0.37000        1.0000         0.093885
0.74000         0.37000        1.0000         0.091199
0.75000         0.37000        1.0000         0.088473
0.76000         0.37000        1.0000         0.085706
0.77000         0.37000        1.0000         0.082895
0.78000         0.37000        1.0000         0.080037
0.79000         0.37000        1.0000         0.077130
0.80000         0.37000        1.0000         0.074171
0.81000         0.37000        1.0000         0.071157
0.82000         0.37000        1.0000         0.068084
0.83000         0.37000        1.0000         0.064950
0.84000         0.37000        1.0000         0.061751
0.85000         0.37000        1.0000         0.058484
0.86000         0.37000        1.0000         0.055145
0.87000         0.37000        1.0000         0.051731
0.88000         0.37000        1.0000         0.048238
0.89000         0.37000        1.0000         0.044664
0.90000         0.37000        1.0000         0.041005
0.91000         0.37000        1.0000         0.037260
0.92000         0.37000        1.0000         0.033427
0.93000         0.37000        1.0000         0.029506
0.94000         0.37000        1.0000         0.025499
0.95000         0.37000        1.0000         0.021408
0.96000         0.37000        1.0000         0.017240
0.97000         0.37000        1.0000         0.013001
0.98000         0.37000        1.0000         0.0087040
0.99000         0.37000        1.0000         0.0043642
1.0000          0.37000        1.0000         -7.7706E-19
0.0000          0.38000        1.0000         0.0000
0.010000        0.38000        1.0000         0.0045553
0.020000        0.38000        1.0000         0.0090832
0.030000        0.38000        1.0000         0.013563
0.040000        0.38000        1.0000         0.017976
0.050000        0.38000        1.0000         0.022311
0.060000        0.38000        1.0000         0.026559
0.070000        0.38000        1.0000         0.030713
0.080000        0.38000        1.0000         0.034771
0.090000        0.38000        1.0000         0.038731
0.10000         0.38000        1.0000         0.042593
0.11000         0.38000        1.0000         0.046361
0.12000         0.38000        1.0000         0.050035
0.13000         0.38000        1.0000         0.053620
0.14000         0.38000        1.0000         0.057119
0.15000         0.38000        1.0000         0.060536
0.16000         0.38000        1.0000         0.063876
0.17000         0.38000        1.0000         0.067141
0.18000         0.38000        1.0000         0.070336
0.19000         0.38000        1.0000         0.073466
0.20000         0.38000        1.0000         0.076533
0.21000         0.38000        1.0000         0.079541
0.22000         0.38000        1.0000         0.082493
0.23000         0.38000        1.0000         0.085393
0.24000         0.38000        1.0000         0.088243
0.25000         0.38000        1.0000         0.091047
0.26000         0.38000        1.0000         0.093807
0.27000         0.38000        1.0000         0.096525
0.28000         0.38000        1.0000         0.099204
0.29000         0.38000        1.0000         0.10185
0.30000         0.38000        1.0000         0.10445
0.31000         0.38000        1.0000         0.10703
0.32000         0.38000        1.0000         0.10957
0.33000         0.38000        1.0000         0.11208
0.34000         0.38000        1.0000         0.11456
0.35000         0.38000        1.0000         0.11702
0.36000         0.38000        1.0000         0.11945
0.37000         0.38000        1.0000         0.12186
0.38000         0.38000        1.0000         0.12425
0.39000         0.38000        1.0000         0.12661
0.40000         0.38000        1.0000         0.12895
0.41000         0.38000        1.0000         0.13128
0.42000         0.38000        1.0000         0.13359
0.43000         0.38000        1.0000         0.13588
0.44000         0.38000        1.0000         0.13816
0.45000         0.38000        1.0000         0.14044
0.46000         0.38000        1.0000         0.14274
0.47000         0.38000        1.0000         0.14514
0.48000         0.38000        1.0000         0.14770
0.49000         0.38000        1.0000         0.15024
0.50000         0.38000        1.0000         0.15151
0.51000         0.38000        1.0000         0.15024
0.52000         0.38000        1.0000         0.14770
0.53000         0.38000        1.0000         0.14514
0.54000         0.38000        1.0000         0.14274
0.55000         0.38000        1.0000         0.14044
0.56000         0.38000        1.0000         0.13816
0.57000         0.38000        1.0000         0.13588
0.58000         0.38000        1.0000         0.13359
0.59000         0.38000        1.0000         0.13128
0.60000         0.38000        1.0000         0.12895
0.61000         0.38000        1.0000         0.12661
0.62000         0.38000        1.0000         0.12425
0.63000         0.38000        1.0000         0.12186
0.64000         0.38000        1.0000         0.11945
0.65000         0.38000        1.0000         0.11702
0.66000         0.38000        1.0000         0.11456
0.67000         0.38000        1.0000         0.11208
0.68000         0.38000        1.0000         0.10957
0.69000         0.38000        1.0000         0.10703
0.70000         0.38000        1.0000         0.10445
0.71000         0.38000        1.0000         0.10185
0.72000         0.38000        1.0000         0.099204
0.73000         0.38000        1.0000         0.096525
0.74000         0.38000        1.0000         0.093807
0.75000         0.38000        1.0000         0.091047
0.76000         0.38000        1.0000         0.088243
0.77000         0.38000        1.0000         0.085393
0.78000         0.38000        1.0000         0.082493
0.79000         0.38000        1.0000         0.079541
0.80000         0.38000        1.0000         0.076533
0.81000         0.38000        1.0000         0.073466
0.82000         0.38000        1.0000         0.070336
0.83000         0.38000        1.0000         0.067141
0.84000         0.38000        1.0000         0.063876
0.85000         0.38000        1.0000         0.060536
0.86000         0.38000        1.0000         0.057119
0.87000         0.38000        1.0000         0.053620
0.88000         0.38000        1.0000         0.050035
0.89000         0.38000        1.0000         0.046361
0.90000         0.38000        1.0000         0.042593
0.91000         0.38000        1.0000         0.038731
0.92000         0.38000        1.0000         0.034771
0.93000         0.38000        1.0000         0.030713
0.94000         0.38000        1.0000         0.026559
0.95000         0.38000        1.0000         0.022311
0.96000         0.38000        1.0000         0.017976
0.97000         0.38000        1.0000         0.013563
0.98000         0.38000        1.0000         0.0090832
0.99000         0.38000        1.0000         0.0045553
1.0000          0.38000        1.0000         -1.9614E-21
0.0000          0.39000        1.0000         -3.7525E-21
0.010000        0.39000        1.0000         0.0047624
0.020000        0.39000        1.0000         0.0094937
0.030000        0.39000        1.0000         0.014170
0.040000        0.39000        1.0000         0.018772
0.050000        0.39000        1.0000         0.023286
0.060000        0.39000        1.0000         0.027701
0.070000        0.39000        1.0000         0.032012
0.080000        0.39000        1.0000         0.036214
0.090000        0.39000        1.0000         0.040308
0.10000         0.39000        1.0000         0.044294
0.11000         0.39000        1.0000         0.048175
0.12000         0.39000        1.0000         0.051954
0.13000         0.39000        1.0000         0.055634
0.14000         0.39000        1.0000         0.059221
0.15000         0.39000        1.0000         0.062718
0.16000         0.39000        1.0000         0.066131
0.17000         0.39000        1.0000         0.069463
0.18000         0.39000        1.0000         0.072721
0.19000         0.39000        1.0000         0.075907
0.20000         0.39000        1.0000         0.079027
0.21000         0.39000        1.0000         0.082083
0.22000         0.39000        1.0000         0.085080
0.23000         0.39000        1.0000         0.088022
0.24000         0.39000        1.0000         0.090911
0.25000         0.39000        1.0000         0.093751
0.26000         0.39000        1.0000         0.096544
0.27000         0.39000        1.0000         0.099294
0.28000         0.39000        1.0000         0.10200
0.29000         0.39000        1.0000         0.10467
0.30000         0.39000        1.0000         0.10730
0.31000         0.39000        1.0000         0.10990
0.32000         0.39000        1.0000         0.11247
0.33000         0.39000        1.0000         0.11500
0.34000         0.39000        1.0000         0.11750
0.35000         0.39000        1.0000         0.11998
0.36000         0.39000        1.0000         0.12243
0.37000         0.39000        1.0000         0.12485
0.38000         0.39000        1.0000         0.12726
0.39000         0.39000        1.0000         0.12964
0.40000         0.39000        1.0000         0.13199
0.41000         0.39000        1.0000         0.13433
0.42000         0.39000        1.0000         0.13665
0.43000         0.39000        1.0000         0.13896
0.44000         0.39000        1.0000         0.14125
0.45000         0.39000        1.0000         0.14354
0.46000         0.39000        1.0000         0.14585
0.47000         0.39000        1.0000         0.14825
0.48000         0.39000        1.0000         0.15082
0.49000         0.39000        1.0000         0.15338
0.50000         0.39000        1.0000         0.15465
0.51000         0.39000        1.0000         0.15338
0.52000         0.39000        1.0000         0.15082
0.53000         0.39000        1.0000         0.14825
0.54000         0.39000        1.0000         0.14585
0.55000         0.39000        1.0000         0.14354
0.56000         0.39000        1.0000         0.14125
0.57000         0.39000        1.0000         0.13896
0.58000         0.39000        1.0000         0.13665
0.59000         0.39000        1.0000         0.13433
0.60000         0.39000        1.0000         0.13199
0.61000         0.39000        1.0000         0.12964
0.62000         0.39000        1.0000         0.12726
0.63000         0.39000        1.0000         0.12485
0.64000         0.39000        1.0000         0.12243
0.65000         0.39000        1.0000         0.11998
0.66000         0.39000        1.0000         0.11750
0.67000         0.39000        1.0000         0.11500
0.68000         0.39000        1.0000         0.11247
0.69000         0.39000        1.0000         0.10990
0.70000         0.39000        1.0000         0.10730
0.71000         0.39000        1.0000         0.10467
0.72000         0.39000        1.0000         0.10200
0.73000         0.39000        1.0000         0.099294
0.74000         0.39000        1.0000         0.096544
0.75000         0.39000        1.0000         0.093751
0.76000         0.39000        1.0000         0.090911
0.77000         0.39000        1.0000         0.088022
0.78000         0.39000        1.0000         0.085080
0.79000         0.39000        1.0000         0.082083
0.80000         0.39000        1.0000         0.079027
0.81000         0.39000        1.0000         0.075907
0.82000         0.39000        1.0000         0.072721
0.83000         0.39000        1.0000         0.069463
0.84000         0.39000        1.0000         0.066131
0.85000         0.39000        1.0000         0.062718
0.86000         0.39000        1.0000         0.059221
0.87000         0.39000        1.0000         0.055634
0.88000         0.39000        1.0000         0.051954
0.89000         0.39000        1.0000         0.048175
0.90000         0.39000        1.0000         0.044294
0.91000         0.39000        1.0000         0.040308
0.92000         0.39000        1.0000         0.036214
0.93000         0.39000        1.0000         0.032012
0.94000         0.39000        1.0000         0.027701
0.95000         0.39000        1.0000         0.023286
0.96000         0.39000        1.0000         0.018772
0.97000         0.39000        1.0000         0.014170
0.98000         0.39000        1.0000         0.0094937
0.99000         0.39000        1.0000         0.0047624
1.0000          0.39000        1.0000         -1.4010E-19
0.0000          0.40000        1.0000         8.8711E-19
0.010000        0.40000        1.0000         0.0049868
0.020000        0.40000        1.0000         0.0099383
0.030000        0.40000        1.0000         0.014828
0.040000        0.40000        1.0000         0.019633
0.050000        0.40000        1.0000         0.024338
0.060000        0.40000        1.0000         0.028933
0.070000        0.40000        1.0000         0.033410
0.080000        0.40000        1.0000         0.037766
0.090000        0.40000        1.0000         0.042002
0.10000         0.40000        1.0000         0.046117
0.11000         0.40000        1.0000         0.050116
0.12000         0.40000        1.0000         0.054003
0.13000         0.40000        1.0000         0.057781
0.14000         0.40000        1.0000         0.061457
0.15000         0.40000        1.0000         0.065036
0.16000         0.40000        1.0000         0.068524
0.17000         0.40000        1.0000         0.071925
0.18000         0.40000        1.0000         0.075244
0.19000         0.40000        1.0000         0.078488
0.20000         0.40000        1.0000         0.081660
0.21000         0.40000        1.0000         0.084764
0.22000         0.40000        1.0000         0.087806
0.23000         0.40000        1.0000         0.090789
0.24000         0.40000        1.0000         0.093716
0.25000         0.40000        1.0000         0.096591
0.26000         0.40000        1.0000         0.099417
0.27000         0.40000        1.0000         0.10220
0.28000         0.40000        1.0000         0.10493
0.29000         0.40000        1.0000         0.10763
0.30000         0.40000        1.0000         0.11029
0.31000         0.40000        1.0000         0.11291
0.32000         0.40000        1.0000         0.11549
0.33000         0.40000        1.0000         0.11805
0.34000         0.40000        1.0000         0.12057
0.35000         0.40000        1.0000         0.12306
0.36000         0.40000        1.0000         0.12553
0.37000         0.40000        1.0000         0.12797
0.38000         0.40000        1.0000         0.13039
0.39000         0.40000        1.0000         0.13278
0.40000         0.40000        1.0000         0.13515
0.41000         0.40000        1.0000         0.13750
0.42000         0.40000        1.0000         0.13983
0.43000         0.40000        1.0000         0.14215
0.44000         0.40000        1.0000         0.14445
0.45000         0.40000        1.0000         0.14675
0.46000         0.40000        1.0000         0.14907
0.47000         0.40000        1.0000         0.15148
0.48000         0.40000        1.0000         0.15406
0.49000         0.40000        1.0000         0.15662
0.50000         0.40000        1.0000         0.15790
0.51000         0.40000        1.0000         0.15662
0.52000         0.40000        1.0000         0.15406
0.53000         0.40000        1.0000         0.15148
0.54000         0.40000        1.0000         0.14907
0.55000         0.40000        1.0000         0.14675
0.56000         0.40000        1.0000         0.14445
0.57000         0.40000        1.0000         0.14215
0.58000         0.40000        1.0000         0.13983
0.59000         0.40000        1.0000         0.13750
0.60000         0.40000        1.0000         0.13515
0.61000         0.40000        1.0000         0.13278
0.62000         0.40000        1.0000         0.13039
0.63000         0.40000        1.0000         0.12797
0.64000         0.40000        1.0000         0.12553
0.65000         0.40000        1.0000         0.12306
0.66000         0.40000        1.0000         0.12057
0.67000         0.40000        1.0000         0.11805
0.68000         0.40000        1.0000         0.11549
0.69000         0.40000        1.0000         0.11291
0.70000         0.40000        1.0000         0.11029
0.71000         0.40000        1.0000         0.10763
0.72000         0.40000        1.0000         0.10493
0.73000         0.40000        1.0000         0.10220
0.74000         0.40000        1.0000         0.099417
0.75000         0.40000        1.0000         0.096591
0.76000         0.40000        1.0000         0.093716
0.77000         0.40000        1.0000         0.090789
0.78000         0.40000        1.0000         0.087806
0.79000         0.40000        1.0000         0.084764
0.80000         0.40000        1.0000         0.081660
0.81000         0.40000        1.0000         0.078488
0.82000         0.40000        1.0000         0.075244
0.83000         0.40000        1.0000         0.071925
0.84000         0.40000        1.0000         0.068524
0.85000         0.40000        1.0000         0.065036
0.86000         0.40000        1.0000         0.061457
0.87000         0.40000        1.0000         0.057781
0.88000         0.40000        1.0000         0.054003
0.89000         0.40000        1.0000         0.050116
0.90000         0.40000        1.0000         0.046117
0.91000         0.40000        1.0000         0.042002
0.92000         0.40000        1.0000         0.037766
0.93000         0.40000        1.0000         0.033410
0.94000         0.40000        1.0000         0.028933
0.95000         0.40000        1.0000         0.024338
0.96000         0.40000        1.0000         0.019633
0.97000         0.40000        1.0000         0.014828
0.98000         0.40000        1.0000         0.0099383
0.99000         0.40000        1.0000         0.0049868
1.0000          0.40000        1.0000         1.0724E-20
0.0000          0.41000        1.0000         0.0000
0.010000        0.41000        1.0000         0.0052302
0.020000        0.41000        1.0000         0.010420
0.030000        0.41000        1.0000         0.015540
0.040000        0.41000        1.0000         0.020564
0.050000        0.41000        1.0000         0.025475
0.060000        0.41000        1.0000         0.030262
0.070000        0.41000        1.0000         0.034916
0.080000        0.41000        1.0000         0.039435
0.090000        0.41000        1.0000         0.043819
0.10000         0.41000        1.0000         0.048070
0.11000         0.41000        1.0000         0.052192
0.12000         0.41000        1.0000         0.056190
0.13000         0.41000        1.0000         0.060070
0.14000         0.41000        1.0000         0.063838
0.15000         0.41000        1.0000         0.067500
0.16000         0.41000        1.0000         0.071063
0.17000         0.41000        1.0000         0.074532
0.18000         0.41000        1.0000         0.077914
0.19000         0.41000        1.0000         0.081215
0.20000         0.41000        1.0000         0.084439
0.21000         0.41000        1.0000         0.087591
0.22000         0.41000        1.0000         0.090676
0.23000         0.41000        1.0000         0.093699
0.24000         0.41000        1.0000         0.096663
0.25000         0.41000        1.0000         0.099572
0.26000         0.41000        1.0000         0.10243
0.27000         0.41000        1.0000         0.10524
0.28000         0.41000        1.0000         0.10800
0.29000         0.41000        1.0000         0.11072
0.30000         0.41000        1.0000         0.11340
0.31000         0.41000        1.0000         0.11605
0.32000         0.41000        1.0000         0.11865
0.33000         0.41000        1.0000         0.12123
0.34000         0.41000        1.0000         0.12377
0.35000         0.41000        1.0000         0.12628
0.36000         0.41000        1.0000         0.12876
0.37000         0.41000        1.0000         0.13122
0.38000         0.41000        1.0000         0.13365
0.39000         0.41000        1.0000         0.13605
0.40000         0.41000        1.0000         0.13844
0.41000         0.41000        1.0000         0.14080
0.42000         0.41000        1.0000         0.14314
0.43000         0.41000        1.0000         0.14547
0.44000         0.41000        1.0000         0.14778
0.45000         0.41000        1.0000         0.15008
0.46000         0.41000        1.0000         0.15241
0.47000         0.41000        1.0000         0.15483
0.48000         0.41000        1.0000         0.15741
0.49000         0.41000        1.0000         0.15999
0.50000         0.41000        1.0000         0.16127
0.51000         0.41000        1.0000         0.15999
0.52000         0.41000        1.0000         0.15741
0.53000         0.41000        1.0000         0.15483
0.54000         0.41000        1.0000         0.15241
0.55000         0.41000        1.0000         0.15008
0.56000         0.41000        1.0000         0.14778
0.57000         0.41000        1.0000         0.14547
0.58000         0.41000        1.0000         0.14314
0.59000         0.41000        1.0000         0.14080
0.60000         0.41000        1.0000         0.13844
0.61000         0.41000        1.0000         0.13605
0.62000         0.41000        1.0000         0.13365
0.63000         0.41000        1.0000         0.13122
0.64000         0.41000        1.0000         0.12876
0.65000         0.41000        1.0000         0.12628
0.66000         0.41000        1.0000         0.12377
0.67000         0.41000        1.0000         0.12123
0.68000         0.41000        1.0000         0.11865
0.69000         0.41000        1.0000         0.11605
0.70000         0.41000        1.0000         0.11340
0.71000         0.41000        1.0000         0.11072
0.72000         0.41000        1.0000         0.10800
0.73000         0.41000        1.0000         0.10524
0.74000         0.41000        1.0000         0.10243
0.75000         0.41000        1.0000         0.099572
0.76000         0.41000        1.0000         0.096663
0.77000         0.41000        1.0000         0.093699
0.78000         0.41000        1.0000         0.090676
0.79000         0.41000        1.0000         0.087591
0.80000         0.41000        1.0000         0.084439
0.81000         0.41000        1.0000         0.081215
0.82000         0.41000        1.0000         0.077914
0.83000         0.41000        1.0000         0.074532
0.84000         0.41000        1.0000         0.071063
0.85000         0.41000        1.0000         0.067500
0.86000         0.41000        1.0000         0.063838
0.87000         0.41000        1.0000         0.060070
0.88000         0.41000        1.0000         0.056190
0.89000         0.41000        1.0000         0.052192
0.90000         0.41000        1.0000         0.048070
0.91000         0.41000        1.0000         0.043819
0.92000         0.41000        1.0000         0.039435
0.93000         0.41000        1.0000         0.034916
0.94000         0.41000        1.0000         0.030262
0.95000         0.41000        1.0000         0.025475
0.96000         0.41000        1.0000         0.020564
0.97000         0.41000        1.0000         0.015540
0.98000         0.41000        1.0000         0.010420
0.99000         0.41000        1.0000         0.0052302
1.0000          0.41000        1.0000         -2.1342E-21
0.0000          0.42000        1.0000         -7.9446E-21
0.010000        0.42000        1.0000         0.0054944
0.020000        0.42000        1.0000         0.010943
0.030000        0.42000        1.0000         0.016312
0.040000        0.42000        1.0000         0.021572
0.050000        0.42000        1.0000         0.026704
0.060000        0.42000        1.0000         0.031695
0.070000        0.42000        1.0000         0.036537
0.080000        0.42000        1.0000         0.041229
0.090000        0.42000        1.0000         0.045769
0.10000         0.42000        1.0000         0.050162
0.11000         0.42000        1.0000         0.054412
0.12000         0.42000        1.0000         0.058525
0.13000         0.42000        1.0000         0.062509
0.14000         0.42000        1.0000         0.066370
0.15000         0.42000        1.0000         0.070117
0.16000         0.42000        1.0000         0.073756
0.17000         0.42000        1.0000         0.077294
0.18000         0.42000        1.0000         0.080738
0.19000         0.42000        1.0000         0.084095
0.20000         0.42000        1.0000         0.087370
0.21000         0.42000        1.0000         0.090569
0.22000         0.42000        1.0000         0.093697
0.23000         0.42000        1.0000         0.096759
0.24000         0.42000        1.0000         0.099759
0.25000         0.42000        1.0000         0.10270
0.26000         0.42000        1.0000         0.10559
0.27000         0.42000        1.0000         0.10843
0.28000         0.42000        1.0000         0.11121
0.29000         0.42000        1.0000         0.11396
0.30000         0.42000        1.0000         0.11666
0.31000         0.42000        1.0000         0.11933
0.32000         0.42000        1.0000         0.12195
0.33000         0.42000        1.0000         0.12454
0.34000         0.42000        1.0000         0.12710
0.35000         0.42000        1.0000         0.12963
0.36000         0.42000        1.0000         0.13212
0.37000         0.42000        1.0000         0.13459
0.38000         0.42000        1.0000         0.13704
0.39000         0.42000        1.0000         0.13945
0.40000         0.42000        1.0000         0.14185
0.41000         0.42000        1.0000         0.14422
0.42000         0.42000        1.0000         0.14657
0.43000         0.42000        1.0000         0.14891
0.44000         0.42000        1.0000         0.15123
0.45000         0.42000        1.0000         0.15354
0.46000         0.42000        1.0000         0.15588
0.47000         0.42000        1.0000         0.15830
0.48000         0.42000        1.0000         0.16089
0.49000         0.42000        1.0000         0.16347
0.50000         0.42000        1.0000         0.16476
0.51000         0.42000        1.0000         0.16347
0.52000         0.42000        1.0000         0.16089
0.53000         0.42000        1.0000         0.15830
0.54000         0.42000        1.0000         0.15588
0.55000         0.42000        1.0000         0.15354
0.56000         0.42000        1.0000         0.15123
0.57000         0.42000        1.0000         0.14891
0.58000         0.42000        1.0000         0.14657
0.59000         0.42000        1.0000         0.14422
0.60000         0.42000        1.0000         0.14185
0.61000         0.42000        1.0000         0.13945
0.62000         0.42000        1.0000         0.13704
0.63000         0.42000        1.0000         0.13459
0.64000         0.42000        1.0000         0.13212
0.65000         0.42000        1.0000         0.12963
0.66000         0.42000        1.0000         0.12710
0.67000         0.42000        1.0000         0.12454
0.68000         0.42000        1.0000         0.12195
0.69000         0.42000        1.0000         0.11933
0.70000         0.42000        1.0000         0.11666
0.71000         0.42000        1.0000         0.11396
0.72000         0.42000        1.0000         0.11121
0.73000         0.42000        1.0000         0.10843
0.74000         0.42000        1.0000         0.10559
0.75000         0.42000        1.0000         0.10270
0.76000         0.42000        1.0000         0.099759
0.77000         0.42000        1.0000         0.096759
0.78000         0.42000        1.0000         0.093697
0.79000         0.42000        1.0000         0.090569
0.80000         0.42000        1.0000         0.087370
0.81000         0.42000        1.0000         0.084095
0.82000         0.42000        1.0000         0.080738
0.83000         0.42000        1.0000         0.077294
0.84000         0.42000        1.0000         0.073756
0.85000         0.42000        1.0000         0.070117
0.86000         0.42000        1.0000         0.066370
0.87000         0.42000        1.0000         0.062509
0.88000         0.42000        1.0000         0.058525
0.89000         0.42000        1.0000         0.054412
0.90000         0.42000        1.0000         0.050162
0.91000         0.42000        1.0000         0.045769
0.92000         0.42000        1.0000         0.041229
0.93000         0.42000        1.0000         0.036537
0.94000         0.42000        1.0000         0.031695
0.95000         0.42000        1.0000         0.026704
0.96000         0.42000        1.0000         0.021572
0.97000         0.42000        1.0000         0.016312
0.98000         0.42000        1.0000         0.010943
0.99000         0.42000        1.0000         0.0054944
1.0000          0.42000        1.0000         -2.1252E-19
0.0000          0.43000        1.0000         1.1708E-19
0.010000        0.43000        1.0000         0.0057811
0.020000        0.43000        1.0000         0.011510
0.030000        0.43000        1.0000         0.017148
0.040000        0.43000        1.0000         0.022662
0.050000        0.43000        1.0000         0.028032
0.060000        0.43000        1.0000         0.033242
0.070000        0.43000        1.0000         0.038284
0.080000        0.43000        1.0000         0.043157
0.090000        0.43000        1.0000         0.047861
0.10000         0.43000        1.0000         0.052402
0.11000         0.43000        1.0000         0.056784
0.12000         0.43000        1.0000         0.061016
0.13000         0.43000        1.0000         0.065106
0.14000         0.43000        1.0000         0.069063
0.15000         0.43000        1.0000         0.072895
0.16000         0.43000        1.0000         0.076610
0.17000         0.43000        1.0000         0.080216
0.18000         0.43000        1.0000         0.083722
0.19000         0.43000        1.0000         0.087135
0.20000         0.43000        1.0000         0.090460
0.21000         0.43000        1.0000         0.093704
0.22000         0.43000        1.0000         0.096874
0.23000         0.43000        1.0000         0.099973
0.24000         0.43000        1.0000         0.10301
0.25000         0.43000        1.0000         0.10598
0.26000         0.43000        1.0000         0.10890
0.27000         0.43000        1.0000         0.11176
0.28000         0.43000        1.0000         0.11457
0.29000         0.43000        1.0000         0.11734
0.30000         0.43000        1.0000         0.12007
0.31000         0.43000        1.0000         0.12275
0.32000         0.43000        1.0000         0.12539
0.33000         0.43000        1.0000         0.12800
0.34000         0.43000        1.0000         0.13057
0.35000         0.43000        1.0000         0.13311
0.36000         0.43000        1.0000         0.13562
0.37000         0.43000        1.0000         0.13811
0.38000         0.43000        1.0000         0.14056
0.39000         0.43000        1.0000         0.14299
0.40000         0.43000        1.0000         0.14539
0.41000         0.43000        1.0000         0.14778
0.42000         0.43000        1.0000         0.15014
0.43000         0.43000        1.0000         0.15248
0.44000         0.43000        1.0000         0.15480
0.45000         0.43000        1.0000         0.15712
0.46000         0.43000        1.0000         0.15947
0.47000         0.43000        1.0000         0.16189
0.48000         0.43000        1.0000         0.16449
0.49000         0.43000        1.0000         0.16707
0.50000         0.43000        1.0000         0.16836
0.51000         0.43000        1.0000         0.16707
0.52000         0.43000        1.0000         0.16449
0.53000         0.43000        1.0000         0.16189
0.54000         0.43000        1.0000         0.15947
0.55000         0.43000        1.0000         0.15712
0.56000         0.43000        1.0000         0.15480
0.57000         0.43000        1.0000         0.15248
0.58000         0.43000        1.0000         0.15014
0.59000         0.43000        1.0000         0.14778
0.60000         0.43000        1.0000         0.14539
0.61000         0.43000        1.0000         0.14299
0.62000         0.43000        1.0000         0.14056
0.63000         0.43000        1.0000         0.13811
0.64000         0.43000        1.0000         0.13562
0.65000         0.43000        1.0000         0.13311
0.66000         0.43000        1.0000         0.13057
0.67000         0.43000        1.0000         0.12800
0.68000         0.43000        1.0000         0.12539
0.69000         0.43000        1.0000         0.12275
0.70000         0.43000        1.0000         0.12007
0.71000         0.43000        1.0000         0.11734
0.72000         0.43000        1.0000         0.11457
0.73000         0.43000        1.0000         0.11176
0.74000         0.43000        1.0000         0.10890
0.75000         0.43000        1.0000         0.10598
0.76000         0.43000        1.0000         0.10301
0.77000         0.43000        1.0000         0.099973
0.78000         0.43000        1.0000         0.096874
0.79000         0.43000        1.0000         0.093704
0.80000         0.43000        1.0000         0.090460
0.81000         0.43000        1.0000         0.087135
0.82000         0.43000        1.0000         0.083722
0.83000         0.43000        1.0000         0.080216
0.84000         0.43000        1.0000         0.076610
0.85000         0.43000        1.0000         0.072895
0.86000         0.43000        1.0000         0.069063
0.87000         0.43000        1.0000         0.065106
0.88000         0.43000        1.0000         0.061016
0.89000         0.43000        1.0000         0.056784
0.90000         0.43000        1.0000         0.052402
0.91000         0.43000        1.0000         0.047861
0.92000         0.43000        1.0000         0.043157
0.93000         0.43000        1.0000         0.038284
0.94000         0.43000        1.0000         0.033242
0.95000         0.43000        1.0000         0.028032
0.96000         0.43000        1.0000         0.022662
0.97000         0.43000        1.0000         0.017148
0.98000         0.43000        1.0000         0.011510
0.99000         0.43000        1.0000         0.0057811
1.0000          0.43000        1.0000         -5.2060E-19
0.0000          0.44000        1.0000         0.0000
0.010000        0.44000        1.0000         0.0060926
0.020000        0.44000        1.0000         0.012126
0.030000        0.44000        1.0000         0.018055
0.040000        0.44000        1.0000         0.023843
0.050000        0.44000        1.0000         0.029467
0.060000        0.44000        1.0000         0.034910
0.070000        0.44000        1.0000         0.040165
0.080000        0.44000        1.0000         0.045230
0.090000        0.44000        1.0000         0.050106
0.10000         0.44000        1.0000         0.054800
0.11000         0.44000        1.0000         0.059320
0.12000         0.44000        1.0000         0.063673
0.13000         0.44000        1.0000         0.067872
0.14000         0.44000        1.0000         0.071924
0.15000         0.44000        1.0000         0.075841
0.16000         0.44000        1.0000         0.079633
0.17000         0.44000        1.0000         0.083307
0.18000         0.44000        1.0000         0.086874
0.19000         0.44000        1.0000         0.090341
0.20000         0.44000        1.0000         0.093715
0.21000         0.44000        1.0000         0.097003
0.22000         0.44000        1.0000         0.10021
0.23000         0.44000        1.0000         0.10335
0.24000         0.44000        1.0000         0.10641
0.25000         0.44000        1.0000         0.10942
0.26000         0.44000        1.0000         0.11236
0.27000         0.44000        1.0000         0.11525
0.28000         0.44000        1.0000         0.11809
0.29000         0.44000        1.0000         0.12087
0.30000         0.44000        1.0000         0.12362
0.31000         0.44000        1.0000         0.12632
0.32000         0.44000        1.0000         0.12898
0.33000         0.44000        1.0000         0.13160
0.34000         0.44000        1.0000         0.13419
0.35000         0.44000        1.0000         0.13674
0.36000         0.44000        1.0000         0.13926
0.37000         0.44000        1.0000         0.14176
0.38000         0.44000        1.0000         0.14422
0.39000         0.44000        1.0000         0.14666
0.40000         0.44000        1.0000         0.14907
0.41000         0.44000        1.0000         0.15146
0.42000         0.44000        1.0000         0.15383
0.43000         0.44000        1.0000         0.15618
0.44000         0.44000        1.0000         0.15851
0.45000         0.44000        1.0000         0.16084
0.46000         0.44000        1.0000         0.16319
0.47000         0.44000        1.0000         0.16562
0.48000         0.44000        1.0000         0.16822
0.49000         0.44000        1.0000         0.17080
0.50000         0.44000        1.0000         0.17210
0.51000         0.44000        1.0000         0.17080
0.52000         0.44000        1.0000         0.16822
0.53000         0.44000        1.0000         0.16562
0.54000         0.44000        1.0000         0.16319
0.55000         0.44000        1.0000         0.16084
0.56000         0.44000        1.0000         0.15851
0.57000         0.44000        1.0000         0.15618
0.58000         0.44000        1.0000         0.15383
0.59000         0.44000        1.0000         0.15146
0.60000         0.44000        1.0000         0.14907
0.61000         0.44000        1.0000         0.14666
0.62000         0.44000        1.0000         0.14422
0.63000         0.44000        1.0000         0.14176
0.64000         0.44000        1.0000         0.13926
0.65000         0.44000        1.0000         0.13674
0.66000         0.44000        1.0000         0.13419
0.67000         0.44000        1.0000         0.13160
0.68000         0.44000        1.0000         0.12898
0.69000         0.44000        1.0000         0.12632
0.70000         0.44000        1.0000         0.12362
0.71000         0.44000        1.0000         0.12087
0.72000         0.44000        1.0000         0.11809
0.73000         0.44000        1.0000         0.11525
0.74000         0.44000        1.0000         0.11236
0.75000         0.44000        1.0000         0.10942
0.76000         0.44000        1.0000         0.10641
0.77000         0.44000        1.0000         0.10335
0.78000         0.44000        1.0000         0.10021
0.79000         0.44000        1.0000         0.097003
0.80000         0.44000        1.0000         0.093715
0.81000         0.44000        1.0000         0.090341
0.82000         0.44000        1.0000         0.086874
0.83000         0.44000        1.0000         0.083307
0.84000         0.44000        1.0000         0.079633
0.85000         0.44000        1.0000         0.075841
0.86000         0.44000        1.0000         0.071924
0.87000         0.44000        1.0000         0.067872
0.88000         0.44000        1.0000         0.063673
0.89000         0.44000        1.0000         0.059320
0.90000         0.44000        1.0000         0.054800
0.91000         0.44000        1.0000         0.050106
0.92000         0.44000        1.0000         0.045230
0.93000         0.44000        1.0000         0.040165
0.94000         0.44000        1.0000         0.034910
0.95000         0.44000        1.0000         0.029467
0.96000         0.44000        1.0000         0.023843
0.97000         0.44000        1.0000         0.018055
0.98000         0.44000        1.0000         0.012126
0.99000         0.44000        1.0000         0.0060926
1.0000          0.44000        1.0000         -8.2418E-19
0.0000          0.45000        1.0000         1.1587E-18
0.010000        0.45000        1.0000         0.0064309
0.020000        0.45000        1.0000         0.012794
0.030000        0.45000        1.0000         0.019038
0.040000        0.45000        1.0000         0.025121
0.050000        0.45000        1.0000         0.031018
0.060000        0.45000        1.0000         0.036710
0.070000        0.45000        1.0000         0.042190
0.080000        0.45000        1.0000         0.047456
0.090000        0.45000        1.0000         0.052512
0.10000         0.45000        1.0000         0.057366
0.11000         0.45000        1.0000         0.062027
0.12000         0.45000        1.0000         0.066505
0.13000         0.45000        1.0000         0.070813
0.14000         0.45000        1.0000         0.074963
0.15000         0.45000        1.0000         0.078965
0.16000         0.45000        1.0000         0.082832
0.17000         0.45000        1.0000         0.086574
0.18000         0.45000        1.0000         0.090200
0.19000         0.45000        1.0000         0.093719
0.20000         0.45000        1.0000         0.097141
0.21000         0.45000        1.0000         0.10047
0.22000         0.45000        1.0000         0.10372
0.23000         0.45000        1.0000         0.10689
0.24000         0.45000        1.0000         0.10998
0.25000         0.45000        1.0000         0.11302
0.26000         0.45000        1.0000         0.11598
0.27000         0.45000        1.0000         0.11890
0.28000         0.45000        1.0000         0.12175
0.29000         0.45000        1.0000         0.12456
0.30000         0.45000        1.0000         0.12732
0.31000         0.45000        1.0000         0.13004
0.32000         0.45000        1.0000         0.13271
0.33000         0.45000        1.0000         0.13535
0.34000         0.45000        1.0000         0.13795
0.35000         0.45000        1.0000         0.14051
0.36000         0.45000        1.0000         0.14305
0.37000         0.45000        1.0000         0.14555
0.38000         0.45000        1.0000         0.14802
0.39000         0.45000        1.0000         0.15047
0.40000         0.45000        1.0000         0.15289
0.41000         0.45000        1.0000         0.15529
0.42000         0.45000        1.0000         0.15766
0.43000         0.45000        1.0000         0.16001
0.44000         0.45000        1.0000         0.16235
0.45000         0.45000        1.0000         0.16468
0.46000         0.45000        1.0000         0.16704
0.47000         0.45000        1.0000         0.16947
0.48000         0.45000        1.0000         0.17207
0.49000         0.45000        1.0000         0.17467
0.50000         0.45000        1.0000         0.17596
0.51000         0.45000        1.0000         0.17467
0.52000         0.45000        1.0000         0.17207
0.53000         0.45000        1.0000         0.16947
0.54000         0.45000        1.0000         0.16704
0.55000         0.45000        1.0000         0.16468
0.56000         0.45000        1.0000         0.16235
0.57000         0.45000        1.0000         0.16001
0.58000         0.45000        1.0000         0.15766
0.59000         0.45000        1.0000         0.15529
0.60000         0.45000        1.0000         0.15289
0.61000         0.45000        1.0000         0.15047
0.62000         0.45000        1.0000         0.14802
0.63000         0.45000        1.0000         0.14555
0.64000         0.45000        1.0000         0.14305
0.65000         0.45000        1.0000         0.14051
0.66000         0.45000        1.0000         0.13795
0.67000         0.45000        1.0000         0.13535
0.68000         0.45000        1.0000         0.13271
0.69000         0.45000        1.0000         0.13004
0.70000         0.45000        1.0000         0.12732
0.71000         0.45000        1.0000         0.12456
0.72000         0.45000        1.0000         0.12175
0.73000         0.45000        1.0000         0.11890
0.74000         0.45000        1.0000         0.11598
0.75000         0.45000        1.0000         0.11302
0.76000         0.45000        1.0000         0.10998
0.77000         0.45000        1.0000         0.10689
0.78000         0.45000        1.0000         0.10372
0.79000         0.45000        1.0000         0.10047
0.80000         0.45000        1.0000         0.097141
0.81000         0.45000        1.0000         0.093719
0.82000         0.45000        1.0000         0.090200
0.83000         0.45000        1.0000         0.086574
0.84000         0.45000        1.0000         0.082832
0.85000         0.45000        1.0000         0.078965
0.86000         0.45000        1.0000         0.074963
0.87000         0.45000        1.0000         0.070813
0.88000         0.45000        1.0000         0.066505
0.89000         0.45000        1.0000         0.062027
0.90000         0.45000        1.0000         0.057366
0.91000         0.45000        1.0000         0.052512
0.92000         0.45000        1.0000         0.047456
0.93000         0.45000        1.0000         0.042190
0.94000         0.45000        1.0000         0.036710
0.95000         0.45000        1.0000         0.031018
0.96000         0.45000        1.0000         0.025121
0.97000         0.45000        1.0000         0.019038
0.98000         0.45000        1.0000         0.012794
0.99000         0.45000        1.0000         0.0064309
1.0000          0.45000        1.0000         -2.9360E-19
0.0000          0.46000        1.0000         1.3613E-19
0.010000        0.46000        1.0000         0.0067983
0.020000        0.46000        1.0000         0.013519
0.030000        0.46000        1.0000         0.020103
0.040000        0.46000        1.0000         0.026504
0.050000        0.46000        1.0000         0.032693
0.060000        0.46000        1.0000         0.038651
0.070000        0.46000        1.0000         0.044368
0.080000        0.46000        1.0000         0.049847
0.090000        0.46000        1.0000         0.055091
0.10000         0.46000        1.0000         0.060109
0.11000         0.46000        1.0000         0.064915
0.12000         0.46000        1.0000         0.069520
0.13000         0.46000        1.0000         0.073939
0.14000         0.46000        1.0000         0.078186
0.15000         0.46000        1.0000         0.082274
0.16000         0.46000        1.0000         0.086215
0.17000         0.46000        1.0000         0.090022
0.18000         0.46000        1.0000         0.093706
0.19000         0.46000        1.0000         0.097276
0.20000         0.46000        1.0000         0.10074
0.21000         0.46000        1.0000         0.10411
0.22000         0.46000        1.0000         0.10740
0.23000         0.46000        1.0000         0.11060
0.24000         0.46000        1.0000         0.11372
0.25000         0.46000        1.0000         0.11678
0.26000         0.46000        1.0000         0.11977
0.27000         0.46000        1.0000         0.12270
0.28000         0.46000        1.0000         0.12558
0.29000         0.46000        1.0000         0.12840
0.30000         0.46000        1.0000         0.13118
0.31000         0.46000        1.0000         0.13391
0.32000         0.46000        1.0000         0.13660
0.33000         0.46000        1.0000         0.13925
0.34000         0.46000        1.0000         0.14186
0.35000         0.46000        1.0000         0.14443
0.36000         0.46000        1.0000         0.14697
0.37000         0.46000        1.0000         0.14949
0.38000         0.46000        1.0000         0.15197
0.39000         0.46000        1.0000         0.15442
0.40000         0.46000        1.0000         0.15685
0.41000         0.46000        1.0000         0.15925
0.42000         0.46000        1.0000         0.16163
0.43000         0.46000        1.0000         0.16399
0.44000         0.46000        1.0000         0.16633
0.45000         0.46000        1.0000         0.16866
0.46000         0.46000        1.0000         0.17102
0.47000         0.46000        1.0000         0.17346
0.48000         0.46000        1.0000         0.17606
0.49000         0.46000        1.0000         0.17866
0.50000         0.46000        1.0000         0.17995
0.51000         0.46000        1.0000         0.17866
0.52000         0.46000        1.0000         0.17606
0.53000         0.46000        1.0000         0.17346
0.54000         0.46000        1.0000         0.17102
0.55000         0.46000        1.0000         0.16866
0.56000         0.46000        1.0000         0.16633
0.57000         0.46000        1.0000         0.16399
0.58000         0.46000        1.0000         0.16163
0.59000         0.46000        1.0000         0.15925
0.60000         0.46000        1.0000         0.15685
0.61000         0.46000        1.0000         0.15442
0.62000         0.46000        1.0000         0.15197
0.63000         0.46000        1.0000         0.14949
0.64000         0.46000        1.0000         0.14697
0.65000         0.46000        1.0000         0.14443
0.66000         0.46000        1.0000         0.14186
0.67000         0.46000        1.0000         0.13925
0.68000         0.46000        1.0000         0.13660
0.69000         0.46000        1.0000         0.13391
0.70000         0.46000        1.0000         0.13118
0.71000         0.46000        1.0000         0.12840
0.72000         0.46000        1.0000         0.12558
0.73000         0.46000        1.0000         0.12270
0.74000         0.46000        1.0000         0.11977
0.75000         0.46000        1.0000         0.11678
0.76000         0.46000        1.0000         0.11372
0.77000         0.46000        1.0000         0.11060
0.78000         0.46000        1.0000         0.10740
0.79000         0.46000        1.0000         0.10411
0.80000         0.46000        1.0000         0.10074
0.81000         0.46000        1.0000         0.097276
0.82000         0.46000        1.0000         0.093706
0.83000         0.46000        1.0000         0.090022
0.84000         0.46000        1.0000         0.086215
0.85000         0.46000        1.0000         0.082274
0.86000         0.46000        1.0000         0.078186
0.87000         0.46000        1.0000         0.073939
0.88000         0.46000        1.0000         0.069520
0.89000         0.46000        1.0000         0.064915
0.90000         0.46000        1.0000         0.060109
0.91000         0.46000        1.0000         0.055091
0.92000         0.46000        1.0000         0.049847
0.93000         0.46000        1.0000         0.044368
0.94000         0.46000        1.0000         0.038651
0.95000         0.46000        1.0000         0.032693
0.96000         0.46000        1.0000         0.026504
0.97000         0.46000        1.0000         0.020103
0.98000         0.46000        1.0000         0.013519
0.99000         0.46000        1.0000         0.0067983
1.0000          0.46000        1.0000         -6.1252E-19
0.0000          0.47000        1.0000         -1.3331E-18
0.010000        0.47000        1.0000         0.0071974
0.020000        0.47000        1.0000         0.014306
0.030000        0.47000        1.0000         0.021258
0.040000        0.47000        1.0000         0.028001
0.050000        0.47000        1.0000         0.034502
0.060000        0.47000        1.0000         0.040742
0.070000        0.47000        1.0000         0.046711
0.080000        0.47000        1.0000         0.052412
0.090000        0.47000        1.0000         0.057851
0.10000         0.47000        1.0000         0.063040
0.11000         0.47000        1.0000         0.067994
0.12000         0.47000        1.0000         0.072728
0.13000         0.47000        1.0000         0.077258
0.14000         0.47000        1.0000         0.081602
0.15000         0.47000        1.0000         0.085773
0.16000         0.47000        1.0000         0.089788
0.17000         0.47000        1.0000         0.093658
0.18000         0.47000        1.0000         0.097397
0.19000         0.47000        1.0000         0.10102
0.20000         0.47000        1.0000         0.10452
0.21000         0.47000        1.0000         0.10793
0.22000         0.47000        1.0000         0.11125
0.23000         0.47000        1.0000         0.11448
0.24000         0.47000        1.0000         0.11763
0.25000         0.47000        1.0000         0.12071
0.26000         0.47000        1.0000         0.12372
0.27000         0.47000        1.0000         0.12667
0.28000         0.47000        1.0000         0.12957
0.29000         0.47000        1.0000         0.13241
0.30000         0.47000        1.0000         0.13520
0.31000         0.47000        1.0000         0.13794
0.32000         0.47000        1.0000         0.14064
0.33000         0.47000        1.0000         0.14330
0.34000         0.47000        1.0000         0.14592
0.35000         0.47000        1.0000         0.14850
0.36000         0.47000        1.0000         0.15105
0.37000         0.47000        1.0000         0.15357
0.38000         0.47000        1.0000         0.15606
0.39000         0.47000        1.0000         0.15851
0.40000         0.47000        1.0000         0.16095
0.41000         0.47000        1.0000         0.16335
0.42000         0.47000        1.0000         0.16574
0.43000         0.47000        1.0000         0.16810
0.44000         0.47000        1.0000         0.17044
0.45000         0.47000        1.0000         0.17278
0.46000         0.47000        1.0000         0.17514
0.47000         0.47000        1.0000         0.17758
0.48000         0.47000        1.0000         0.18018
0.49000         0.47000        1.0000         0.18278
0.50000         0.47000        1.0000         0.18408
0.51000         0.47000        1.0000         0.18278
0.52000         0.47000        1.0000         0.18018
0.53000         0.47000        1.0000         0.17758
0.54000         0.47000        1.0000         0.17514
0.55000         0.47000        1.0000         0.17278
0.56000         0.47000        1.0000         0.17044
0.57000         0.47000        1.0000         0.16810
0.58000         0.47000        1.0000         0.16574
0.59000         0.47000        1.0000         0.16335
0.60000         0.47000        1.0000         0.16095
0.61000         0.47000        1.0000         0.15851
0.62000         0.47000        1.0000         0.15606
0.63000         0.47000        1.0000         0.15357
0.64000         0.47000        1.0000         0.15105
0.65000         0.47000        1.0000         0.14850
0.66000         0.47000        1.0000         0.14592
0.67000         0.47000        1.0000         0.14330
0.68000         0.47000        1.0000         0.14064
0.69000         0.47000        1.0000         0.13794
0.70000         0.47000        1.0000         0.13520
0.71000         0.47000        1.0000         0.13241
0.72000         0.47000        1.0000         0.12957
0.73000         0.47000        1.0000         0.12667
0.74000         0.47000        1.0000         0.12372
0.75000         0.47000        1.0000         0.12071
0.76000         0.47000        1.0000         0.11763
0.77000         0.47000        1.0000         0.11448
0.78000         0.47000        1.0000         0.11125
0.79000         0.47000        1.0000         0.10793
0.80000         0.47000        1.0000         0.10452
0.81000         0.47000        1.0000         0.10102
0.82000         0.47000        1.0000         0.097397
0.83000         0.47000        1.0000         0.093658
0.84000         0.47000        1.0000         0.089788
0.85000         0.47000        1.0000         0.085773
0.86000         0.47000        1.0000         0.081602
0.87000         0.47000        1.0000         0.077258
0.88000         0.47000        1.0000         0.072728
0.89000         0.47000        1.0000         0.067994
0.90000         0.47000        1.0000         0.063040
0.91000         0.47000        1.0000         0.057851
0.92000         0.47000        1.0000         0.052412
0.93000         0.47000        1.0000         0.046711
0.94000         0.47000        1.0000         0.040742
0.95000         0.47000        1.0000         0.034502
0.96000         0.47000        1.0000         0.028001
0.97000         0.47000        1.0000         0.021258
0.98000         0.47000        1.0000         0.014306
0.99000         0.47000        1.0000         0.0071974
1.0000          0.47000        1.0000         -1.6563E-19
0.0000          0.48000        1.0000         0.0000
0.010000        0.48000        1.0000         0.0076305
0.020000        0.48000        1.0000         0.015159
0.030000        0.48000        1.0000         0.022508
0.040000        0.48000        1.0000         0.029619
0.050000        0.48000        1.0000         0.036455
0.060000        0.48000        1.0000         0.042994
0.070000        0.48000        1.0000         0.049229
0.080000        0.48000        1.0000         0.055162
0.090000        0.48000        1.0000         0.060803
0.10000         0.48000        1.0000         0.066168
0.11000         0.48000        1.0000         0.071272
0.12000         0.48000        1.0000         0.076136
0.13000         0.48000        1.0000         0.080778
0.14000         0.48000        1.0000         0.085218
0.15000         0.48000        1.0000         0.089472
0.16000         0.48000        1.0000         0.093557
0.17000         0.48000        1.0000         0.097488
0.18000         0.48000        1.0000         0.10128
0.19000         0.48000        1.0000         0.10494
0.20000         0.48000        1.0000         0.10849
0.21000         0.48000        1.0000         0.11194
0.22000         0.48000        1.0000         0.11528
0.23000         0.48000        1.0000         0.11854
0.24000         0.48000        1.0000         0.12171
0.25000         0.48000        1.0000         0.12482
0.26000         0.48000        1.0000         0.12785
0.27000         0.48000        1.0000         0.13081
0.28000         0.48000        1.0000         0.13372
0.29000         0.48000        1.0000         0.13657
0.30000         0.48000        1.0000         0.13937
0.31000         0.48000        1.0000         0.14213
0.32000         0.48000        1.0000         0.14484
0.33000         0.48000        1.0000         0.14750
0.34000         0.48000        1.0000         0.15013
0.35000         0.48000        1.0000         0.15272
0.36000         0.48000        1.0000         0.15528
0.37000         0.48000        1.0000         0.15780
0.38000         0.48000        1.0000         0.16029
0.39000         0.48000        1.0000         0.16275
0.40000         0.48000        1.0000         0.16519
0.41000         0.48000        1.0000         0.16760
0.42000         0.48000        1.0000         0.16998
0.43000         0.48000        1.0000         0.17235
0.44000         0.48000        1.0000         0.17469
0.45000         0.48000        1.0000         0.17703
0.46000         0.48000        1.0000         0.17939
0.47000         0.48000        1.0000         0.18184
0.48000         0.48000        1.0000         0.18444
0.49000         0.48000        1.0000         0.18704
0.50000         0.48000        1.0000         0.18833
0.51000         0.48000        1.0000         0.18704
0.52000         0.48000        1.0000         0.18444
0.53000         0.48000        1.0000         0.18184
0.54000         0.48000        1.0000         0.17939
0.55000         0.48000        1.0000         0.17703
0.56000         0.48000        1.0000         0.17469
0.57000         0.48000        1.0000         0.17235
0.58000         0.48000        1.0000         0.16998
0.59000         0.48000        1.0000         0.16760
0.60000         0.48000        1.0000         0.16519
0.61000         0.48000        1.0000         0.16275
0.62000         0.48000        1.0000         0.16029
0.63000         0.48000        1.0000         0.15780
0.64000         0.48000        1.0000         0.15528
0.65000         0.48000        1.0000         0.15272
0.66000         0.48000        1.0000         0.15013
0.67000         0.48000        1.0000         0.14750
0.68000         0.48000        1.0000         0.14484
0.69000         0.48000        1.0000         0.14213
0.70000         0.48000        1.0000         0.13937
0.71000         0.48000        1.0000         0.13657
0.72000         0.48000        1.0000         0.13372
0.73000         0.48000        1.0000         0.13081
0.74000         0.48000        1.0000         0.12785
0.75000         0.48000        1.0000         0.12482
0.76000         0.48000        1.0000         0.12171
0.77000         0.48000        1.0000         0.11854
0.78000         0.48000        1.0000         0.11528
0.79000         0.48000        1.0000         0.11194
0.80000         0.48000        1.0000         0.10849
0.81000         0.48000        1.0000         0.10494
0.82000         0.48000        1.0000         0.10128
0.83000         0.48000        1.0000         0.097488
0.84000         0.48000        1.0000         0.093557
0.85000         0.48000        1.0000         0.089472
0.86000         0.48000        1.0000         0.085218
0.87000         0.48000        1.0000         0.080778
0.88000         0.48000        1.0000         0.076136
0.89000         0.48000        1.0000         0.071272
0.90000         0.48000        1.0000         0.066168
0.91000         0.48000        1.0000         0.060803
0.92000         0.48000        1.0000         0.055162
0.93000         0.48000        1.0000         0.049229
0.94000         0.48000        1.0000         0.042994
0.95000         0.48000        1.0000         0.036455
0.96000         0.48000        1.0000         0.029619
0.97000         0.48000        1.0000         0.022508
0.98000         0.48000        1.0000         0.015159
0.99000         0.48000        1.0000         0.0076305
1.0000          0.48000        1.0000         -2.7713E-21
0.0000          0.49000        1.0000         -1.8335E-19
0.010000        0.49000        1.0000         0.0081005
0.020000        0.49000        1.0000         0.016084
0.030000        0.49000        1.0000         0.023862
0.040000        0.49000        1.0000         0.031368
0.050000        0.49000        1.0000         0.038560
0.060000        0.49000        1.0000         0.045417
0.070000        0.49000        1.0000         0.051931
0.080000        0.49000        1.0000         0.058107
0.090000        0.49000        1.0000         0.063957
0.10000         0.49000        1.0000         0.069501
0.11000         0.49000        1.0000         0.074759
0.12000         0.49000        1.0000         0.079754
0.13000         0.49000        1.0000         0.084507
0.14000         0.49000        1.0000         0.089040
0.15000         0.49000        1.0000         0.093374
0.16000         0.49000        1.0000         0.097528
0.17000         0.49000        1.0000         0.10152
0.18000         0.49000        1.0000         0.10536
0.19000         0.49000        1.0000         0.10907
0.20000         0.49000        1.0000         0.11265
0.21000         0.49000        1.0000         0.11612
0.22000         0.49000        1.0000         0.11950
0.23000         0.49000        1.0000         0.12278
0.24000         0.49000        1.0000         0.12597
0.25000         0.49000        1.0000         0.12909
0.26000         0.49000        1.0000         0.13214
0.27000         0.49000        1.0000         0.13512
0.28000         0.49000        1.0000         0.13804
0.29000         0.49000        1.0000         0.14090
0.30000         0.49000        1.0000         0.14371
0.31000         0.49000        1.0000         0.14648
0.32000         0.49000        1.0000         0.14919
0.33000         0.49000        1.0000         0.15186
0.34000         0.49000        1.0000         0.15450
0.35000         0.49000        1.0000         0.15709
0.36000         0.49000        1.0000         0.15965
0.37000         0.49000        1.0000         0.16218
0.38000         0.49000        1.0000         0.16467
0.39000         0.49000        1.0000         0.16714
0.40000         0.49000        1.0000         0.16958
0.41000         0.49000        1.0000         0.17199
0.42000         0.49000        1.0000         0.17437
0.43000         0.49000        1.0000         0.17674
0.44000         0.49000        1.0000         0.17909
0.45000         0.49000        1.0000         0.18143
0.46000         0.49000        1.0000         0.18379
0.47000         0.49000        1.0000         0.18623
0.48000         0.49000        1.0000         0.18884
0.49000         0.49000        1.0000         0.19142
0.50000         0.49000        1.0000         0.19272
0.51000         0.49000        1.0000         0.19142
0.52000         0.49000        1.0000         0.18884
0.53000         0.49000        1.0000         0.18623
0.54000         0.49000        1.0000         0.18379
0.55000         0.49000        1.0000         0.18143
0.56000         0.49000        1.0000         0.17909
0.57000         0.49000        1.0000         0.17674
0.58000         0.49000        1.0000         0.17437
0.59000         0.49000        1.0000         0.17199
0.60000         0.49000        1.0000         0.16958
0.61000         0.49000        1.0000         0.16714
0.62000         0.49000        1.0000         0.16467
0.63000         0.49000        1.0000         0.16218
0.64000         0.49000        1.0000         0.15965
0.65000         0.49000        1.0000         0.15709
0.66000         0.49000        1.0000         0.15450
0.67000         0.49000        1.0000         0.15186
0.68000         0.49000        1.0000         0.14919
0.69000         0.49000        1.0000         0.14648
0.70000         0.49000        1.0000         0.14371
0.71000         0.49000        1.0000         0.14090
0.72000         0.49000        1.0000         0.13804
0.73000         0.49000        1.0000         0.13512
0.74000         0.49000        1.0000         0.13214
0.75000         0.49000        1.0000         0.12909
0.76000         0.49000        1.0000         0.12597
0.77000         0.49000        1.0000         0.12278
0.78000         0.49000        1.0000         0.11950
0.79000         0.49000        1.0000         0.11612
0.80000         0.49000        1.0000         0.11265
0.81000         0.49000        1.0000         0.10907
0.82000         0.49000        1.0000         0.10536
0.83000         0.49000        1.0000         0.10152
0.84000         0.49000        1.0000         0.097528
0.85000         0.49000        1.0000         0.093374
0.86000         0.49000        1.0000         0.089040
0.87000         0.49000        1.0000         0.084507
0.88000         0.49000        1.0000         0.079754
0.89000         0.49000        1.0000         0.074759
0.90000         0.49000        1.0000         0.069501
0.91000         0.49000        1.0000         0.063957
0.92000         0.49000        1.0000         0.058107
0.93000         0.49000        1.0000         0.051931
0.94000         0.49000        1.0000         0.045417
0.95000         0.49000        1.0000         0.038560
0.96000         0.49000        1.0000         0.031368
0.97000         0.49000        1.0000         0.023862
0.98000         0.49000        1.0000         0.016084
0.99000         0.49000        1.0000         0.0081005
1.0000          0.49000        1.0000         -2.3144E-20
0.0000          0.50000        1.0000         1.5532E-18
0.010000        0.50000        1.0000         0.0086101
0.020000        0.50000        1.0000         0.017085
0.030000        0.50000        1.0000         0.025326
0.040000        0.50000        1.0000         0.033256
0.050000        0.50000        1.0000         0.040829
0.060000        0.50000        1.0000         0.048022
0.070000        0.50000        1.0000         0.054828
0.080000        0.50000        1.0000         0.061257
0.090000        0.50000        1.0000         0.067323
0.10000         0.50000        1.0000         0.073050
0.11000         0.50000        1.0000         0.078463
0.12000         0.50000        1.0000         0.083588
0.13000         0.50000        1.0000         0.088451
0.14000         0.50000        1.0000         0.093076
0.15000         0.50000        1.0000         0.097487
0.16000         0.50000        1.0000         0.10171
0.17000         0.50000        1.0000         0.10575
0.18000         0.50000        1.0000         0.10964
0.19000         0.50000        1.0000         0.11338
0.20000         0.50000        1.0000         0.11700
0.21000         0.50000        1.0000         0.12050
0.22000         0.50000        1.0000         0.12390
0.23000         0.50000        1.0000         0.12720
0.24000         0.50000        1.0000         0.13041
0.25000         0.50000        1.0000         0.13355
0.26000         0.50000        1.0000         0.13661
0.27000         0.50000        1.0000         0.13960
0.28000         0.50000        1.0000         0.14253
0.29000         0.50000        1.0000         0.14540
0.30000         0.50000        1.0000         0.14822
0.31000         0.50000        1.0000         0.15098
0.32000         0.50000        1.0000         0.15371
0.33000         0.50000        1.0000         0.15638
0.34000         0.50000        1.0000         0.15902
0.35000         0.50000        1.0000         0.16162
0.36000         0.50000        1.0000         0.16418
0.37000         0.50000        1.0000         0.16671
0.38000         0.50000        1.0000         0.16920
0.39000         0.50000        1.0000         0.17167
0.40000         0.50000        1.0000         0.17411
0.41000         0.50000        1.0000         0.17652
0.42000         0.50000        1.0000         0.17891
0.43000         0.50000        1.0000         0.18127
0.44000         0.50000        1.0000         0.18362
0.45000         0.50000        1.0000         0.18596
0.46000         0.50000        1.0000         0.18832
0.47000         0.50000        1.0000         0.19076
0.48000         0.50000        1.0000         0.19337
0.49000         0.50000        1.0000         0.19596
0.50000         0.50000        1.0000         0.19724
0.51000         0.50000        1.0000         0.19595
0.52000         0.50000        1.0000         0.19337
0.53000         0.50000        1.0000         0.19076
0.54000         0.50000        1.0000         0.18832
0.55000         0.50000        1.0000         0.18596
0.56000         0.50000        1.0000         0.18362
0.57000         0.50000        1.0000         0.18127
0.58000         0.50000        1.0000         0.17891
0.59000         0.50000        1.0000         0.17652
0.60000         0.50000        1.0000         0.17411
0.61000         0.50000        1.0000         0.17167
0.62000         0.50000        1.0000         0.16920
0.63000         0.50000        1.0000         0.16671
0.64000         0.50000        1.0000         0.16418
0.65000         0.50000        1.0000         0.16162
0.66000         0.50000        1.0000         0.15902
0.67000         0.50000        1.0000         0.15638
0.68000         0.50000        1.0000         0.15371
0.69000         0.50000        1.0000         0.15098
0.70000         0.50000        1.0000         0.14822
0.71000         0.50000        1.0000         0.14540
0.72000         0.50000        1.0000         0.14253
0.73000         0.50000        1.0000         0.13960
0.74000         0.50000        1.0000         0.13661
0.75000         0.50000        1.0000         0.13355
0.76000         0.50000        1.0000         0.13041
0.77000         0.50000        1.0000         0.12720
0.78000         0.50000        1.0000         0.12390
0.79000         0.50000        1.0000         0.12050
0.80000         0.50000        1.0000         0.11700
0.81000         0.50000        1.0000         0.11338
0.82000         0.50000        1.0000         0.10964
0.83000         0.50000        1.0000         0.10575
0.84000         0.50000        1.0000         0.10171
0.85000         0.50000        1.0000         0.097487
0.86000         0.50000        1.0000         0.093076
0.87000         0.50000        1.0000         0.088451
0.88000         0.50000        1.0000         0.083588
0.89000         0.50000        1.0000         0.078463
0.90000         0.50000        1.0000         0.073050
0.91000         0.50000        1.0000         0.067323
0.92000         0.50000        1.0000         0.061257
0.93000         0.50000        1.0000         0.054828
0.94000         0.50000        1.0000         0.048022
0.95000         0.50000        1.0000         0.040829
0.96000         0.50000        1.0000         0.033256
0.97000         0.50000        1.0000         0.025326
0.98000         0.50000        1.0000         0.017085
0.99000         0.50000        1.0000         0.0086101
1.0000          0.50000        1.0000         -1.3611E-18
0.0000          0.51000        1.0000         1.6533E-18
0.010000        0.51000        1.0000         0.0091621
0.020000        0.51000        1.0000         0.018170
0.030000        0.51000        1.0000         0.026908
0.040000        0.51000        1.0000         0.035291
0.050000        0.51000        1.0000         0.043270
0.060000        0.51000        1.0000         0.050818
0.070000        0.51000        1.0000         0.057931
0.080000        0.51000        1.0000         0.064622
0.090000        0.51000        1.0000         0.070910
0.10000         0.51000        1.0000         0.076823
0.11000         0.51000        1.0000         0.082392
0.12000         0.51000        1.0000         0.087646
0.13000         0.51000        1.0000         0.092616
0.14000         0.51000        1.0000         0.097330
0.15000         0.51000        1.0000         0.10182
0.16000         0.51000        1.0000         0.10609
0.17000         0.51000        1.0000         0.11019
0.18000         0.51000        1.0000         0.11412
0.19000         0.51000        1.0000         0.11790
0.20000         0.51000        1.0000         0.12155
0.21000         0.51000        1.0000         0.12507
0.22000         0.51000        1.0000         0.12849
0.23000         0.51000        1.0000         0.13181
0.24000         0.51000        1.0000         0.13503
0.25000         0.51000        1.0000         0.13818
0.26000         0.51000        1.0000         0.14125
0.27000         0.51000        1.0000         0.14425
0.28000         0.51000        1.0000         0.14719
0.29000         0.51000        1.0000         0.15006
0.30000         0.51000        1.0000         0.15288
0.31000         0.51000        1.0000         0.15566
0.32000         0.51000        1.0000         0.15838
0.33000         0.51000        1.0000         0.16106
0.34000         0.51000        1.0000         0.16370
0.35000         0.51000        1.0000         0.16630
0.36000         0.51000        1.0000         0.16886
0.37000         0.51000        1.0000         0.17139
0.38000         0.51000        1.0000         0.17388
0.39000         0.51000        1.0000         0.17635
0.40000         0.51000        1.0000         0.17879
0.41000         0.51000        1.0000         0.18120
0.42000         0.51000        1.0000         0.18358
0.43000         0.51000        1.0000         0.18595
0.44000         0.51000        1.0000         0.18829
0.45000         0.51000        1.0000         0.19063
0.46000         0.51000        1.0000         0.19299
0.47000         0.51000        1.0000         0.19543
0.48000         0.51000        1.0000         0.19803
0.49000         0.51000        1.0000         0.20061
0.50000         0.51000        1.0000         0.20190
0.51000         0.51000        1.0000         0.20061
0.52000         0.51000        1.0000         0.19803
0.53000         0.51000        1.0000         0.19543
0.54000         0.51000        1.0000         0.19299
0.55000         0.51000        1.0000         0.19063
0.56000         0.51000        1.0000         0.18829
0.57000         0.51000        1.0000         0.18595
0.58000         0.51000        1.0000         0.18358
0.59000         0.51000        1.0000         0.18120
0.60000         0.51000        1.0000         0.17879
0.61000         0.51000        1.0000         0.17635
0.62000         0.51000        1.0000         0.17388
0.63000         0.51000        1.0000         0.17139
0.64000         0.51000        1.0000         0.16886
0.65000         0.51000        1.0000         0.16630
0.66000         0.51000        1.0000         0.16370
0.67000         0.51000        1.0000         0.16106
0.68000         0.51000        1.0000         0.15838
0.69000         0.51000        1.0000         0.15566
0.70000         0.51000        1.0000         0.15288
0.71000         0.51000        1.0000         0.15006
0.72000         0.51000        1.0000         0.14719
0.73000         0.51000        1.0000         0.14425
0.74000         0.51000        1.0000         0.14125
0.75000         0.51000        1.0000         0.13818
0.76000         0.51000        1.0000         0.13503
0.77000         0.51000        1.0000         0.13181
0.78000         0.51000        1.0000         0.12849
0.79000         0.51000        1.0000         0.12507
0.80000         0.51000        1.0000         0.12155
0.81000         0.51000        1.0000         0.11790
0.82000         0.51000        1.0000         0.11412
0.83000         0.51000        1.0000         0.11019
0.84000         0.51000        1.0000         0.10609
0.85000         0.51000        1.0000         0.10182
0.86000         0.51000        1.0000         0.097330
0.87000         0.51000        1.0000         0.092616
0.88000         0.51000        1.0000         0.087646
0.89000         0.51000        1.0000         0.082392
0.90000         0.51000        1.0000         0.076823
0.91000         0.51000        1.0000         0.070910
0.92000         0.51000        1.0000         0.064622
0.93000         0.51000        1.0000         0.057931
0.94000         0.51000        1.0000         0.050818
0.95000         0.51000        1.0000         0.043270
0.96000         0.51000        1.0000         0.035291
0.97000         0.51000        1.0000         0.026908
0.98000         0.51000        1.0000         0.018170
0.99000         0.51000        1.0000         0.0091621
1.0000          0.51000        1.0000         -1.6564E-18
0.0000          0.52000        1.0000         1.9155E-19
0.010000        0.52000        1.0000         0.0097596
0.020000        0.52000        1.0000         0.019342
0.030000        0.52000        1.0000         0.028616
0.040000        0.52000        1.0000         0.037485
0.050000        0.52000        1.0000         0.045893
0.060000        0.52000        1.0000         0.053815
0.070000        0.52000        1.0000         0.061249
0.080000        0.52000        1.0000         0.068211
0.090000        0.52000        1.0000         0.074725
0.10000         0.52000        1.0000         0.080827
0.11000         0.52000        1.0000         0.086551
0.12000         0.52000        1.0000         0.091933
0.13000         0.52000        1.0000         0.097008
0.14000         0.52000        1.0000         0.10181
0.15000         0.52000        1.0000         0.10636
0.16000         0.52000        1.0000         0.11070
0.17000         0.52000        1.0000         0.11484
0.18000         0.52000        1.0000         0.11881
0.19000         0.52000        1.0000         0.12262
0.20000         0.52000        1.0000         0.12629
0.21000         0.52000        1.0000         0.12983
0.22000         0.52000        1.0000         0.13327
0.23000         0.52000        1.0000         0.13660
0.24000         0.52000        1.0000         0.13984
0.25000         0.52000        1.0000         0.14299
0.26000         0.52000        1.0000         0.14607
0.27000         0.52000        1.0000         0.14907
0.28000         0.52000        1.0000         0.15201
0.29000         0.52000        1.0000         0.15489
0.30000         0.52000        1.0000         0.15772
0.31000         0.52000        1.0000         0.16049
0.32000         0.52000        1.0000         0.16321
0.33000         0.52000        1.0000         0.16589
0.34000         0.52000        1.0000         0.16853
0.35000         0.52000        1.0000         0.17113
0.36000         0.52000        1.0000         0.17369
0.37000         0.52000        1.0000         0.17622
0.38000         0.52000        1.0000         0.17871
0.39000         0.52000        1.0000         0.18118
0.40000         0.52000        1.0000         0.18361
0.41000         0.52000        1.0000         0.18602
0.42000         0.52000        1.0000         0.18840
0.43000         0.52000        1.0000         0.19077
0.44000         0.52000        1.0000         0.19311
0.45000         0.52000        1.0000         0.19544
0.46000         0.52000        1.0000         0.19780
0.47000         0.52000        1.0000         0.20023
0.48000         0.52000        1.0000         0.20283
0.49000         0.52000        1.0000         0.20541
0.50000         0.52000        1.0000         0.20669
0.51000         0.52000        1.0000         0.20541
0.52000         0.52000        1.0000         0.20283
0.53000         0.52000        1.0000         0.20023
0.54000         0.52000        1.0000         0.19780
0.55000         0.52000        1.0000         0.19544
0.56000         0.52000        1.0000         0.19311
0.57000         0.52000        1.0000         0.19077
0.58000         0.52000        1.0000         0.18840
0.59000         0.52000        1.0000         0.18602
0.60000         0.52000        1.0000         0.18361
0.61000         0.52000        1.0000         0.18118
0.62000         0.52000        1.0000         0.17871
0.63000         0.52000        1.0000         0.17622
0.64000         0.52000        1.0000         0.17369
0.65000         0.52000        1.0000         0.17113
0.66000         0.52000        1.0000         0.16853
0.67000         0.52000        1.0000         0.16589
0.68000         0.52000        1.0000         0.16321
0.69000         0.52000        1.0000         0.16049
0.70000         0.52000        1.0000         0.15772
0.71000         0.52000        1.0000         0.15489
0.72000         0.52000        1.0000         0.15201
0.73000         0.52000        1.0000         0.14907
0.74000         0.52000        1.0000         0.14607
0.75000         0.52000        1.0000         0.14299
0.76000         0.52000        1.0000         0.13984
0.77000         0.52000        1.0000         0.13660
0.78000         0.52000        1.0000         0.13327
0.79000         0.52000        1.0000         0.12983
0.80000         0.52000        1.0000         0.12629
0.81000         0.52000        1.0000         0.12262
0.82000         0.52000        1.0000         0.11881
0.83000         0.52000        1.0000         0.11484
0.84000         0.52000        1.0000         0.11070
0.85000         0.52000        1.0000         0.10636
0.86000         0.52000        1.0000         0.10181
0.87000         0.52000        1.0000         0.097008
0.88000         0.52000        1.0000         0.091933
0.89000         0.52000        1.0000         0.086551
0.90000         0.52000        1.0000         0.080827
0.91000         0.52000        1.0000         0.074725
0.92000         0.52000        1.0000         0.068211
0.93000         0.52000        1.0000         0.061249
0.94000         0.52000        1.0000         0.053815
0.95000         0.52000        1.0000         0.045893
0.96000         0.52000        1.0000         0.037485
0.97000         0.52000        1.0000         0.028616
0.98000         0.52000        1.0000         0.019342
0.99000         0.52000        1.0000         0.0097596
1.0000          0.52000        1.0000         -2.9865E-20
0.0000          0.53000        1.0000         1.3742E-18
0.010000        0.53000        1.0000         0.010406
0.020000        0.53000        1.0000         0.020608
0.030000        0.53000        1.0000         0.030457
0.040000        0.53000        1.0000         0.039844
0.050000        0.53000        1.0000         0.048709
0.060000        0.53000        1.0000         0.057024
0.070000        0.53000        1.0000         0.064792
0.080000        0.53000        1.0000         0.072033
0.090000        0.53000        1.0000         0.078779
0.10000         0.53000        1.0000         0.085070
0.11000         0.53000        1.0000         0.090949
0.12000         0.53000        1.0000         0.096456
0.13000         0.53000        1.0000         0.10163
0.14000         0.53000        1.0000         0.10651
0.15000         0.53000        1.0000         0.11113
0.16000         0.53000        1.0000         0.11552
0.17000         0.53000        1.0000         0.11970
0.18000         0.53000        1.0000         0.12370
0.19000         0.53000        1.0000         0.12754
0.20000         0.53000        1.0000         0.13123
0.21000         0.53000        1.0000         0.13479
0.22000         0.53000        1.0000         0.13824
0.23000         0.53000        1.0000         0.14158
0.24000         0.53000        1.0000         0.14482
0.25000         0.53000        1.0000         0.14798
0.26000         0.53000        1.0000         0.15106
0.27000         0.53000        1.0000         0.15407
0.28000         0.53000        1.0000         0.15701
0.29000         0.53000        1.0000         0.15989
0.30000         0.53000        1.0000         0.16271
0.31000         0.53000        1.0000         0.16548
0.32000         0.53000        1.0000         0.16821
0.33000         0.53000        1.0000         0.17089
0.34000         0.53000        1.0000         0.17352
0.35000         0.53000        1.0000         0.17612
0.36000         0.53000        1.0000         0.17868
0.37000         0.53000        1.0000         0.18120
0.38000         0.53000        1.0000         0.18369
0.39000         0.53000        1.0000         0.18615
0.40000         0.53000        1.0000         0.18858
0.41000         0.53000        1.0000         0.19099
0.42000         0.53000        1.0000         0.19337
0.43000         0.53000        1.0000         0.19573
0.44000         0.53000        1.0000         0.19806
0.45000         0.53000        1.0000         0.20039
0.46000         0.53000        1.0000         0.20274
0.47000         0.53000        1.0000         0.20518
0.48000         0.53000        1.0000         0.20777
0.49000         0.53000        1.0000         0.21034
0.50000         0.53000        1.0000         0.21162
0.51000         0.53000        1.0000         0.21034
0.52000         0.53000        1.0000         0.20777
0.53000         0.53000        1.0000         0.20518
0.54000         0.53000        1.0000         0.20274
0.55000         0.53000        1.0000         0.20039
0.56000         0.53000        1.0000         0.19806
0.57000         0.53000        1.0000         0.19573
0.58000         0.53000        1.0000         0.19337
0.59000         0.53000        1.0000         0.19099
0.60000         0.53000        1.0000         0.18858
0.61000         0.53000        1.0000         0.18615
0.62000         0.53000        1.0000         0.18369
0.63000         0.53000        1.0000         0.18120
0.64000         0.53000        1.0000         0.17868
0.65000         0.53000        1.0000         0.17612
0.66000         0.53000        1.0000         0.17352
0.67000         0.53000        1.0000         0.17089
0.68000         0.53000        1.0000         0.16821
0.69000         0.53000        1.0000         0.16548
0.70000         0.53000        1.0000         0.16271
0.71000         0.53000        1.0000         0.15989
0.72000         0.53000        1.0000         0.15701
0.73000         0.53000        1.0000         0.15407
0.74000         0.53000        1.0000         0.15106
0.75000         0.53000        1.0000         0.14798
0.76000         0.53000        1.0000         0.14482
0.77000         0.53000        1.0000         0.14158
0.78000         0.53000        1.0000         0.13824
0.79000         0.53000        1.0000         0.13479
0.80000         0.53000        1.0000         0.13123
0.81000         0.53000        1.0000         0.12754
0.82000         0.53000        1.0000         0.12370
0.83000         0.53000        1.0000         0.11970
0.84000         0.53000        1.0000         0.11552
0.85000         0.53000        1.0000         0.11113
0.86000         0.53000        1.0000         0.10651
0.87000         0.53000        1.0000         0.10163
0.88000         0.53000        1.0000         0.096456
0.89000         0.53000        1.0000         0.090949
0.90000         0.53000        1.0000         0.085070
0.91000         0.53000        1.0000         0.078779
0.92000         0.53000        1.0000         0.072033
0.93000         0.53000        1.0000         0.064792
0.94000         0.53000        1.0000         0.057024
0.95000         0.53000        1.0000         0.048709
0.96000         0.53000        1.0000         0.039844
0.97000         0.53000        1.0000         0.030457
0.98000         0.53000        1.0000         0.020608
0.99000         0.53000        1.0000         0.010406
1.0000          0.53000        1.0000         -9.0678E-19
0.0000          0.54000        1.0000         2.0056E-18
0.010000        0.54000        1.0000         0.011103
0.020000        0.54000        1.0000         0.021973
0.030000        0.54000        1.0000         0.032439
0.040000        0.54000        1.0000         0.042379
0.050000        0.54000        1.0000         0.051726
0.060000        0.54000        1.0000         0.060454
0.070000        0.54000        1.0000         0.068568
0.080000        0.54000        1.0000         0.076096
0.090000        0.54000        1.0000         0.083076
0.10000         0.54000        1.0000         0.089558
0.11000         0.54000        1.0000         0.095589
0.12000         0.54000        1.0000         0.10122
0.13000         0.54000        1.0000         0.10649
0.14000         0.54000        1.0000         0.11145
0.15000         0.54000        1.0000         0.11612
0.16000         0.54000        1.0000         0.12056
0.17000         0.54000        1.0000         0.12477
0.18000         0.54000        1.0000         0.12880
0.19000         0.54000        1.0000         0.13266
0.20000         0.54000        1.0000         0.13637
0.21000         0.54000        1.0000         0.13994
0.22000         0.54000        1.0000         0.14339
0.23000         0.54000        1.0000         0.14674
0.24000         0.54000        1.0000         0.14999
0.25000         0.54000        1.0000         0.15315
0.26000         0.54000        1.0000         0.15623
0.27000         0.54000        1.0000         0.15924
0.28000         0.54000        1.0000         0.16218
0.29000         0.54000        1.0000         0.16505
0.30000         0.54000        1.0000         0.16787
0.31000         0.54000        1.0000         0.17064
0.32000         0.54000        1.0000         0.17336
0.33000         0.54000        1.0000         0.17604
0.34000         0.54000        1.0000         0.17867
0.35000         0.54000        1.0000         0.18126
0.36000         0.54000        1.0000         0.18381
0.37000         0.54000        1.0000         0.18633
0.38000         0.54000        1.0000         0.18882
0.39000         0.54000        1.0000         0.19127
0.40000         0.54000        1.0000         0.19370
0.41000         0.54000        1.0000         0.19610
0.42000         0.54000        1.0000         0.19848
0.43000         0.54000        1.0000         0.20083
0.44000         0.54000        1.0000         0.20316
0.45000         0.54000        1.0000         0.20548
0.46000         0.54000        1.0000         0.20783
0.47000         0.54000        1.0000         0.21026
0.48000         0.54000        1.0000         0.21285
0.49000         0.54000        1.0000         0.21541
0.50000         0.54000        1.0000         0.21668
0.51000         0.54000        1.0000         0.21541
0.52000         0.54000        1.0000         0.21285
0.53000         0.54000        1.0000         0.21026
0.54000         0.54000        1.0000         0.20783
0.55000         0.54000        1.0000         0.20548
0.56000         0.54000        1.0000         0.20316
0.57000         0.54000        1.0000         0.20083
0.58000         0.54000        1.0000         0.19848
0.59000         0.54000        1.0000         0.19610
0.60000         0.54000        1.0000         0.19370
0.61000         0.54000        1.0000         0.19127
0.62000         0.54000        1.0000         0.18882
0.63000         0.54000        1.0000         0.18633
0.64000         0.54000        1.0000         0.18381
0.65000         0.54000        1.0000         0.18126
0.66000         0.54000        1.0000         0.17867
0.67000         0.54000        1.0000         0.17604
0.68000         0.54000        1.0000         0.17336
0.69000         0.54000        1.0000         0.17064
0.70000         0.54000        1.0000         0.16787
0.71000         0.54000        1.0000         0.16505
0.72000         0.54000        1.0000         0.16218
0.73000         0.54000        1.0000         0.15924
0.74000         0.54000        1.0000         0.15623
0.75000         0.54000        1.0000         0.15315
0.76000         0.54000        1.0000         0.14999
0.77000         0.54000        1.0000         0.14674
0.78000         0.54000        1.0000         0.14339
0.79000         0.54000        1.0000         0.13994
0.80000         0.54000        1.0000         0.13637
0.81000         0.54000        1.0000         0.13266
0.82000         0.54000        1.0000         0.12880
0.83000         0.54000        1.0000         0.12477
0.84000         0.54000        1.0000         0.12056
0.85000         0.54000        1.0000         0.11612
0.86000         0.54000        1.0000         0.11145
0.87000         0.54000        1.0000         0.10649
0.88000         0.54000        1.0000         0.10122
0.89000         0.54000        1.0000         0.095589
0.90000         0.54000        1.0000         0.089558
0.91000         0.54000        1.0000         0.083076
0.92000         0.54000        1.0000         0.076096
0.93000         0.54000        1.0000         0.068568
0.94000         0.54000        1.0000         0.060454
0.95000         0.54000        1.0000         0.051726
0.96000         0.54000        1.0000         0.042379
0.97000         0.54000        1.0000         0.032439
0.98000         0.54000        1.0000         0.021973
0.99000         0.54000        1.0000         0.011103
1.0000          0.54000        1.0000         -3.5349E-21
0.0000          0.55000        1.0000         2.3096E-19
0.010000        0.55000        1.0000         0.011855
0.020000        0.55000        1.0000         0.023444
0.030000        0.55000        1.0000         0.034570
0.040000        0.55000        1.0000         0.045098
0.050000        0.55000        1.0000         0.054954
0.060000        0.55000        1.0000         0.064114
0.070000        0.55000        1.0000         0.072587
0.080000        0.55000        1.0000         0.080408
0.090000        0.55000        1.0000         0.087625
0.10000         0.55000        1.0000         0.094296
0.11000         0.55000        1.0000         0.10048
0.12000         0.55000        1.0000         0.10622
0.13000         0.55000        1.0000         0.11158
0.14000         0.55000        1.0000         0.11661
0.15000         0.55000        1.0000         0.12134
0.16000         0.55000        1.0000         0.12582
0.17000         0.55000        1.0000         0.13006
0.18000         0.55000        1.0000         0.13411
0.19000         0.55000        1.0000         0.13799
0.20000         0.55000        1.0000         0.14170
0.21000         0.55000        1.0000         0.14528
0.22000         0.55000        1.0000         0.14874
0.23000         0.55000        1.0000         0.15209
0.24000         0.55000        1.0000         0.15534
0.25000         0.55000        1.0000         0.15849
0.26000         0.55000        1.0000         0.16157
0.27000         0.55000        1.0000         0.16457
0.28000         0.55000        1.0000         0.16751
0.29000         0.55000        1.0000         0.17038
0.30000         0.55000        1.0000         0.17320
0.31000         0.55000        1.0000         0.17596
0.32000         0.55000        1.0000         0.17867
0.33000         0.55000        1.0000         0.18134
0.34000         0.55000        1.0000         0.18397
0.35000         0.55000        1.0000         0.18655
0.36000         0.55000        1.0000         0.18910
0.37000         0.55000        1.0000         0.19161
0.38000         0.55000        1.0000         0.19409
0.39000         0.55000        1.0000         0.19654
0.40000         0.55000        1.0000         0.19896
0.41000         0.55000        1.0000         0.20136
0.42000         0.55000        1.0000         0.20372
0.43000         0.55000        1.0000         0.20607
0.44000         0.55000        1.0000         0.20839
0.45000         0.55000        1.0000         0.21071
0.46000         0.55000        1.0000         0.21305
0.47000         0.55000        1.0000         0.21548
0.48000         0.55000        1.0000         0.21806
0.49000         0.55000        1.0000         0.22061
0.50000         0.55000        1.0000         0.22187
0.51000         0.55000        1.0000         0.22061
0.52000         0.55000        1.0000         0.21806
0.53000         0.55000        1.0000         0.21548
0.54000         0.55000        1.0000         0.21305
0.55000         0.55000        1.0000         0.21071
0.56000         0.55000        1.0000         0.20839
0.57000         0.55000        1.0000         0.20607
0.58000         0.55000        1.0000         0.20372
0.59000         0.55000        1.0000         0.20136
0.60000         0.55000        1.0000         0.19896
0.61000         0.55000        1.0000         0.19654
0.62000         0.55000        1.0000         0.19409
0.63000         0.55000        1.0000         0.19161
0.64000         0.55000        1.0000         0.18910
0.65000         0.55000        1.0000         0.18655
0.66000         0.55000        1.0000         0.18397
0.67000         0.55000        1.0000         0.18134
0.68000         0.55000        1.0000         0.17867
0.69000         0.55000        1.0000         0.17596
0.70000         0.55000        1.0000         0.17320
0.71000         0.55000        1.0000         0.17038
0.72000         0.55000        1.0000         0.16751
0.73000         0.55000        1.0000         0.16457
0.74000         0.55000        1.0000         0.16157
0.75000         0.55000        1.0000         0.15849
0.76000         0.55000        1.0000         0.15534
0.77000         0.55000        1.0000         0.15209
0.78000         0.55000        1.0000         0.14874
0.79000         0.55000        1.0000         0.14528
0.80000         0.55000        1.0000         0.14170
0.81000         0.55000        1.0000         0.13799
0.82000         0.55000        1.0000         0.13411
0.83000         0.55000        1.0000         0.13006
0.84000         0.55000        1.0000         0.12582
0.85000         0.55000        1.0000         0.12134
0.86000         0.55000        1.0000         0.11661
0.87000         0.55000        1.0000         0.11158
0.88000         0.55000        1.0000         0.10622
0.89000         0.55000        1.0000         0.10048
0.90000         0.55000        1.0000         0.094296
0.91000         0.55000        1.0000         0.087625
0.92000         0.55000        1.0000         0.080408
0.93000         0.55000        1.0000         0.072587
0.94000         0.55000        1.0000         0.064114
0.95000         0.55000        1.0000         0.054954
0.96000         0.55000        1.0000         0.045098
0.97000         0.55000        1.0000         0.034570
0.98000         0.55000        1.0000         0.023444
0.99000         0.55000        1.0000         0.011855
1.0000          0.55000        1.0000         -3.8281E-20
0.0000          0.56000        1.0000         2.4624E-19
0.010000        0.56000        1.0000         0.012665
0.020000        0.56000        1.0000         0.025025
0.030000        0.56000        1.0000         0.036858
0.040000        0.56000        1.0000         0.048010
0.050000        0.56000        1.0000         0.058402
0.060000        0.56000        1.0000         0.068012
0.070000        0.56000        1.0000         0.076854
0.080000        0.56000        1.0000         0.084975
0.090000        0.56000        1.0000         0.092430
0.10000         0.56000        1.0000         0.099288
0.11000         0.56000        1.0000         0.10561
0.12000         0.56000        1.0000         0.11147
0.13000         0.56000        1.0000         0.11692
0.14000         0.56000        1.0000         0.12201
0.15000         0.56000        1.0000         0.12679
0.16000         0.56000        1.0000         0.13129
0.17000         0.56000        1.0000         0.13557
0.18000         0.56000        1.0000         0.13963
0.19000         0.56000        1.0000         0.14351
0.20000         0.56000        1.0000         0.14724
0.21000         0.56000        1.0000         0.15082
0.22000         0.56000        1.0000         0.15427
0.23000         0.56000        1.0000         0.15762
0.24000         0.56000        1.0000         0.16086
0.25000         0.56000        1.0000         0.16402
0.26000         0.56000        1.0000         0.16709
0.27000         0.56000        1.0000         0.17008
0.28000         0.56000        1.0000         0.17301
0.29000         0.56000        1.0000         0.17588
0.30000         0.56000        1.0000         0.17868
0.31000         0.56000        1.0000         0.18144
0.32000         0.56000        1.0000         0.18414
0.33000         0.56000        1.0000         0.18680
0.34000         0.56000        1.0000         0.18942
0.35000         0.56000        1.0000         0.19200
0.36000         0.56000        1.0000         0.19454
0.37000         0.56000        1.0000         0.19704
0.38000         0.56000        1.0000         0.19951
0.39000         0.56000        1.0000         0.20196
0.40000         0.56000        1.0000         0.20437
0.41000         0.56000        1.0000         0.20675
0.42000         0.56000        1.0000         0.20911
0.43000         0.56000        1.0000         0.21145
0.44000         0.56000        1.0000         0.21377
0.45000         0.56000        1.0000         0.21608
0.46000         0.56000        1.0000         0.21841
0.47000         0.56000        1.0000         0.22083
0.48000         0.56000        1.0000         0.22340
0.49000         0.56000        1.0000         0.22595
0.50000         0.56000        1.0000         0.22720
0.51000         0.56000        1.0000         0.22595
0.52000         0.56000        1.0000         0.22340
0.53000         0.56000        1.0000         0.22083
0.54000         0.56000        1.0000         0.21841
0.55000         0.56000        1.0000         0.21608
0.56000         0.56000        1.0000         0.21377
0.57000         0.56000        1.0000         0.21145
0.58000         0.56000        1.0000         0.20911
0.59000         0.56000        1.0000         0.20675
0.60000         0.56000        1.0000         0.20437
0.61000         0.56000        1.0000         0.20196
0.62000         0.56000        1.0000         0.19951
0.63000         0.56000        1.0000         0.19704
0.64000         0.56000        1.0000         0.19454
0.65000         0.56000        1.0000         0.19200
0.66000         0.56000        1.0000         0.18942
0.67000         0.56000        1.0000         0.18680
0.68000         0.56000        1.0000         0.18414
0.69000         0.56000        1.0000         0.18144
0.70000         0.56000        1.0000         0.17868
0.71000         0.56000        1.0000         0.17588
0.72000         0.56000        1.0000         0.17301
0.73000         0.56000        1.0000         0.17008
0.74000         0.56000        1.0000         0.16709
0.75000         0.56000        1.0000         0.16402
0.76000         0.56000        1.0000         0.16086
0.77000         0.56000        1.0000         0.15762
0.78000         0.56000        1.0000         0.15427
0.79000         0.56000        1.0000         0.15082
0.80000         0.56000        1.0000         0.14724
0.81000         0.56000        1.0000         0.14351
0.82000         0.56000        1.0000         0.13963
0.83000         0.56000        1.0000         0.13557
0.84000         0.56000        1.0000         0.13129
0.85000         0.56000        1.0000         0.12679
0.86000         0.56000        1.0000         0.12201
0.87000         0.56000        1.0000         0.11692
0.88000         0.56000        1.0000         0.11147
0.89000         0.56000        1.0000         0.10561
0.90000         0.56000        1.0000         0.099288
0.91000         0.56000        1.0000         0.092430
0.92000         0.56000        1.0000         0.084975
0.93000         0.56000        1.0000         0.076854
0.94000         0.56000        1.0000         0.068012
0.95000         0.56000        1.0000         0.058402
0.96000         0.56000        1.0000         0.048010
0.97000         0.56000        1.0000         0.036858
0.98000         0.56000        1.0000         0.025025
0.99000         0.56000        1.0000         0.012665
1.0000          0.56000        1.0000         -2.2474E-18
0.0000          0.57000        1.0000         2.4479E-18
0.010000        0.57000        1.0000         0.013536
0.020000        0.57000        1.0000         0.026723
0.030000        0.57000        1.0000         0.039309
0.040000        0.57000        1.0000         0.051122
0.050000        0.57000        1.0000         0.062078
0.060000        0.57000        1.0000         0.072155
0.070000        0.57000        1.0000         0.081378
0.080000        0.57000        1.0000         0.089802
0.090000        0.57000        1.0000         0.097496
0.10000         0.57000        1.0000         0.10454
0.11000         0.57000        1.0000         0.11100
0.12000         0.57000        1.0000         0.11697
0.13000         0.57000        1.0000         0.12249
0.14000         0.57000        1.0000         0.12764
0.15000         0.57000        1.0000         0.13246
0.16000         0.57000        1.0000         0.13699
0.17000         0.57000        1.0000         0.14128
0.18000         0.57000        1.0000         0.14535
0.19000         0.57000        1.0000         0.14924
0.20000         0.57000        1.0000         0.15296
0.21000         0.57000        1.0000         0.15654
0.22000         0.57000        1.0000         0.15999
0.23000         0.57000        1.0000         0.16333
0.24000         0.57000        1.0000         0.16657
0.25000         0.57000        1.0000         0.16971
0.26000         0.57000        1.0000         0.17277
0.27000         0.57000        1.0000         0.17576
0.28000         0.57000        1.0000         0.17868
0.29000         0.57000        1.0000         0.18153
0.30000         0.57000        1.0000         0.18433
0.31000         0.57000        1.0000         0.18707
0.32000         0.57000        1.0000         0.18977
0.33000         0.57000        1.0000         0.19242
0.34000         0.57000        1.0000         0.19502
0.35000         0.57000        1.0000         0.19759
0.36000         0.57000        1.0000         0.20012
0.37000         0.57000        1.0000         0.20262
0.38000         0.57000        1.0000         0.20508
0.39000         0.57000        1.0000         0.20751
0.40000         0.57000        1.0000         0.20992
0.41000         0.57000        1.0000         0.21229
0.42000         0.57000        1.0000         0.21464
0.43000         0.57000        1.0000         0.21697
0.44000         0.57000        1.0000         0.21928
0.45000         0.57000        1.0000         0.22158
0.46000         0.57000        1.0000         0.22391
0.47000         0.57000        1.0000         0.22631
0.48000         0.57000        1.0000         0.22888
0.49000         0.57000        1.0000         0.23142
0.50000         0.57000        1.0000         0.23266
0.51000         0.57000        1.0000         0.23142
0.52000         0.57000        1.0000         0.22888
0.53000         0.57000        1.0000         0.22631
0.54000         0.57000        1.0000         0.22391
0.55000         0.57000        1.0000         0.22158
0.56000         0.57000        1.0000         0.21928
0.57000         0.57000        1.0000         0.21697
0.58000         0.57000        1.0000         0.21464
0.59000         0.57000        1.0000         0.21229
0.60000         0.57000        1.0000         0.20992
0.61000         0.57000        1.0000         0.20751
0.62000         0.57000        1.0000         0.20508
0.63000         0.57000        1.0000         0.20262
0.64000         0.57000        1.0000         0.20012
0.65000         0.57000        1.0000         0.19759
0.66000         0.57000        1.0000         0.19502
0.67000         0.57000        1.0000         0.19242
0.68000         0.57000        1.0000         0.18977
0.69000         0.57000        1.0000         0.18707
0.70000         0.57000        1.0000         0.18433
0.71000         0.57000        1.0000         0.18153
0.72000         0.57000        1.0000         0.17868
0.73000         0.57000        1.0000         0.17576
0.74000         0.57000        1.0000         0.17277
0.75000         0.57000        1.0000         0.16971
0.76000         0.57000        1.0000         0.16657
0.77000         0.57000        1.0000         0.16333
0.78000         0.57000        1.0000         0.15999
0.79000         0.57000        1.0000         0.15654
0.80000         0.57000        1.0000         0.15296
0.81000         0.57000        1.0000         0.14924
0.82000         0.57000        1.0000         0.14535
0.83000         0.57000        1.0000         0.14128
0.84000         0.57000        1.0000         0.13699
0.85000         0.57000        1.0000         0.13246
0.86000         0.57000        1.0000         0.12764
0.87000         0.57000        1.0000         0.12249
0.88000         0.57000        1.0000         0.11697
0.89000         0.57000        1.0000         0.11100
0.90000         0.57000        1.0000         0.10454
0.91000         0.57000        1.0000         0.097496
0.92000         0.57000        1.0000         0.089802
0.93000         0.57000        1.0000         0.081378
0.94000         0.57000        1.0000         0.072155
0.95000         0.57000        1.0000         0.062078
0.96000         0.57000        1.0000         0.051122
0.97000         0.57000        1.0000         0.039309
0.98000         0.57000        1.0000         0.026723
0.99000         0.57000        1.0000         0.013536
1.0000          0.57000        1.0000         -2.4519E-18
0.0000          0.58000        1.0000         -1.1919E-19
0.010000        0.58000        1.0000         0.014471
0.020000        0.58000        1.0000         0.028543
0.030000        0.58000        1.0000         0.041931
0.040000        0.58000        1.0000         0.054443
0.050000        0.58000        1.0000         0.065989
0.060000        0.58000        1.0000         0.076552
0.070000        0.58000        1.0000         0.086164
0.080000        0.58000        1.0000         0.094894
0.090000        0.58000        1.0000         0.10282
0.10000         0.58000        1.0000         0.11005
0.11000         0.58000        1.0000         0.11665
0.12000         0.58000        1.0000         0.12271
0.13000         0.58000        1.0000         0.12830
0.14000         0.58000        1.0000         0.13350
0.15000         0.58000        1.0000         0.13835
0.16000         0.58000        1.0000         0.14290
0.17000         0.58000        1.0000         0.14720
0.18000         0.58000        1.0000         0.15128
0.19000         0.58000        1.0000         0.15516
0.20000         0.58000        1.0000         0.15888
0.21000         0.58000        1.0000         0.16245
0.22000         0.58000        1.0000         0.16589
0.23000         0.58000        1.0000         0.16922
0.24000         0.58000        1.0000         0.17245
0.25000         0.58000        1.0000         0.17558
0.26000         0.58000        1.0000         0.17863
0.27000         0.58000        1.0000         0.18160
0.28000         0.58000        1.0000         0.18450
0.29000         0.58000        1.0000         0.18735
0.30000         0.58000        1.0000         0.19013
0.31000         0.58000        1.0000         0.19286
0.32000         0.58000        1.0000         0.19555
0.33000         0.58000        1.0000         0.19818
0.34000         0.58000        1.0000         0.20078
0.35000         0.58000        1.0000         0.20333
0.36000         0.58000        1.0000         0.20585
0.37000         0.58000        1.0000         0.20834
0.38000         0.58000        1.0000         0.21079
0.39000         0.58000        1.0000         0.21321
0.40000         0.58000        1.0000         0.21560
0.41000         0.58000        1.0000         0.21797
0.42000         0.58000        1.0000         0.22031
0.43000         0.58000        1.0000         0.22263
0.44000         0.58000        1.0000         0.22493
0.45000         0.58000        1.0000         0.22722
0.46000         0.58000        1.0000         0.22954
0.47000         0.58000        1.0000         0.23193
0.48000         0.58000        1.0000         0.23449
0.49000         0.58000        1.0000         0.23701
0.50000         0.58000        1.0000         0.23825
0.51000         0.58000        1.0000         0.23701
0.52000         0.58000        1.0000         0.23449
0.53000         0.58000        1.0000         0.23193
0.54000         0.58000        1.0000         0.22954
0.55000         0.58000        1.0000         0.22722
0.56000         0.58000        1.0000         0.22493
0.57000         0.58000        1.0000         0.22263
0.58000         0.58000        1.0000         0.22031
0.59000         0.58000        1.0000         0.21797
0.60000         0.58000        1.0000         0.21560
0.61000         0.58000        1.0000         0.21321
0.62000         0.58000        1.0000         0.21079
0.63000         0.58000        1.0000         0.20834
0.64000         0.58000        1.0000         0.20585
0.65000         0.58000        1.0000         0.20333
0.66000         0.58000        1.0000         0.20078
0.67000         0.58000        1.0000         0.19818
0.68000         0.58000        1.0000         0.19555
0.69000         0.58000        1.0000         0.19286
0.70000         0.58000        1.0000         0.19013
0.71000         0.58000        1.0000         0.18735
0.72000         0.58000        1.0000         0.18450
0.73000         0.58000        1.0000         0.18160
0.74000         0.58000        1.0000         0.17863
0.75000         0.58000        1.0000         0.17558
0.76000         0.58000        1.0000         0.17245
0.77000         0.58000        1.0000         0.16922
0.78000         0.58000        1.0000         0.16589
0.79000         0.58000        1.0000         0.16245
0.80000         0.58000        1.0000         0.15888
0.81000         0.58000        1.0000         0.15516
0.82000         0.58000        1.0000         0.15128
0.83000         0.58000        1.0000         0.14720
0.84000         0.58000        1.0000         0.14290
0.85000         0.58000        1.0000         0.13835
0.86000         0.58000        1.0000         0.13350
0.87000         0.58000        1.0000         0.12830
0.88000         0.58000        1.0000         0.12271
0.89000         0.58000        1.0000         0.11665
0.90000         0.58000        1.0000         0.11005
0.91000         0.58000        1.0000         0.10282
0.92000         0.58000        1.0000         0.094894
0.93000         0.58000        1.0000         0.086164
0.94000         0.58000        1.0000         0.076552
0.95000         0.58000        1.0000         0.065989
0.96000         0.58000        1.0000         0.054443
0.97000         0.58000        1.0000         0.041931
0.98000         0.58000        1.0000         0.028543
0.99000         0.58000        1.0000         0.014471
1.0000          0.58000        1.0000         -1.5495E-18
0.0000          0.59000        1.0000         3.5247E-22
0.010000        0.59000        1.0000         0.015472
0.020000        0.59000        1.0000         0.030491
0.030000        0.59000        1.0000         0.044731
0.040000        0.59000        1.0000         0.057980
0.050000        0.59000        1.0000         0.070143
0.060000        0.59000        1.0000         0.081207
0.070000        0.59000        1.0000         0.091217
0.080000        0.59000        1.0000         0.10025
0.090000        0.59000        1.0000         0.10842
0.10000         0.59000        1.0000         0.11581
0.11000         0.59000        1.0000         0.12254
0.12000         0.59000        1.0000         0.12869
0.13000         0.59000        1.0000         0.13435
0.14000         0.59000        1.0000         0.13958
0.15000         0.59000        1.0000         0.14446
0.16000         0.59000        1.0000         0.14903
0.17000         0.59000        1.0000         0.15333
0.18000         0.59000        1.0000         0.15740
0.19000         0.59000        1.0000         0.16128
0.20000         0.59000        1.0000         0.16499
0.21000         0.59000        1.0000         0.16855
0.22000         0.59000        1.0000         0.17198
0.23000         0.59000        1.0000         0.17529
0.24000         0.59000        1.0000         0.17849
0.25000         0.59000        1.0000         0.18161
0.26000         0.59000        1.0000         0.18464
0.27000         0.59000        1.0000         0.18760
0.28000         0.59000        1.0000         0.19049
0.29000         0.59000        1.0000         0.19332
0.30000         0.59000        1.0000         0.19609
0.31000         0.59000        1.0000         0.19881
0.32000         0.59000        1.0000         0.20147
0.33000         0.59000        1.0000         0.20410
0.34000         0.59000        1.0000         0.20668
0.35000         0.59000        1.0000         0.20922
0.36000         0.59000        1.0000         0.21173
0.37000         0.59000        1.0000         0.21420
0.38000         0.59000        1.0000         0.21664
0.39000         0.59000        1.0000         0.21905
0.40000         0.59000        1.0000         0.22143
0.41000         0.59000        1.0000         0.22378
0.42000         0.59000        1.0000         0.22611
0.43000         0.59000        1.0000         0.22842
0.44000         0.59000        1.0000         0.23071
0.45000         0.59000        1.0000         0.23299
0.46000         0.59000        1.0000         0.23530
0.47000         0.59000        1.0000         0.23769
0.48000         0.59000        1.0000         0.24023
0.49000         0.59000        1.0000         0.24274
0.50000         0.59000        1.0000         0.24397
0.51000         0.59000        1.0000         0.24274
0.52000         0.59000        1.0000         0.24023
0.53000         0.59000        1.0000         0.23769
0.54000         0.59000        1.0000         0.23530
0.55000         0.59000        1.0000         0.23299
0.56000         0.59000        1.0000         0.23071
0.57000         0.59000        1.0000         0.22842
0.58000         0.59000        1.0000         0.22611
0.59000         0.59000        1.0000         0.22378
0.60000         0.59000        1.0000         0.22143
0.61000         0.59000        1.0000         0.21905
0.62000         0.59000        1.0000         0.21664
0.63000         0.59000        1.0000         0.21420
0.64000         0.59000        1.0000         0.21173
0.65000         0.59000        1.0000         0.20922
0.66000         0.59000        1.0000         0.20668
0.67000         0.59000        1.0000         0.20410
0.68000         0.59000        1.0000         0.20147
0.69000         0.59000        1.0000         0.19881
0.70000         0.59000        1.0000         0.19609
0.71000         0.59000        1.0000         0.19332
0.72000         0.59000        1.0000         0.19049
0.73000         0.59000        1.0000         0.18760
0.74000         0.59000        1.0000         0.18464
0.75000         0.59000        1.0000         0.18161
0.76000         0.59000        1.0000         0.17849
0.77000         0.59000        1.0000         0.17529
0.78000         0.59000        1.0000         0.17198
0.79000         0.59000        1.0000         0.16855
0.80000         0.59000        1.0000         0.16499
0.81000         0.59000        1.0000         0.16128
0.82000         0.59000        1.0000         0.15740
0.83000         0.59000        1.0000         0.15333
0.84000         0.59000        1.0000         0.14903
0.85000         0.59000        1.0000         0.14446
0.86000         0.59000        1.0000         0.13958
0.87000         0.59000        1.0000         0.13435
0.88000         0.59000        1.0000         0.12869
0.89000         0.59000        1.0000         0.12254
0.90000         0.59000        1.0000         0.11581
0.91000         0.59000        1.0000         0.10842
0.92000         0.59000        1.0000         0.10025
0.93000         0.59000        1.0000         0.091217
0.94000         0.59000        1.0000         0.081207
0.95000         0.59000        1.0000         0.070143
0.96000         0.59000        1.0000         0.057980
0.97000         0.59000        1.0000         0.044731
0.98000         0.59000        1.0000         0.030491
0.99000         0.59000        1.0000         0.015472
1.0000          0.59000        1.0000         -1.3473E-18
0.0000          0.60000        1.0000         0.0000
0.010000        0.60000        1.0000         0.016544
0.020000        0.60000        1.0000         0.032571
0.030000        0.60000        1.0000         0.047715
0.040000        0.60000        1.0000         0.061740
0.050000        0.60000        1.0000         0.074545
0.060000        0.60000        1.0000         0.086125
0.070000        0.60000        1.0000         0.096539
0.080000        0.60000        1.0000         0.10589
0.090000        0.60000        1.0000         0.11428
0.10000         0.60000        1.0000         0.12184
0.11000         0.60000        1.0000         0.12869
0.12000         0.60000        1.0000         0.13492
0.13000         0.60000        1.0000         0.14063
0.14000         0.60000        1.0000         0.14590
0.15000         0.60000        1.0000         0.15079
0.16000         0.60000        1.0000         0.15536
0.17000         0.60000        1.0000         0.15966
0.18000         0.60000        1.0000         0.16372
0.19000         0.60000        1.0000         0.16759
0.20000         0.60000        1.0000         0.17128
0.21000         0.60000        1.0000         0.17482
0.22000         0.60000        1.0000         0.17823
0.23000         0.60000        1.0000         0.18152
0.24000         0.60000        1.0000         0.18471
0.25000         0.60000        1.0000         0.18781
0.26000         0.60000        1.0000         0.19082
0.27000         0.60000        1.0000         0.19376
0.28000         0.60000        1.0000         0.19663
0.29000         0.60000        1.0000         0.19944
0.30000         0.60000        1.0000         0.20220
0.31000         0.60000        1.0000         0.20490
0.32000         0.60000        1.0000         0.20755
0.33000         0.60000        1.0000         0.21016
0.34000         0.60000        1.0000         0.21272
0.35000         0.60000        1.0000         0.21525
0.36000         0.60000        1.0000         0.21774
0.37000         0.60000        1.0000         0.22020
0.38000         0.60000        1.0000         0.22263
0.39000         0.60000        1.0000         0.22502
0.40000         0.60000        1.0000         0.22739
0.41000         0.60000        1.0000         0.22973
0.42000         0.60000        1.0000         0.23205
0.43000         0.60000        1.0000         0.23434
0.44000         0.60000        1.0000         0.23662
0.45000         0.60000        1.0000         0.23889
0.46000         0.60000        1.0000         0.24119
0.47000         0.60000        1.0000         0.24357
0.48000         0.60000        1.0000         0.24610
0.49000         0.60000        1.0000         0.24860
0.50000         0.60000        1.0000         0.24981
0.51000         0.60000        1.0000         0.24860
0.52000         0.60000        1.0000         0.24610
0.53000         0.60000        1.0000         0.24357
0.54000         0.60000        1.0000         0.24119
0.55000         0.60000        1.0000         0.23889
0.56000         0.60000        1.0000         0.23662
0.57000         0.60000        1.0000         0.23434
0.58000         0.60000        1.0000         0.23205
0.59000         0.60000        1.0000         0.22973
0.60000         0.60000        1.0000         0.22739
0.61000         0.60000        1.0000         0.22502
0.62000         0.60000        1.0000         0.22263
0.63000         0.60000        1.0000         0.22020
0.64000         0.60000        1.0000         0.21774
0.65000         0.60000        1.0000         0.21525
0.66000         0.60000        1.0000         0.21272
0.67000         0.60000        1.0000         0.21016
0.68000         0.60000        1.0000         0.20755
0.69000         0.60000        1.0000         0.20490
0.70000         0.60000        1.0000         0.20220
0.71000         0.60000        1.0000         0.19944
0.72000         0.60000        1.0000         0.19663
0.73000         0.60000        1.0000         0.19376
0.74000         0.60000        1.0000         0.19082
0.75000         0.60000        1.0000         0.18781
0.76000         0.60000        1.0000         0.18471
0.77000         0.60000        1.0000         0.18152
0.78000         0.60000        1.0000         0.17823
0.79000         0.60000        1.0000         0.17482
0.80000         0.60000        1.0000         0.17128
0.81000         0.60000        1.0000         0.16759
0.82000         0.60000        1.0000         0.16372
0.83000         0.60000        1.0000         0.15966
0.84000         0.60000        1.0000         0.15536
0.85000         0.60000        1.0000         0.15079
0.86000         0.60000        1.0000         0.14590
0.87000         0.60000        1.0000         0.14063
0.88000         0.60000        1.0000         0.13492
0.89000         0.60000        1.0000         0.12869
0.90000         0.60000        1.0000         0.12184
0.91000         0.60000        1.0000         0.11428
0.92000         0.60000        1.0000         0.10589
0.93000         0.60000        1.0000         0.096539
0.94000         0.60000        1.0000         0.086125
0.95000         0.60000        1.0000         0.074545
0.96000         0.60000        1.0000         0.061740
0.97000         0.60000        1.0000         0.047715
0.98000         0.60000        1.0000         0.032571
0.99000         0.60000        1.0000         0.016544
1.0000          0.60000        1.0000         -2.6242E-18
0.0000          0.61000        1.0000         -1.7156E-19
0.010000        0.61000        1.0000         0.017688
0.020000        0.61000        1.0000         0.034789
0.030000        0.61000        1.0000         0.050889
0.040000        0.61000        1.0000         0.065729
0.050000        0.61000        1.0000         0.079202
0.060000        0.61000        1.0000         0.091312
0.070000        0.61000        1.0000         0.10213
0.080000        0.61000        1.0000         0.11179
0.090000        0.61000        1.0000         0.12041
0.10000         0.61000        1.0000         0.12813
0.11000         0.61000        1.0000         0.13508
0.12000         0.61000        1.0000         0.14139
0.13000         0.61000        1.0000         0.14714
0.14000         0.61000        1.0000         0.15243
0.15000         0.61000        1.0000         0.15732
0.16000         0.61000        1.0000         0.16189
0.17000         0.61000        1.0000         0.16618
0.18000         0.61000        1.0000         0.17023
0.19000         0.61000        1.0000         0.17408
0.20000         0.61000        1.0000         0.17775
0.21000         0.61000        1.0000         0.18127
0.22000         0.61000        1.0000         0.18466
0.23000         0.61000        1.0000         0.18793
0.24000         0.61000        1.0000         0.19109
0.25000         0.61000        1.0000         0.19417
0.26000         0.61000        1.0000         0.19716
0.27000         0.61000        1.0000         0.20008
0.28000         0.61000        1.0000         0.20293
0.29000         0.61000        1.0000         0.20572
0.30000         0.61000        1.0000         0.20845
0.31000         0.61000        1.0000         0.21113
0.32000         0.61000        1.0000         0.21377
0.33000         0.61000        1.0000         0.21636
0.34000         0.61000        1.0000         0.21891
0.35000         0.61000        1.0000         0.22142
0.36000         0.61000        1.0000         0.22390
0.37000         0.61000        1.0000         0.22634
0.38000         0.61000        1.0000         0.22875
0.39000         0.61000        1.0000         0.23113
0.40000         0.61000        1.0000         0.23348
0.41000         0.61000        1.0000         0.23581
0.42000         0.61000        1.0000         0.23811
0.43000         0.61000        1.0000         0.24040
0.44000         0.61000        1.0000         0.24266
0.45000         0.61000        1.0000         0.24492
0.46000         0.61000        1.0000         0.24720
0.47000         0.61000        1.0000         0.24957
0.48000         0.61000        1.0000         0.25210
0.49000         0.61000        1.0000         0.25457
0.50000         0.61000        1.0000         0.25579
0.51000         0.61000        1.0000         0.25457
0.52000         0.61000        1.0000         0.25210
0.53000         0.61000        1.0000         0.24957
0.54000         0.61000        1.0000         0.24720
0.55000         0.61000        1.0000         0.24492
0.56000         0.61000        1.0000         0.24266
0.57000         0.61000        1.0000         0.24040
0.58000         0.61000        1.0000         0.23811
0.59000         0.61000        1.0000         0.23581
0.60000         0.61000        1.0000         0.23348
0.61000         0.61000        1.0000         0.23113
0.62000         0.61000        1.0000         0.22875
0.63000         0.61000        1.0000         0.22634
0.64000         0.61000        1.0000         0.22390
0.65000         0.61000        1.0000         0.22142
0.66000         0.61000        1.0000         0.21891
0.67000         0.61000        1.0000         0.21636
0.68000         0.61000        1.0000         0.21377
0.69000         0.61000        1.0000         0.21113
0.70000         0.61000        1.0000         0.20845
0.71000         0.61000        1.0000         0.20572
0.72000         0.61000        1.0000         0.20293
0.73000         0.61000        1.0000         0.20008
0.74000         0.61000        1.0000         0.19716
0.75000         0.61000        1.0000         0.19417
0.76000         0.61000        1.0000         0.19109
0.77000         0.61000        1.0000         0.18793
0.78000         0.61000        1.0000         0.18466
0.79000         0.61000        1.0000         0.18127
0.80000         0.61000        1.0000         0.17775
0.81000         0.61000        1.0000         0.17408
0.82000         0.61000        1.0000         0.17023
0.83000         0.61000        1.0000         0.16618
0.84000         0.61000        1.0000         0.16189
0.85000         0.61000        1.0000         0.15732
0.86000         0.61000        1.0000         0.15243
0.87000         0.61000        1.0000         0.14714
0.88000         0.61000        1.0000         0.14139
0.89000         0.61000        1.0000         0.13508
0.90000         0.61000        1.0000         0.12813
0.91000         0.61000        1.0000         0.12041
0.92000         0.61000        1.0000         0.11179
0.93000         0.61000        1.0000         0.10213
0.94000         0.61000        1.0000         0.091312
0.95000         0.61000        1.0000         0.079202
0.96000         0.61000        1.0000         0.065729
0.97000         0.61000        1.0000         0.050889
0.98000         0.61000        1.0000         0.034789
0.99000         0.61000        1.0000         0.017688
1.0000          0.61000        1.0000         -2.0587E-18
0.0000          0.62000        1.0000         4.3133E-22
0.010000        0.62000        1.0000         0.018908
0.020000        0.62000        1.0000         0.037150
0.030000        0.62000        1.0000         0.054260
0.040000        0.62000        1.0000         0.069952
0.050000        0.62000        1.0000         0.084117
0.060000        0.62000        1.0000         0.096769
0.070000        0.62000        1.0000         0.10800
0.080000        0.62000        1.0000         0.11796
0.090000        0.62000        1.0000         0.12680
0.10000         0.62000        1.0000         0.13467
0.11000         0.62000        1.0000         0.14172
0.12000         0.62000        1.0000         0.14809
0.13000         0.62000        1.0000         0.15387
0.14000         0.62000        1.0000         0.15917
0.15000         0.62000        1.0000         0.16407
0.16000         0.62000        1.0000         0.16863
0.17000         0.62000        1.0000         0.17290
0.18000         0.62000        1.0000         0.17693
0.19000         0.62000        1.0000         0.18075
0.20000         0.62000        1.0000         0.18439
0.21000         0.62000        1.0000         0.18789
0.22000         0.62000        1.0000         0.19125
0.23000         0.62000        1.0000         0.19449
0.24000         0.62000        1.0000         0.19763
0.25000         0.62000        1.0000         0.20068
0.26000         0.62000        1.0000         0.20365
0.27000         0.62000        1.0000         0.20654
0.28000         0.62000        1.0000         0.20937
0.29000         0.62000        1.0000         0.21214
0.30000         0.62000        1.0000         0.21485
0.31000         0.62000        1.0000         0.21752
0.32000         0.62000        1.0000         0.22013
0.33000         0.62000        1.0000         0.22270
0.34000         0.62000        1.0000         0.22523
0.35000         0.62000        1.0000         0.22773
0.36000         0.62000        1.0000         0.23018
0.37000         0.62000        1.0000         0.23261
0.38000         0.62000        1.0000         0.23500
0.39000         0.62000        1.0000         0.23737
0.40000         0.62000        1.0000         0.23971
0.41000         0.62000        1.0000         0.24202
0.42000         0.62000        1.0000         0.24431
0.43000         0.62000        1.0000         0.24658
0.44000         0.62000        1.0000         0.24883
0.45000         0.62000        1.0000         0.25108
0.46000         0.62000        1.0000         0.25335
0.47000         0.62000        1.0000         0.25570
0.48000         0.62000        1.0000         0.25821
0.49000         0.62000        1.0000         0.26068
0.50000         0.62000        1.0000         0.26188
0.51000         0.62000        1.0000         0.26068
0.52000         0.62000        1.0000         0.25821
0.53000         0.62000        1.0000         0.25570
0.54000         0.62000        1.0000         0.25335
0.55000         0.62000        1.0000         0.25108
0.56000         0.62000        1.0000         0.24883
0.57000         0.62000        1.0000         0.24658
0.58000         0.62000        1.0000         0.24431
0.59000         0.62000        1.0000         0.24202
0.60000         0.62000        1.0000         0.23971
0.61000         0.62000        1.0000         0.23737
0.62000         0.62000        1.0000         0.23500
0.63000         0.62000        1.0000         0.23261
0.64000         0.62000        1.0000         0.23018
0.65000         0.62000        1.0000         0.22773
0.66000         0.62000        1.0000         0.22523
0.67000         0.62000        1.0000         0.22270
0.68000         0.62000        1.0000         0.22013
0.69000         0.62000        1.0000         0.21752
0.70000         0.62000        1.0000         0.21485
0.71000         0.62000        1.0000         0.21214
0.72000         0.62000        1.0000         0.20937
0.73000         0.62000        1.0000         0.20654
0.74000         0.62000        1.0000         0.20365
0.75000         0.62000        1.0000         0.20068
0.76000         0.62000        1.0000         0.19763
0.77000         0.62000        1.0000         0.19449
0.78000         0.62000        1.0000         0.19125
0.79000         0.62000        1.0000         0.18789
0.80000         0.62000        1.0000         0.18439
0.81000         0.62000        1.0000         0.18075
0.82000         0.62000        1.0000         0.17693
0.83000         0.62000        1.0000         0.17290
0.84000         0.62000        1.0000         0.16863
0.85000         0.62000        1.0000         0.16407
0.86000         0.62000        1.0000         0.15917
0.87000         0.62000        1.0000         0.15387
0.88000         0.62000        1.0000         0.14809
0.89000         0.62000        1.0000         0.14172
0.90000         0.62000        1.0000         0.13467
0.91000         0.62000        1.0000         0.12680
0.92000         0.62000        1.0000         0.11796
0.93000         0.62000        1.0000         0.10800
0.94000         0.62000        1.0000         0.096769
0.95000         0.62000        1.0000         0.084117
0.96000         0.62000        1.0000         0.069952
0.97000         0.62000        1.0000         0.054260
0.98000         0.62000        1.0000         0.037150
0.99000         0.62000        1.0000         0.018908
1.0000          0.62000        1.0000         -6.5767E-20
0.0000          0.63000        1.0000         0.0000
0.010000        0.63000        1.0000         0.020206
0.020000        0.63000        1.0000         0.039658
0.030000        0.63000        1.0000         0.057832
0.040000        0.63000        1.0000         0.074415
0.050000        0.63000        1.0000         0.089294
0.060000        0.63000        1.0000         0.10250
0.070000        0.63000        1.0000         0.11415
0.080000        0.63000        1.0000         0.12440
0.090000        0.63000        1.0000         0.13344
0.10000         0.63000        1.0000         0.14146
0.11000         0.63000        1.0000         0.14860
0.12000         0.63000        1.0000         0.15501
0.13000         0.63000        1.0000         0.16082
0.14000         0.63000        1.0000         0.16612
0.15000         0.63000        1.0000         0.17101
0.16000         0.63000        1.0000         0.17555
0.17000         0.63000        1.0000         0.17980
0.18000         0.63000        1.0000         0.18380
0.19000         0.63000        1.0000         0.18759
0.20000         0.63000        1.0000         0.19121
0.21000         0.63000        1.0000         0.19467
0.22000         0.63000        1.0000         0.19800
0.23000         0.63000        1.0000         0.20121
0.24000         0.63000        1.0000         0.20433
0.25000         0.63000        1.0000         0.20735
0.26000         0.63000        1.0000         0.21029
0.27000         0.63000        1.0000         0.21316
0.28000         0.63000        1.0000         0.21596
0.29000         0.63000        1.0000         0.21871
0.30000         0.63000        1.0000         0.22139
0.31000         0.63000        1.0000         0.22403
0.32000         0.63000        1.0000         0.22663
0.33000         0.63000        1.0000         0.22918
0.34000         0.63000        1.0000         0.23169
0.35000         0.63000        1.0000         0.23417
0.36000         0.63000        1.0000         0.23661
0.37000         0.63000        1.0000         0.23901
0.38000         0.63000        1.0000         0.24139
0.39000         0.63000        1.0000         0.24374
0.40000         0.63000        1.0000         0.24606
0.41000         0.63000        1.0000         0.24836
0.42000         0.63000        1.0000         0.25063
0.43000         0.63000        1.0000         0.25288
0.44000         0.63000        1.0000         0.25512
0.45000         0.63000        1.0000         0.25736
0.46000         0.63000        1.0000         0.25961
0.47000         0.63000        1.0000         0.26196
0.48000         0.63000        1.0000         0.26445
0.49000         0.63000        1.0000         0.26690
0.50000         0.63000        1.0000         0.26809
0.51000         0.63000        1.0000         0.26690
0.52000         0.63000        1.0000         0.26445
0.53000         0.63000        1.0000         0.26196
0.54000         0.63000        1.0000         0.25961
0.55000         0.63000        1.0000         0.25736
0.56000         0.63000        1.0000         0.25512
0.57000         0.63000        1.0000         0.25288
0.58000         0.63000        1.0000         0.25063
0.59000         0.63000        1.0000         0.24836
0.60000         0.63000        1.0000         0.24606
0.61000         0.63000        1.0000         0.24374
0.62000         0.63000        1.0000         0.24139
0.63000         0.63000        1.0000         0.23901
0.64000         0.63000        1.0000         0.23661
0.65000         0.63000        1.0000         0.23417
0.66000         0.63000        1.0000         0.23169
0.67000         0.63000        1.0000         0.22918
0.68000         0.63000        1.0000         0.22663
0.69000         0.63000        1.0000         0.22403
0.70000         0.63000        1.0000         0.22139
0.71000         0.63000        1.0000         0.21871
0.72000         0.63000        1.0000         0.21596
0.73000         0.63000        1.0000         0.21316
0.74000         0.63000        1.0000         0.21029
0.75000         0.63000        1.0000         0.20735
0.76000         0.63000        1.0000         0.20433
0.77000         0.63000        1.0000         0.20121
0.78000         0.63000        1.0000         0.19800
0.79000         0.63000        1.0000         0.19467
0.80000         0.63000        1.0000         0.19121
0.81000         0.63000        1.0000         0.18759
0.82000         0.63000        1.0000         0.18380
0.83000         0.63000        1.0000         0.17980
0.84000         0.63000        1.0000         0.17555
0.85000         0.63000        1.0000         0.17101
0.86000         0.63000        1.0000         0.16612
0.87000         0.63000        1.0000         0.16082
0.88000         0.63000        1.0000         0.15501
0.89000         0.63000        1.0000         0.14860
0.90000         0.63000        1.0000         0.14146
0.91000         0.63000        1.0000         0.13344
0.92000         0.63000        1.0000         0.12440
0.93000         0.63000        1.0000         0.11415
0.94000         0.63000        1.0000         0.10250
0.95000         0.63000        1.0000         0.089294
0.96000         0.63000        1.0000         0.074415
0.97000         0.63000        1.0000         0.057832
0.98000         0.63000        1.0000         0.039658
0.99000         0.63000        1.0000         0.020206
1.0000          0.63000        1.0000         -9.2597E-19
0.0000          0.64000        1.0000         -2.4102E-19
0.010000        0.64000        1.0000         0.021584
0.020000        0.64000        1.0000         0.042317
0.030000        0.64000        1.0000         0.061610
0.040000        0.64000        1.0000         0.079121
0.050000        0.64000        1.0000         0.094735
0.060000        0.64000        1.0000         0.10850
0.070000        0.64000        1.0000         0.12056
0.080000        0.64000        1.0000         0.13111
0.090000        0.64000        1.0000         0.14035
0.10000         0.64000        1.0000         0.14849
0.11000         0.64000        1.0000         0.15571
0.12000         0.64000        1.0000         0.16216
0.13000         0.64000        1.0000         0.16798
0.14000         0.64000        1.0000         0.17328
0.15000         0.64000        1.0000         0.17815
0.16000         0.64000        1.0000         0.18266
0.17000         0.64000        1.0000         0.18688
0.18000         0.64000        1.0000         0.19084
0.19000         0.64000        1.0000         0.19460
0.20000         0.64000        1.0000         0.19818
0.21000         0.64000        1.0000         0.20161
0.22000         0.64000        1.0000         0.20490
0.23000         0.64000        1.0000         0.20809
0.24000         0.64000        1.0000         0.21117
0.25000         0.64000        1.0000         0.21416
0.26000         0.64000        1.0000         0.21707
0.27000         0.64000        1.0000         0.21991
0.28000         0.64000        1.0000         0.22269
0.29000         0.64000        1.0000         0.22541
0.30000         0.64000        1.0000         0.22807
0.31000         0.64000        1.0000         0.23069
0.32000         0.64000        1.0000         0.23326
0.33000         0.64000        1.0000         0.23579
0.34000         0.64000        1.0000         0.23828
0.35000         0.64000        1.0000         0.24073
0.36000         0.64000        1.0000         0.24315
0.37000         0.64000        1.0000         0.24554
0.38000         0.64000        1.0000         0.24790
0.39000         0.64000        1.0000         0.25023
0.40000         0.64000        1.0000         0.25254
0.41000         0.64000        1.0000         0.25482
0.42000         0.64000        1.0000         0.25708
0.43000         0.64000        1.0000         0.25931
0.44000         0.64000        1.0000         0.26154
0.45000         0.64000        1.0000         0.26375
0.46000         0.64000        1.0000         0.26600
0.47000         0.64000        1.0000         0.26833
0.48000         0.64000        1.0000         0.27081
0.49000         0.64000        1.0000         0.27324
0.50000         0.64000        1.0000         0.27441
0.51000         0.64000        1.0000         0.27324
0.52000         0.64000        1.0000         0.27081
0.53000         0.64000        1.0000         0.26833
0.54000         0.64000        1.0000         0.26600
0.55000         0.64000        1.0000         0.26375
0.56000         0.64000        1.0000         0.26154
0.57000         0.64000        1.0000         0.25931
0.58000         0.64000        1.0000         0.25708
0.59000         0.64000        1.0000         0.25482
0.60000         0.64000        1.0000         0.25254
0.61000         0.64000        1.0000         0.25023
0.62000         0.64000        1.0000         0.24790
0.63000         0.64000        1.0000         0.24554
0.64000         0.64000        1.0000         0.24315
0.65000         0.64000        1.0000         0.24073
0.66000         0.64000        1.0000         0.23828
0.67000         0.64000        1.0000         0.23579
0.68000         0.64000        1.0000         0.23326
0.69000         0.64000        1.0000         0.23069
0.70000         0.64000        1.0000         0.22807
0.71000         0.64000        1.0000         0.22541
0.72000         0.64000        1.0000         0.22269
0.73000         0.64000        1.0000         0.21991
0.74000         0.64000        1.0000         0.21707
0.75000         0.64000        1.0000         0.21416
0.76000         0.64000        1.0000         0.21117
0.77000         0.64000        1.0000         0.20809
0.78000         0.64000        1.0000         0.20490
0.79000         0.64000        1.0000         0.20161
0.80000         0.64000        1.0000         0.19818
0.81000         0.64000        1.0000         0.19460
0.82000         0.64000        1.0000         0.19084
0.83000         0.64000        1.0000         0.18688
0.84000         0.64000        1.0000         0.18266
0.85000         0.64000        1.0000         0.17815
0.86000         0.64000        1.0000         0.17328
0.87000         0.64000        1.0000         0.16798
0.88000         0.64000        1.0000         0.16216
0.89000         0.64000        1.0000         0.15571
0.90000         0.64000        1.0000         0.14849
0.91000         0.64000        1.0000         0.14035
0.92000         0.64000        1.0000         0.13111
0.93000         0.64000        1.0000         0.12056
0.94000         0.64000        1.0000         0.10850
0.95000         0.64000        1.0000         0.094735
0.96000         0.64000        1.0000         0.079121
0.97000         0.64000        1.0000         0.061610
0.98000         0.64000        1.0000         0.042317
0.99000         0.64000        1.0000         0.021584
1.0000          0.64000        1.0000         -2.6512E-18
0.0000          0.65000        1.0000         5.2656E-22
0.010000        0.65000        1.0000         0.023046
0.020000        0.65000        1.0000         0.045132
0.030000        0.65000        1.0000         0.065599
0.040000        0.65000        1.0000         0.084074
0.050000        0.65000        1.0000         0.10044
0.060000        0.65000        1.0000         0.11478
0.070000        0.65000        1.0000         0.12725
0.080000        0.65000        1.0000         0.13808
0.090000        0.65000        1.0000         0.14751
0.10000         0.65000        1.0000         0.15576
0.11000         0.65000        1.0000         0.16304
0.12000         0.65000        1.0000         0.16952
0.13000         0.65000        1.0000         0.17534
0.14000         0.65000        1.0000         0.18062
0.15000         0.65000        1.0000         0.18547
0.16000         0.65000        1.0000         0.18995
0.17000         0.65000        1.0000         0.19412
0.18000         0.65000        1.0000         0.19805
0.19000         0.65000        1.0000         0.20177
0.20000         0.65000        1.0000         0.20531
0.21000         0.65000        1.0000         0.20870
0.22000         0.65000        1.0000         0.21196
0.23000         0.65000        1.0000         0.21511
0.24000         0.65000        1.0000         0.21815
0.25000         0.65000        1.0000         0.22111
0.26000         0.65000        1.0000         0.22399
0.27000         0.65000        1.0000         0.22680
0.28000         0.65000        1.0000         0.22955
0.29000         0.65000        1.0000         0.23224
0.30000         0.65000        1.0000         0.23488
0.31000         0.65000        1.0000         0.23747
0.32000         0.65000        1.0000         0.24002
0.33000         0.65000        1.0000         0.24253
0.34000         0.65000        1.0000         0.24500
0.35000         0.65000        1.0000         0.24743
0.36000         0.65000        1.0000         0.24983
0.37000         0.65000        1.0000         0.25220
0.38000         0.65000        1.0000         0.25454
0.39000         0.65000        1.0000         0.25685
0.40000         0.65000        1.0000         0.25914
0.41000         0.65000        1.0000         0.26140
0.42000         0.65000        1.0000         0.26364
0.43000         0.65000        1.0000         0.26586
0.44000         0.65000        1.0000         0.26807
0.45000         0.65000        1.0000         0.27027
0.46000         0.65000        1.0000         0.27250
0.47000         0.65000        1.0000         0.27482
0.48000         0.65000        1.0000         0.27729
0.49000         0.65000        1.0000         0.27970
0.50000         0.65000        1.0000         0.28086
0.51000         0.65000        1.0000         0.27970
0.52000         0.65000        1.0000         0.27729
0.53000         0.65000        1.0000         0.27482
0.54000         0.65000        1.0000         0.27250
0.55000         0.65000        1.0000         0.27027
0.56000         0.65000        1.0000         0.26807
0.57000         0.65000        1.0000         0.26586
0.58000         0.65000        1.0000         0.26364
0.59000         0.65000        1.0000         0.26140
0.60000         0.65000        1.0000         0.25914
0.61000         0.65000        1.0000         0.25685
0.62000         0.65000        1.0000         0.25454
0.63000         0.65000        1.0000         0.25220
0.64000         0.65000        1.0000         0.24983
0.65000         0.65000        1.0000         0.24743
0.66000         0.65000        1.0000         0.24500
0.67000         0.65000        1.0000         0.24253
0.68000         0.65000        1.0000         0.24002
0.69000         0.65000        1.0000         0.23747
0.70000         0.65000        1.0000         0.23488
0.71000         0.65000        1.0000         0.23224
0.72000         0.65000        1.0000         0.22955
0.73000         0.65000        1.0000         0.22680
0.74000         0.65000        1.0000         0.22399
0.75000         0.65000        1.0000         0.22111
0.76000         0.65000        1.0000         0.21815
0.77000         0.65000        1.0000         0.21511
0.78000         0.65000        1.0000         0.21196
0.79000         0.65000        1.0000         0.20870
0.80000         0.65000        1.0000         0.20531
0.81000         0.65000        1.0000         0.20177
0.82000         0.65000        1.0000         0.19805
0.83000         0.65000        1.0000         0.19412
0.84000         0.65000        1.0000         0.18995
0.85000         0.65000        1.0000         0.18547
0.86000         0.65000        1.0000         0.18062
0.87000         0.65000        1.0000         0.17534
0.88000         0.65000        1.0000         0.16952
0.89000         0.65000        1.0000         0.16304
0.90000         0.65000        1.0000         0.15576
0.91000         0.65000        1.0000         0.14751
0.92000         0.65000        1.0000         0.13808
0.93000         0.65000        1.0000         0.12725
0.94000         0.65000        1.0000         0.11478
0.95000         0.65000        1.0000         0.10044
0.96000         0.65000        1.0000         0.084074
0.97000         0.65000        1.0000         0.065599
0.98000         0.65000        1.0000         0.045132
0.99000         0.65000        1.0000         0.023046
1.0000          0.65000        1.0000         -8.1445E-20
0.0000          0.66000        1.0000         0.0000
0.010000        0.66000        1.0000         0.024593
0.020000        0.66000        1.0000         0.048106
0.030000        0.66000        1.0000         0.069801
0.040000        0.66000        1.0000         0.089276
0.050000        0.66000        1.0000         0.10642
0.060000        0.66000        1.0000         0.12132
0.070000        0.66000        1.0000         0.13420
0.080000        0.66000        1.0000         0.14530
0.090000        0.66000        1.0000         0.15491
0.10000         0.66000        1.0000         0.16326
0.11000         0.66000        1.0000         0.17059
0.12000         0.66000        1.0000         0.17709
0.13000         0.66000        1.0000         0.18290
0.14000         0.66000        1.0000         0.18816
0.15000         0.66000        1.0000         0.19296
0.16000         0.66000        1.0000         0.19740
0.17000         0.66000        1.0000         0.20154
0.18000         0.66000        1.0000         0.20542
0.19000         0.66000        1.0000         0.20909
0.20000         0.66000        1.0000         0.21259
0.21000         0.66000        1.0000         0.21594
0.22000         0.66000        1.0000         0.21916
0.23000         0.66000        1.0000         0.22226
0.24000         0.66000        1.0000         0.22527
0.25000         0.66000        1.0000         0.22820
0.26000         0.66000        1.0000         0.23105
0.27000         0.66000        1.0000         0.23383
0.28000         0.66000        1.0000         0.23654
0.29000         0.66000        1.0000         0.23921
0.30000         0.66000        1.0000         0.24182
0.31000         0.66000        1.0000         0.24438
0.32000         0.66000        1.0000         0.24691
0.33000         0.66000        1.0000         0.24939
0.34000         0.66000        1.0000         0.25183
0.35000         0.66000        1.0000         0.25425
0.36000         0.66000        1.0000         0.25662
0.37000         0.66000        1.0000         0.25897
0.38000         0.66000        1.0000         0.26129
0.39000         0.66000        1.0000         0.26359
0.40000         0.66000        1.0000         0.26585
0.41000         0.66000        1.0000         0.26810
0.42000         0.66000        1.0000         0.27032
0.43000         0.66000        1.0000         0.27253
0.44000         0.66000        1.0000         0.27472
0.45000         0.66000        1.0000         0.27691
0.46000         0.66000        1.0000         0.27912
0.47000         0.66000        1.0000         0.28142
0.48000         0.66000        1.0000         0.28387
0.49000         0.66000        1.0000         0.28626
0.50000         0.66000        1.0000         0.28742
0.51000         0.66000        1.0000         0.28626
0.52000         0.66000        1.0000         0.28387
0.53000         0.66000        1.0000         0.28142
0.54000         0.66000        1.0000         0.27912
0.55000         0.66000        1.0000         0.27691
0.56000         0.66000        1.0000         0.27472
0.57000         0.66000        1.0000         0.27253
0.58000         0.66000        1.0000         0.27032
0.59000         0.66000        1.0000         0.26810
0.60000         0.66000        1.0000         0.26585
0.61000         0.66000        1.0000         0.26359
0.62000         0.66000        1.0000         0.26129
0.63000         0.66000        1.0000         0.25897
0.64000         0.66000        1.0000         0.25662
0.65000         0.66000        1.0000         0.25425
0.66000         0.66000        1.0000         0.25183
0.67000         0.66000        1.0000         0.24939
0.68000         0.66000        1.0000         0.24691
0.69000         0.66000        1.0000         0.24438
0.70000         0.66000        1.0000         0.24182
0.71000         0.66000        1.0000         0.23921
0.72000         0.66000        1.0000         0.23654
0.73000         0.66000        1.0000         0.23383
0.74000         0.66000        1.0000         0.23105
0.75000         0.66000        1.0000         0.22820
0.76000         0.66000        1.0000         0.22527
0.77000         0.66000        1.0000         0.22226
0.78000         0.66000        1.0000         0.21916
0.79000         0.66000        1.0000         0.21594
0.80000         0.66000        1.0000         0.21259
0.81000         0.66000        1.0000         0.20909
0.82000         0.66000        1.0000         0.20542
0.83000         0.66000        1.0000         0.20154
0.84000         0.66000        1.0000         0.19740
0.85000         0.66000        1.0000         0.19296
0.86000         0.66000        1.0000         0.18816
0.87000         0.66000        1.0000         0.18290
0.88000         0.66000        1.0000         0.17709
0.89000         0.66000        1.0000         0.17059
0.90000         0.66000        1.0000         0.16326
0.91000         0.66000        1.0000         0.15491
0.92000         0.66000        1.0000         0.14530
0.93000         0.66000        1.0000         0.13420
0.94000         0.66000        1.0000         0.12132
0.95000         0.66000        1.0000         0.10642
0.96000         0.66000        1.0000         0.089276
0.97000         0.66000        1.0000         0.069801
0.98000         0.66000        1.0000         0.048106
0.99000         0.66000        1.0000         0.024593
1.0000          0.66000        1.0000         -1.1284E-18
0.0000          0.67000        1.0000         -3.3098E-19
0.010000        0.67000        1.0000         0.026228
0.020000        0.67000        1.0000         0.051242
0.030000        0.67000        1.0000         0.074222
0.040000        0.67000        1.0000         0.094730
0.050000        0.67000        1.0000         0.11266
0.060000        0.67000        1.0000         0.12814
0.070000        0.67000        1.0000         0.14141
0.080000        0.67000        1.0000         0.15278
0.090000        0.67000        1.0000         0.16254
0.10000         0.67000        1.0000         0.17099
0.11000         0.67000        1.0000         0.17836
0.12000         0.67000        1.0000         0.18485
0.13000         0.67000        1.0000         0.19064
0.14000         0.67000        1.0000         0.19586
0.15000         0.67000        1.0000         0.20063
0.16000         0.67000        1.0000         0.20502
0.17000         0.67000        1.0000         0.20910
0.18000         0.67000        1.0000         0.21294
0.19000         0.67000        1.0000         0.21656
0.20000         0.67000        1.0000         0.22001
0.21000         0.67000        1.0000         0.22331
0.22000         0.67000        1.0000         0.22649
0.23000         0.67000        1.0000         0.22956
0.24000         0.67000        1.0000         0.23253
0.25000         0.67000        1.0000         0.23542
0.26000         0.67000        1.0000         0.23823
0.27000         0.67000        1.0000         0.24098
0.28000         0.67000        1.0000         0.24366
0.29000         0.67000        1.0000         0.24630
0.30000         0.67000        1.0000         0.24888
0.31000         0.67000        1.0000         0.25142
0.32000         0.67000        1.0000         0.25391
0.33000         0.67000        1.0000         0.25637
0.34000         0.67000        1.0000         0.25879
0.35000         0.67000        1.0000         0.26118
0.36000         0.67000        1.0000         0.26354
0.37000         0.67000        1.0000         0.26586
0.38000         0.67000        1.0000         0.26816
0.39000         0.67000        1.0000         0.27044
0.40000         0.67000        1.0000         0.27269
0.41000         0.67000        1.0000         0.27491
0.42000         0.67000        1.0000         0.27712
0.43000         0.67000        1.0000         0.27930
0.44000         0.67000        1.0000         0.28148
0.45000         0.67000        1.0000         0.28365
0.46000         0.67000        1.0000         0.28585
0.47000         0.67000        1.0000         0.28814
0.48000         0.67000        1.0000         0.29058
0.49000         0.67000        1.0000         0.29294
0.50000         0.67000        1.0000         0.29408
0.51000         0.67000        1.0000         0.29294
0.52000         0.67000        1.0000         0.29058
0.53000         0.67000        1.0000         0.28814
0.54000         0.67000        1.0000         0.28585
0.55000         0.67000        1.0000         0.28365
0.56000         0.67000        1.0000         0.28148
0.57000         0.67000        1.0000         0.27930
0.58000         0.67000        1.0000         0.27712
0.59000         0.67000        1.0000         0.27491
0.60000         0.67000        1.0000         0.27269
0.61000         0.67000        1.0000         0.27044
0.62000         0.67000        1.0000         0.26816
0.63000         0.67000        1.0000         0.26586
0.64000         0.67000        1.0000         0.26354
0.65000         0.67000        1.0000         0.26118
0.66000         0.67000        1.0000         0.25879
0.67000         0.67000        1.0000         0.25637
0.68000         0.67000        1.0000         0.25391
0.69000         0.67000        1.0000         0.25142
0.70000         0.67000        1.0000         0.24888
0.71000         0.67000        1.0000         0.24630
0.72000         0.67000        1.0000         0.24366
0.73000         0.67000        1.0000         0.24098
0.74000         0.67000        1.0000         0.23823
0.75000         0.67000        1.0000         0.23542
0.76000         0.67000        1.0000         0.23253
0.77000         0.67000        1.0000         0.22956
0.78000         0.67000        1.0000         0.22649
0.79000         0.67000        1.0000         0.22331
0.80000         0.67000        1.0000         0.22001
0.81000         0.67000        1.0000         0.21656
0.82000         0.67000        1.0000         0.21294
0.83000         0.67000        1.0000         0.20910
0.84000         0.67000        1.0000         0.20502
0.85000         0.67000        1.0000         0.20063
0.86000         0.67000        1.0000         0.19586
0.87000         0.67000        1.0000         0.19064
0.88000         0.67000        1.0000         0.18485
0.89000         0.67000        1.0000         0.17836
0.90000         0.67000        1.0000         0.17099
0.91000         0.67000        1.0000         0.16254
0.92000         0.67000        1.0000         0.15278
0.93000         0.67000        1.0000         0.14141
0.94000         0.67000        1.0000         0.12814
0.95000         0.67000        1.0000         0.11266
0.96000         0.67000        1.0000         0.094730
0.97000         0.67000        1.0000         0.074222
0.98000         0.67000        1.0000         0.051242
0.99000         0.67000        1.0000         0.026228
1.0000          0.67000        1.0000         -3.3098E-18
0.0000          0.68000        1.0000         6.3979E-22
0.010000        0.68000        1.0000         0.027953
0.020000        0.68000        1.0000         0.054544
0.030000        0.68000        1.0000         0.078862
0.040000        0.68000        1.0000         0.10044
0.050000        0.68000        1.0000         0.11917
0.060000        0.68000        1.0000         0.13522
0.070000        0.68000        1.0000         0.14889
0.080000        0.68000        1.0000         0.16050
0.090000        0.68000        1.0000         0.17041
0.10000         0.68000        1.0000         0.17893
0.11000         0.68000        1.0000         0.18631
0.12000         0.68000        1.0000         0.19280
0.13000         0.68000        1.0000         0.19856
0.14000         0.68000        1.0000         0.20373
0.15000         0.68000        1.0000         0.20845
0.16000         0.68000        1.0000         0.21278
0.17000         0.68000        1.0000         0.21681
0.18000         0.68000        1.0000         0.22059
0.19000         0.68000        1.0000         0.22417
0.20000         0.68000        1.0000         0.22757
0.21000         0.68000        1.0000         0.23082
0.22000         0.68000        1.0000         0.23395
0.23000         0.68000        1.0000         0.23698
0.24000         0.68000        1.0000         0.23991
0.25000         0.68000        1.0000         0.24276
0.26000         0.68000        1.0000         0.24554
0.27000         0.68000        1.0000         0.24825
0.28000         0.68000        1.0000         0.25090
0.29000         0.68000        1.0000         0.25350
0.30000         0.68000        1.0000         0.25606
0.31000         0.68000        1.0000         0.25857
0.32000         0.68000        1.0000         0.26104
0.33000         0.68000        1.0000         0.26347
0.34000         0.68000        1.0000         0.26587
0.35000         0.68000        1.0000         0.26823
0.36000         0.68000        1.0000         0.27056
0.37000         0.68000        1.0000         0.27287
0.38000         0.68000        1.0000         0.27515
0.39000         0.68000        1.0000         0.27740
0.40000         0.68000        1.0000         0.27963
0.41000         0.68000        1.0000         0.28184
0.42000         0.68000        1.0000         0.28402
0.43000         0.68000        1.0000         0.28619
0.44000         0.68000        1.0000         0.28835
0.45000         0.68000        1.0000         0.29050
0.46000         0.68000        1.0000         0.29269
0.47000         0.68000        1.0000         0.29496
0.48000         0.68000        1.0000         0.29738
0.49000         0.68000        1.0000         0.29973
0.50000         0.68000        1.0000         0.30086
0.51000         0.68000        1.0000         0.29973
0.52000         0.68000        1.0000         0.29738
0.53000         0.68000        1.0000         0.29496
0.54000         0.68000        1.0000         0.29269
0.55000         0.68000        1.0000         0.29050
0.56000         0.68000        1.0000         0.28835
0.57000         0.68000        1.0000         0.28619
0.58000         0.68000        1.0000         0.28402
0.59000         0.68000        1.0000         0.28184
0.60000         0.68000        1.0000         0.27963
0.61000         0.68000        1.0000         0.27740
0.62000         0.68000        1.0000         0.27515
0.63000         0.68000        1.0000         0.27287
0.64000         0.68000        1.0000         0.27056
0.65000         0.68000        1.0000         0.26823
0.66000         0.68000        1.0000         0.26587
0.67000         0.68000        1.0000         0.26347
0.68000         0.68000        1.0000         0.26104
0.69000         0.68000        1.0000         0.25857
0.70000         0.68000        1.0000         0.25606
0.71000         0.68000        1.0000         0.25350
0.72000         0.68000        1.0000         0.25090
0.73000         0.68000        1.0000         0.24825
0.74000         0.68000        1.0000         0.24554
0.75000         0.68000        1.0000         0.24276
0.76000         0.68000        1.0000         0.23991
0.77000         0.68000        1.0000         0.23698
0.78000         0.68000        1.0000         0.23395
0.79000         0.68000        1.0000         0.23082
0.80000         0.68000        1.0000         0.22757
0.81000         0.68000        1.0000         0.22417
0.82000         0.68000        1.0000         0.22059
0.83000         0.68000        1.0000         0.21681
0.84000         0.68000        1.0000         0.21278
0.85000         0.68000        1.0000         0.20845
0.86000         0.68000        1.0000         0.20373
0.87000         0.68000        1.0000         0.19856
0.88000         0.68000        1.0000         0.19280
0.89000         0.68000        1.0000         0.18631
0.90000         0.68000        1.0000         0.17893
0.91000         0.68000        1.0000         0.17041
0.92000         0.68000        1.0000         0.16050
0.93000         0.68000        1.0000         0.14889
0.94000         0.68000        1.0000         0.13522
0.95000         0.68000        1.0000         0.11917
0.96000         0.68000        1.0000         0.10044
0.97000         0.68000        1.0000         0.078862
0.98000         0.68000        1.0000         0.054544
0.99000         0.68000        1.0000         0.027953
1.0000          0.68000        1.0000         -9.9826E-20
0.0000          0.69000        1.0000         0.0000
0.010000        0.69000        1.0000         0.029769
0.020000        0.69000        1.0000         0.058014
0.030000        0.69000        1.0000         0.083724
0.040000        0.69000        1.0000         0.10639
0.050000        0.69000        1.0000         0.12594
0.060000        0.69000        1.0000         0.14256
0.070000        0.69000        1.0000         0.15661
0.080000        0.69000        1.0000         0.16846
0.090000        0.69000        1.0000         0.17849
0.10000         0.69000        1.0000         0.18706
0.11000         0.69000        1.0000         0.19446
0.12000         0.69000        1.0000         0.20092
0.13000         0.69000        1.0000         0.20664
0.14000         0.69000        1.0000         0.21176
0.15000         0.69000        1.0000         0.21642
0.16000         0.69000        1.0000         0.22069
0.17000         0.69000        1.0000         0.22466
0.18000         0.69000        1.0000         0.22839
0.19000         0.69000        1.0000         0.23190
0.20000         0.69000        1.0000         0.23525
0.21000         0.69000        1.0000         0.23846
0.22000         0.69000        1.0000         0.24154
0.23000         0.69000        1.0000         0.24452
0.24000         0.69000        1.0000         0.24741
0.25000         0.69000        1.0000         0.25022
0.26000         0.69000        1.0000         0.25296
0.27000         0.69000        1.0000         0.25564
0.28000         0.69000        1.0000         0.25826
0.29000         0.69000        1.0000         0.26083
0.30000         0.69000        1.0000         0.26335
0.31000         0.69000        1.0000         0.26583
0.32000         0.69000        1.0000         0.26827
0.33000         0.69000        1.0000         0.27068
0.34000         0.69000        1.0000         0.27305
0.35000         0.69000        1.0000         0.27539
0.36000         0.69000        1.0000         0.27770
0.37000         0.69000        1.0000         0.27998
0.38000         0.69000        1.0000         0.28224
0.39000         0.69000        1.0000         0.28447
0.40000         0.69000        1.0000         0.28668
0.41000         0.69000        1.0000         0.28887
0.42000         0.69000        1.0000         0.29104
0.43000         0.69000        1.0000         0.29319
0.44000         0.69000        1.0000         0.29532
0.45000         0.69000        1.0000         0.29746
0.46000         0.69000        1.0000         0.29963
0.47000         0.69000        1.0000         0.30189
0.48000         0.69000        1.0000         0.30429
0.49000         0.69000        1.0000         0.30662
0.50000         0.69000        1.0000         0.30774
0.51000         0.69000        1.0000         0.30662
0.52000         0.69000        1.0000         0.30429
0.53000         0.69000        1.0000         0.30189
0.54000         0.69000        1.0000         0.29963
0.55000         0.69000        1.0000         0.29746
0.56000         0.69000        1.0000         0.29532
0.57000         0.69000        1.0000         0.29319
0.58000         0.69000        1.0000         0.29104
0.59000         0.69000        1.0000         0.28887
0.60000         0.69000        1.0000         0.28668
0.61000         0.69000        1.0000         0.28447
0.62000         0.69000        1.0000         0.28224
0.63000         0.69000        1.0000         0.27998
0.64000         0.69000        1.0000         0.27770
0.65000         0.69000        1.0000         0.27539
0.66000         0.69000        1.0000         0.27305
0.67000         0.69000        1.0000         0.27068
0.68000         0.69000        1.0000         0.26827
0.69000         0.69000        1.0000         0.26583
0.70000         0.69000        1.0000         0.26335
0.71000         0.69000        1.0000         0.26083
0.72000         0.69000        1.0000         0.25826
0.73000         0.69000        1.0000         0.25564
0.74000         0.69000        1.0000         0.25296
0.75000         0.69000        1.0000         0.25022
0.76000         0.69000        1.0000         0.24741
0.77000         0.69000        1.0000         0.24452
0.78000         0.69000        1.0000         0.24154
0.79000         0.69000        1.0000         0.23846
0.80000         0.69000        1.0000         0.23525
0.81000         0.69000        1.0000         0.23190
0.82000         0.69000        1.0000         0.22839
0.83000         0.69000        1.0000         0.22466
0.84000         0.69000        1.0000         0.22069
0.85000         0.69000        1.0000         0.21642
0.86000         0.69000        1.0000         0.21176
0.87000         0.69000        1.0000         0.20664
0.88000         0.69000        1.0000         0.20092
0.89000         0.69000        1.0000         0.19446
0.90000         0.69000        1.0000         0.18706
0.91000         0.69000        1.0000         0.17849
0.92000         0.69000        1.0000         0.16846
0.93000         0.69000        1.0000         0.15661
0.94000         0.69000        1.0000         0.14256
0.95000         0.69000        1.0000         0.12594
0.96000         0.69000        1.0000         0.10639
0.97000         0.69000        1.0000         0.083724
0.98000         0.69000        1.0000         0.058014
0.99000         0.69000        1.0000         0.029769
1.0000          0.69000        1.0000         -4.7437E-18
0.0000          0.70000        1.0000         -5.7693E-18
0.010000        0.70000        1.0000         0.031679
0.020000        0.70000        1.0000         0.061655
0.030000        0.70000        1.0000         0.088811
0.040000        0.70000        1.0000         0.11260
0.050000        0.70000        1.0000         0.13297
0.060000        0.70000        1.0000         0.15016
0.070000        0.70000        1.0000         0.16457
0.080000        0.70000        1.0000         0.17664
0.090000        0.70000        1.0000         0.18678
0.10000         0.70000        1.0000         0.19540
0.11000         0.70000        1.0000         0.20279
0.12000         0.70000        1.0000         0.20921
0.13000         0.70000        1.0000         0.21488
0.14000         0.70000        1.0000         0.21994
0.15000         0.70000        1.0000         0.22453
0.16000         0.70000        1.0000         0.22874
0.17000         0.70000        1.0000         0.23265
0.18000         0.70000        1.0000         0.23631
0.19000         0.70000        1.0000         0.23977
0.20000         0.70000        1.0000         0.24306
0.21000         0.70000        1.0000         0.24621
0.22000         0.70000        1.0000         0.24925
0.23000         0.70000        1.0000         0.25218
0.24000         0.70000        1.0000         0.25503
0.25000         0.70000        1.0000         0.25779
0.26000         0.70000        1.0000         0.26050
0.27000         0.70000        1.0000         0.26314
0.28000         0.70000        1.0000         0.26572
0.29000         0.70000        1.0000         0.26826
0.30000         0.70000        1.0000         0.27075
0.31000         0.70000        1.0000         0.27321
0.32000         0.70000        1.0000         0.27562
0.33000         0.70000        1.0000         0.27800
0.34000         0.70000        1.0000         0.28034
0.35000         0.70000        1.0000         0.28266
0.36000         0.70000        1.0000         0.28494
0.37000         0.70000        1.0000         0.28720
0.38000         0.70000        1.0000         0.28944
0.39000         0.70000        1.0000         0.29165
0.40000         0.70000        1.0000         0.29384
0.41000         0.70000        1.0000         0.29600
0.42000         0.70000        1.0000         0.29815
0.43000         0.70000        1.0000         0.30028
0.44000         0.70000        1.0000         0.30240
0.45000         0.70000        1.0000         0.30453
0.46000         0.70000        1.0000         0.30668
0.47000         0.70000        1.0000         0.30892
0.48000         0.70000        1.0000         0.31131
0.49000         0.70000        1.0000         0.31361
0.50000         0.70000        1.0000         0.31472
0.51000         0.70000        1.0000         0.31361
0.52000         0.70000        1.0000         0.31131
0.53000         0.70000        1.0000         0.30892
0.54000         0.70000        1.0000         0.30668
0.55000         0.70000        1.0000         0.30453
0.56000         0.70000        1.0000         0.30240
0.57000         0.70000        1.0000         0.30028
0.58000         0.70000        1.0000         0.29815
0.59000         0.70000        1.0000         0.29600
0.60000         0.70000        1.0000         0.29384
0.61000         0.70000        1.0000         0.29165
0.62000         0.70000        1.0000         0.28944
0.63000         0.70000        1.0000         0.28720
0.64000         0.70000        1.0000         0.28494
0.65000         0.70000        1.0000         0.28266
0.66000         0.70000        1.0000         0.28034
0.67000         0.70000        1.0000         0.27800
0.68000         0.70000        1.0000         0.27562
0.69000         0.70000        1.0000         0.27321
0.70000         0.70000        1.0000         0.27075
0.71000         0.70000        1.0000         0.26826
0.72000         0.70000        1.0000         0.26572
0.73000         0.70000        1.0000         0.26314
0.74000         0.70000        1.0000         0.26050
0.75000         0.70000        1.0000         0.25779
0.76000         0.70000        1.0000         0.25503
0.77000         0.70000        1.0000         0.25218
0.78000         0.70000        1.0000         0.24925
0.79000         0.70000        1.0000         0.24621
0.80000         0.70000        1.0000         0.24306
0.81000         0.70000        1.0000         0.23977
0.82000         0.70000        1.0000         0.23631
0.83000         0.70000        1.0000         0.23265
0.84000         0.70000        1.0000         0.22874
0.85000         0.70000        1.0000         0.22453
0.86000         0.70000        1.0000         0.21994
0.87000         0.70000        1.0000         0.21488
0.88000         0.70000        1.0000         0.20921
0.89000         0.70000        1.0000         0.20279
0.90000         0.70000        1.0000         0.19540
0.91000         0.70000        1.0000         0.18678
0.92000         0.70000        1.0000         0.17664
0.93000         0.70000        1.0000         0.16457
0.94000         0.70000        1.0000         0.15016
0.95000         0.70000        1.0000         0.13297
0.96000         0.70000        1.0000         0.11260
0.97000         0.70000        1.0000         0.088811
0.98000         0.70000        1.0000         0.061655
0.99000         0.70000        1.0000         0.031679
1.0000          0.70000        1.0000         -5.7758E-18
0.0000          0.71000        1.0000         -8.9095E-19
0.010000        0.71000        1.0000         0.033684
0.020000        0.71000        1.0000         0.065468
0.030000        0.71000        1.0000         0.094121
0.040000        0.71000        1.0000         0.11907
0.050000        0.71000        1.0000         0.14026
0.060000        0.71000        1.0000         0.15801
0.070000        0.71000        1.0000         0.17277
0.080000        0.71000        1.0000         0.18503
0.090000        0.71000        1.0000         0.19527
0.10000         0.71000        1.0000         0.20391
0.11000         0.71000        1.0000         0.21128
0.12000         0.71000        1.0000         0.21766
0.13000         0.71000        1.0000         0.22326
0.14000         0.71000        1.0000         0.22825
0.15000         0.71000        1.0000         0.23277
0.16000         0.71000        1.0000         0.23691
0.17000         0.71000        1.0000         0.24075
0.18000         0.71000        1.0000         0.24434
0.19000         0.71000        1.0000         0.24774
0.20000         0.71000        1.0000         0.25098
0.21000         0.71000        1.0000         0.25408
0.22000         0.71000        1.0000         0.25706
0.23000         0.71000        1.0000         0.25995
0.24000         0.71000        1.0000         0.26275
0.25000         0.71000        1.0000         0.26548
0.26000         0.71000        1.0000         0.26814
0.27000         0.71000        1.0000         0.27074
0.28000         0.71000        1.0000         0.27330
0.29000         0.71000        1.0000         0.27580
0.30000         0.71000        1.0000         0.27826
0.31000         0.71000        1.0000         0.28068
0.32000         0.71000        1.0000         0.28307
0.33000         0.71000        1.0000         0.28542
0.34000         0.71000        1.0000         0.28774
0.35000         0.71000        1.0000         0.29003
0.36000         0.71000        1.0000         0.29229
0.37000         0.71000        1.0000         0.29453
0.38000         0.71000        1.0000         0.29674
0.39000         0.71000        1.0000         0.29893
0.40000         0.71000        1.0000         0.30109
0.41000         0.71000        1.0000         0.30324
0.42000         0.71000        1.0000         0.30537
0.43000         0.71000        1.0000         0.30748
0.44000         0.71000        1.0000         0.30958
0.45000         0.71000        1.0000         0.31169
0.46000         0.71000        1.0000         0.31382
0.47000         0.71000        1.0000         0.31605
0.48000         0.71000        1.0000         0.31842
0.49000         0.71000        1.0000         0.32071
0.50000         0.71000        1.0000         0.32180
0.51000         0.71000        1.0000         0.32071
0.52000         0.71000        1.0000         0.31842
0.53000         0.71000        1.0000         0.31605
0.54000         0.71000        1.0000         0.31382
0.55000         0.71000        1.0000         0.31169
0.56000         0.71000        1.0000         0.30958
0.57000         0.71000        1.0000         0.30748
0.58000         0.71000        1.0000         0.30537
0.59000         0.71000        1.0000         0.30324
0.60000         0.71000        1.0000         0.30109
0.61000         0.71000        1.0000         0.29893
0.62000         0.71000        1.0000         0.29674
0.63000         0.71000        1.0000         0.29453
0.64000         0.71000        1.0000         0.29229
0.65000         0.71000        1.0000         0.29003
0.66000         0.71000        1.0000         0.28774
0.67000         0.71000        1.0000         0.28542
0.68000         0.71000        1.0000         0.28307
0.69000         0.71000        1.0000         0.28068
0.70000         0.71000        1.0000         0.27826
0.71000         0.71000        1.0000         0.27580
0.72000         0.71000        1.0000         0.27330
0.73000         0.71000        1.0000         0.27074
0.74000         0.71000        1.0000         0.26814
0.75000         0.71000        1.0000         0.26548
0.76000         0.71000        1.0000         0.26275
0.77000         0.71000        1.0000         0.25995
0.78000         0.71000        1.0000         0.25706
0.79000         0.71000        1.0000         0.25408
0.80000         0.71000        1.0000         0.25098
0.81000         0.71000        1.0000         0.24774
0.82000         0.71000        1.0000         0.24434
0.83000         0.71000        1.0000         0.24075
0.84000         0.71000        1.0000         0.23691
0.85000         0.71000        1.0000         0.23277
0.86000         0.71000        1.0000         0.22825
0.87000         0.71000        1.0000         0.22326
0.88000         0.71000        1.0000         0.21766
0.89000         0.71000        1.0000         0.21128
0.90000         0.71000        1.0000         0.20391
0.91000         0.71000        1.0000         0.19527
0.92000         0.71000        1.0000         0.18503
0.93000         0.71000        1.0000         0.17277
0.94000         0.71000        1.0000         0.15801
0.95000         0.71000        1.0000         0.14026
0.96000         0.71000        1.0000         0.11907
0.97000         0.71000        1.0000         0.094121
0.98000         0.71000        1.0000         0.065468
0.99000         0.71000        1.0000         0.033684
1.0000          0.71000        1.0000         -6.1352E-18
0.0000          0.72000        1.0000         6.6530E-18
0.010000        0.72000        1.0000         0.035785
0.020000        0.72000        1.0000         0.069456
0.030000        0.72000        1.0000         0.099657
0.040000        0.72000        1.0000         0.12578
0.050000        0.72000        1.0000         0.14780
0.060000        0.72000        1.0000         0.16610
0.070000        0.72000        1.0000         0.18119
0.080000        0.72000        1.0000         0.19364
0.090000        0.72000        1.0000         0.20395
0.10000         0.72000        1.0000         0.21259
0.11000         0.72000        1.0000         0.21993
0.12000         0.72000        1.0000         0.22625
0.13000         0.72000        1.0000         0.23178
0.14000         0.72000        1.0000         0.23669
0.15000         0.72000        1.0000         0.24113
0.16000         0.72000        1.0000         0.24520
0.17000         0.72000        1.0000         0.24896
0.18000         0.72000        1.0000         0.25249
0.19000         0.72000        1.0000         0.25583
0.20000         0.72000        1.0000         0.25900
0.21000         0.72000        1.0000         0.26205
0.22000         0.72000        1.0000         0.26498
0.23000         0.72000        1.0000         0.26782
0.24000         0.72000        1.0000         0.27058
0.25000         0.72000        1.0000         0.27326
0.26000         0.72000        1.0000         0.27589
0.27000         0.72000        1.0000         0.27845
0.28000         0.72000        1.0000         0.28097
0.29000         0.72000        1.0000         0.28344
0.30000         0.72000        1.0000         0.28587
0.31000         0.72000        1.0000         0.28826
0.32000         0.72000        1.0000         0.29062
0.33000         0.72000        1.0000         0.29294
0.34000         0.72000        1.0000         0.29523
0.35000         0.72000        1.0000         0.29750
0.36000         0.72000        1.0000         0.29973
0.37000         0.72000        1.0000         0.30195
0.38000         0.72000        1.0000         0.30414
0.39000         0.72000        1.0000         0.30630
0.40000         0.72000        1.0000         0.30845
0.41000         0.72000        1.0000         0.31058
0.42000         0.72000        1.0000         0.31268
0.43000         0.72000        1.0000         0.31478
0.44000         0.72000        1.0000         0.31686
0.45000         0.72000        1.0000         0.31895
0.46000         0.72000        1.0000         0.32107
0.47000         0.72000        1.0000         0.32328
0.48000         0.72000        1.0000         0.32563
0.49000         0.72000        1.0000         0.32789
0.50000         0.72000        1.0000         0.32897
0.51000         0.72000        1.0000         0.32789
0.52000         0.72000        1.0000         0.32563
0.53000         0.72000        1.0000         0.32328
0.54000         0.72000        1.0000         0.32107
0.55000         0.72000        1.0000         0.31895
0.56000         0.72000        1.0000         0.31686
0.57000         0.72000        1.0000         0.31478
0.58000         0.72000        1.0000         0.31268
0.59000         0.72000        1.0000         0.31058
0.60000         0.72000        1.0000         0.30845
0.61000         0.72000        1.0000         0.30630
0.62000         0.72000        1.0000         0.30414
0.63000         0.72000        1.0000         0.30195
0.64000         0.72000        1.0000         0.29973
0.65000         0.72000        1.0000         0.29750
0.66000         0.72000        1.0000         0.29523
0.67000         0.72000        1.0000         0.29294
0.68000         0.72000        1.0000         0.29062
0.69000         0.72000        1.0000         0.28826
0.70000         0.72000        1.0000         0.28587
0.71000         0.72000        1.0000         0.28344
0.72000         0.72000        1.0000         0.28097
0.73000         0.72000        1.0000         0.27845
0.74000         0.72000        1.0000         0.27589
0.75000         0.72000        1.0000         0.27326
0.76000         0.72000        1.0000         0.27058
0.77000         0.72000        1.0000         0.26782
0.78000         0.72000        1.0000         0.26498
0.79000         0.72000        1.0000         0.26205
0.80000         0.72000        1.0000         0.25900
0.81000         0.72000        1.0000         0.25583
0.82000         0.72000        1.0000         0.25249
0.83000         0.72000        1.0000         0.24896
0.84000         0.72000        1.0000         0.24520
0.85000         0.72000        1.0000         0.24113
0.86000         0.72000        1.0000         0.23669
0.87000         0.72000        1.0000         0.23178
0.88000         0.72000        1.0000         0.22625
0.89000         0.72000        1.0000         0.21993
0.90000         0.72000        1.0000         0.21259
0.91000         0.72000        1.0000         0.20395
0.92000         0.72000        1.0000         0.19364
0.93000         0.72000        1.0000         0.18119
0.94000         0.72000        1.0000         0.16610
0.95000         0.72000        1.0000         0.14780
0.96000         0.72000        1.0000         0.12578
0.97000         0.72000        1.0000         0.099657
0.98000         0.72000        1.0000         0.069456
0.99000         0.72000        1.0000         0.035785
1.0000          0.72000        1.0000         -4.8933E-18
0.0000          0.73000        1.0000         -6.9316E-18
0.010000        0.73000        1.0000         0.037984
0.020000        0.73000        1.0000         0.073620
0.030000        0.73000        1.0000         0.10542
0.040000        0.73000        1.0000         0.13273
0.050000        0.73000        1.0000         0.15559
0.060000        0.73000        1.0000         0.17442
0.070000        0.73000        1.0000         0.18983
0.080000        0.73000        1.0000         0.20243
0.090000        0.73000        1.0000         0.21280
0.10000         0.73000        1.0000         0.22144
0.11000         0.73000        1.0000         0.22872
0.12000         0.73000        1.0000         0.23497
0.13000         0.73000        1.0000         0.24042
0.14000         0.73000        1.0000         0.24525
0.15000         0.73000        1.0000         0.24961
0.16000         0.73000        1.0000         0.25360
0.17000         0.73000        1.0000         0.25729
0.18000         0.73000        1.0000         0.26075
0.19000         0.73000        1.0000         0.26402
0.20000         0.73000        1.0000         0.26713
0.21000         0.73000        1.0000         0.27012
0.22000         0.73000        1.0000         0.27300
0.23000         0.73000        1.0000         0.27579
0.24000         0.73000        1.0000         0.27850
0.25000         0.73000        1.0000         0.28115
0.26000         0.73000        1.0000         0.28373
0.27000         0.73000        1.0000         0.28626
0.28000         0.73000        1.0000         0.28874
0.29000         0.73000        1.0000         0.29118
0.30000         0.73000        1.0000         0.29357
0.31000         0.73000        1.0000         0.29593
0.32000         0.73000        1.0000         0.29826
0.33000         0.73000        1.0000         0.30055
0.34000         0.73000        1.0000         0.30282
0.35000         0.73000        1.0000         0.30506
0.36000         0.73000        1.0000         0.30727
0.37000         0.73000        1.0000         0.30946
0.38000         0.73000        1.0000         0.31163
0.39000         0.73000        1.0000         0.31377
0.40000         0.73000        1.0000         0.31590
0.41000         0.73000        1.0000         0.31800
0.42000         0.73000        1.0000         0.32009
0.43000         0.73000        1.0000         0.32217
0.44000         0.73000        1.0000         0.32423
0.45000         0.73000        1.0000         0.32630
0.46000         0.73000        1.0000         0.32840
0.47000         0.73000        1.0000         0.33060
0.48000         0.73000        1.0000         0.33293
0.49000         0.73000        1.0000         0.33517
0.50000         0.73000        1.0000         0.33623
0.51000         0.73000        1.0000         0.33517
0.52000         0.73000        1.0000         0.33293
0.53000         0.73000        1.0000         0.33060
0.54000         0.73000        1.0000         0.32840
0.55000         0.73000        1.0000         0.32630
0.56000         0.73000        1.0000         0.32423
0.57000         0.73000        1.0000         0.32217
0.58000         0.73000        1.0000         0.32009
0.59000         0.73000        1.0000         0.31800
0.60000         0.73000        1.0000         0.31590
0.61000         0.73000        1.0000         0.31377
0.62000         0.73000        1.0000         0.31163
0.63000         0.73000        1.0000         0.30946
0.64000         0.73000        1.0000         0.30727
0.65000         0.73000        1.0000         0.30506
0.66000         0.73000        1.0000         0.30282
0.67000         0.73000        1.0000         0.30055
0.68000         0.73000        1.0000         0.29826
0.69000         0.73000        1.0000         0.29593
0.70000         0.73000        1.0000         0.29357
0.71000         0.73000        1.0000         0.29118
0.72000         0.73000        1.0000         0.28874
0.73000         0.73000        1.0000         0.28626
0.74000         0.73000        1.0000         0.28373
0.75000         0.73000        1.0000         0.28115
0.76000         0.73000        1.0000         0.27850
0.77000         0.73000        1.0000         0.27579
0.78000         0.73000        1.0000         0.27300
0.79000         0.73000        1.0000         0.27012
0.80000         0.73000        1.0000         0.26713
0.81000         0.73000        1.0000         0.26402
0.82000         0.73000        1.0000         0.26075
0.83000         0.73000        1.0000         0.25729
0.84000         0.73000        1.0000         0.25360
0.85000         0.73000        1.0000         0.24961
0.86000         0.73000        1.0000         0.24525
0.87000         0.73000        1.0000         0.24042
0.88000         0.73000        1.0000         0.23497
0.89000         0.73000        1.0000         0.22872
0.90000         0.73000        1.0000         0.22144
0.91000         0.73000        1.0000         0.21280
0.92000         0.73000        1.0000         0.20243
0.93000         0.73000        1.0000         0.18983
0.94000         0.73000        1.0000         0.17442
0.95000         0.73000        1.0000         0.15559
0.96000         0.73000        1.0000         0.13273
0.97000         0.73000        1.0000         0.10542
0.98000         0.73000        1.0000         0.073620
0.99000         0.73000        1.0000         0.037984
1.0000          0.73000        1.0000         -6.0681E-18
0.0000          0.74000        1.0000         1.7024E-18
0.010000        0.74000        1.0000         0.040282
0.020000        0.74000        1.0000         0.077960
0.030000        0.74000        1.0000         0.11140
0.040000        0.74000        1.0000         0.13993
0.050000        0.74000        1.0000         0.16362
0.060000        0.74000        1.0000         0.18297
0.070000        0.74000        1.0000         0.19867
0.080000        0.74000        1.0000         0.21141
0.090000        0.74000        1.0000         0.22182
0.10000         0.74000        1.0000         0.23043
0.11000         0.74000        1.0000         0.23765
0.12000         0.74000        1.0000         0.24382
0.13000         0.74000        1.0000         0.24918
0.14000         0.74000        1.0000         0.25392
0.15000         0.74000        1.0000         0.25819
0.16000         0.74000        1.0000         0.26209
0.17000         0.74000        1.0000         0.26571
0.18000         0.74000        1.0000         0.26909
0.19000         0.74000        1.0000         0.27230
0.20000         0.74000        1.0000         0.27535
0.21000         0.74000        1.0000         0.27828
0.22000         0.74000        1.0000         0.28111
0.23000         0.74000        1.0000         0.28385
0.24000         0.74000        1.0000         0.28652
0.25000         0.74000        1.0000         0.28912
0.26000         0.74000        1.0000         0.29166
0.27000         0.74000        1.0000         0.29415
0.28000         0.74000        1.0000         0.29660
0.29000         0.74000        1.0000         0.29900
0.30000         0.74000        1.0000         0.30137
0.31000         0.74000        1.0000         0.30370
0.32000         0.74000        1.0000         0.30599
0.33000         0.74000        1.0000         0.30826
0.34000         0.74000        1.0000         0.31050
0.35000         0.74000        1.0000         0.31271
0.36000         0.74000        1.0000         0.31490
0.37000         0.74000        1.0000         0.31707
0.38000         0.74000        1.0000         0.31921
0.39000         0.74000        1.0000         0.32133
0.40000         0.74000        1.0000         0.32344
0.41000         0.74000        1.0000         0.32552
0.42000         0.74000        1.0000         0.32759
0.43000         0.74000        1.0000         0.32964
0.44000         0.74000        1.0000         0.33169
0.45000         0.74000        1.0000         0.33374
0.46000         0.74000        1.0000         0.33583
0.47000         0.74000        1.0000         0.33800
0.48000         0.74000        1.0000         0.34032
0.49000         0.74000        1.0000         0.34254
0.50000         0.74000        1.0000         0.34359
0.51000         0.74000        1.0000         0.34254
0.52000         0.74000        1.0000         0.34032
0.53000         0.74000        1.0000         0.33800
0.54000         0.74000        1.0000         0.33583
0.55000         0.74000        1.0000         0.33374
0.56000         0.74000        1.0000         0.33169
0.57000         0.74000        1.0000         0.32964
0.58000         0.74000        1.0000         0.32759
0.59000         0.74000        1.0000         0.32552
0.60000         0.74000        1.0000         0.32344
0.61000         0.74000        1.0000         0.32133
0.62000         0.74000        1.0000         0.31921
0.63000         0.74000        1.0000         0.31707
0.64000         0.74000        1.0000         0.31490
0.65000         0.74000        1.0000         0.31271
0.66000         0.74000        1.0000         0.31050
0.67000         0.74000        1.0000         0.30826
0.68000         0.74000        1.0000         0.30599
0.69000         0.74000        1.0000         0.30370
0.70000         0.74000        1.0000         0.30137
0.71000         0.74000        1.0000         0.29900
0.72000         0.74000        1.0000         0.29660
0.73000         0.74000        1.0000         0.29415
0.74000         0.74000        1.0000         0.29166
0.75000         0.74000        1.0000         0.28912
0.76000         0.74000        1.0000         0.28652
0.77000         0.74000        1.0000         0.28385
0.78000         0.74000        1.0000         0.28111
0.79000         0.74000        1.0000         0.27828
0.80000         0.74000        1.0000         0.27535
0.81000         0.74000        1.0000         0.27230
0.82000         0.74000        1.0000         0.26909
0.83000         0.74000        1.0000         0.26571
0.84000         0.74000        1.0000         0.26209
0.85000         0.74000        1.0000         0.25819
0.86000         0.74000        1.0000         0.25392
0.87000         0.74000        1.0000         0.24918
0.88000         0.74000        1.0000         0.24382
0.89000         0.74000        1.0000         0.23765
0.90000         0.74000        1.0000         0.23043
0.91000         0.74000        1.0000         0.22182
0.92000         0.74000        1.0000         0.21141
0.93000         0.74000        1.0000         0.19867
0.94000         0.74000        1.0000         0.18297
0.95000         0.74000        1.0000         0.16362
0.96000         0.74000        1.0000         0.13993
0.97000         0.74000        1.0000         0.11140
0.98000         0.74000        1.0000         0.077960
0.99000         0.74000        1.0000         0.040282
1.0000          0.74000        1.0000         0.0000
0.0000          0.75000        1.0000         0.0000
0.010000        0.75000        1.0000         0.042679
0.020000        0.75000        1.0000         0.082478
0.030000        0.75000        1.0000         0.11761
0.040000        0.75000        1.0000         0.14737
0.050000        0.75000        1.0000         0.17188
0.060000        0.75000        1.0000         0.19173
0.070000        0.75000        1.0000         0.20771
0.080000        0.75000        1.0000         0.22056
0.090000        0.75000        1.0000         0.23099
0.10000         0.75000        1.0000         0.23955
0.11000         0.75000        1.0000         0.24670
0.12000         0.75000        1.0000         0.25277
0.13000         0.75000        1.0000         0.25804
0.14000         0.75000        1.0000         0.26269
0.15000         0.75000        1.0000         0.26687
0.16000         0.75000        1.0000         0.27068
0.17000         0.75000        1.0000         0.27422
0.18000         0.75000        1.0000         0.27753
0.19000         0.75000        1.0000         0.28067
0.20000         0.75000        1.0000         0.28366
0.21000         0.75000        1.0000         0.28654
0.22000         0.75000        1.0000         0.28931
0.23000         0.75000        1.0000         0.29201
0.24000         0.75000        1.0000         0.29463
0.25000         0.75000        1.0000         0.29718
0.26000         0.75000        1.0000         0.29969
0.27000         0.75000        1.0000         0.30214
0.28000         0.75000        1.0000         0.30455
0.29000         0.75000        1.0000         0.30692
0.30000         0.75000        1.0000         0.30925
0.31000         0.75000        1.0000         0.31155
0.32000         0.75000        1.0000         0.31382
0.33000         0.75000        1.0000         0.31606
0.34000         0.75000        1.0000         0.31827
0.35000         0.75000        1.0000         0.32046
0.36000         0.75000        1.0000         0.32262
0.37000         0.75000        1.0000         0.32476
0.38000         0.75000        1.0000         0.32688
0.39000         0.75000        1.0000         0.32898
0.40000         0.75000        1.0000         0.33106
0.41000         0.75000        1.0000         0.33313
0.42000         0.75000        1.0000         0.33517
0.43000         0.75000        1.0000         0.33721
0.44000         0.75000        1.0000         0.33924
0.45000         0.75000        1.0000         0.34127
0.46000         0.75000        1.0000         0.34334
0.47000         0.75000        1.0000         0.34550
0.48000         0.75000        1.0000         0.34780
0.49000         0.75000        1.0000         0.35000
0.50000         0.75000        1.0000         0.35103
0.51000         0.75000        1.0000         0.35000
0.52000         0.75000        1.0000         0.34780
0.53000         0.75000        1.0000         0.34550
0.54000         0.75000        1.0000         0.34334
0.55000         0.75000        1.0000         0.34127
0.56000         0.75000        1.0000         0.33924
0.57000         0.75000        1.0000         0.33721
0.58000         0.75000        1.0000         0.33517
0.59000         0.75000        1.0000         0.33313
0.60000         0.75000        1.0000         0.33106
0.61000         0.75000        1.0000         0.32898
0.62000         0.75000        1.0000         0.32688
0.63000         0.75000        1.0000         0.32476
0.64000         0.75000        1.0000         0.32262
0.65000         0.75000        1.0000         0.32046
0.66000         0.75000        1.0000         0.31827
0.67000         0.75000        1.0000         0.31606
0.68000         0.75000        1.0000         0.31382
0.69000         0.75000        1.0000         0.31155
0.70000         0.75000        1.0000         0.30925
0.71000         0.75000        1.0000         0.30692
0.72000         0.75000        1.0000         0.30455
0.73000         0.75000        1.0000         0.30214
0.74000         0.75000        1.0000         0.29969
0.75000         0.75000        1.0000         0.29718
0.76000         0.75000        1.0000         0.29463
0.77000         0.75000        1.0000         0.29201
0.78000         0.75000        1.0000         0.28931
0.79000         0.75000        1.0000         0.28654
0.80000         0.75000        1.0000         0.28366
0.81000         0.75000        1.0000         0.28067
0.82000         0.75000        1.0000         0.27753
0.83000         0.75000        1.0000         0.27422
0.84000         0.75000        1.0000         0.27068
0.85000         0.75000        1.0000         0.26687
0.86000         0.75000        1.0000         0.26269
0.87000         0.75000        1.0000         0.25804
0.88000         0.75000        1.0000         0.25277
0.89000         0.75000        1.0000         0.24670
0.90000         0.75000        1.0000         0.23955
0.91000         0.75000        1.0000         0.23099
0.92000         0.75000        1.0000         0.22056
0.93000         0.75000        1.0000         0.20771
0.94000         0.75000        1.0000         0.19173
0.95000         0.75000        1.0000         0.17188
0.96000         0.75000        1.0000         0.14737
0.97000         0.75000        1.0000         0.11761
0.98000         0.75000        1.0000         0.082478
0.99000         0.75000        1.0000         0.042679
1.0000          0.75000        1.0000         1.9522E-18
0.0000          0.76000        1.0000         0.0000
0.010000        0.76000        1.0000         0.045178
0.020000        0.76000        1.0000         0.087174
0.030000        0.76000        1.0000         0.12404
0.040000        0.76000        1.0000         0.15504
0.050000        0.76000        1.0000         0.18036
0.060000        0.76000        1.0000         0.20070
0.070000        0.76000        1.0000         0.21693
0.080000        0.76000        1.0000         0.22988
0.090000        0.76000        1.0000         0.24030
0.10000         0.76000        1.0000         0.24880
0.11000         0.76000        1.0000         0.25586
0.12000         0.76000        1.0000         0.26183
0.13000         0.76000        1.0000         0.26699
0.14000         0.76000        1.0000         0.27154
0.15000         0.76000        1.0000         0.27563
0.16000         0.76000        1.0000         0.27936
0.17000         0.76000        1.0000         0.28281
0.18000         0.76000        1.0000         0.28605
0.19000         0.76000        1.0000         0.28912
0.20000         0.76000        1.0000         0.29205
0.21000         0.76000        1.0000         0.29487
0.22000         0.76000        1.0000         0.29759
0.23000         0.76000        1.0000         0.30024
0.24000         0.76000        1.0000         0.30281
0.25000         0.76000        1.0000         0.30533
0.26000         0.76000        1.0000         0.30779
0.27000         0.76000        1.0000         0.31021
0.28000         0.76000        1.0000         0.31258
0.29000         0.76000        1.0000         0.31492
0.30000         0.76000        1.0000         0.31722
0.31000         0.76000        1.0000         0.31948
0.32000         0.76000        1.0000         0.32172
0.33000         0.76000        1.0000         0.32393
0.34000         0.76000        1.0000         0.32612
0.35000         0.76000        1.0000         0.32828
0.36000         0.76000        1.0000         0.33042
0.37000         0.76000        1.0000         0.33254
0.38000         0.76000        1.0000         0.33463
0.39000         0.76000        1.0000         0.33671
0.40000         0.76000        1.0000         0.33877
0.41000         0.76000        1.0000         0.34082
0.42000         0.76000        1.0000         0.34284
0.43000         0.76000        1.0000         0.34486
0.44000         0.76000        1.0000         0.34687
0.45000         0.76000        1.0000         0.34888
0.46000         0.76000        1.0000         0.35094
0.47000         0.76000        1.0000         0.35308
0.48000         0.76000        1.0000         0.35536
0.49000         0.76000        1.0000         0.35754
0.50000         0.76000        1.0000         0.35856
0.51000         0.76000        1.0000         0.35754
0.52000         0.76000        1.0000         0.35536
0.53000         0.76000        1.0000         0.35308
0.54000         0.76000        1.0000         0.35094
0.55000         0.76000        1.0000         0.34888
0.56000         0.76000        1.0000         0.34687
0.57000         0.76000        1.0000         0.34486
0.58000         0.76000        1.0000         0.34284
0.59000         0.76000        1.0000         0.34082
0.60000         0.76000        1.0000         0.33877
0.61000         0.76000        1.0000         0.33671
0.62000         0.76000        1.0000         0.33463
0.63000         0.76000        1.0000         0.33254
0.64000         0.76000        1.0000         0.33042
0.65000         0.76000        1.0000         0.32828
0.66000         0.76000        1.0000         0.32612
0.67000         0.76000        1.0000         0.32393
0.68000         0.76000        1.0000         0.32172
0.69000         0.76000        1.0000         0.31948
0.70000         0.76000        1.0000         0.31722
0.71000         0.76000        1.0000         0.31492
0.72000         0.76000        1.0000         0.31258
0.73000         0.76000        1.0000         0.31021
0.74000         0.76000        1.0000         0.30779
0.75000         0.76000        1.0000         0.30533
0.76000         0.76000        1.0000         0.30281
0.77000         0.76000        1.0000         0.30024
0.78000         0.76000        1.0000         0.29759
0.79000         0.76000        1.0000         0.29487
0.80000         0.76000        1.0000         0.29205
0.81000         0.76000        1.0000         0.28912
0.82000         0.76000        1.0000         0.28605
0.83000         0.76000        1.0000         0.28281
0.84000         0.76000        1.0000         0.27936
0.85000         0.76000        1.0000         0.27563
0.86000         0.76000        1.0000         0.27154
0.87000         0.76000        1.0000         0.26699
0.88000         0.76000        1.0000         0.26183
0.89000         0.76000        1.0000         0.25586
0.90000         0.76000        1.0000         0.24880
0.91000         0.76000        1.0000         0.24030
0.92000         0.76000        1.0000         0.22988
0.93000         0.76000        1.0000         0.21693
0.94000         0.76000        1.0000         0.20070
0.95000         0.76000        1.0000         0.18036
0.96000         0.76000        1.0000         0.15504
0.97000         0.76000        1.0000         0.12404
0.98000         0.76000        1.0000         0.087174
0.99000         0.76000        1.0000         0.045178
1.0000          0.76000        1.0000         -7.2323E-18
0.0000          0.77000        1.0000         1.0762E-17
0.010000        0.77000        1.0000         0.047778
0.020000        0.77000        1.0000         0.092048
0.030000        0.77000        1.0000         0.13069
0.040000        0.77000        1.0000         0.16294
0.050000        0.77000        1.0000         0.18907
0.060000        0.77000        1.0000         0.20987
0.070000        0.77000        1.0000         0.22632
0.080000        0.77000        1.0000         0.23933
0.090000        0.77000        1.0000         0.24973
0.10000         0.77000        1.0000         0.25816
0.11000         0.77000        1.0000         0.26512
0.12000         0.77000        1.0000         0.27099
0.13000         0.77000        1.0000         0.27604
0.14000         0.77000        1.0000         0.28048
0.15000         0.77000        1.0000         0.28447
0.16000         0.77000        1.0000         0.28811
0.17000         0.77000        1.0000         0.29149
0.18000         0.77000        1.0000         0.29465
0.19000         0.77000        1.0000         0.29765
0.20000         0.77000        1.0000         0.30052
0.21000         0.77000        1.0000         0.30328
0.22000         0.77000        1.0000         0.30595
0.23000         0.77000        1.0000         0.30855
0.24000         0.77000        1.0000         0.31108
0.25000         0.77000        1.0000         0.31355
0.26000         0.77000        1.0000         0.31597
0.27000         0.77000        1.0000         0.31835
0.28000         0.77000        1.0000         0.32069
0.29000         0.77000        1.0000         0.32299
0.30000         0.77000        1.0000         0.32526
0.31000         0.77000        1.0000         0.32750
0.32000         0.77000        1.0000         0.32971
0.33000         0.77000        1.0000         0.33189
0.34000         0.77000        1.0000         0.33405
0.35000         0.77000        1.0000         0.33619
0.36000         0.77000        1.0000         0.33830
0.37000         0.77000        1.0000         0.34039
0.38000         0.77000        1.0000         0.34247
0.39000         0.77000        1.0000         0.34452
0.40000         0.77000        1.0000         0.34656
0.41000         0.77000        1.0000         0.34859
0.42000         0.77000        1.0000         0.35059
0.43000         0.77000        1.0000         0.35259
0.44000         0.77000        1.0000         0.35458
0.45000         0.77000        1.0000         0.35658
0.46000         0.77000        1.0000         0.35861
0.47000         0.77000        1.0000         0.36074
0.48000         0.77000        1.0000         0.36301
0.49000         0.77000        1.0000         0.36516
0.50000         0.77000        1.0000         0.36617
0.51000         0.77000        1.0000         0.36516
0.52000         0.77000        1.0000         0.36301
0.53000         0.77000        1.0000         0.36074
0.54000         0.77000        1.0000         0.35861
0.55000         0.77000        1.0000         0.35658
0.56000         0.77000        1.0000         0.35458
0.57000         0.77000        1.0000         0.35259
0.58000         0.77000        1.0000         0.35059
0.59000         0.77000        1.0000         0.34859
0.60000         0.77000        1.0000         0.34656
0.61000         0.77000        1.0000         0.34452
0.62000         0.77000        1.0000         0.34247
0.63000         0.77000        1.0000         0.34039
0.64000         0.77000        1.0000         0.33830
0.65000         0.77000        1.0000         0.33619
0.66000         0.77000        1.0000         0.33405
0.67000         0.77000        1.0000         0.33189
0.68000         0.77000        1.0000         0.32971
0.69000         0.77000        1.0000         0.32750
0.70000         0.77000        1.0000         0.32526
0.71000         0.77000        1.0000         0.32299
0.72000         0.77000        1.0000         0.32069
0.73000         0.77000        1.0000         0.31835
0.74000         0.77000        1.0000         0.31597
0.75000         0.77000        1.0000         0.31355
0.76000         0.77000        1.0000         0.31108
0.77000         0.77000        1.0000         0.30855
0.78000         0.77000        1.0000         0.30595
0.79000         0.77000        1.0000         0.30328
0.80000         0.77000        1.0000         0.30052
0.81000         0.77000        1.0000         0.29765
0.82000         0.77000        1.0000         0.29465
0.83000         0.77000        1.0000         0.29149
0.84000         0.77000        1.0000         0.28811
0.85000         0.77000        1.0000         0.28447
0.86000         0.77000        1.0000         0.28048
0.87000         0.77000        1.0000         0.27604
0.88000         0.77000        1.0000         0.27099
0.89000         0.77000        1.0000         0.26512
0.90000         0.77000        1.0000         0.25816
0.91000         0.77000        1.0000         0.24973
0.92000         0.77000        1.0000         0.23933
0.93000         0.77000        1.0000         0.22632
0.94000         0.77000        1.0000         0.20987
0.95000         0.77000        1.0000         0.18907
0.96000         0.77000        1.0000         0.16294
0.97000         0.77000        1.0000         0.13069
0.98000         0.77000        1.0000         0.092048
0.99000         0.77000        1.0000         0.047778
1.0000          0.77000        1.0000         -8.7394E-18
0.0000          0.78000        1.0000         7.8963E-18
0.010000        0.78000        1.0000         0.050481
0.020000        0.78000        1.0000         0.097099
0.030000        0.78000        1.0000         0.13755
0.040000        0.78000        1.0000         0.17107
0.050000        0.78000        1.0000         0.19798
0.060000        0.78000        1.0000         0.21922
0.070000        0.78000        1.0000         0.23586
0.080000        0.78000        1.0000         0.24893
0.090000        0.78000        1.0000         0.25928
0.10000         0.78000        1.0000         0.26762
0.11000         0.78000        1.0000         0.27447
0.12000         0.78000        1.0000         0.28022
0.13000         0.78000        1.0000         0.28516
0.14000         0.78000        1.0000         0.28949
0.15000         0.78000        1.0000         0.29338
0.16000         0.78000        1.0000         0.29694
0.17000         0.78000        1.0000         0.30023
0.18000         0.78000        1.0000         0.30332
0.19000         0.78000        1.0000         0.30625
0.20000         0.78000        1.0000         0.30906
0.21000         0.78000        1.0000         0.31177
0.22000         0.78000        1.0000         0.31438
0.23000         0.78000        1.0000         0.31693
0.24000         0.78000        1.0000         0.31942
0.25000         0.78000        1.0000         0.32185
0.26000         0.78000        1.0000         0.32423
0.27000         0.78000        1.0000         0.32657
0.28000         0.78000        1.0000         0.32888
0.29000         0.78000        1.0000         0.33114
0.30000         0.78000        1.0000         0.33338
0.31000         0.78000        1.0000         0.33559
0.32000         0.78000        1.0000         0.33777
0.33000         0.78000        1.0000         0.33993
0.34000         0.78000        1.0000         0.34206
0.35000         0.78000        1.0000         0.34417
0.36000         0.78000        1.0000         0.34626
0.37000         0.78000        1.0000         0.34833
0.38000         0.78000        1.0000         0.35038
0.39000         0.78000        1.0000         0.35241
0.40000         0.78000        1.0000         0.35443
0.41000         0.78000        1.0000         0.35643
0.42000         0.78000        1.0000         0.35842
0.43000         0.78000        1.0000         0.36040
0.44000         0.78000        1.0000         0.36237
0.45000         0.78000        1.0000         0.36435
0.46000         0.78000        1.0000         0.36637
0.47000         0.78000        1.0000         0.36848
0.48000         0.78000        1.0000         0.37073
0.49000         0.78000        1.0000         0.37286
0.50000         0.78000        1.0000         0.37385
0.51000         0.78000        1.0000         0.37286
0.52000         0.78000        1.0000         0.37073
0.53000         0.78000        1.0000         0.36848
0.54000         0.78000        1.0000         0.36637
0.55000         0.78000        1.0000         0.36435
0.56000         0.78000        1.0000         0.36237
0.57000         0.78000        1.0000         0.36040
0.58000         0.78000        1.0000         0.35842
0.59000         0.78000        1.0000         0.35643
0.60000         0.78000        1.0000         0.35443
0.61000         0.78000        1.0000         0.35241
0.62000         0.78000        1.0000         0.35038
0.63000         0.78000        1.0000         0.34833
0.64000         0.78000        1.0000         0.34626
0.65000         0.78000        1.0000         0.34417
0.66000         0.78000        1.0000         0.34206
0.67000         0.78000        1.0000         0.33993
0.68000         0.78000        1.0000         0.33777
0.69000         0.78000        1.0000         0.33559
0.70000         0.78000        1.0000         0.33338
0.71000         0.78000        1.0000         0.33114
0.72000         0.78000        1.0000         0.32888
0.73000         0.78000        1.0000         0.32657
0.74000         0.78000        1.0000         0.32423
0.75000         0.78000        1.0000         0.32185
0.76000         0.78000        1.0000         0.31942
0.77000         0.78000        1.0000         0.31693
0.78000         0.78000        1.0000         0.31438
0.79000         0.78000        1.0000         0.31177
0.80000         0.78000        1.0000         0.30906
0.81000         0.78000        1.0000         0.30625
0.82000         0.78000        1.0000         0.30332
0.83000         0.78000        1.0000         0.30023
0.84000         0.78000        1.0000         0.29694
0.85000         0.78000        1.0000         0.29338
0.86000         0.78000        1.0000         0.28949
0.87000         0.78000        1.0000         0.28516
0.88000         0.78000        1.0000         0.28022
0.89000         0.78000        1.0000         0.27447
0.90000         0.78000        1.0000         0.26762
0.91000         0.78000        1.0000         0.25928
0.92000         0.78000        1.0000         0.24893
0.93000         0.78000        1.0000         0.23586
0.94000         0.78000        1.0000         0.21922
0.95000         0.78000        1.0000         0.19798
0.96000         0.78000        1.0000         0.17107
0.97000         0.78000        1.0000         0.13755
0.98000         0.78000        1.0000         0.097099
0.99000         0.78000        1.0000         0.050481
1.0000          0.78000        1.0000         -1.8524E-19
0.0000          0.79000        1.0000         1.1901E-19
0.010000        0.79000        1.0000         0.053286
0.020000        0.79000        1.0000         0.10233
0.030000        0.79000        1.0000         0.14463
0.040000        0.79000        1.0000         0.17941
0.050000        0.79000        1.0000         0.20709
0.060000        0.79000        1.0000         0.22874
0.070000        0.79000        1.0000         0.24556
0.080000        0.79000        1.0000         0.25865
0.090000        0.79000        1.0000         0.26894
0.10000         0.79000        1.0000         0.27717
0.11000         0.79000        1.0000         0.28390
0.12000         0.79000        1.0000         0.28953
0.13000         0.79000        1.0000         0.29435
0.14000         0.79000        1.0000         0.29857
0.15000         0.79000        1.0000         0.30236
0.16000         0.79000        1.0000         0.30582
0.17000         0.79000        1.0000         0.30903
0.18000         0.79000        1.0000         0.31205
0.19000         0.79000        1.0000         0.31492
0.20000         0.79000        1.0000         0.31767
0.21000         0.79000        1.0000         0.32031
0.22000         0.79000        1.0000         0.32288
0.23000         0.79000        1.0000         0.32538
0.24000         0.79000        1.0000         0.32782
0.25000         0.79000        1.0000         0.33021
0.26000         0.79000        1.0000         0.33256
0.27000         0.79000        1.0000         0.33486
0.28000         0.79000        1.0000         0.33713
0.29000         0.79000        1.0000         0.33937
0.30000         0.79000        1.0000         0.34157
0.31000         0.79000        1.0000         0.34375
0.32000         0.79000        1.0000         0.34590
0.33000         0.79000        1.0000         0.34803
0.34000         0.79000        1.0000         0.35014
0.35000         0.79000        1.0000         0.35222
0.36000         0.79000        1.0000         0.35429
0.37000         0.79000        1.0000         0.35634
0.38000         0.79000        1.0000         0.35836
0.39000         0.79000        1.0000         0.36038
0.40000         0.79000        1.0000         0.36237
0.41000         0.79000        1.0000         0.36435
0.42000         0.79000        1.0000         0.36632
0.43000         0.79000        1.0000         0.36828
0.44000         0.79000        1.0000         0.37024
0.45000         0.79000        1.0000         0.37220
0.46000         0.79000        1.0000         0.37420
0.47000         0.79000        1.0000         0.37630
0.48000         0.79000        1.0000         0.37853
0.49000         0.79000        1.0000         0.38063
0.50000         0.79000        1.0000         0.38161
0.51000         0.79000        1.0000         0.38063
0.52000         0.79000        1.0000         0.37853
0.53000         0.79000        1.0000         0.37630
0.54000         0.79000        1.0000         0.37420
0.55000         0.79000        1.0000         0.37220
0.56000         0.79000        1.0000         0.37024
0.57000         0.79000        1.0000         0.36828
0.58000         0.79000        1.0000         0.36632
0.59000         0.79000        1.0000         0.36435
0.60000         0.79000        1.0000         0.36237
0.61000         0.79000        1.0000         0.36038
0.62000         0.79000        1.0000         0.35836
0.63000         0.79000        1.0000         0.35634
0.64000         0.79000        1.0000         0.35429
0.65000         0.79000        1.0000         0.35222
0.66000         0.79000        1.0000         0.35014
0.67000         0.79000        1.0000         0.34803
0.68000         0.79000        1.0000         0.34590
0.69000         0.79000        1.0000         0.34375
0.70000         0.79000        1.0000         0.34157
0.71000         0.79000        1.0000         0.33937
0.72000         0.79000        1.0000         0.33713
0.73000         0.79000        1.0000         0.33486
0.74000         0.79000        1.0000         0.33256
0.75000         0.79000        1.0000         0.33021
0.76000         0.79000        1.0000         0.32782
0.77000         0.79000        1.0000         0.32538
0.78000         0.79000        1.0000         0.32288
0.79000         0.79000        1.0000         0.32031
0.80000         0.79000        1.0000         0.31767
0.81000         0.79000        1.0000         0.31492
0.82000         0.79000        1.0000         0.31205
0.83000         0.79000        1.0000         0.30903
0.84000         0.79000        1.0000         0.30582
0.85000         0.79000        1.0000         0.30236
0.86000         0.79000        1.0000         0.29857
0.87000         0.79000        1.0000         0.29435
0.88000         0.79000        1.0000         0.28953
0.89000         0.79000        1.0000         0.28390
0.90000         0.79000        1.0000         0.27717
0.91000         0.79000        1.0000         0.26894
0.92000         0.79000        1.0000         0.25865
0.93000         0.79000        1.0000         0.24556
0.94000         0.79000        1.0000         0.22874
0.95000         0.79000        1.0000         0.20709
0.96000         0.79000        1.0000         0.17941
0.97000         0.79000        1.0000         0.14463
0.98000         0.79000        1.0000         0.10233
0.99000         0.79000        1.0000         0.053286
1.0000          0.79000        1.0000         -8.5492E-18
0.0000          0.80000        1.0000         -1.5005E-18
0.010000        0.80000        1.0000         0.056194
0.020000        0.80000        1.0000         0.10773
0.030000        0.80000        1.0000         0.15192
0.040000        0.80000        1.0000         0.18796
0.050000        0.80000        1.0000         0.21639
0.060000        0.80000        1.0000         0.23843
0.070000        0.80000        1.0000         0.25539
0.080000        0.80000        1.0000         0.26847
0.090000        0.80000        1.0000         0.27868
0.10000         0.80000        1.0000         0.28680
0.11000         0.80000        1.0000         0.29340
0.12000         0.80000        1.0000         0.29890
0.13000         0.80000        1.0000         0.30359
0.14000         0.80000        1.0000         0.30771
0.15000         0.80000        1.0000         0.31140
0.16000         0.80000        1.0000         0.31477
0.17000         0.80000        1.0000         0.31790
0.18000         0.80000        1.0000         0.32084
0.19000         0.80000        1.0000         0.32364
0.20000         0.80000        1.0000         0.32633
0.21000         0.80000        1.0000         0.32893
0.22000         0.80000        1.0000         0.33144
0.23000         0.80000        1.0000         0.33390
0.24000         0.80000        1.0000         0.33629
0.25000         0.80000        1.0000         0.33864
0.26000         0.80000        1.0000         0.34095
0.27000         0.80000        1.0000         0.34322
0.28000         0.80000        1.0000         0.34545
0.29000         0.80000        1.0000         0.34766
0.30000         0.80000        1.0000         0.34983
0.31000         0.80000        1.0000         0.35198
0.32000         0.80000        1.0000         0.35411
0.33000         0.80000        1.0000         0.35621
0.34000         0.80000        1.0000         0.35829
0.35000         0.80000        1.0000         0.36035
0.36000         0.80000        1.0000         0.36239
0.37000         0.80000        1.0000         0.36441
0.38000         0.80000        1.0000         0.36642
0.39000         0.80000        1.0000         0.36841
0.40000         0.80000        1.0000         0.37039
0.41000         0.80000        1.0000         0.37235
0.42000         0.80000        1.0000         0.37430
0.43000         0.80000        1.0000         0.37624
0.44000         0.80000        1.0000         0.37817
0.45000         0.80000        1.0000         0.38012
0.46000         0.80000        1.0000         0.38210
0.47000         0.80000        1.0000         0.38419
0.48000         0.80000        1.0000         0.38640
0.49000         0.80000        1.0000         0.38848
0.50000         0.80000        1.0000         0.38944
0.51000         0.80000        1.0000         0.38848
0.52000         0.80000        1.0000         0.38640
0.53000         0.80000        1.0000         0.38419
0.54000         0.80000        1.0000         0.38210
0.55000         0.80000        1.0000         0.38012
0.56000         0.80000        1.0000         0.37817
0.57000         0.80000        1.0000         0.37624
0.58000         0.80000        1.0000         0.37430
0.59000         0.80000        1.0000         0.37235
0.60000         0.80000        1.0000         0.37039
0.61000         0.80000        1.0000         0.36841
0.62000         0.80000        1.0000         0.36642
0.63000         0.80000        1.0000         0.36441
0.64000         0.80000        1.0000         0.36239
0.65000         0.80000        1.0000         0.36035
0.66000         0.80000        1.0000         0.35829
0.67000         0.80000        1.0000         0.35621
0.68000         0.80000        1.0000         0.35411
0.69000         0.80000        1.0000         0.35198
0.70000         0.80000        1.0000         0.34983
0.71000         0.80000        1.0000         0.34766
0.72000         0.80000        1.0000         0.34545
0.73000         0.80000        1.0000         0.34322
0.74000         0.80000        1.0000         0.34095
0.75000         0.80000        1.0000         0.33864
0.76000         0.80000        1.0000         0.33629
0.77000         0.80000        1.0000         0.33390
0.78000         0.80000        1.0000         0.33144
0.79000         0.80000        1.0000         0.32893
0.80000         0.80000        1.0000         0.32633
0.81000         0.80000        1.0000         0.32364
0.82000         0.80000        1.0000         0.32084
0.83000         0.80000        1.0000         0.31790
0.84000         0.80000        1.0000         0.31477
0.85000         0.80000        1.0000         0.31140
0.86000         0.80000        1.0000         0.30771
0.87000         0.80000        1.0000         0.30359
0.88000         0.80000        1.0000         0.29890
0.89000         0.80000        1.0000         0.29340
0.90000         0.80000        1.0000         0.28680
0.91000         0.80000        1.0000         0.27868
0.92000         0.80000        1.0000         0.26847
0.93000         0.80000        1.0000         0.25539
0.94000         0.80000        1.0000         0.23843
0.95000         0.80000        1.0000         0.21639
0.96000         0.80000        1.0000         0.18796
0.97000         0.80000        1.0000         0.15192
0.98000         0.80000        1.0000         0.10773
0.99000         0.80000        1.0000         0.056194
1.0000          0.80000        1.0000         0.0000
0.0000          0.81000        1.0000         -1.5830E-18
0.010000        0.81000        1.0000         0.059206
0.020000        0.81000        1.0000         0.11331
0.030000        0.81000        1.0000         0.15941
0.040000        0.81000        1.0000         0.19671
0.050000        0.81000        1.0000         0.22588
0.060000        0.81000        1.0000         0.24827
0.070000        0.81000        1.0000         0.26534
0.080000        0.81000        1.0000         0.27840
0.090000        0.81000        1.0000         0.28851
0.10000         0.81000        1.0000         0.29650
0.11000         0.81000        1.0000         0.30296
0.12000         0.81000        1.0000         0.30832
0.13000         0.81000        1.0000         0.31290
0.14000         0.81000        1.0000         0.31690
0.15000         0.81000        1.0000         0.32049
0.16000         0.81000        1.0000         0.32377
0.17000         0.81000        1.0000         0.32682
0.18000         0.81000        1.0000         0.32969
0.19000         0.81000        1.0000         0.33243
0.20000         0.81000        1.0000         0.33505
0.21000         0.81000        1.0000         0.33759
0.22000         0.81000        1.0000         0.34006
0.23000         0.81000        1.0000         0.34247
0.24000         0.81000        1.0000         0.34482
0.25000         0.81000        1.0000         0.34713
0.26000         0.81000        1.0000         0.34940
0.27000         0.81000        1.0000         0.35164
0.28000         0.81000        1.0000         0.35384
0.29000         0.81000        1.0000         0.35601
0.30000         0.81000        1.0000         0.35816
0.31000         0.81000        1.0000         0.36028
0.32000         0.81000        1.0000         0.36237
0.33000         0.81000        1.0000         0.36445
0.34000         0.81000        1.0000         0.36651
0.35000         0.81000        1.0000         0.36854
0.36000         0.81000        1.0000         0.37056
0.37000         0.81000        1.0000         0.37256
0.38000         0.81000        1.0000         0.37454
0.39000         0.81000        1.0000         0.37651
0.40000         0.81000        1.0000         0.37847
0.41000         0.81000        1.0000         0.38041
0.42000         0.81000        1.0000         0.38234
0.43000         0.81000        1.0000         0.38426
0.44000         0.81000        1.0000         0.38618
0.45000         0.81000        1.0000         0.38811
0.46000         0.81000        1.0000         0.39008
0.47000         0.81000        1.0000         0.39215
0.48000         0.81000        1.0000         0.39434
0.49000         0.81000        1.0000         0.39640
0.50000         0.81000        1.0000         0.39735
0.51000         0.81000        1.0000         0.39640
0.52000         0.81000        1.0000         0.39434
0.53000         0.81000        1.0000         0.39215
0.54000         0.81000        1.0000         0.39008
0.55000         0.81000        1.0000         0.38811
0.56000         0.81000        1.0000         0.38618
0.57000         0.81000        1.0000         0.38426
0.58000         0.81000        1.0000         0.38234
0.59000         0.81000        1.0000         0.38041
0.60000         0.81000        1.0000         0.37847
0.61000         0.81000        1.0000         0.37651
0.62000         0.81000        1.0000         0.37454
0.63000         0.81000        1.0000         0.37256
0.64000         0.81000        1.0000         0.37056
0.65000         0.81000        1.0000         0.36854
0.66000         0.81000        1.0000         0.36651
0.67000         0.81000        1.0000         0.36445
0.68000         0.81000        1.0000         0.36237
0.69000         0.81000        1.0000         0.36028
0.70000         0.81000        1.0000         0.35816
0.71000         0.81000        1.0000         0.35601
0.72000         0.81000        1.0000         0.35384
0.73000         0.81000        1.0000         0.35164
0.74000         0.81000        1.0000         0.34940
0.75000         0.81000        1.0000         0.34713
0.76000         0.81000        1.0000         0.34482
0.77000         0.81000        1.0000         0.34247
0.78000         0.81000        1.0000         0.34006
0.79000         0.81000        1.0000         0.33759
0.80000         0.81000        1.0000         0.33505
0.81000         0.81000        1.0000         0.33243
0.82000         0.81000        1.0000         0.32969
0.83000         0.81000        1.0000         0.32682
0.84000         0.81000        1.0000         0.32377
0.85000         0.81000        1.0000         0.32049
0.86000         0.81000        1.0000         0.31690
0.87000         0.81000        1.0000         0.31290
0.88000         0.81000        1.0000         0.30832
0.89000         0.81000        1.0000         0.30296
0.90000         0.81000        1.0000         0.29650
0.91000         0.81000        1.0000         0.28851
0.92000         0.81000        1.0000         0.27840
0.93000         0.81000        1.0000         0.26534
0.94000         0.81000        1.0000         0.24827
0.95000         0.81000        1.0000         0.22588
0.96000         0.81000        1.0000         0.19671
0.97000         0.81000        1.0000         0.15941
0.98000         0.81000        1.0000         0.11331
0.99000         0.81000        1.0000         0.059206
1.0000          0.81000        1.0000         -2.1998E-19
0.0000          0.82000        1.0000         0.0000
0.010000        0.82000        1.0000         0.062321
0.020000        0.82000        1.0000         0.11907
0.030000        0.82000        1.0000         0.16711
0.040000        0.82000        1.0000         0.20566
0.050000        0.82000        1.0000         0.23553
0.060000        0.82000        1.0000         0.25824
0.070000        0.82000        1.0000         0.27540
0.080000        0.82000        1.0000         0.28842
0.090000        0.82000        1.0000         0.29841
0.10000         0.82000        1.0000         0.30626
0.11000         0.82000        1.0000         0.31258
0.12000         0.82000        1.0000         0.31780
0.13000         0.82000        1.0000         0.32224
0.14000         0.82000        1.0000         0.32613
0.15000         0.82000        1.0000         0.32962
0.16000         0.82000        1.0000         0.33281
0.17000         0.82000        1.0000         0.33578
0.18000         0.82000        1.0000         0.33858
0.19000         0.82000        1.0000         0.34126
0.20000         0.82000        1.0000         0.34383
0.21000         0.82000        1.0000         0.34632
0.22000         0.82000        1.0000         0.34874
0.23000         0.82000        1.0000         0.35110
0.24000         0.82000        1.0000         0.35341
0.25000         0.82000        1.0000         0.35568
0.26000         0.82000        1.0000         0.35792
0.27000         0.82000        1.0000         0.36012
0.28000         0.82000        1.0000         0.36229
0.29000         0.82000        1.0000         0.36443
0.30000         0.82000        1.0000         0.36654
0.31000         0.82000        1.0000         0.36864
0.32000         0.82000        1.0000         0.37071
0.33000         0.82000        1.0000         0.37275
0.34000         0.82000        1.0000         0.37478
0.35000         0.82000        1.0000         0.37680
0.36000         0.82000        1.0000         0.37879
0.37000         0.82000        1.0000         0.38077
0.38000         0.82000        1.0000         0.38273
0.39000         0.82000        1.0000         0.38468
0.40000         0.82000        1.0000         0.38662
0.41000         0.82000        1.0000         0.38854
0.42000         0.82000        1.0000         0.39045
0.43000         0.82000        1.0000         0.39235
0.44000         0.82000        1.0000         0.39425
0.45000         0.82000        1.0000         0.39616
0.46000         0.82000        1.0000         0.39812
0.47000         0.82000        1.0000         0.40017
0.48000         0.82000        1.0000         0.40235
0.49000         0.82000        1.0000         0.40438
0.50000         0.82000        1.0000         0.40532
0.51000         0.82000        1.0000         0.40438
0.52000         0.82000        1.0000         0.40235
0.53000         0.82000        1.0000         0.40017
0.54000         0.82000        1.0000         0.39812
0.55000         0.82000        1.0000         0.39616
0.56000         0.82000        1.0000         0.39425
0.57000         0.82000        1.0000         0.39235
0.58000         0.82000        1.0000         0.39045
0.59000         0.82000        1.0000         0.38854
0.60000         0.82000        1.0000         0.38662
0.61000         0.82000        1.0000         0.38468
0.62000         0.82000        1.0000         0.38273
0.63000         0.82000        1.0000         0.38077
0.64000         0.82000        1.0000         0.37879
0.65000         0.82000        1.0000         0.37680
0.66000         0.82000        1.0000         0.37478
0.67000         0.82000        1.0000         0.37275
0.68000         0.82000        1.0000         0.37071
0.69000         0.82000        1.0000         0.36864
0.70000         0.82000        1.0000         0.36654
0.71000         0.82000        1.0000         0.36443
0.72000         0.82000        1.0000         0.36229
0.73000         0.82000        1.0000         0.36012
0.74000         0.82000        1.0000         0.35792
0.75000         0.82000        1.0000         0.35568
0.76000         0.82000        1.0000         0.35341
0.77000         0.82000        1.0000         0.35110
0.78000         0.82000        1.0000         0.34874
0.79000         0.82000        1.0000         0.34632
0.80000         0.82000        1.0000         0.34383
0.81000         0.82000        1.0000         0.34126
0.82000         0.82000        1.0000         0.33858
0.83000         0.82000        1.0000         0.33578
0.84000         0.82000        1.0000         0.33281
0.85000         0.82000        1.0000         0.32962
0.86000         0.82000        1.0000         0.32613
0.87000         0.82000        1.0000         0.32224
0.88000         0.82000        1.0000         0.31780
0.89000         0.82000        1.0000         0.31258
0.90000         0.82000        1.0000         0.30626
0.91000         0.82000        1.0000         0.29841
0.92000         0.82000        1.0000         0.28842
0.93000         0.82000        1.0000         0.27540
0.94000         0.82000        1.0000         0.25824
0.95000         0.82000        1.0000         0.23553
0.96000         0.82000        1.0000         0.20566
0.97000         0.82000        1.0000         0.16711
0.98000         0.82000        1.0000         0.11907
0.99000         0.82000        1.0000         0.062321
1.0000          0.82000        1.0000         -1.0023E-17
0.0000          0.83000        1.0000         -1.7470E-18
0.010000        0.83000        1.0000         0.065540
0.020000        0.83000        1.0000         0.12500
0.030000        0.83000        1.0000         0.17500
0.040000        0.83000        1.0000         0.21480
0.050000        0.83000        1.0000         0.24534
0.060000        0.83000        1.0000         0.26835
0.070000        0.83000        1.0000         0.28557
0.080000        0.83000        1.0000         0.29851
0.090000        0.83000        1.0000         0.30838
0.10000         0.83000        1.0000         0.31607
0.11000         0.83000        1.0000         0.32223
0.12000         0.83000        1.0000         0.32732
0.13000         0.83000        1.0000         0.33163
0.14000         0.83000        1.0000         0.33541
0.15000         0.83000        1.0000         0.33880
0.16000         0.83000        1.0000         0.34190
0.17000         0.83000        1.0000         0.34479
0.18000         0.83000        1.0000         0.34752
0.19000         0.83000        1.0000         0.35014
0.20000         0.83000        1.0000         0.35265
0.21000         0.83000        1.0000         0.35509
0.22000         0.83000        1.0000         0.35746
0.23000         0.83000        1.0000         0.35978
0.24000         0.83000        1.0000         0.36205
0.25000         0.83000        1.0000         0.36429
0.26000         0.83000        1.0000         0.36648
0.27000         0.83000        1.0000         0.36865
0.28000         0.83000        1.0000         0.37079
0.29000         0.83000        1.0000         0.37290
0.30000         0.83000        1.0000         0.37499
0.31000         0.83000        1.0000         0.37705
0.32000         0.83000        1.0000         0.37909
0.33000         0.83000        1.0000         0.38112
0.34000         0.83000        1.0000         0.38312
0.35000         0.83000        1.0000         0.38511
0.36000         0.83000        1.0000         0.38708
0.37000         0.83000        1.0000         0.38904
0.38000         0.83000        1.0000         0.39098
0.39000         0.83000        1.0000         0.39291
0.40000         0.83000        1.0000         0.39483
0.41000         0.83000        1.0000         0.39673
0.42000         0.83000        1.0000         0.39862
0.43000         0.83000        1.0000         0.40050
0.44000         0.83000        1.0000         0.40239
0.45000         0.83000        1.0000         0.40428
0.46000         0.83000        1.0000         0.40622
0.47000         0.83000        1.0000         0.40826
0.48000         0.83000        1.0000         0.41042
0.49000         0.83000        1.0000         0.41244
0.50000         0.83000        1.0000         0.41336
0.51000         0.83000        1.0000         0.41244
0.52000         0.83000        1.0000         0.41042
0.53000         0.83000        1.0000         0.40826
0.54000         0.83000        1.0000         0.40622
0.55000         0.83000        1.0000         0.40428
0.56000         0.83000        1.0000         0.40239
0.57000         0.83000        1.0000         0.40050
0.58000         0.83000        1.0000         0.39862
0.59000         0.83000        1.0000         0.39673
0.60000         0.83000        1.0000         0.39483
0.61000         0.83000        1.0000         0.39291
0.62000         0.83000        1.0000         0.39098
0.63000         0.83000        1.0000         0.38904
0.64000         0.83000        1.0000         0.38708
0.65000         0.83000        1.0000         0.38511
0.66000         0.83000        1.0000         0.38312
0.67000         0.83000        1.0000         0.38112
0.68000         0.83000        1.0000         0.37909
0.69000         0.83000        1.0000         0.37705
0.70000         0.83000        1.0000         0.37499
0.71000         0.83000        1.0000         0.37290
0.72000         0.83000        1.0000         0.37079
0.73000         0.83000        1.0000         0.36865
0.74000         0.83000        1.0000         0.36648
0.75000         0.83000        1.0000         0.36429
0.76000         0.83000        1.0000         0.36205
0.77000         0.83000        1.0000         0.35978
0.78000         0.83000        1.0000         0.35746
0.79000         0.83000        1.0000         0.35509
0.80000         0.83000        1.0000         0.35265
0.81000         0.83000        1.0000         0.35014
0.82000         0.83000        1.0000         0.34752
0.83000         0.83000        1.0000         0.34479
0.84000         0.83000        1.0000         0.34190
0.85000         0.83000        1.0000         0.33880
0.86000         0.83000        1.0000         0.33541
0.87000         0.83000        1.0000         0.33163
0.88000         0.83000        1.0000         0.32732
0.89000         0.83000        1.0000         0.32223
0.90000         0.83000        1.0000         0.31607
0.91000         0.83000        1.0000         0.30838
0.92000         0.83000        1.0000         0.29851
0.93000         0.83000        1.0000         0.28557
0.94000         0.83000        1.0000         0.26835
0.95000         0.83000        1.0000         0.24534
0.96000         0.83000        1.0000         0.21480
0.97000         0.83000        1.0000         0.17500
0.98000         0.83000        1.0000         0.12500
0.99000         0.83000        1.0000         0.065540
1.0000          0.83000        1.0000         -6.5511E-18
0.0000          0.84000        1.0000         1.3344E-18
0.010000        0.84000        1.0000         0.068862
0.020000        0.84000        1.0000         0.13109
0.030000        0.84000        1.0000         0.18308
0.040000        0.84000        1.0000         0.22411
0.050000        0.84000        1.0000         0.25530
0.060000        0.84000        1.0000         0.27857
0.070000        0.84000        1.0000         0.29582
0.080000        0.84000        1.0000         0.30867
0.090000        0.84000        1.0000         0.31839
0.10000         0.84000        1.0000         0.32592
0.11000         0.84000        1.0000         0.33193
0.12000         0.84000        1.0000         0.33687
0.13000         0.84000        1.0000         0.34105
0.14000         0.84000        1.0000         0.34472
0.15000         0.84000        1.0000         0.34801
0.16000         0.84000        1.0000         0.35102
0.17000         0.84000        1.0000         0.35384
0.18000         0.84000        1.0000         0.35651
0.19000         0.84000        1.0000         0.35906
0.20000         0.84000        1.0000         0.36152
0.21000         0.84000        1.0000         0.36391
0.22000         0.84000        1.0000         0.36623
0.23000         0.84000        1.0000         0.36851
0.24000         0.84000        1.0000         0.37074
0.25000         0.84000        1.0000         0.37294
0.26000         0.84000        1.0000         0.37510
0.27000         0.84000        1.0000         0.37724
0.28000         0.84000        1.0000         0.37934
0.29000         0.84000        1.0000         0.38143
0.30000         0.84000        1.0000         0.38349
0.31000         0.84000        1.0000         0.38552
0.32000         0.84000        1.0000         0.38754
0.33000         0.84000        1.0000         0.38954
0.34000         0.84000        1.0000         0.39152
0.35000         0.84000        1.0000         0.39349
0.36000         0.84000        1.0000         0.39544
0.37000         0.84000        1.0000         0.39737
0.38000         0.84000        1.0000         0.39929
0.39000         0.84000        1.0000         0.40120
0.40000         0.84000        1.0000         0.40310
0.41000         0.84000        1.0000         0.40498
0.42000         0.84000        1.0000         0.40685
0.43000         0.84000        1.0000         0.40872
0.44000         0.84000        1.0000         0.41059
0.45000         0.84000        1.0000         0.41247
0.46000         0.84000        1.0000         0.41439
0.47000         0.84000        1.0000         0.41642
0.48000         0.84000        1.0000         0.41856
0.49000         0.84000        1.0000         0.42055
0.50000         0.84000        1.0000         0.42146
0.51000         0.84000        1.0000         0.42055
0.52000         0.84000        1.0000         0.41856
0.53000         0.84000        1.0000         0.41642
0.54000         0.84000        1.0000         0.41439
0.55000         0.84000        1.0000         0.41247
0.56000         0.84000        1.0000         0.41059
0.57000         0.84000        1.0000         0.40872
0.58000         0.84000        1.0000         0.40685
0.59000         0.84000        1.0000         0.40498
0.60000         0.84000        1.0000         0.40310
0.61000         0.84000        1.0000         0.40120
0.62000         0.84000        1.0000         0.39929
0.63000         0.84000        1.0000         0.39737
0.64000         0.84000        1.0000         0.39544
0.65000         0.84000        1.0000         0.39349
0.66000         0.84000        1.0000         0.39152
0.67000         0.84000        1.0000         0.38954
0.68000         0.84000        1.0000         0.38754
0.69000         0.84000        1.0000         0.38552
0.70000         0.84000        1.0000         0.38349
0.71000         0.84000        1.0000         0.38143
0.72000         0.84000        1.0000         0.37934
0.73000         0.84000        1.0000         0.37724
0.74000         0.84000        1.0000         0.37510
0.75000         0.84000        1.0000         0.37294
0.76000         0.84000        1.0000         0.37074
0.77000         0.84000        1.0000         0.36851
0.78000         0.84000        1.0000         0.36623
0.79000         0.84000        1.0000         0.36391
0.80000         0.84000        1.0000         0.36152
0.81000         0.84000        1.0000         0.35906
0.82000         0.84000        1.0000         0.35651
0.83000         0.84000        1.0000         0.35384
0.84000         0.84000        1.0000         0.35102
0.85000         0.84000        1.0000         0.34801
0.86000         0.84000        1.0000         0.34472
0.87000         0.84000        1.0000         0.34105
0.88000         0.84000        1.0000         0.33687
0.89000         0.84000        1.0000         0.33193
0.90000         0.84000        1.0000         0.32592
0.91000         0.84000        1.0000         0.31839
0.92000         0.84000        1.0000         0.30867
0.93000         0.84000        1.0000         0.29582
0.94000         0.84000        1.0000         0.27857
0.95000         0.84000        1.0000         0.25530
0.96000         0.84000        1.0000         0.22411
0.97000         0.84000        1.0000         0.18308
0.98000         0.84000        1.0000         0.13109
0.99000         0.84000        1.0000         0.068862
1.0000          0.84000        1.0000         -1.2669E-17
0.0000          0.85000        1.0000         -1.3394E-17
0.010000        0.85000        1.0000         0.072287
0.020000        0.85000        1.0000         0.13736
0.030000        0.85000        1.0000         0.19135
0.040000        0.85000        1.0000         0.23359
0.050000        0.85000        1.0000         0.26540
0.060000        0.85000        1.0000         0.28889
0.070000        0.85000        1.0000         0.30614
0.080000        0.85000        1.0000         0.31888
0.090000        0.85000        1.0000         0.32844
0.10000         0.85000        1.0000         0.33581
0.11000         0.85000        1.0000         0.34165
0.12000         0.85000        1.0000         0.34644
0.13000         0.85000        1.0000         0.35051
0.14000         0.85000        1.0000         0.35406
0.15000         0.85000        1.0000         0.35725
0.16000         0.85000        1.0000         0.36018
0.17000         0.85000        1.0000         0.36293
0.18000         0.85000        1.0000         0.36553
0.19000         0.85000        1.0000         0.36802
0.20000         0.85000        1.0000         0.37043
0.21000         0.85000        1.0000         0.37277
0.22000         0.85000        1.0000         0.37505
0.23000         0.85000        1.0000         0.37729
0.24000         0.85000        1.0000         0.37948
0.25000         0.85000        1.0000         0.38164
0.26000         0.85000        1.0000         0.38377
0.27000         0.85000        1.0000         0.38588
0.28000         0.85000        1.0000         0.38795
0.29000         0.85000        1.0000         0.39000
0.30000         0.85000        1.0000         0.39204
0.31000         0.85000        1.0000         0.39405
0.32000         0.85000        1.0000         0.39604
0.33000         0.85000        1.0000         0.39801
0.34000         0.85000        1.0000         0.39997
0.35000         0.85000        1.0000         0.40192
0.36000         0.85000        1.0000         0.40384
0.37000         0.85000        1.0000         0.40576
0.38000         0.85000        1.0000         0.40766
0.39000         0.85000        1.0000         0.40955
0.40000         0.85000        1.0000         0.41142
0.41000         0.85000        1.0000         0.41329
0.42000         0.85000        1.0000         0.41514
0.43000         0.85000        1.0000         0.41699
0.44000         0.85000        1.0000         0.41884
0.45000         0.85000        1.0000         0.42071
0.46000         0.85000        1.0000         0.42262
0.47000         0.85000        1.0000         0.42463
0.48000         0.85000        1.0000         0.42676
0.49000         0.85000        1.0000         0.42873
0.50000         0.85000        1.0000         0.42962
0.51000         0.85000        1.0000         0.42873
0.52000         0.85000        1.0000         0.42676
0.53000         0.85000        1.0000         0.42463
0.54000         0.85000        1.0000         0.42262
0.55000         0.85000        1.0000         0.42071
0.56000         0.85000        1.0000         0.41884
0.57000         0.85000        1.0000         0.41699
0.58000         0.85000        1.0000         0.41514
0.59000         0.85000        1.0000         0.41329
0.60000         0.85000        1.0000         0.41142
0.61000         0.85000        1.0000         0.40955
0.62000         0.85000        1.0000         0.40766
0.63000         0.85000        1.0000         0.40576
0.64000         0.85000        1.0000         0.40384
0.65000         0.85000        1.0000         0.40192
0.66000         0.85000        1.0000         0.39997
0.67000         0.85000        1.0000         0.39801
0.68000         0.85000        1.0000         0.39604
0.69000         0.85000        1.0000         0.39405
0.70000         0.85000        1.0000         0.39204
0.71000         0.85000        1.0000         0.39000
0.72000         0.85000        1.0000         0.38795
0.73000         0.85000        1.0000         0.38588
0.74000         0.85000        1.0000         0.38377
0.75000         0.85000        1.0000         0.38164
0.76000         0.85000        1.0000         0.37948
0.77000         0.85000        1.0000         0.37729
0.78000         0.85000        1.0000         0.37505
0.79000         0.85000        1.0000         0.37277
0.80000         0.85000        1.0000         0.37043
0.81000         0.85000        1.0000         0.36802
0.82000         0.85000        1.0000         0.36553
0.83000         0.85000        1.0000         0.36293
0.84000         0.85000        1.0000         0.36018
0.85000         0.85000        1.0000         0.35725
0.86000         0.85000        1.0000         0.35406
0.87000         0.85000        1.0000         0.35050
0.88000         0.85000        1.0000         0.34644
0.89000         0.85000        1.0000         0.34165
0.90000         0.85000        1.0000         0.33581
0.91000         0.85000        1.0000         0.32844
0.92000         0.85000        1.0000         0.31888
0.93000         0.85000        1.0000         0.30614
0.94000         0.85000        1.0000         0.28889
0.95000         0.85000        1.0000         0.26540
0.96000         0.85000        1.0000         0.23359
0.97000         0.85000        1.0000         0.19135
0.98000         0.85000        1.0000         0.13736
0.99000         0.85000        1.0000         0.072287
1.0000          0.85000        1.0000         1.6663E-17
0.0000          0.86000        1.0000         -2.6975E-18
0.010000        0.86000        1.0000         0.075815
0.020000        0.86000        1.0000         0.14379
0.030000        0.86000        1.0000         0.19981
0.040000        0.86000        1.0000         0.24324
0.050000        0.86000        1.0000         0.27563
0.060000        0.86000        1.0000         0.29931
0.070000        0.86000        1.0000         0.31654
0.080000        0.86000        1.0000         0.32914
0.090000        0.86000        1.0000         0.33853
0.10000         0.86000        1.0000         0.34572
0.11000         0.86000        1.0000         0.35140
0.12000         0.86000        1.0000         0.35605
0.13000         0.86000        1.0000         0.35998
0.14000         0.86000        1.0000         0.36342
0.15000         0.86000        1.0000         0.36652
0.16000         0.86000        1.0000         0.36937
0.17000         0.86000        1.0000         0.37204
0.18000         0.86000        1.0000         0.37458
0.19000         0.86000        1.0000         0.37702
0.20000         0.86000        1.0000         0.37937
0.21000         0.86000        1.0000         0.38167
0.22000         0.86000        1.0000         0.38391
0.23000         0.86000        1.0000         0.38610
0.24000         0.86000        1.0000         0.38826
0.25000         0.86000        1.0000         0.39039
0.26000         0.86000        1.0000         0.39249
0.27000         0.86000        1.0000         0.39456
0.28000         0.86000        1.0000         0.39661
0.29000         0.86000        1.0000         0.39863
0.30000         0.86000        1.0000         0.40064
0.31000         0.86000        1.0000         0.40262
0.32000         0.86000        1.0000         0.40459
0.33000         0.86000        1.0000         0.40654
0.34000         0.86000        1.0000         0.40848
0.35000         0.86000        1.0000         0.41040
0.36000         0.86000        1.0000         0.41230
0.37000         0.86000        1.0000         0.41420
0.38000         0.86000        1.0000         0.41608
0.39000         0.86000        1.0000         0.41795
0.40000         0.86000        1.0000         0.41980
0.41000         0.86000        1.0000         0.42165
0.42000         0.86000        1.0000         0.42349
0.43000         0.86000        1.0000         0.42532
0.44000         0.86000        1.0000         0.42716
0.45000         0.86000        1.0000         0.42901
0.46000         0.86000        1.0000         0.43091
0.47000         0.86000        1.0000         0.43290
0.48000         0.86000        1.0000         0.43501
0.49000         0.86000        1.0000         0.43696
0.50000         0.86000        1.0000         0.43785
0.51000         0.86000        1.0000         0.43696
0.52000         0.86000        1.0000         0.43501
0.53000         0.86000        1.0000         0.43290
0.54000         0.86000        1.0000         0.43091
0.55000         0.86000        1.0000         0.42901
0.56000         0.86000        1.0000         0.42716
0.57000         0.86000        1.0000         0.42532
0.58000         0.86000        1.0000         0.42349
0.59000         0.86000        1.0000         0.42165
0.60000         0.86000        1.0000         0.41980
0.61000         0.86000        1.0000         0.41795
0.62000         0.86000        1.0000         0.41608
0.63000         0.86000        1.0000         0.41420
0.64000         0.86000        1.0000         0.41230
0.65000         0.86000        1.0000         0.41040
0.66000         0.86000        1.0000         0.40848
0.67000         0.86000        1.0000         0.40654
0.68000         0.86000        1.0000         0.40459
0.69000         0.86000        1.0000         0.40262
0.70000         0.86000        1.0000         0.40064
0.71000         0.86000        1.0000         0.39863
0.72000         0.86000        1.0000         0.39661
0.73000         0.86000        1.0000         0.39456
0.74000         0.86000        1.0000         0.39249
0.75000         0.86000        1.0000         0.39039
0.76000         0.86000        1.0000         0.38826
0.77000         0.86000        1.0000         0.38610
0.78000         0.86000        1.0000         0.38391
0.79000         0.86000        1.0000         0.38167
0.80000         0.86000        1.0000         0.37937
0.81000         0.86000        1.0000         0.37702
0.82000         0.86000        1.0000         0.37458
0.83000         0.86000        1.0000         0.37204
0.84000         0.86000        1.0000         0.36937
0.85000         0.86000        1.0000         0.36652
0.86000         0.86000        1.0000         0.36342
0.87000         0.86000        1.0000         0.35998
0.88000         0.86000        1.0000         0.35604
0.89000         0.86000        1.0000         0.35140
0.90000         0.86000        1.0000         0.34572
0.91000         0.86000        1.0000         0.33853
0.92000         0.86000        1.0000         0.32914
0.93000         0.86000        1.0000         0.31654
0.94000         0.86000        1.0000         0.29931
0.95000         0.86000        1.0000         0.27563
0.96000         0.86000        1.0000         0.24324
0.97000         0.86000        1.0000         0.19981
0.98000         0.86000        1.0000         0.14379
0.99000         0.86000        1.0000         0.075815
1.0000          0.86000        1.0000         -7.0132E-18
0.0000          0.87000        1.0000         1.6200E-17
0.010000        0.87000        1.0000         0.079447
0.020000        0.87000        1.0000         0.15039
0.030000        0.87000        1.0000         0.20843
0.040000        0.87000        1.0000         0.25304
0.050000        0.87000        1.0000         0.28597
0.060000        0.87000        1.0000         0.30981
0.070000        0.87000        1.0000         0.32699
0.080000        0.87000        1.0000         0.33944
0.090000        0.87000        1.0000         0.34864
0.10000         0.87000        1.0000         0.35565
0.11000         0.87000        1.0000         0.36116
0.12000         0.87000        1.0000         0.36566
0.13000         0.87000        1.0000         0.36947
0.14000         0.87000        1.0000         0.37281
0.15000         0.87000        1.0000         0.37581
0.16000         0.87000        1.0000         0.37858
0.17000         0.87000        1.0000         0.38119
0.18000         0.87000        1.0000         0.38366
0.19000         0.87000        1.0000         0.38605
0.20000         0.87000        1.0000         0.38835
0.21000         0.87000        1.0000         0.39060
0.22000         0.87000        1.0000         0.39280
0.23000         0.87000        1.0000         0.39496
0.24000         0.87000        1.0000         0.39709
0.25000         0.87000        1.0000         0.39918
0.26000         0.87000        1.0000         0.40125
0.27000         0.87000        1.0000         0.40329
0.28000         0.87000        1.0000         0.40531
0.29000         0.87000        1.0000         0.40730
0.30000         0.87000        1.0000         0.40928
0.31000         0.87000        1.0000         0.41124
0.32000         0.87000        1.0000         0.41319
0.33000         0.87000        1.0000         0.41512
0.34000         0.87000        1.0000         0.41703
0.35000         0.87000        1.0000         0.41893
0.36000         0.87000        1.0000         0.42081
0.37000         0.87000        1.0000         0.42269
0.38000         0.87000        1.0000         0.42455
0.39000         0.87000        1.0000         0.42640
0.40000         0.87000        1.0000         0.42824
0.41000         0.87000        1.0000         0.43007
0.42000         0.87000        1.0000         0.43189
0.43000         0.87000        1.0000         0.43371
0.44000         0.87000        1.0000         0.43553
0.45000         0.87000        1.0000         0.43736
0.46000         0.87000        1.0000         0.43925
0.47000         0.87000        1.0000         0.44123
0.48000         0.87000        1.0000         0.44333
0.49000         0.87000        1.0000         0.44526
0.50000         0.87000        1.0000         0.44613
0.51000         0.87000        1.0000         0.44526
0.52000         0.87000        1.0000         0.44333
0.53000         0.87000        1.0000         0.44123
0.54000         0.87000        1.0000         0.43925
0.55000         0.87000        1.0000         0.43736
0.56000         0.87000        1.0000         0.43553
0.57000         0.87000        1.0000         0.43371
0.58000         0.87000        1.0000         0.43189
0.59000         0.87000        1.0000         0.43007
0.60000         0.87000        1.0000         0.42824
0.61000         0.87000        1.0000         0.42640
0.62000         0.87000        1.0000         0.42455
0.63000         0.87000        1.0000         0.42269
0.64000         0.87000        1.0000         0.42081
0.65000         0.87000        1.0000         0.41893
0.66000         0.87000        1.0000         0.41703
0.67000         0.87000        1.0000         0.41512
0.68000         0.87000        1.0000         0.41319
0.69000         0.87000        1.0000         0.41124
0.70000         0.87000        1.0000         0.40928
0.71000         0.87000        1.0000         0.40730
0.72000         0.87000        1.0000         0.40531
0.73000         0.87000        1.0000         0.40329
0.74000         0.87000        1.0000         0.40125
0.75000         0.87000        1.0000         0.39918
0.76000         0.87000        1.0000         0.39709
0.77000         0.87000        1.0000         0.39496
0.78000         0.87000        1.0000         0.39280
0.79000         0.87000        1.0000         0.39060
0.80000         0.87000        1.0000         0.38835
0.81000         0.87000        1.0000         0.38605
0.82000         0.87000        1.0000         0.38366
0.83000         0.87000        1.0000         0.38119
0.84000         0.87000        1.0000         0.37858
0.85000         0.87000        1.0000         0.37581
0.86000         0.87000        1.0000         0.37281
0.87000         0.87000        1.0000         0.36947
0.88000         0.87000        1.0000         0.36566
0.89000         0.87000        1.0000         0.36116
0.90000         0.87000        1.0000         0.35565
0.91000         0.87000        1.0000         0.34864
0.92000         0.87000        1.0000         0.33944
0.93000         0.87000        1.0000         0.32699
0.94000         0.87000        1.0000         0.30981
0.95000         0.87000        1.0000         0.28597
0.96000         0.87000        1.0000         0.25304
0.97000         0.87000        1.0000         0.20843
0.98000         0.87000        1.0000         0.15039
0.99000         0.87000        1.0000         0.079447
1.0000          0.87000        1.0000         0.0000
0.0000          0.88000        1.0000         0.0000
0.010000        0.88000        1.0000         0.083180
0.020000        0.88000        1.0000         0.15715
0.030000        0.88000        1.0000         0.21723
0.040000        0.88000        1.0000         0.26298
0.050000        0.88000        1.0000         0.29642
0.060000        0.88000        1.0000         0.32039
0.070000        0.88000        1.0000         0.33748
0.080000        0.88000        1.0000         0.34976
0.090000        0.88000        1.0000         0.35878
0.10000         0.88000        1.0000         0.36559
0.11000         0.88000        1.0000         0.37094
0.12000         0.88000        1.0000         0.37529
0.13000         0.88000        1.0000         0.37898
0.14000         0.88000        1.0000         0.38221
0.15000         0.88000        1.0000         0.38513
0.16000         0.88000        1.0000         0.38782
0.17000         0.88000        1.0000         0.39036
0.18000         0.88000        1.0000         0.39278
0.19000         0.88000        1.0000         0.39511
0.20000         0.88000        1.0000         0.39737
0.21000         0.88000        1.0000         0.39957
0.22000         0.88000        1.0000         0.40173
0.23000         0.88000        1.0000         0.40386
0.24000         0.88000        1.0000         0.40595
0.25000         0.88000        1.0000         0.40801
0.26000         0.88000        1.0000         0.41004
0.27000         0.88000        1.0000         0.41206
0.28000         0.88000        1.0000         0.41405
0.29000         0.88000        1.0000         0.41602
0.30000         0.88000        1.0000         0.41797
0.31000         0.88000        1.0000         0.41991
0.32000         0.88000        1.0000         0.42183
0.33000         0.88000        1.0000         0.42374
0.34000         0.88000        1.0000         0.42563
0.35000         0.88000        1.0000         0.42751
0.36000         0.88000        1.0000         0.42937
0.37000         0.88000        1.0000         0.43123
0.38000         0.88000        1.0000         0.43307
0.39000         0.88000        1.0000         0.43490
0.40000         0.88000        1.0000         0.43672
0.41000         0.88000        1.0000         0.43854
0.42000         0.88000        1.0000         0.44034
0.43000         0.88000        1.0000         0.44214
0.44000         0.88000        1.0000         0.44395
0.45000         0.88000        1.0000         0.44577
0.46000         0.88000        1.0000         0.44764
0.47000         0.88000        1.0000         0.44962
0.48000         0.88000        1.0000         0.45170
0.49000         0.88000        1.0000         0.45361
0.50000         0.88000        1.0000         0.45447
0.51000         0.88000        1.0000         0.45361
0.52000         0.88000        1.0000         0.45170
0.53000         0.88000        1.0000         0.44962
0.54000         0.88000        1.0000         0.44764
0.55000         0.88000        1.0000         0.44577
0.56000         0.88000        1.0000         0.44395
0.57000         0.88000        1.0000         0.44214
0.58000         0.88000        1.0000         0.44034
0.59000         0.88000        1.0000         0.43854
0.60000         0.88000        1.0000         0.43672
0.61000         0.88000        1.0000         0.43490
0.62000         0.88000        1.0000         0.43307
0.63000         0.88000        1.0000         0.43123
0.64000         0.88000        1.0000         0.42937
0.65000         0.88000        1.0000         0.42751
0.66000         0.88000        1.0000         0.42563
0.67000         0.88000        1.0000         0.42374
0.68000         0.88000        1.0000         0.42183
0.69000         0.88000        1.0000         0.41991
0.70000         0.88000        1.0000         0.41797
0.71000         0.88000        1.0000         0.41602
0.72000         0.88000        1.0000         0.41405
0.73000         0.88000        1.0000         0.41206
0.74000         0.88000        1.0000         0.41004
0.75000         0.88000        1.0000         0.40801
0.76000         0.88000        1.0000         0.40595
0.77000         0.88000        1.0000         0.40386
0.78000         0.88000        1.0000         0.40173
0.79000         0.88000        1.0000         0.39957
0.80000         0.88000        1.0000         0.39737
0.81000         0.88000        1.0000         0.39511
0.82000         0.88000        1.0000         0.39278
0.83000         0.88000        1.0000         0.39036
0.84000         0.88000        1.0000         0.38782
0.85000         0.88000        1.0000         0.38513
0.86000         0.88000        1.0000         0.38221
0.87000         0.88000        1.0000         0.37898
0.88000         0.88000        1.0000         0.37529
0.89000         0.88000        1.0000         0.37094
0.90000         0.88000        1.0000         0.36559
0.91000         0.88000        1.0000         0.35877
0.92000         0.88000        1.0000         0.34976
0.93000         0.88000        1.0000         0.33748
0.94000         0.88000        1.0000         0.32039
0.95000         0.88000        1.0000         0.29642
0.96000         0.88000        1.0000         0.26298
0.97000         0.88000        1.0000         0.21723
0.98000         0.88000        1.0000         0.15715
0.99000         0.88000        1.0000         0.083180
1.0000          0.88000        1.0000         -1.3730E-18
0.0000          0.89000        1.0000         -3.2912E-18
0.010000        0.89000        1.0000         0.087015
0.020000        0.89000        1.0000         0.16406
0.030000        0.89000        1.0000         0.22619
0.040000        0.89000        1.0000         0.27306
0.050000        0.89000        1.0000         0.30697
0.060000        0.89000        1.0000         0.33103
0.070000        0.89000        1.0000         0.34801
0.080000        0.89000        1.0000         0.36011
0.090000        0.89000        1.0000         0.36892
0.10000         0.89000        1.0000         0.37555
0.11000         0.89000        1.0000         0.38072
0.12000         0.89000        1.0000         0.38494
0.13000         0.89000        1.0000         0.38850
0.14000         0.89000        1.0000         0.39163
0.15000         0.89000        1.0000         0.39446
0.16000         0.89000        1.0000         0.39708
0.17000         0.89000        1.0000         0.39955
0.18000         0.89000        1.0000         0.40192
0.19000         0.89000        1.0000         0.40420
0.20000         0.89000        1.0000         0.40641
0.21000         0.89000        1.0000         0.40858
0.22000         0.89000        1.0000         0.41070
0.23000         0.89000        1.0000         0.41279
0.24000         0.89000        1.0000         0.41484
0.25000         0.89000        1.0000         0.41687
0.26000         0.89000        1.0000         0.41888
0.27000         0.89000        1.0000         0.42087
0.28000         0.89000        1.0000         0.42283
0.29000         0.89000        1.0000         0.42478
0.30000         0.89000        1.0000         0.42671
0.31000         0.89000        1.0000         0.42862
0.32000         0.89000        1.0000         0.43052
0.33000         0.89000        1.0000         0.43240
0.34000         0.89000        1.0000         0.43427
0.35000         0.89000        1.0000         0.43613
0.36000         0.89000        1.0000         0.43798
0.37000         0.89000        1.0000         0.43981
0.38000         0.89000        1.0000         0.44164
0.39000         0.89000        1.0000         0.44345
0.40000         0.89000        1.0000         0.44526
0.41000         0.89000        1.0000         0.44705
0.42000         0.89000        1.0000         0.44884
0.43000         0.89000        1.0000         0.45063
0.44000         0.89000        1.0000         0.45242
0.45000         0.89000        1.0000         0.45423
0.46000         0.89000        1.0000         0.45609
0.47000         0.89000        1.0000         0.45805
0.48000         0.89000        1.0000         0.46012
0.49000         0.89000        1.0000         0.46202
0.50000         0.89000        1.0000         0.46287
0.51000         0.89000        1.0000         0.46202
0.52000         0.89000        1.0000         0.46012
0.53000         0.89000        1.0000         0.45805
0.54000         0.89000        1.0000         0.45609
0.55000         0.89000        1.0000         0.45423
0.56000         0.89000        1.0000         0.45242
0.57000         0.89000        1.0000         0.45063
0.58000         0.89000        1.0000         0.44884
0.59000         0.89000        1.0000         0.44705
0.60000         0.89000        1.0000         0.44526
0.61000         0.89000        1.0000         0.44345
0.62000         0.89000        1.0000         0.44164
0.63000         0.89000        1.0000         0.43981
0.64000         0.89000        1.0000         0.43798
0.65000         0.89000        1.0000         0.43613
0.66000         0.89000        1.0000         0.43427
0.67000         0.89000        1.0000         0.43240
0.68000         0.89000        1.0000         0.43052
0.69000         0.89000        1.0000         0.42862
0.70000         0.89000        1.0000         0.42671
0.71000         0.89000        1.0000         0.42478
0.72000         0.89000        1.0000         0.42283
0.73000         0.89000        1.0000         0.42087
0.74000         0.89000        1.0000         0.41888
0.75000         0.89000        1.0000         0.41687
0.76000         0.89000        1.0000         0.41484
0.77000         0.89000        1.0000         0.41279
0.78000         0.89000        1.0000         0.41070
0.79000         0.89000        1.0000         0.40858
0.80000         0.89000        1.0000         0.40641
0.81000         0.89000        1.0000         0.40420
0.82000         0.89000        1.0000         0.40192
0.83000         0.89000        1.0000         0.39955
0.84000         0.89000        1.0000         0.39708
0.85000         0.89000        1.0000         0.39446
0.86000         0.89000        1.0000         0.39163
0.87000         0.89000        1.0000         0.38850
0.88000         0.89000        1.0000         0.38493
0.89000         0.89000        1.0000         0.38072
0.90000         0.89000        1.0000         0.37555
0.91000         0.89000        1.0000         0.36892
0.92000         0.89000        1.0000         0.36011
0.93000         0.89000        1.0000         0.34801
0.94000         0.89000        1.0000         0.33103
0.95000         0.89000        1.0000         0.30697
0.96000         0.89000        1.0000         0.27306
0.97000         0.89000        1.0000         0.22619
0.98000         0.89000        1.0000         0.16406
0.99000         0.89000        1.0000         0.087015
1.0000          0.89000        1.0000         -6.5598E-18
0.0000          0.90000        1.0000         1.8774E-18
0.010000        0.90000        1.0000         0.090949
0.020000        0.90000        1.0000         0.17113
0.030000        0.90000        1.0000         0.23531
0.040000        0.90000        1.0000         0.28327
0.050000        0.90000        1.0000         0.31761
0.060000        0.90000        1.0000         0.34172
0.070000        0.90000        1.0000         0.35857
0.080000        0.90000        1.0000         0.37047
0.090000        0.90000        1.0000         0.37907
0.10000         0.90000        1.0000         0.38550
0.11000         0.90000        1.0000         0.39051
0.12000         0.90000        1.0000         0.39458
0.13000         0.90000        1.0000         0.39803
0.14000         0.90000        1.0000         0.40106
0.15000         0.90000        1.0000         0.40381
0.16000         0.90000        1.0000         0.40636
0.17000         0.90000        1.0000         0.40877
0.18000         0.90000        1.0000         0.41108
0.19000         0.90000        1.0000         0.41331
0.20000         0.90000        1.0000         0.41548
0.21000         0.90000        1.0000         0.41761
0.22000         0.90000        1.0000         0.41969
0.23000         0.90000        1.0000         0.42175
0.24000         0.90000        1.0000         0.42377
0.25000         0.90000        1.0000         0.42577
0.26000         0.90000        1.0000         0.42775
0.27000         0.90000        1.0000         0.42971
0.28000         0.90000        1.0000         0.43165
0.29000         0.90000        1.0000         0.43357
0.30000         0.90000        1.0000         0.43548
0.31000         0.90000        1.0000         0.43737
0.32000         0.90000        1.0000         0.43925
0.33000         0.90000        1.0000         0.44111
0.34000         0.90000        1.0000         0.44296
0.35000         0.90000        1.0000         0.44480
0.36000         0.90000        1.0000         0.44663
0.37000         0.90000        1.0000         0.44844
0.38000         0.90000        1.0000         0.45025
0.39000         0.90000        1.0000         0.45205
0.40000         0.90000        1.0000         0.45384
0.41000         0.90000        1.0000         0.45562
0.42000         0.90000        1.0000         0.45739
0.43000         0.90000        1.0000         0.45916
0.44000         0.90000        1.0000         0.46094
0.45000         0.90000        1.0000         0.46274
0.46000         0.90000        1.0000         0.46459
0.47000         0.90000        1.0000         0.46654
0.48000         0.90000        1.0000         0.46860
0.49000         0.90000        1.0000         0.47048
0.50000         0.90000        1.0000         0.47131
0.51000         0.90000        1.0000         0.47048
0.52000         0.90000        1.0000         0.46860
0.53000         0.90000        1.0000         0.46654
0.54000         0.90000        1.0000         0.46459
0.55000         0.90000        1.0000         0.46274
0.56000         0.90000        1.0000         0.46094
0.57000         0.90000        1.0000         0.45916
0.58000         0.90000        1.0000         0.45739
0.59000         0.90000        1.0000         0.45562
0.60000         0.90000        1.0000         0.45384
0.61000         0.90000        1.0000         0.45205
0.62000         0.90000        1.0000         0.45025
0.63000         0.90000        1.0000         0.44844
0.64000         0.90000        1.0000         0.44663
0.65000         0.90000        1.0000         0.44480
0.66000         0.90000        1.0000         0.44296
0.67000         0.90000        1.0000         0.44111
0.68000         0.90000        1.0000         0.43925
0.69000         0.90000        1.0000         0.43737
0.70000         0.90000        1.0000         0.43548
0.71000         0.90000        1.0000         0.43357
0.72000         0.90000        1.0000         0.43165
0.73000         0.90000        1.0000         0.42971
0.74000         0.90000        1.0000         0.42775
0.75000         0.90000        1.0000         0.42577
0.76000         0.90000        1.0000         0.42377
0.77000         0.90000        1.0000         0.42175
0.78000         0.90000        1.0000         0.41969
0.79000         0.90000        1.0000         0.41761
0.80000         0.90000        1.0000         0.41548
0.81000         0.90000        1.0000         0.41331
0.82000         0.90000        1.0000         0.41108
0.83000         0.90000        1.0000         0.40877
0.84000         0.90000        1.0000         0.40636
0.85000         0.90000        1.0000         0.40381
0.86000         0.90000        1.0000         0.40106
0.87000         0.90000        1.0000         0.39803
0.88000         0.90000        1.0000         0.39458
0.89000         0.90000        1.0000         0.39051
0.90000         0.90000        1.0000         0.38550
0.91000         0.90000        1.0000         0.37907
0.92000         0.90000        1.0000         0.37047
0.93000         0.90000        1.0000         0.35857
0.94000         0.90000        1.0000         0.34172
0.95000         0.90000        1.0000         0.31761
0.96000         0.90000        1.0000         0.28327
0.97000         0.90000        1.0000         0.23531
0.98000         0.90000        1.0000         0.17113
0.99000         0.90000        1.0000         0.090949
1.0000          0.90000        1.0000         -3.5905E-19
0.0000          0.91000        1.0000         1.7610E-17
0.010000        0.91000        1.0000         0.094974
0.020000        0.91000        1.0000         0.17834
0.030000        0.91000        1.0000         0.24456
0.040000        0.91000        1.0000         0.29359
0.050000        0.91000        1.0000         0.32832
0.060000        0.91000        1.0000         0.35245
0.070000        0.91000        1.0000         0.36915
0.080000        0.91000        1.0000         0.38084
0.090000        0.91000        1.0000         0.38922
0.10000         0.91000        1.0000         0.39546
0.11000         0.91000        1.0000         0.40030
0.12000         0.91000        1.0000         0.40423
0.13000         0.91000        1.0000         0.40756
0.14000         0.91000        1.0000         0.41050
0.15000         0.91000        1.0000         0.41317
0.16000         0.91000        1.0000         0.41565
0.17000         0.91000        1.0000         0.41800
0.18000         0.91000        1.0000         0.42026
0.19000         0.91000        1.0000         0.42245
0.20000         0.91000        1.0000         0.42458
0.21000         0.91000        1.0000         0.42667
0.22000         0.91000        1.0000         0.42872
0.23000         0.91000        1.0000         0.43074
0.24000         0.91000        1.0000         0.43274
0.25000         0.91000        1.0000         0.43471
0.26000         0.91000        1.0000         0.43666
0.27000         0.91000        1.0000         0.43859
0.28000         0.91000        1.0000         0.44050
0.29000         0.91000        1.0000         0.44240
0.30000         0.91000        1.0000         0.44429
0.31000         0.91000        1.0000         0.44616
0.32000         0.91000        1.0000         0.44801
0.33000         0.91000        1.0000         0.44985
0.34000         0.91000        1.0000         0.45169
0.35000         0.91000        1.0000         0.45351
0.36000         0.91000        1.0000         0.45532
0.37000         0.91000        1.0000         0.45711
0.38000         0.91000        1.0000         0.45890
0.39000         0.91000        1.0000         0.46068
0.40000         0.91000        1.0000         0.46246
0.41000         0.91000        1.0000         0.46422
0.42000         0.91000        1.0000         0.46598
0.43000         0.91000        1.0000         0.46774
0.44000         0.91000        1.0000         0.46950
0.45000         0.91000        1.0000         0.47129
0.46000         0.91000        1.0000         0.47313
0.47000         0.91000        1.0000         0.47508
0.48000         0.91000        1.0000         0.47712
0.49000         0.91000        1.0000         0.47898
0.50000         0.91000        1.0000         0.47981
0.51000         0.91000        1.0000         0.47898
0.52000         0.91000        1.0000         0.47712
0.53000         0.91000        1.0000         0.47508
0.54000         0.91000        1.0000         0.47313
0.55000         0.91000        1.0000         0.47129
0.56000         0.91000        1.0000         0.46950
0.57000         0.91000        1.0000         0.46774
0.58000         0.91000        1.0000         0.46598
0.59000         0.91000        1.0000         0.46422
0.60000         0.91000        1.0000         0.46246
0.61000         0.91000        1.0000         0.46068
0.62000         0.91000        1.0000         0.45890
0.63000         0.91000        1.0000         0.45711
0.64000         0.91000        1.0000         0.45532
0.65000         0.91000        1.0000         0.45351
0.66000         0.91000        1.0000         0.45169
0.67000         0.91000        1.0000         0.44985
0.68000         0.91000        1.0000         0.44801
0.69000         0.91000        1.0000         0.44616
0.70000         0.91000        1.0000         0.44429
0.71000         0.91000        1.0000         0.44240
0.72000         0.91000        1.0000         0.44050
0.73000         0.91000        1.0000         0.43859
0.74000         0.91000        1.0000         0.43666
0.75000         0.91000        1.0000         0.43471
0.76000         0.91000        1.0000         0.43274
0.77000         0.91000        1.0000         0.43074
0.78000         0.91000        1.0000         0.42872
0.79000         0.91000        1.0000         0.42667
0.80000         0.91000        1.0000         0.42458
0.81000         0.91000        1.0000         0.42245
0.82000         0.91000        1.0000         0.42026
0.83000         0.91000        1.0000         0.41800
0.84000         0.91000        1.0000         0.41565
0.85000         0.91000        1.0000         0.41317
0.86000         0.91000        1.0000         0.41050
0.87000         0.91000        1.0000         0.40756
0.88000         0.91000        1.0000         0.40423
0.89000         0.91000        1.0000         0.40030
0.90000         0.91000        1.0000         0.39546
0.91000         0.91000        1.0000         0.38922
0.92000         0.91000        1.0000         0.38083
0.93000         0.91000        1.0000         0.36915
0.94000         0.91000        1.0000         0.35245
0.95000         0.91000        1.0000         0.32832
0.96000         0.91000        1.0000         0.29358
0.97000         0.91000        1.0000         0.24456
0.98000         0.91000        1.0000         0.17834
0.99000         0.91000        1.0000         0.094974
1.0000          0.91000        1.0000         1.4362E-17
0.0000          0.92000        1.0000         -3.8727E-18
0.010000        0.92000        1.0000         0.099068
0.020000        0.92000        1.0000         0.18566
0.030000        0.92000        1.0000         0.25394
0.040000        0.92000        1.0000         0.30399
0.050000        0.92000        1.0000         0.33909
0.060000        0.92000        1.0000         0.36321
0.070000        0.92000        1.0000         0.37973
0.080000        0.92000        1.0000         0.39120
0.090000        0.92000        1.0000         0.39936
0.10000         0.92000        1.0000         0.40540
0.11000         0.92000        1.0000         0.41008
0.12000         0.92000        1.0000         0.41388
0.13000         0.92000        1.0000         0.41710
0.14000         0.92000        1.0000         0.41994
0.15000         0.92000        1.0000         0.42253
0.16000         0.92000        1.0000         0.42495
0.17000         0.92000        1.0000         0.42725
0.18000         0.92000        1.0000         0.42946
0.19000         0.92000        1.0000         0.43160
0.20000         0.92000        1.0000         0.43370
0.21000         0.92000        1.0000         0.43575
0.22000         0.92000        1.0000         0.43777
0.23000         0.92000        1.0000         0.43976
0.24000         0.92000        1.0000         0.44172
0.25000         0.92000        1.0000         0.44367
0.26000         0.92000        1.0000         0.44559
0.27000         0.92000        1.0000         0.44750
0.28000         0.92000        1.0000         0.44939
0.29000         0.92000        1.0000         0.45127
0.30000         0.92000        1.0000         0.45313
0.31000         0.92000        1.0000         0.45498
0.32000         0.92000        1.0000         0.45681
0.33000         0.92000        1.0000         0.45864
0.34000         0.92000        1.0000         0.46045
0.35000         0.92000        1.0000         0.46225
0.36000         0.92000        1.0000         0.46404
0.37000         0.92000        1.0000         0.46582
0.38000         0.92000        1.0000         0.46760
0.39000         0.92000        1.0000         0.46936
0.40000         0.92000        1.0000         0.47112
0.41000         0.92000        1.0000         0.47287
0.42000         0.92000        1.0000         0.47462
0.43000         0.92000        1.0000         0.47636
0.44000         0.92000        1.0000         0.47811
0.45000         0.92000        1.0000         0.47989
0.46000         0.92000        1.0000         0.48172
0.47000         0.92000        1.0000         0.48366
0.48000         0.92000        1.0000         0.48569
0.49000         0.92000        1.0000         0.48754
0.50000         0.92000        1.0000         0.48836
0.51000         0.92000        1.0000         0.48754
0.52000         0.92000        1.0000         0.48569
0.53000         0.92000        1.0000         0.48366
0.54000         0.92000        1.0000         0.48172
0.55000         0.92000        1.0000         0.47989
0.56000         0.92000        1.0000         0.47811
0.57000         0.92000        1.0000         0.47636
0.58000         0.92000        1.0000         0.47462
0.59000         0.92000        1.0000         0.47287
0.60000         0.92000        1.0000         0.47112
0.61000         0.92000        1.0000         0.46936
0.62000         0.92000        1.0000         0.46760
0.63000         0.92000        1.0000         0.46582
0.64000         0.92000        1.0000         0.46404
0.65000         0.92000        1.0000         0.46225
0.66000         0.92000        1.0000         0.46045
0.67000         0.92000        1.0000         0.45864
0.68000         0.92000        1.0000         0.45681
0.69000         0.92000        1.0000         0.45498
0.70000         0.92000        1.0000         0.45313
0.71000         0.92000        1.0000         0.45127
0.72000         0.92000        1.0000         0.44939
0.73000         0.92000        1.0000         0.44750
0.74000         0.92000        1.0000         0.44559
0.75000         0.92000        1.0000         0.44367
0.76000         0.92000        1.0000         0.44172
0.77000         0.92000        1.0000         0.43976
0.78000         0.92000        1.0000         0.43777
0.79000         0.92000        1.0000         0.43575
0.80000         0.92000        1.0000         0.43370
0.81000         0.92000        1.0000         0.43160
0.82000         0.92000        1.0000         0.42946
0.83000         0.92000        1.0000         0.42725
0.84000         0.92000        1.0000         0.42495
0.85000         0.92000        1.0000         0.42253
0.86000         0.92000        1.0000         0.41994
0.87000         0.92000        1.0000         0.41710
0.88000         0.92000        1.0000         0.41388
0.89000         0.92000        1.0000         0.41008
0.90000         0.92000        1.0000         0.40540
0.91000         0.92000        1.0000         0.39936
0.92000         0.92000        1.0000         0.39120
0.93000         0.92000        1.0000         0.37974
0.94000         0.92000        1.0000         0.36321
0.95000         0.92000        1.0000         0.33909
0.96000         0.92000        1.0000         0.30399
0.97000         0.92000        1.0000         0.25394
0.98000         0.92000        1.0000         0.18566
0.99000         0.92000        1.0000         0.099068
1.0000          0.92000        1.0000         -5.1546E-18
0.0000          0.93000        1.0000         2.9729E-18
0.010000        0.93000        1.0000         0.10317
0.020000        0.93000        1.0000         0.19301
0.030000        0.93000        1.0000         0.26335
0.040000        0.93000        1.0000         0.31443
0.050000        0.93000        1.0000         0.34987
0.060000        0.93000        1.0000         0.37397
0.070000        0.93000        1.0000         0.39031
0.080000        0.93000        1.0000         0.40153
0.090000        0.93000        1.0000         0.40947
0.10000         0.93000        1.0000         0.41533
0.11000         0.93000        1.0000         0.41984
0.12000         0.93000        1.0000         0.42351
0.13000         0.93000        1.0000         0.42662
0.14000         0.93000        1.0000         0.42938
0.15000         0.93000        1.0000         0.43190
0.16000         0.93000        1.0000         0.43426
0.17000         0.93000        1.0000         0.43650
0.18000         0.93000        1.0000         0.43867
0.19000         0.93000        1.0000         0.44077
0.20000         0.93000        1.0000         0.44282
0.21000         0.93000        1.0000         0.44484
0.22000         0.93000        1.0000         0.44683
0.23000         0.93000        1.0000         0.44879
0.24000         0.93000        1.0000         0.45073
0.25000         0.93000        1.0000         0.45265
0.26000         0.93000        1.0000         0.45455
0.27000         0.93000        1.0000         0.45643
0.28000         0.93000        1.0000         0.45830
0.29000         0.93000        1.0000         0.46016
0.30000         0.93000        1.0000         0.46200
0.31000         0.93000        1.0000         0.46383
0.32000         0.93000        1.0000         0.46564
0.33000         0.93000        1.0000         0.46745
0.34000         0.93000        1.0000         0.46924
0.35000         0.93000        1.0000         0.47103
0.36000         0.93000        1.0000         0.47280
0.37000         0.93000        1.0000         0.47457
0.38000         0.93000        1.0000         0.47632
0.39000         0.93000        1.0000         0.47807
0.40000         0.93000        1.0000         0.47982
0.41000         0.93000        1.0000         0.48155
0.42000         0.93000        1.0000         0.48329
0.43000         0.93000        1.0000         0.48502
0.44000         0.93000        1.0000         0.48676
0.45000         0.93000        1.0000         0.48852
0.46000         0.93000        1.0000         0.49035
0.47000         0.93000        1.0000         0.49228
0.48000         0.93000        1.0000         0.49430
0.49000         0.93000        1.0000         0.49613
0.50000         0.93000        1.0000         0.49694
0.51000         0.93000        1.0000         0.49613
0.52000         0.93000        1.0000         0.49430
0.53000         0.93000        1.0000         0.49228
0.54000         0.93000        1.0000         0.49035
0.55000         0.93000        1.0000         0.48852
0.56000         0.93000        1.0000         0.48676
0.57000         0.93000        1.0000         0.48502
0.58000         0.93000        1.0000         0.48329
0.59000         0.93000        1.0000         0.48155
0.60000         0.93000        1.0000         0.47982
0.61000         0.93000        1.0000         0.47807
0.62000         0.93000        1.0000         0.47632
0.63000         0.93000        1.0000         0.47457
0.64000         0.93000        1.0000         0.47280
0.65000         0.93000        1.0000         0.47103
0.66000         0.93000        1.0000         0.46924
0.67000         0.93000        1.0000         0.46745
0.68000         0.93000        1.0000         0.46564
0.69000         0.93000        1.0000         0.46383
0.70000         0.93000        1.0000         0.46200
0.71000         0.93000        1.0000         0.46016
0.72000         0.93000        1.0000         0.45830
0.73000         0.93000        1.0000         0.45643
0.74000         0.93000        1.0000         0.45455
0.75000         0.93000        1.0000         0.45265
0.76000         0.93000        1.0000         0.45073
0.77000         0.93000        1.0000         0.44879
0.78000         0.93000        1.0000         0.44683
0.79000         0.93000        1.0000         0.44484
0.80000         0.93000        1.0000         0.44282
0.81000         0.93000        1.0000         0.44077
0.82000         0.93000        1.0000         0.43867
0.83000         0.93000        1.0000         0.43650
0.84000         0.93000        1.0000         0.43426
0.85000         0.93000        1.0000         0.43190
0.86000         0.93000        1.0000         0.42938
0.87000         0.93000        1.0000         0.42662
0.88000         0.93000        1.0000         0.42351
0.89000         0.93000        1.0000         0.41984
0.90000         0.93000        1.0000         0.41533
0.91000         0.93000        1.0000         0.40947
0.92000         0.93000        1.0000         0.40153
0.93000         0.93000        1.0000         0.39031
0.94000         0.93000        1.0000         0.37397
0.95000         0.93000        1.0000         0.34987
0.96000         0.93000        1.0000         0.31442
0.97000         0.93000        1.0000         0.26335
0.98000         0.93000        1.0000         0.19301
0.99000         0.93000        1.0000         0.10317
1.0000          0.93000        1.0000         -4.0776E-19
0.0000          0.94000        1.0000         0.0000
0.010000        0.94000        1.0000         0.10707
0.020000        0.94000        1.0000         0.20012
0.030000        0.94000        1.0000         0.27257
0.040000        0.94000        1.0000         0.32473
0.050000        0.94000        1.0000         0.36054
0.060000        0.94000        1.0000         0.38462
0.070000        0.94000        1.0000         0.40077
0.080000        0.94000        1.0000         0.41178
0.090000        0.94000        1.0000         0.41950
0.10000         0.94000        1.0000         0.42517
0.11000         0.94000        1.0000         0.42953
0.12000         0.94000        1.0000         0.43307
0.13000         0.94000        1.0000         0.43609
0.14000         0.94000        1.0000         0.43877
0.15000         0.94000        1.0000         0.44122
0.16000         0.94000        1.0000         0.44352
0.17000         0.94000        1.0000         0.44572
0.18000         0.94000        1.0000         0.44784
0.19000         0.94000        1.0000         0.44990
0.20000         0.94000        1.0000         0.45193
0.21000         0.94000        1.0000         0.45391
0.22000         0.94000        1.0000         0.45587
0.23000         0.94000        1.0000         0.45781
0.24000         0.94000        1.0000         0.45972
0.25000         0.94000        1.0000         0.46162
0.26000         0.94000        1.0000         0.46350
0.27000         0.94000        1.0000         0.46536
0.28000         0.94000        1.0000         0.46721
0.29000         0.94000        1.0000         0.46904
0.30000         0.94000        1.0000         0.47086
0.31000         0.94000        1.0000         0.47267
0.32000         0.94000        1.0000         0.47447
0.33000         0.94000        1.0000         0.47626
0.34000         0.94000        1.0000         0.47804
0.35000         0.94000        1.0000         0.47980
0.36000         0.94000        1.0000         0.48156
0.37000         0.94000        1.0000         0.48332
0.38000         0.94000        1.0000         0.48506
0.39000         0.94000        1.0000         0.48679
0.40000         0.94000        1.0000         0.48852
0.41000         0.94000        1.0000         0.49025
0.42000         0.94000        1.0000         0.49197
0.43000         0.94000        1.0000         0.49369
0.44000         0.94000        1.0000         0.49542
0.45000         0.94000        1.0000         0.49718
0.46000         0.94000        1.0000         0.49899
0.47000         0.94000        1.0000         0.50091
0.48000         0.94000        1.0000         0.50293
0.49000         0.94000        1.0000         0.50474
0.50000         0.94000        1.0000         0.50554
0.51000         0.94000        1.0000         0.50474
0.52000         0.94000        1.0000         0.50293
0.53000         0.94000        1.0000         0.50091
0.54000         0.94000        1.0000         0.49899
0.55000         0.94000        1.0000         0.49718
0.56000         0.94000        1.0000         0.49542
0.57000         0.94000        1.0000         0.49369
0.58000         0.94000        1.0000         0.49197
0.59000         0.94000        1.0000         0.49025
0.60000         0.94000        1.0000         0.48852
0.61000         0.94000        1.0000         0.48679
0.62000         0.94000        1.0000         0.48506
0.63000         0.94000        1.0000         0.48332
0.64000         0.94000        1.0000         0.48156
0.65000         0.94000        1.0000         0.47980
0.66000         0.94000        1.0000         0.47804
0.67000         0.94000        1.0000         0.47626
0.68000         0.94000        1.0000         0.47447
0.69000         0.94000        1.0000         0.47267
0.70000         0.94000        1.0000         0.47086
0.71000         0.94000        1.0000         0.46904
0.72000         0.94000        1.0000         0.46721
0.73000         0.94000        1.0000         0.46536
0.74000         0.94000        1.0000         0.46350
0.75000         0.94000        1.0000         0.46162
0.76000         0.94000        1.0000         0.45972
0.77000         0.94000        1.0000         0.45781
0.78000         0.94000        1.0000         0.45587
0.79000         0.94000        1.0000         0.45391
0.80000         0.94000        1.0000         0.45193
0.81000         0.94000        1.0000         0.44990
0.82000         0.94000        1.0000         0.44784
0.83000         0.94000        1.0000         0.44572
0.84000         0.94000        1.0000         0.44352
0.85000         0.94000        1.0000         0.44122
0.86000         0.94000        1.0000         0.43877
0.87000         0.94000        1.0000         0.43609
0.88000         0.94000        1.0000         0.43307
0.89000         0.94000        1.0000         0.42953
0.90000         0.94000        1.0000         0.42517
0.91000         0.94000        1.0000         0.41950
0.92000         0.94000        1.0000         0.41177
0.93000         0.94000        1.0000         0.40077
0.94000         0.94000        1.0000         0.38462
0.95000         0.94000        1.0000         0.36053
0.96000         0.94000        1.0000         0.32471
0.97000         0.94000        1.0000         0.27257
0.98000         0.94000        1.0000         0.20012
0.99000         0.94000        1.0000         0.10707
1.0000          0.94000        1.0000         -1.8848E-17
0.0000          0.95000        1.0000         2.0410E-17
0.010000        0.95000        1.0000         0.11022
0.020000        0.95000        1.0000         0.20623
0.030000        0.95000        1.0000         0.28089
0.040000        0.95000        1.0000         0.33432
0.050000        0.95000        1.0000         0.37065
0.060000        0.95000        1.0000         0.39480
0.070000        0.95000        1.0000         0.41083
0.080000        0.95000        1.0000         0.42165
0.090000        0.95000        1.0000         0.42919
0.10000         0.95000        1.0000         0.43469
0.11000         0.95000        1.0000         0.43892
0.12000         0.95000        1.0000         0.44235
0.13000         0.95000        1.0000         0.44528
0.14000         0.95000        1.0000         0.44789
0.15000         0.95000        1.0000         0.45028
0.16000         0.95000        1.0000         0.45254
0.17000         0.95000        1.0000         0.45470
0.18000         0.95000        1.0000         0.45678
0.19000         0.95000        1.0000         0.45882
0.20000         0.95000        1.0000         0.46081
0.21000         0.95000        1.0000         0.46278
0.22000         0.95000        1.0000         0.46472
0.23000         0.95000        1.0000         0.46663
0.24000         0.95000        1.0000         0.46852
0.25000         0.95000        1.0000         0.47040
0.26000         0.95000        1.0000         0.47226
0.27000         0.95000        1.0000         0.47411
0.28000         0.95000        1.0000         0.47594
0.29000         0.95000        1.0000         0.47776
0.30000         0.95000        1.0000         0.47957
0.31000         0.95000        1.0000         0.48136
0.32000         0.95000        1.0000         0.48315
0.33000         0.95000        1.0000         0.48492
0.34000         0.95000        1.0000         0.48669
0.35000         0.95000        1.0000         0.48845
0.36000         0.95000        1.0000         0.49019
0.37000         0.95000        1.0000         0.49194
0.38000         0.95000        1.0000         0.49367
0.39000         0.95000        1.0000         0.49539
0.40000         0.95000        1.0000         0.49711
0.41000         0.95000        1.0000         0.49883
0.42000         0.95000        1.0000         0.50054
0.43000         0.95000        1.0000         0.50225
0.44000         0.95000        1.0000         0.50398
0.45000         0.95000        1.0000         0.50573
0.46000         0.95000        1.0000         0.50754
0.47000         0.95000        1.0000         0.50946
0.48000         0.95000        1.0000         0.51147
0.49000         0.95000        1.0000         0.51326
0.50000         0.95000        1.0000         0.51405
0.51000         0.95000        1.0000         0.51326
0.52000         0.95000        1.0000         0.51147
0.53000         0.95000        1.0000         0.50946
0.54000         0.95000        1.0000         0.50754
0.55000         0.95000        1.0000         0.50573
0.56000         0.95000        1.0000         0.50398
0.57000         0.95000        1.0000         0.50225
0.58000         0.95000        1.0000         0.50054
0.59000         0.95000        1.0000         0.49883
0.60000         0.95000        1.0000         0.49711
0.61000         0.95000        1.0000         0.49539
0.62000         0.95000        1.0000         0.49367
0.63000         0.95000        1.0000         0.49194
0.64000         0.95000        1.0000         0.49019
0.65000         0.95000        1.0000         0.48845
0.66000         0.95000        1.0000         0.48669
0.67000         0.95000        1.0000         0.48492
0.68000         0.95000        1.0000         0.48315
0.69000         0.95000        1.0000         0.48136
0.70000         0.95000        1.0000         0.47957
0.71000         0.95000        1.0000         0.47776
0.72000         0.95000        1.0000         0.47594
0.73000         0.95000        1.0000         0.47411
0.74000         0.95000        1.0000         0.47226
0.75000         0.95000        1.0000         0.47040
0.76000         0.95000        1.0000         0.46852
0.77000         0.95000        1.0000         0.46663
0.78000         0.95000        1.0000         0.46472
0.79000         0.95000        1.0000         0.46278
0.80000         0.95000        1.0000         0.46081
0.81000         0.95000        1.0000         0.45882
0.82000         0.95000        1.0000         0.45678
0.83000         0.95000        1.0000         0.45470
0.84000         0.95000        1.0000         0.45254
0.85000         0.95000        1.0000         0.45028
0.86000         0.95000        1.0000         0.44789
0.87000         0.95000        1.0000         0.44528
0.88000         0.95000        1.0000         0.44235
0.89000         0.95000        1.0000         0.43892
0.90000         0.95000        1.0000         0.43469
0.91000         0.95000        1.0000         0.42919
0.92000         0.95000        1.0000         0.42165
0.93000         0.95000        1.0000         0.41084
0.94000         0.95000        1.0000         0.39481
0.95000         0.95000        1.0000         0.37064
0.96000         0.95000        1.0000         0.33430
0.97000         0.95000        1.0000         0.28089
0.98000         0.95000        1.0000         0.20623
0.99000         0.95000        1.0000         0.11022
1.0000          0.95000        1.0000         1.5530E-17
0.0000          0.96000        1.0000         2.2354E-17
0.010000        0.96000        1.0000         0.11113
0.020000        0.96000        1.0000         0.20915
0.030000        0.96000        1.0000         0.28609
0.040000        0.96000        1.0000         0.34130
0.050000        0.96000        1.0000         0.37858
0.060000        0.96000        1.0000         0.40314
0.070000        0.96000        1.0000         0.41926
0.080000        0.96000        1.0000         0.43003
0.090000        0.96000        1.0000         0.43748
0.10000         0.96000        1.0000         0.44288
0.11000         0.96000        1.0000         0.44702
0.12000         0.96000        1.0000         0.45038
0.13000         0.96000        1.0000         0.45326
0.14000         0.96000        1.0000         0.45583
0.15000         0.96000        1.0000         0.45819
0.16000         0.96000        1.0000         0.46042
0.17000         0.96000        1.0000         0.46256
0.18000         0.96000        1.0000         0.46464
0.19000         0.96000        1.0000         0.46667
0.20000         0.96000        1.0000         0.46866
0.21000         0.96000        1.0000         0.47061
0.22000         0.96000        1.0000         0.47255
0.23000         0.96000        1.0000         0.47446
0.24000         0.96000        1.0000         0.47635
0.25000         0.96000        1.0000         0.47823
0.26000         0.96000        1.0000         0.48009
0.27000         0.96000        1.0000         0.48193
0.28000         0.96000        1.0000         0.48377
0.29000         0.96000        1.0000         0.48559
0.30000         0.96000        1.0000         0.48740
0.31000         0.96000        1.0000         0.48919
0.32000         0.96000        1.0000         0.49098
0.33000         0.96000        1.0000         0.49276
0.34000         0.96000        1.0000         0.49453
0.35000         0.96000        1.0000         0.49628
0.36000         0.96000        1.0000         0.49803
0.37000         0.96000        1.0000         0.49978
0.38000         0.96000        1.0000         0.50151
0.39000         0.96000        1.0000         0.50324
0.40000         0.96000        1.0000         0.50496
0.41000         0.96000        1.0000         0.50668
0.42000         0.96000        1.0000         0.50840
0.43000         0.96000        1.0000         0.51011
0.44000         0.96000        1.0000         0.51184
0.45000         0.96000        1.0000         0.51360
0.46000         0.96000        1.0000         0.51542
0.47000         0.96000        1.0000         0.51734
0.48000         0.96000        1.0000         0.51936
0.49000         0.96000        1.0000         0.52115
0.50000         0.96000        1.0000         0.52193
0.51000         0.96000        1.0000         0.52115
0.52000         0.96000        1.0000         0.51936
0.53000         0.96000        1.0000         0.51734
0.54000         0.96000        1.0000         0.51542
0.55000         0.96000        1.0000         0.51360
0.56000         0.96000        1.0000         0.51184
0.57000         0.96000        1.0000         0.51011
0.58000         0.96000        1.0000         0.50840
0.59000         0.96000        1.0000         0.50668
0.60000         0.96000        1.0000         0.50496
0.61000         0.96000        1.0000         0.50324
0.62000         0.96000        1.0000         0.50151
0.63000         0.96000        1.0000         0.49978
0.64000         0.96000        1.0000         0.49803
0.65000         0.96000        1.0000         0.49628
0.66000         0.96000        1.0000         0.49453
0.67000         0.96000        1.0000         0.49276
0.68000         0.96000        1.0000         0.49098
0.69000         0.96000        1.0000         0.48919
0.70000         0.96000        1.0000         0.48740
0.71000         0.96000        1.0000         0.48559
0.72000         0.96000        1.0000         0.48377
0.73000         0.96000        1.0000         0.48193
0.74000         0.96000        1.0000         0.48009
0.75000         0.96000        1.0000         0.47823
0.76000         0.96000        1.0000         0.47635
0.77000         0.96000        1.0000         0.47446
0.78000         0.96000        1.0000         0.47255
0.79000         0.96000        1.0000         0.47061
0.80000         0.96000        1.0000         0.46866
0.81000         0.96000        1.0000         0.46667
0.82000         0.96000        1.0000         0.46464
0.83000         0.96000        1.0000         0.46256
0.84000         0.96000        1.0000         0.46042
0.85000         0.96000        1.0000         0.45819
0.86000         0.96000        1.0000         0.45583
0.87000         0.96000        1.0000         0.45326
0.88000         0.96000        1.0000         0.45038
0.89000         0.96000        1.0000         0.44702
0.90000         0.96000        1.0000         0.44288
0.91000         0.96000        1.0000         0.43749
0.92000         0.96000        1.0000         0.43004
0.93000         0.96000        1.0000         0.41927
0.94000         0.96000        1.0000         0.40315
0.95000         0.96000        1.0000         0.37863
0.96000         0.96000        1.0000         0.34128
0.97000         0.96000        1.0000         0.28611
0.98000         0.96000        1.0000         0.20916
0.99000         0.96000        1.0000         0.11111
1.0000          0.96000        1.0000         9.9350E-18
0.0000          0.97000        1.0000         1.8047E-17
0.010000        0.97000        1.0000         0.10626
0.020000        0.97000        1.0000         0.20315
0.030000        0.97000        1.0000         0.28173
0.040000        0.97000        1.0000         0.33933
0.050000        0.97000        1.0000         0.37851
0.060000        0.97000        1.0000         0.40424
0.070000        0.97000        1.0000         0.42097
0.080000        0.97000        1.0000         0.43204
0.090000        0.97000        1.0000         0.43962
0.10000         0.97000        1.0000         0.44509
0.11000         0.97000        1.0000         0.44927
0.12000         0.97000        1.0000         0.45266
0.13000         0.97000        1.0000         0.45557
0.14000         0.97000        1.0000         0.45817
0.15000         0.97000        1.0000         0.46058
0.16000         0.97000        1.0000         0.46286
0.17000         0.97000        1.0000         0.46505
0.18000         0.97000        1.0000         0.46718
0.19000         0.97000        1.0000         0.46925
0.20000         0.97000        1.0000         0.47130
0.21000         0.97000        1.0000         0.47331
0.22000         0.97000        1.0000         0.47530
0.23000         0.97000        1.0000         0.47726
0.24000         0.97000        1.0000         0.47921
0.25000         0.97000        1.0000         0.48114
0.26000         0.97000        1.0000         0.48305
0.27000         0.97000        1.0000         0.48495
0.28000         0.97000        1.0000         0.48684
0.29000         0.97000        1.0000         0.48871
0.30000         0.97000        1.0000         0.49057
0.31000         0.97000        1.0000         0.49242
0.32000         0.97000        1.0000         0.49425
0.33000         0.97000        1.0000         0.49608
0.34000         0.97000        1.0000         0.49790
0.35000         0.97000        1.0000         0.49971
0.36000         0.97000        1.0000         0.50151
0.37000         0.97000        1.0000         0.50330
0.38000         0.97000        1.0000         0.50508
0.39000         0.97000        1.0000         0.50686
0.40000         0.97000        1.0000         0.50863
0.41000         0.97000        1.0000         0.51039
0.42000         0.97000        1.0000         0.51216
0.43000         0.97000        1.0000         0.51392
0.44000         0.97000        1.0000         0.51570
0.45000         0.97000        1.0000         0.51750
0.46000         0.97000        1.0000         0.51938
0.47000         0.97000        1.0000         0.52136
0.48000         0.97000        1.0000         0.52342
0.49000         0.97000        1.0000         0.52524
0.50000         0.97000        1.0000         0.52603
0.51000         0.97000        1.0000         0.52524
0.52000         0.97000        1.0000         0.52342
0.53000         0.97000        1.0000         0.52136
0.54000         0.97000        1.0000         0.51938
0.55000         0.97000        1.0000         0.51750
0.56000         0.97000        1.0000         0.51570
0.57000         0.97000        1.0000         0.51392
0.58000         0.97000        1.0000         0.51216
0.59000         0.97000        1.0000         0.51039
0.60000         0.97000        1.0000         0.50863
0.61000         0.97000        1.0000         0.50686
0.62000         0.97000        1.0000         0.50508
0.63000         0.97000        1.0000         0.50330
0.64000         0.97000        1.0000         0.50151
0.65000         0.97000        1.0000         0.49971
0.66000         0.97000        1.0000         0.49790
0.67000         0.97000        1.0000         0.49608
0.68000         0.97000        1.0000         0.49425
0.69000         0.97000        1.0000         0.49242
0.70000         0.97000        1.0000         0.49057
0.71000         0.97000        1.0000         0.48871
0.72000         0.97000        1.0000         0.48684
0.73000         0.97000        1.0000         0.48495
0.74000         0.97000        1.0000         0.48305
0.75000         0.97000        1.0000         0.48114
0.76000         0.97000        1.0000         0.47921
0.77000         0.97000        1.0000         0.47726
0.78000         0.97000        1.0000         0.47530
0.79000         0.97000        1.0000         0.47331
0.80000         0.97000        1.0000         0.47130
0.81000         0.97000        1.0000         0.46925
0.82000         0.97000        1.0000         0.46718
0.83000         0.97000        1.0000         0.46505
0.84000         0.97000        1.0000         0.46286
0.85000         0.97000        1.0000         0.46058
0.86000         0.97000        1.0000         0.45817
0.87000         0.97000        1.0000         0.45557
0.88000         0.97000        1.0000         0.45266
0.89000         0.97000        1.0000         0.44926
0.90000         0.97000        1.0000         0.44508
0.91000         0.97000        1.0000         0.43962
0.92000         0.97000        1.0000         0.43203
0.93000         0.97000        1.0000         0.42097
0.94000         0.97000        1.0000         0.40423
0.95000         0.97000        1.0000         0.37850
0.96000         0.97000        1.0000         0.33930
0.97000         0.97000        1.0000         0.28168
0.98000         0.97000        1.0000         0.20318
0.99000         0.97000        1.0000         0.10625
1.0000          0.97000        1.0000         -1.5270E-17
0.0000          0.98000        1.0000         0.0000
0.010000        0.98000        1.0000         0.089236
0.020000        0.98000        1.0000         0.17549
0.030000        0.98000        1.0000         0.25026
0.040000        0.98000        1.0000         0.30834
0.050000        0.98000        1.0000         0.34942
0.060000        0.98000        1.0000         0.37691
0.070000        0.98000        1.0000         0.39489
0.080000        0.98000        1.0000         0.40675
0.090000        0.98000        1.0000         0.41484
0.10000         0.98000        1.0000         0.42064
0.11000         0.98000        1.0000         0.42507
0.12000         0.98000        1.0000         0.42867
0.13000         0.98000        1.0000         0.43176
0.14000         0.98000        1.0000         0.43454
0.15000         0.98000        1.0000         0.43711
0.16000         0.98000        1.0000         0.43956
0.17000         0.98000        1.0000         0.44191
0.18000         0.98000        1.0000         0.44420
0.19000         0.98000        1.0000         0.44644
0.20000         0.98000        1.0000         0.44865
0.21000         0.98000        1.0000         0.45082
0.22000         0.98000        1.0000         0.45297
0.23000         0.98000        1.0000         0.45510
0.24000         0.98000        1.0000         0.45721
0.25000         0.98000        1.0000         0.45930
0.26000         0.98000        1.0000         0.46138
0.27000         0.98000        1.0000         0.46344
0.28000         0.98000        1.0000         0.46548
0.29000         0.98000        1.0000         0.46751
0.30000         0.98000        1.0000         0.46953
0.31000         0.98000        1.0000         0.47154
0.32000         0.98000        1.0000         0.47354
0.33000         0.98000        1.0000         0.47552
0.34000         0.98000        1.0000         0.47750
0.35000         0.98000        1.0000         0.47946
0.36000         0.98000        1.0000         0.48141
0.37000         0.98000        1.0000         0.48336
0.38000         0.98000        1.0000         0.48530
0.39000         0.98000        1.0000         0.48723
0.40000         0.98000        1.0000         0.48915
0.41000         0.98000        1.0000         0.49107
0.42000         0.98000        1.0000         0.49299
0.43000         0.98000        1.0000         0.49490
0.44000         0.98000        1.0000         0.49684
0.45000         0.98000        1.0000         0.49880
0.46000         0.98000        1.0000         0.50084
0.47000         0.98000        1.0000         0.50299
0.48000         0.98000        1.0000         0.50521
0.49000         0.98000        1.0000         0.50714
0.50000         0.98000        1.0000         0.50797
0.51000         0.98000        1.0000         0.50714
0.52000         0.98000        1.0000         0.50521
0.53000         0.98000        1.0000         0.50299
0.54000         0.98000        1.0000         0.50084
0.55000         0.98000        1.0000         0.49880
0.56000         0.98000        1.0000         0.49684
0.57000         0.98000        1.0000         0.49490
0.58000         0.98000        1.0000         0.49299
0.59000         0.98000        1.0000         0.49107
0.60000         0.98000        1.0000         0.48915
0.61000         0.98000        1.0000         0.48723
0.62000         0.98000        1.0000         0.48530
0.63000         0.98000        1.0000         0.48336
0.64000         0.98000        1.0000         0.48141
0.65000         0.98000        1.0000         0.47946
0.66000         0.98000        1.0000         0.47750
0.67000         0.98000        1.0000         0.47552
0.68000         0.98000        1.0000         0.47354
0.69000         0.98000        1.0000         0.47154
0.70000         0.98000        1.0000         0.46953
0.71000         0.98000        1.0000         0.46751
0.72000         0.98000        1.0000         0.46548
0.73000         0.98000        1.0000         0.46344
0.74000         0.98000        1.0000         0.46138
0.75000         0.98000        1.0000         0.45930
0.76000         0.98000        1.0000         0.45721
0.77000         0.98000        1.0000         0.45510
0.78000         0.98000        1.0000         0.45297
0.79000         0.98000        1.0000         0.45082
0.80000         0.98000        1.0000         0.44865
0.81000         0.98000        1.0000         0.44644
0.82000         0.98000        1.0000         0.44420
0.83000         0.98000        1.0000         0.44191
0.84000         0.98000        1.0000         0.43956
0.85000         0.98000        1.0000         0.43711
0.86000         0.98000        1.0000         0.43454
0.87000         0.98000        1.0000         0.43176
0.88000         0.98000        1.0000         0.42867
0.89000         0.98000        1.0000         0.42506
0.90000         0.98000        1.0000         0.42063
0.91000         0.98000        1.0000         0.41482
0.92000         0.98000        1.0000         0.40672
0.93000         0.98000        1.0000         0.39485
0.94000         0.98000        1.0000         0.37685
0.95000         0.98000        1.0000         0.34935
0.96000         0.98000        1.0000         0.30828
0.97000         0.98000        1.0000         0.25022
0.98000         0.98000        1.0000         0.17561
0.99000         0.98000        1.0000         0.089076
1.0000          0.98000        1.0000         7.9373E-18
0.0000          0.99000        1.0000         0.0000
0.010000        0.99000        1.0000         0.052993
0.020000        0.99000        1.0000         0.10761
0.030000        0.99000        1.0000         0.15964
0.040000        0.99000        1.0000         0.20379
0.050000        0.99000        1.0000         0.23741
0.060000        0.99000        1.0000         0.26106
0.070000        0.99000        1.0000         0.27702
0.080000        0.99000        1.0000         0.28771
0.090000        0.99000        1.0000         0.29504
0.10000         0.99000        1.0000         0.30032
0.11000         0.99000        1.0000         0.30435
0.12000         0.99000        1.0000         0.30764
0.13000         0.99000        1.0000         0.31047
0.14000         0.99000        1.0000         0.31303
0.15000         0.99000        1.0000         0.31541
0.16000         0.99000        1.0000         0.31768
0.17000         0.99000        1.0000         0.31987
0.18000         0.99000        1.0000         0.32201
0.19000         0.99000        1.0000         0.32412
0.20000         0.99000        1.0000         0.32619
0.21000         0.99000        1.0000         0.32825
0.22000         0.99000        1.0000         0.33028
0.23000         0.99000        1.0000         0.33230
0.24000         0.99000        1.0000         0.33430
0.25000         0.99000        1.0000         0.33629
0.26000         0.99000        1.0000         0.33827
0.27000         0.99000        1.0000         0.34024
0.28000         0.99000        1.0000         0.34220
0.29000         0.99000        1.0000         0.34416
0.30000         0.99000        1.0000         0.34610
0.31000         0.99000        1.0000         0.34803
0.32000         0.99000        1.0000         0.34996
0.33000         0.99000        1.0000         0.35188
0.34000         0.99000        1.0000         0.35380
0.35000         0.99000        1.0000         0.35571
0.36000         0.99000        1.0000         0.35761
0.37000         0.99000        1.0000         0.35951
0.38000         0.99000        1.0000         0.36140
0.39000         0.99000        1.0000         0.36329
0.40000         0.99000        1.0000         0.36518
0.41000         0.99000        1.0000         0.36706
0.42000         0.99000        1.0000         0.36894
0.43000         0.99000        1.0000         0.37084
0.44000         0.99000        1.0000         0.37275
0.45000         0.99000        1.0000         0.37470
0.46000         0.99000        1.0000         0.37672
0.47000         0.99000        1.0000         0.37884
0.48000         0.99000        1.0000         0.38100
0.49000         0.99000        1.0000         0.38283
0.50000         0.99000        1.0000         0.38359
0.51000         0.99000        1.0000         0.38283
0.52000         0.99000        1.0000         0.38100
0.53000         0.99000        1.0000         0.37884
0.54000         0.99000        1.0000         0.37672
0.55000         0.99000        1.0000         0.37470
0.56000         0.99000        1.0000         0.37275
0.57000         0.99000        1.0000         0.37084
0.58000         0.99000        1.0000         0.36894
0.59000         0.99000        1.0000         0.36706
0.60000         0.99000        1.0000         0.36518
0.61000         0.99000        1.0000         0.36329
0.62000         0.99000        1.0000         0.36140
0.63000         0.99000        1.0000         0.35951
0.64000         0.99000        1.0000         0.35761
0.65000         0.99000        1.0000         0.35571
0.66000         0.99000        1.0000         0.35380
0.67000         0.99000        1.0000         0.35188
0.68000         0.99000        1.0000         0.34996
0.69000         0.99000        1.0000         0.34803
0.70000         0.99000        1.0000         0.34610
0.71000         0.99000        1.0000         0.34416
0.72000         0.99000        1.0000         0.34220
0.73000         0.99000        1.0000         0.34024
0.74000         0.99000        1.0000         0.33827
0.75000         0.99000        1.0000         0.33629
0.76000         0.99000        1.0000         0.33430
0.77000         0.99000        1.0000         0.33230
0.78000         0.99000        1.0000         0.33028
0.79000         0.99000        1.0000         0.32825
0.80000         0.99000        1.0000         0.32619
0.81000         0.99000        1.0000         0.32412
0.82000         0.99000        1.0000         0.32201
0.83000         0.99000        1.0000         0.31987
0.84000         0.99000        1.0000         0.31768
0.85000         0.99000        1.0000         0.31541
0.86000         0.99000        1.0000         0.31303
0.87000         0.99000        1.0000         0.31047
0.88000         0.99000        1.0000         0.30764
0.89000         0.99000        1.0000         0.30435
0.90000         0.99000        1.0000         0.30031
0.91000         0.99000        1.0000         0.29504
0.92000         0.99000        1.0000         0.28770
0.93000         0.99000        1.0000         0.27701
0.94000         0.99000        1.0000         0.26107
0.95000         0.99000        1.0000         0.23743
0.96000         0.99000        1.0000         0.20384
0.97000         0.99000        1.0000         0.15976
0.98000         0.99000        1.0000         0.10789
0.99000         0.99000        1.0000         0.052875
1.0000          0.99000        1.0000         6.4704E-18
0.0000          1.0000         1.0000         0.0000
0.010000        1.0000         1.0000         1.4808E-18
0.020000        1.0000         1.0000         2.5620E-18
0.030000        1.0000         1.0000         4.7599E-18
0.040000        1.0000         1.0000         7.5142E-18
0.050000        1.0000         1.0000         8.7361E-18
0.060000        1.0000         1.0000         6.7789E-18
0.070000        1.0000         1.0000         7.4382E-18
0.080000        1.0000         1.0000         5.3149E-18
0.090000        1.0000         1.0000         3.8545E-18
0.10000         1.0000         1.0000         3.8974E-18
0.11000         1.0000         1.0000         3.1319E-18
0.12000         1.0000         1.0000         2.6577E-18
0.13000         1.0000         1.0000         2.3637E-18
0.14000         1.0000         1.0000         2.1972E-18
0.15000         1.0000         1.0000         1.0474E-18
0.16000         1.0000         1.0000         1.0152E-18
0.17000         1.0000         1.0000         9.9456E-19
0.18000         1.0000         1.0000         0.0000
0.19000         1.0000         1.0000         0.0000
0.20000         1.0000         1.0000         0.0000
0.21000         1.0000         1.0000         -9.5988E-19
0.22000         1.0000         1.0000         -9.5608E-19
0.23000         1.0000         1.0000         -9.5303E-19
0.24000         1.0000         1.0000         -1.9010E-18
0.25000         1.0000         1.0000         0.0000
0.26000         1.0000         1.0000         -1.8928E-18
0.27000         1.0000         1.0000         -1.8894E-18
0.28000         1.0000         1.0000         -1.8862E-18
0.29000         1.0000         1.0000         -3.7665E-18
0.30000         1.0000         1.0000         -3.7610E-18
0.31000         1.0000         1.0000         -3.7558E-18
0.32000         1.0000         1.0000         -3.7508E-18
0.33000         1.0000         1.0000         -3.7460E-18
0.34000         1.0000         1.0000         -3.7415E-18
0.35000         1.0000         1.0000         -3.7371E-18
0.36000         1.0000         1.0000         -5.5994E-18
0.37000         1.0000         1.0000         -5.5936E-18
0.38000         1.0000         1.0000         -5.5886E-18
0.39000         1.0000         1.0000         -5.5849E-18
0.40000         1.0000         1.0000         -5.5843E-18
0.41000         1.0000         1.0000         -5.5900E-18
0.42000         1.0000         1.0000         -7.4795E-18
0.43000         1.0000         1.0000         -7.5440E-18
0.44000         1.0000         1.0000         -7.6831E-18
0.45000         1.0000         1.0000         -7.9485E-18
0.46000         1.0000         1.0000         -8.3640E-18
0.47000         1.0000         1.0000         -8.7427E-18
0.48000         1.0000         1.0000         -1.0359E-17
0.49000         1.0000         1.0000         -6.8830E-18
0.50000         1.0000         1.0000         0.0000
0.51000         1.0000         1.0000         5.5064E-18
0.52000         1.0000         1.0000         8.2869E-18
0.53000         1.0000         1.0000         8.7427E-18
0.54000         1.0000         1.0000         8.3640E-18
0.55000         1.0000         1.0000         7.9485E-18
0.56000         1.0000         1.0000         7.6831E-18
0.57000         1.0000         1.0000         7.5440E-18
0.58000         1.0000         1.0000         1.1219E-17
0.59000         1.0000         1.0000         1.1180E-17
0.60000         1.0000         1.0000         1.1169E-17
0.61000         1.0000         1.0000         1.1170E-17
0.62000         1.0000         1.0000         1.1177E-17
0.63000         1.0000         1.0000         1.1187E-17
0.64000         1.0000         1.0000         1.1199E-17
0.65000         1.0000         1.0000         1.1211E-17
0.66000         1.0000         1.0000         1.1224E-17
0.67000         1.0000         1.0000         1.1238E-17
0.68000         1.0000         1.0000         1.1252E-17
0.69000         1.0000         1.0000         1.1267E-17
0.70000         1.0000         1.0000         1.1283E-17
0.71000         1.0000         1.0000         1.5066E-17
0.72000         1.0000         1.0000         1.5090E-17
0.73000         1.0000         1.0000         1.5115E-17
0.74000         1.0000         1.0000         1.5142E-17
0.75000         1.0000         1.0000         0.0000
0.76000         1.0000         1.0000         1.5208E-17
0.77000         1.0000         1.0000         1.5248E-17
0.78000         1.0000         1.0000         1.5297E-17
0.79000         1.0000         1.0000         1.5358E-17
0.80000         1.0000         1.0000         1.5437E-17
0.81000         1.0000         1.0000         1.5544E-17
0.82000         1.0000         1.0000         1.5694E-17
0.83000         1.0000         1.0000         1.5913E-17
0.84000         1.0000         1.0000         2.0305E-17
0.85000         1.0000         1.0000         2.0948E-17
0.86000         1.0000         1.0000         2.1972E-17
0.87000         1.0000         1.0000         2.3638E-17
0.88000         1.0000         1.0000         2.6264E-17
0.89000         1.0000         1.0000         3.0700E-17
0.90000         1.0000         1.0000         3.8161E-17
0.91000         1.0000         1.0000         5.0541E-17
0.92000         1.0000         1.0000         7.0388E-17
0.93000         1.0000         1.0000         9.9863E-17
0.94000         1.0000         1.0000         1.4027E-16
0.95000         1.0000         1.0000         1.8605E-16
0.96000         1.0000         1.0000         2.6039E-16
0.97000         1.0000         1.0000         0.0000
0.98000         1.0000         1.0000         1.9358E-16
0.99000         1.0000         1.0000         1.2760E-16
1.0000          1.0000         1.0000         0.0000
