0.0000          0.0000         0.50000        0.22794
0.010000        0.0000         0.50000        0.22803
0.020000        0.0000         0.50000        0.22830
0.030000        0.0000         0.50000        0.22875
0.040000        0.0000         0.50000        0.22938
0.050000        0.0000         0.50000        0.23020
0.060000        0.0000         0.50000        0.23119
0.070000        0.0000         0.50000        0.23236
0.080000        0.0000         0.50000        0.23372
0.090000        0.0000         0.50000        0.23525
0.10000         0.0000         0.50000        0.23697
0.11000         0.0000         0.50000        0.23886
0.12000         0.0000         0.50000        0.24093
0.13000         0.0000         0.50000        0.24319
0.14000         0.0000         0.50000        0.24562
0.15000         0.0000         0.50000        0.24822
0.16000         0.0000         0.50000        0.25101
0.17000         0.0000         0.50000        0.25398
0.18000         0.0000         0.50000        0.25712
0.19000         0.0000         0.50000        0.26043
0.20000         0.0000         0.50000        0.26393
0.21000         0.0000         0.50000        0.26760
0.22000         0.0000         0.50000        0.27144
0.23000         0.0000         0.50000        0.27546
0.24000         0.0000         0.50000        0.27965
0.25000         0.0000         0.50000        0.28401
0.26000         0.0000         0.50000        0.28855
0.27000         0.0000         0.50000        0.29326
0.28000         0.0000         0.50000        0.29814
0.29000         0.0000         0.50000        0.30319
0.30000         0.0000         0.50000        0.30841
0.31000         0.0000         0.50000        0.31379
0.32000         0.0000         0.50000        0.31935
0.33000         0.0000         0.50000        0.32507
0.34000         0.0000         0.50000        0.33096
0.35000         0.0000         0.50000        0.33701
0.36000         0.0000         0.50000        0.34322
0.37000         0.0000         0.50000        0.34960
0.38000         0.0000         0.50000        0.35614
0.39000         0.0000         0.50000        0.36284
0.40000         0.0000         0.50000        0.36970
0.41000         0.0000         0.50000        0.37671
0.42000         0.0000         0.50000        0.38389
0.43000         0.0000         0.50000        0.39122
0.44000         0.0000         0.50000        0.39870
0.45000         0.0000         0.50000        0.40633
0.46000         0.0000         0.50000        0.41412
0.47000         0.0000         0.50000        0.42206
0.48000         0.0000         0.50000        0.43014
0.49000         0.0000         0.50000        0.43837
0.50000         0.0000         0.50000        0.44675
0.51000         0.0000         0.50000        0.45527
0.52000         0.0000         0.50000        0.46393
0.53000         0.0000         0.50000        0.47273
0.54000         0.0000         0.50000        0.48167
0.55000         0.0000         0.50000        0.49075
0.56000         0.0000         0.50000        0.49996
0.57000         0.0000         0.50000        0.50930
0.58000         0.0000         0.50000        0.51877
0.59000         0.0000         0.50000        0.52837
0.60000         0.0000         0.50000        0.53810
0.61000         0.0000         0.50000        0.54795
0.62000         0.0000         0.50000        0.55792
0.63000         0.0000         0.50000        0.56801
0.64000         0.0000         0.50000        0.57822
0.65000         0.0000         0.50000        0.58855
0.66000         0.0000         0.50000        0.59898
0.67000         0.0000         0.50000        0.60953
0.68000         0.0000         0.50000        0.62018
0.69000         0.0000         0.50000        0.63094
0.70000         0.0000         0.50000        0.64180
0.71000         0.0000         0.50000        0.65276
0.72000         0.0000         0.50000        0.66382
0.73000         0.0000         0.50000        0.67496
0.74000         0.0000         0.50000        0.68621
0.75000         0.0000         0.50000        0.69753
0.76000         0.0000         0.50000        0.70895
0.77000         0.0000         0.50000        0.72044
0.78000         0.0000         0.50000        0.73202
0.79000         0.0000         0.50000        0.74367
0.80000         0.0000         0.50000        0.75539
0.81000         0.0000         0.50000        0.76718
0.82000         0.0000         0.50000        0.77904
0.83000         0.0000         0.50000        0.79097
0.84000         0.0000         0.50000        0.80295
0.85000         0.0000         0.50000        0.81499
0.86000         0.0000         0.50000        0.82708
0.87000         0.0000         0.50000        0.83922
0.88000         0.0000         0.50000        0.85141
0.89000         0.0000         0.50000        0.86364
0.90000         0.0000         0.50000        0.87591
0.91000         0.0000         0.50000        0.88822
0.92000         0.0000         0.50000        0.90055
0.93000         0.0000         0.50000        0.91292
0.94000         0.0000         0.50000        0.92531
0.95000         0.0000         0.50000        0.93773
0.96000         0.0000         0.50000        0.95016
0.97000         0.0000         0.50000        0.96261
0.98000         0.0000         0.50000        0.97507
0.99000         0.0000         0.50000        0.98753
1.0000          0.0000         0.50000        1.0000
0.0000          0.010000       0.50000        0.22794
0.010000        0.010000       0.50000        0.22803
0.020000        0.010000       0.50000        0.22830
0.030000        0.010000       0.50000        0.22875
0.040000        0.010000       0.50000        0.22938
0.050000        0.010000       0.50000        0.23020
0.060000        0.010000       0.50000        0.23119
0.070000        0.010000       0.50000        0.23236
0.080000        0.010000       0.50000        0.23372
0.090000        0.010000       0.50000        0.23525
0.10000         0.010000       0.50000        0.23697
0.11000         0.010000       0.50000        0.23886
0.12000         0.010000       0.50000        0.24093
0.13000         0.010000       0.50000        0.24319
0.14000         0.010000       0.50000        0.24562
0.15000         0.010000       0.50000        0.24822
0.16000         0.010000       0.50000        0.25101
0.17000         0.010000       0.50000        0.25398
0.18000         0.010000       0.50000        0.25712
0.19000         0.010000       0.50000        0.26043
0.20000         0.010000       0.50000        0.26393
0.21000         0.010000       0.50000        0.26760
0.22000         0.010000       0.50000        0.27144
0.23000         0.010000       0.50000        0.27546
0.24000         0.010000       0.50000        0.27965
0.25000         0.010000       0.50000        0.28401
0.26000         0.010000       0.50000        0.28855
0.27000         0.010000       0.50000        0.29326
0.28000         0.010000       0.50000        0.29814
0.29000         0.010000       0.50000        0.30319
0.30000         0.010000       0.50000        0.30841
0.31000         0.010000       0.50000        0.31379
0.32000         0.010000       0.50000        0.31935
0.33000         0.010000       0.50000        0.32507
0.34000         0.010000       0.50000        0.33096
0.35000         0.010000       0.50000        0.33701
0.36000         0.010000       0.50000        0.34322
0.37000         0.010000       0.50000        0.34960
0.38000         0.010000       0.50000        0.35614
0.39000         0.010000       0.50000        0.36284
0.40000         0.010000       0.50000        0.36970
0.41000         0.010000       0.50000        0.37671
0.42000         0.010000       0.50000        0.38389
0.43000         0.010000       0.50000        0.39122
0.44000         0.010000       0.50000        0.39870
0.45000         0.010000       0.50000        0.40633
0.46000         0.010000       0.50000        0.41412
0.47000         0.010000       0.50000        0.42206
0.48000         0.010000       0.50000        0.43014
0.49000         0.010000       0.50000        0.43837
0.50000         0.010000       0.50000        0.44675
0.51000         0.010000       0.50000        0.45527
0.52000         0.010000       0.50000        0.46393
0.53000         0.010000       0.50000        0.47273
0.54000         0.010000       0.50000        0.48167
0.55000         0.010000       0.50000        0.49075
0.56000         0.010000       0.50000        0.49996
0.57000         0.010000       0.50000        0.50930
0.58000         0.010000       0.50000        0.51877
0.59000         0.010000       0.50000        0.52837
0.60000         0.010000       0.50000        0.53810
0.61000         0.010000       0.50000        0.54795
0.62000         0.010000       0.50000        0.55792
0.63000         0.010000       0.50000        0.56801
0.64000         0.010000       0.50000        0.57822
0.65000         0.010000       0.50000        0.58855
0.66000         0.010000       0.50000        0.59898
0.67000         0.010000       0.50000        0.60953
0.68000         0.010000       0.50000        0.62018
0.69000         0.010000       0.50000        0.63094
0.70000         0.010000       0.50000        0.64180
0.71000         0.010000       0.50000        0.65276
0.72000         0.010000       0.50000        0.66382
0.73000         0.010000       0.50000        0.67496
0.74000         0.010000       0.50000        0.68621
0.75000         0.010000       0.50000        0.69753
0.76000         0.010000       0.50000        0.70895
0.77000         0.010000       0.50000        0.72044
0.78000         0.010000       0.50000        0.73202
0.79000         0.010000       0.50000        0.74367
0.80000         0.010000       0.50000        0.75539
0.81000         0.010000       0.50000        0.76718
0.82000         0.010000       0.50000        0.77904
0.83000         0.010000       0.50000        0.79097
0.84000         0.010000       0.50000        0.80295
0.85000         0.010000       0.50000        0.81499
0.86000         0.010000       0.50000        0.82708
0.87000         0.010000       0.50000        0.83922
0.88000         0.010000       0.50000        0.85141
0.89000         0.010000       0.50000        0.86364
0.90000         0.010000       0.50000        0.87591
0.91000         0.010000       0.50000        0.88822
0.92000         0.010000       0.50000        0.90055
0.93000         0.010000       0.50000        0.91292
0.94000         0.010000       0.50000        0.92531
0.95000         0.010000       0.50000        0.93773
0.96000         0.010000       0.50000        0.95016
0.97000         0.010000       0.50000        0.96261
0.98000         0.010000       0.50000        0.97507
0.99000         0.010000       0.50000        0.98753
1.0000          0.010000       0.50000        1.0000
0.0000          0.020000       0.50000        0.22794
0.010000        0.020000       0.50000        0.22803
0.020000        0.020000       0.50000        0.22830
0.030000        0.020000       0.50000        0.22875
0.040000        0.020000       0.50000        0.22938
0.050000        0.020000       0.50000        0.23020
0.060000        0.020000       0.50000        0.23119
0.070000        0.020000       0.50000        0.23236
0.080000        0.020000       0.50000        0.23372
0.090000        0.020000       0.50000        0.23525
0.10000         0.020000       0.50000        0.23697
0.11000         0.020000       0.50000        0.23886
0.12000         0.020000       0.50000        0.24093
0.13000         0.020000       0.50000        0.24319
0.14000         0.020000       0.50000        0.24562
0.15000         0.020000       0.50000        0.24822
0.16000         0.020000       0.50000        0.25101
0.17000         0.020000       0.50000        0.25398
0.18000         0.020000       0.50000        0.25712
0.19000         0.020000       0.50000        0.26043
0.20000         0.020000       0.50000        0.26393
0.21000         0.020000       0.50000        0.26760
0.22000         0.020000       0.50000        0.27144
0.23000         0.020000       0.50000        0.27546
0.24000         0.020000       0.50000        0.27965
0.25000         0.020000       0.50000        0.28401
0.26000         0.020000       0.50000        0.28855
0.27000         0.020000       0.50000        0.29326
0.28000         0.020000       0.50000        0.29814
0.29000         0.020000       0.50000        0.30319
0.30000         0.020000       0.50000        0.30841
0.31000         0.020000       0.50000        0.31379
0.32000         0.020000       0.50000        0.31935
0.33000         0.020000       0.50000        0.32507
0.34000         0.020000       0.50000        0.33096
0.35000         0.020000       0.50000        0.33701
0.36000         0.020000       0.50000        0.34322
0.37000         0.020000       0.50000        0.34960
0.38000         0.020000       0.50000        0.35614
0.39000         0.020000       0.50000        0.36284
0.40000         0.020000       0.50000        0.36970
0.41000         0.020000       0.50000        0.37671
0.42000         0.020000       0.50000        0.38389
0.43000         0.020000       0.50000        0.39122
0.44000         0.020000       0.50000        0.39870
0.45000         0.020000       0.50000        0.40633
0.46000         0.020000       0.50000        0.41412
0.47000         0.020000       0.50000        0.42206
0.48000         0.020000       0.50000        0.43014
0.49000         0.020000       0.50000        0.43837
0.50000         0.020000       0.50000        0.44675
0.51000         0.020000       0.50000        0.45527
0.52000         0.020000       0.50000        0.46393
0.53000         0.020000       0.50000        0.47273
0.54000         0.020000       0.50000        0.48167
0.55000         0.020000       0.50000        0.49075
0.56000         0.020000       0.50000        0.49996
0.57000         0.020000       0.50000        0.50930
0.58000         0.020000       0.50000        0.51877
0.59000         0.020000       0.50000        0.52837
0.60000         0.020000       0.50000        0.53810
0.61000         0.020000       0.50000        0.54795
0.62000         0.020000       0.50000        0.55792
0.63000         0.020000       0.50000        0.56801
0.64000         0.020000       0.50000        0.57822
0.65000         0.020000       0.50000        0.58855
0.66000         0.020000       0.50000        0.59898
0.67000         0.020000       0.50000        0.60953
0.68000         0.020000       0.50000        0.62018
0.69000         0.020000       0.50000        0.63094
0.70000         0.020000       0.50000        0.64180
0.71000         0.020000       0.50000        0.65276
0.72000         0.020000       0.50000        0.66382
0.73000         0.020000       0.50000        0.67496
0.74000         0.020000       0.50000        0.68621
0.75000         0.020000       0.50000        0.69753
0.76000         0.020000       0.50000        0.70895
0.77000         0.020000       0.50000        0.72044
0.78000         0.020000       0.50000        0.73202
0.79000         0.020000       0.50000        0.74367
0.80000         0.020000       0.50000        0.75539
0.81000         0.020000       0.50000        0.76718
0.82000         0.020000       0.50000        0.77904
0.83000         0.020000       0.50000        0.79097
0.84000         0.020000       0.50000        0.80295
0.85000         0.020000       0.50000        0.81499
0.86000         0.020000       0.50000        0.82708
0.87000         0.020000       0.50000        0.83922
0.88000         0.020000       0.50000        0.85141
0.89000         0.020000       0.50000        0.86364
0.90000         0.020000       0.50000        0.87591
0.91000         0.020000       0.50000        0.88822
0.92000         0.020000       0.50000        0.90055
0.93000         0.020000       0.50000        0.91292
0.94000         0.020000       0.50000        0.92531
0.95000         0.020000       0.50000        0.93773
0.96000         0.020000       0.50000        0.95016
0.97000         0.020000       0.50000        0.96261
0.98000         0.020000       0.50000        0.97507
0.99000         0.020000       0.50000        0.98753
1.0000          0.020000       0.50000        1.0000
0.0000          0.030000       0.50000        0.22794
0.010000        0.030000       0.50000        0.22803
0.020000        0.030000       0.50000        0.22830
0.030000        0.030000       0.50000        0.22875
0.040000        0.030000       0.50000        0.22938
0.050000        0.030000       0.50000        0.23020
0.060000        0.030000       0.50000        0.23119
0.070000        0.030000       0.50000        0.23236
0.080000        0.030000       0.50000        0.23372
0.090000        0.030000       0.50000        0.23525
0.10000         0.030000       0.50000        0.23697
0.11000         0.030000       0.50000        0.23886
0.12000         0.030000       0.50000        0.24093
0.13000         0.030000       0.50000        0.24319
0.14000         0.030000       0.50000        0.24562
0.15000         0.030000       0.50000        0.24822
0.16000         0.030000       0.50000        0.25101
0.17000         0.030000       0.50000        0.25398
0.18000         0.030000       0.50000        0.25712
0.19000         0.030000       0.50000        0.26043
0.20000         0.030000       0.50000        0.26393
0.21000         0.030000       0.50000        0.26760
0.22000         0.030000       0.50000        0.27144
0.23000         0.030000       0.50000        0.27546
0.24000         0.030000       0.50000        0.27965
0.25000         0.030000       0.50000        0.28401
0.26000         0.030000       0.50000        0.28855
0.27000         0.030000       0.50000        0.29326
0.28000         0.030000       0.50000        0.29814
0.29000         0.030000       0.50000        0.30319
0.30000         0.030000       0.50000        0.30841
0.31000         0.030000       0.50000        0.31379
0.32000         0.030000       0.50000        0.31935
0.33000         0.030000       0.50000        0.32507
0.34000         0.030000       0.50000        0.33096
0.35000         0.030000       0.50000        0.33701
0.36000         0.030000       0.50000        0.34322
0.37000         0.030000       0.50000        0.34960
0.38000         0.030000       0.50000        0.35614
0.39000         0.030000       0.50000        0.36284
0.40000         0.030000       0.50000        0.36970
0.41000         0.030000       0.50000        0.37671
0.42000         0.030000       0.50000        0.38389
0.43000         0.030000       0.50000        0.39122
0.44000         0.030000       0.50000        0.39870
0.45000         0.030000       0.50000        0.40633
0.46000         0.030000       0.50000        0.41412
0.47000         0.030000       0.50000        0.42206
0.48000         0.030000       0.50000        0.43014
0.49000         0.030000       0.50000        0.43837
0.50000         0.030000       0.50000        0.44675
0.51000         0.030000       0.50000        0.45527
0.52000         0.030000       0.50000        0.46393
0.53000         0.030000       0.50000        0.47273
0.54000         0.030000       0.50000        0.48167
0.55000         0.030000       0.50000        0.49075
0.56000         0.030000       0.50000        0.49996
0.57000         0.030000       0.50000        0.50930
0.58000         0.030000       0.50000        0.51877
0.59000         0.030000       0.50000        0.52837
0.60000         0.030000       0.50000        0.53810
0.61000         0.030000       0.50000        0.54795
0.62000         0.030000       0.50000        0.55792
0.63000         0.030000       0.50000        0.56801
0.64000         0.030000       0.50000        0.57822
0.65000         0.030000       0.50000        0.58855
0.66000         0.030000       0.50000        0.59898
0.67000         0.030000       0.50000        0.60953
0.68000         0.030000       0.50000        0.62018
0.69000         0.030000       0.50000        0.63094
0.70000         0.030000       0.50000        0.64180
0.71000         0.030000       0.50000        0.65276
0.72000         0.030000       0.50000        0.66382
0.73000         0.030000       0.50000        0.67496
0.74000         0.030000       0.50000        0.68621
0.75000         0.030000       0.50000        0.69753
0.76000         0.030000       0.50000        0.70895
0.77000         0.030000       0.50000        0.72044
0.78000         0.030000       0.50000        0.73202
0.79000         0.030000       0.50000        0.74367
0.80000         0.030000       0.50000        0.75539
0.81000         0.030000       0.50000        0.76718
0.82000         0.030000       0.50000        0.77904
0.83000         0.030000       0.50000        0.79097
0.84000         0.030000       0.50000        0.80295
0.85000         0.030000       0.50000        0.81499
0.86000         0.030000       0.50000        0.82708
0.87000         0.030000       0.50000        0.83922
0.88000         0.030000       0.50000        0.85141
0.89000         0.030000       0.50000        0.86364
0.90000         0.030000       0.50000        0.87591
0.91000         0.030000       0.50000        0.88822
0.92000         0.030000       0.50000        0.90055
0.93000         0.030000       0.50000        0.91292
0.94000         0.030000       0.50000        0.92531
0.95000         0.030000       0.50000        0.93773
0.96000         0.030000       0.50000        0.95016
0.97000         0.030000       0.50000        0.96261
0.98000         0.030000       0.50000        0.97507
0.99000         0.030000       0.50000        0.98753
1.0000          0.030000       0.50000        1.0000
0.0000          0.040000       0.50000        0.22794
0.010000        0.040000       0.50000        0.22803
0.020000        0.040000       0.50000        0.22830
0.030000        0.040000       0.50000        0.22875
0.040000        0.040000       0.50000        0.22938
0.050000        0.040000       0.50000        0.23020
0.060000        0.040000       0.50000        0.23119
0.070000        0.040000       0.50000        0.23236
0.080000        0.040000       0.50000        0.23372
0.090000        0.040000       0.50000        0.23525
0.10000         0.040000       0.50000        0.23697
0.11000         0.040000       0.50000        0.23886
0.12000         0.040000       0.50000        0.24093
0.13000         0.040000       0.50000        0.24319
0.14000         0.040000       0.50000        0.24562
0.15000         0.040000       0.50000        0.24822
0.16000         0.040000       0.50000        0.25101
0.17000         0.040000       0.50000        0.25398
0.18000         0.040000       0.50000        0.25712
0.19000         0.040000       0.50000        0.26043
0.20000         0.040000       0.50000        0.26393
0.21000         0.040000       0.50000        0.26760
0.22000         0.040000       0.50000        0.27144
0.23000         0.040000       0.50000        0.27546
0.24000         0.040000       0.50000        0.27965
0.25000         0.040000       0.50000        0.28401
0.26000         0.040000       0.50000        0.28855
0.27000         0.040000       0.50000        0.29326
0.28000         0.040000       0.50000        0.29814
0.29000         0.040000       0.50000        0.30319
0.30000         0.040000       0.50000        0.30841
0.31000         0.040000       0.50000        0.31379
0.32000         0.040000       0.50000        0.31935
0.33000         0.040000       0.50000        0.32507
0.34000         0.040000       0.50000        0.33096
0.35000         0.040000       0.50000        0.33701
0.36000         0.040000       0.50000        0.34322
0.37000         0.040000       0.50000        0.34960
0.38000         0.040000       0.50000        0.35614
0.39000         0.040000       0.50000        0.36284
0.40000         0.040000       0.50000        0.36970
0.41000         0.040000       0.50000        0.37671
0.42000         0.040000       0.50000        0.38389
0.43000         0.040000       0.50000        0.39122
0.44000         0.040000       0.50000        0.39870
0.45000         0.040000       0.50000        0.40633
0.46000         0.040000       0.50000        0.41412
0.47000         0.040000       0.50000        0.42206
0.48000         0.040000       0.50000        0.43014
0.49000         0.040000       0.50000        0.43837
0.50000         0.040000       0.50000        0.44675
0.51000         0.040000       0.50000        0.45527
0.52000         0.040000       0.50000        0.46393
0.53000         0.040000       0.50000        0.47273
0.54000         0.040000       0.50000        0.48167
0.55000         0.040000       0.50000        0.49075
0.56000         0.040000       0.50000        0.49996
0.57000         0.040000       0.50000        0.50930
0.58000         0.040000       0.50000        0.51877
0.59000         0.040000       0.50000        0.52837
0.60000         0.040000       0.50000        0.53810
0.61000         0.040000       0.50000        0.54795
0.62000         0.040000       0.50000        0.55792
0.63000         0.040000       0.50000        0.56801
0.64000         0.040000       0.50000        0.57822
0.65000         0.040000       0.50000        0.58855
0.66000         0.040000       0.50000        0.59898
0.67000         0.040000       0.50000        0.60953
0.68000         0.040000       0.50000        0.62018
0.69000         0.040000       0.50000        0.63094
0.70000         0.040000       0.50000        0.64180
0.71000         0.040000       0.50000        0.65276
0.72000         0.040000       0.50000        0.66382
0.73000         0.040000       0.50000        0.67496
0.74000         0.040000       0.50000        0.68621
0.75000         0.040000       0.50000        0.69753
0.76000         0.040000       0.50000        0.70895
0.77000         0.040000       0.50000        0.72044
0.78000         0.040000       0.50000        0.73202
0.79000         0.040000       0.50000        0.74367
0.80000         0.040000       0.50000        0.75539
0.81000         0.040000       0.50000        0.76718
0.82000         0.040000       0.50000        0.77904
0.83000         0.040000       0.50000        0.79097
0.84000         0.040000       0.50000        0.80295
0.85000         0.040000       0.50000        0.81499
0.86000         0.040000       0.50000        0.82708
0.87000         0.040000       0.50000        0.83922
0.88000         0.040000       0.50000        0.85141
0.89000         0.040000       0.50000        0.86364
0.90000         0.040000       0.50000        0.87591
0.91000         0.040000       0.50000        0.88822
0.92000         0.040000       0.50000        0.90055
0.93000         0.040000       0.50000        0.91292
0.94000         0.040000       0.50000        0.92531
0.95000         0.040000       0.50000        0.93773
0.96000         0.040000       0.50000        0.95016
0.97000         0.040000       0.50000        0.96261
0.98000         0.040000       0.50000        0.97507
0.99000         0.040000       0.50000        0.98753
1.0000          0.040000       0.50000        1.0000
0.0000          0.050000       0.50000        0.22794
0.010000        0.050000       0.50000        0.22803
0.020000        0.050000       0.50000        0.22830
0.030000        0.050000       0.50000        0.22875
0.040000        0.050000       0.50000        0.22938
0.050000        0.050000       0.50000        0.23020
0.060000        0.050000       0.50000        0.23119
0.070000        0.050000       0.50000        0.23236
0.080000        0.050000       0.50000        0.23372
0.090000        0.050000       0.50000        0.23525
0.10000         0.050000       0.50000        0.23697
0.11000         0.050000       0.50000        0.23886
0.12000         0.050000       0.50000        0.24093
0.13000         0.050000       0.50000        0.24319
0.14000         0.050000       0.50000        0.24562
0.15000         0.050000       0.50000        0.24822
0.16000         0.050000       0.50000        0.25101
0.17000         0.050000       0.50000        0.25398
0.18000         0.050000       0.50000        0.25712
0.19000         0.050000       0.50000        0.26043
0.20000         0.050000       0.50000        0.26393
0.21000         0.050000       0.50000        0.26760
0.22000         0.050000       0.50000        0.27144
0.23000         0.050000       0.50000        0.27546
0.24000         0.050000       0.50000        0.27965
0.25000         0.050000       0.50000        0.28401
0.26000         0.050000       0.50000        0.28855
0.27000         0.050000       0.50000        0.29326
0.28000         0.050000       0.50000        0.29814
0.29000         0.050000       0.50000        0.30319
0.30000         0.050000       0.50000        0.30841
0.31000         0.050000       0.50000        0.31379
0.32000         0.050000       0.50000        0.31935
0.33000         0.050000       0.50000        0.32507
0.34000         0.050000       0.50000        0.33096
0.35000         0.050000       0.50000        0.33701
0.36000         0.050000       0.50000        0.34322
0.37000         0.050000       0.50000        0.34960
0.38000         0.050000       0.50000        0.35614
0.39000         0.050000       0.50000        0.36284
0.40000         0.050000       0.50000        0.36970
0.41000         0.050000       0.50000        0.37671
0.42000         0.050000       0.50000        0.38389
0.43000         0.050000       0.50000        0.39122
0.44000         0.050000       0.50000        0.39870
0.45000         0.050000       0.50000        0.40633
0.46000         0.050000       0.50000        0.41412
0.47000         0.050000       0.50000        0.42206
0.48000         0.050000       0.50000        0.43014
0.49000         0.050000       0.50000        0.43837
0.50000         0.050000       0.50000        0.44675
0.51000         0.050000       0.50000        0.45527
0.52000         0.050000       0.50000        0.46393
0.53000         0.050000       0.50000        0.47273
0.54000         0.050000       0.50000        0.48167
0.55000         0.050000       0.50000        0.49075
0.56000         0.050000       0.50000        0.49996
0.57000         0.050000       0.50000        0.50930
0.58000         0.050000       0.50000        0.51877
0.59000         0.050000       0.50000        0.52837
0.60000         0.050000       0.50000        0.53810
0.61000         0.050000       0.50000        0.54795
0.62000         0.050000       0.50000        0.55792
0.63000         0.050000       0.50000        0.56801
0.64000         0.050000       0.50000        0.57822
0.65000         0.050000       0.50000        0.58855
0.66000         0.050000       0.50000        0.59898
0.67000         0.050000       0.50000        0.60953
0.68000         0.050000       0.50000        0.62018
0.69000         0.050000       0.50000        0.63094
0.70000         0.050000       0.50000        0.64180
0.71000         0.050000       0.50000        0.65276
0.72000         0.050000       0.50000        0.66382
0.73000         0.050000       0.50000        0.67496
0.74000         0.050000       0.50000        0.68621
0.75000         0.050000       0.50000        0.69753
0.76000         0.050000       0.50000        0.70895
0.77000         0.050000       0.50000        0.72044
0.78000         0.050000       0.50000        0.73202
0.79000         0.050000       0.50000        0.74367
0.80000         0.050000       0.50000        0.75539
0.81000         0.050000       0.50000        0.76718
0.82000         0.050000       0.50000        0.77904
0.83000         0.050000       0.50000        0.79097
0.84000         0.050000       0.50000        0.80295
0.85000         0.050000       0.50000        0.81499
0.86000         0.050000       0.50000        0.82708
0.87000         0.050000       0.50000        0.83922
0.88000         0.050000       0.50000        0.85141
0.89000         0.050000       0.50000        0.86364
0.90000         0.050000       0.50000        0.87591
0.91000         0.050000       0.50000        0.88822
0.92000         0.050000       0.50000        0.90055
0.93000         0.050000       0.50000        0.91292
0.94000         0.050000       0.50000        0.92531
0.95000         0.050000       0.50000        0.93773
0.96000         0.050000       0.50000        0.95016
0.97000         0.050000       0.50000        0.96261
0.98000         0.050000       0.50000        0.97507
0.99000         0.050000       0.50000        0.98753
1.0000          0.050000       0.50000        1.0000
0.0000          0.060000       0.50000        0.22794
0.010000        0.060000       0.50000        0.22803
0.020000        0.060000       0.50000        0.22830
0.030000        0.060000       0.50000        0.22875
0.040000        0.060000       0.50000        0.22938
0.050000        0.060000       0.50000        0.23020
0.060000        0.060000       0.50000        0.23119
0.070000        0.060000       0.50000        0.23236
0.080000        0.060000       0.50000        0.23372
0.090000        0.060000       0.50000        0.23525
0.10000         0.060000       0.50000        0.23697
0.11000         0.060000       0.50000        0.23886
0.12000         0.060000       0.50000        0.24093
0.13000         0.060000       0.50000        0.24319
0.14000         0.060000       0.50000        0.24562
0.15000         0.060000       0.50000        0.24822
0.16000         0.060000       0.50000        0.25101
0.17000         0.060000       0.50000        0.25398
0.18000         0.060000       0.50000        0.25712
0.19000         0.060000       0.50000        0.26043
0.20000         0.060000       0.50000        0.26393
0.21000         0.060000       0.50000        0.26760
0.22000         0.060000       0.50000        0.27144
0.23000         0.060000       0.50000        0.27546
0.24000         0.060000       0.50000        0.27965
0.25000         0.060000       0.50000        0.28401
0.26000         0.060000       0.50000        0.28855
0.27000         0.060000       0.50000        0.29326
0.28000         0.060000       0.50000        0.29814
0.29000         0.060000       0.50000        0.30319
0.30000         0.060000       0.50000        0.30841
0.31000         0.060000       0.50000        0.31379
0.32000         0.060000       0.50000        0.31935
0.33000         0.060000       0.50000        0.32507
0.34000         0.060000       0.50000        0.33096
0.35000         0.060000       0.50000        0.33701
0.36000         0.060000       0.50000        0.34322
0.37000         0.060000       0.50000        0.34960
0.38000         0.060000       0.50000        0.35614
0.39000         0.060000       0.50000        0.36284
0.40000         0.060000       0.50000        0.36970
0.41000         0.060000       0.50000        0.37671
0.42000         0.060000       0.50000        0.38389
0.43000         0.060000       0.50000        0.39122
0.44000         0.060000       0.50000        0.39870
0.45000         0.060000       0.50000        0.40633
0.46000         0.060000       0.50000        0.41412
0.47000         0.060000       0.50000        0.42206
0.48000         0.060000       0.50000        0.43014
0.49000         0.060000       0.50000        0.43837
0.50000         0.060000       0.50000        0.44675
0.51000         0.060000       0.50000        0.45527
0.52000         0.060000       0.50000        0.46393
0.53000         0.060000       0.50000        0.47273
0.54000         0.060000       0.50000        0.48167
0.55000         0.060000       0.50000        0.49075
0.56000         0.060000       0.50000        0.49996
0.57000         0.060000       0.50000        0.50930
0.58000         0.060000       0.50000        0.51877
0.59000         0.060000       0.50000        0.52837
0.60000         0.060000       0.50000        0.53810
0.61000         0.060000       0.50000        0.54795
0.62000         0.060000       0.50000        0.55792
0.63000         0.060000       0.50000        0.56801
0.64000         0.060000       0.50000        0.57822
0.65000         0.060000       0.50000        0.58855
0.66000         0.060000       0.50000        0.59898
0.67000         0.060000       0.50000        0.60953
0.68000         0.060000       0.50000        0.62018
0.69000         0.060000       0.50000        0.63094
0.70000         0.060000       0.50000        0.64180
0.71000         0.060000       0.50000        0.65276
0.72000         0.060000       0.50000        0.66382
0.73000         0.060000       0.50000        0.67496
0.74000         0.060000       0.50000        0.68621
0.75000         0.060000       0.50000        0.69753
0.76000         0.060000       0.50000        0.70895
0.77000         0.060000       0.50000        0.72044
0.78000         0.060000       0.50000        0.73202
0.79000         0.060000       0.50000        0.74367
0.80000         0.060000       0.50000        0.75539
0.81000         0.060000       0.50000        0.76718
0.82000         0.060000       0.50000        0.77904
0.83000         0.060000       0.50000        0.79097
0.84000         0.060000       0.50000        0.80295
0.85000         0.060000       0.50000        0.81499
0.86000         0.060000       0.50000        0.82708
0.87000         0.060000       0.50000        0.83922
0.88000         0.060000       0.50000        0.85141
0.89000         0.060000       0.50000        0.86364
0.90000         0.060000       0.50000        0.87591
0.91000         0.060000       0.50000        0.88822
0.92000         0.060000       0.50000        0.90055
0.93000         0.060000       0.50000        0.91292
0.94000         0.060000       0.50000        0.92531
0.95000         0.060000       0.50000        0.93773
0.96000         0.060000       0.50000        0.95016
0.97000         0.060000       0.50000        0.96261
0.98000         0.060000       0.50000        0.97507
0.99000         0.060000       0.50000        0.98753
1.0000          0.060000       0.50000        1.0000
0.0000          0.070000       0.50000        0.22794
0.010000        0.070000       0.50000        0.22803
0.020000        0.070000       0.50000        0.22830
0.030000        0.070000       0.50000        0.22875
0.040000        0.070000       0.50000        0.22938
0.050000        0.070000       0.50000        0.23020
0.060000        0.070000       0.50000        0.23119
0.070000        0.070000       0.50000        0.23236
0.080000        0.070000       0.50000        0.23372
0.090000        0.070000       0.50000        0.23525
0.10000         0.070000       0.50000        0.23697
0.11000         0.070000       0.50000        0.23886
0.12000         0.070000       0.50000        0.24093
0.13000         0.070000       0.50000        0.24319
0.14000         0.070000       0.50000        0.24562
0.15000         0.070000       0.50000        0.24822
0.16000         0.070000       0.50000        0.25101
0.17000         0.070000       0.50000        0.25398
0.18000         0.070000       0.50000        0.25712
0.19000         0.070000       0.50000        0.26043
0.20000         0.070000       0.50000        0.26393
0.21000         0.070000       0.50000        0.26760
0.22000         0.070000       0.50000        0.27144
0.23000         0.070000       0.50000        0.27546
0.24000         0.070000       0.50000        0.27965
0.25000         0.070000       0.50000        0.28401
0.26000         0.070000       0.50000        0.28855
0.27000         0.070000       0.50000        0.29326
0.28000         0.070000       0.50000        0.29814
0.29000         0.070000       0.50000        0.30319
0.30000         0.070000       0.50000        0.30841
0.31000         0.070000       0.50000        0.31379
0.32000         0.070000       0.50000        0.31935
0.33000         0.070000       0.50000        0.32507
0.34000         0.070000       0.50000        0.33096
0.35000         0.070000       0.50000        0.33701
0.36000         0.070000       0.50000        0.34322
0.37000         0.070000       0.50000        0.34960
0.38000         0.070000       0.50000        0.35614
0.39000         0.070000       0.50000        0.36284
0.40000         0.070000       0.50000        0.36970
0.41000         0.070000       0.50000        0.37671
0.42000         0.070000       0.50000        0.38389
0.43000         0.070000       0.50000        0.39122
0.44000         0.070000       0.50000        0.39870
0.45000         0.070000       0.50000        0.40633
0.46000         0.070000       0.50000        0.41412
0.47000         0.070000       0.50000        0.42206
0.48000         0.070000       0.50000        0.43014
0.49000         0.070000       0.50000        0.43837
0.50000         0.070000       0.50000        0.44675
0.51000         0.070000       0.50000        0.45527
0.52000         0.070000       0.50000        0.46393
0.53000         0.070000       0.50000        0.47273
0.54000         0.070000       0.50000        0.48167
0.55000         0.070000       0.50000        0.49075
0.56000         0.070000       0.50000        0.49996
0.57000         0.070000       0.50000        0.50930
0.58000         0.070000       0.50000        0.51877
0.59000         0.070000       0.50000        0.52837
0.60000         0.070000       0.50000        0.53810
0.61000         0.070000       0.50000        0.54795
0.62000         0.070000       0.50000        0.55792
0.63000         0.070000       0.50000        0.56801
0.64000         0.070000       0.50000        0.57822
0.65000         0.070000       0.50000        0.58855
0.66000         0.070000       0.50000        0.59898
0.67000         0.070000       0.50000        0.60953
0.68000         0.070000       0.50000        0.62018
0.69000         0.070000       0.50000        0.63094
0.70000         0.070000       0.50000        0.64180
0.71000         0.070000       0.50000        0.65276
0.72000         0.070000       0.50000        0.66382
0.73000         0.070000       0.50000        0.67496
0.74000         0.070000       0.50000        0.68621
0.75000         0.070000       0.50000        0.69753
0.76000         0.070000       0.50000        0.70895
0.77000         0.070000       0.50000        0.72044
0.78000         0.070000       0.50000        0.73202
0.79000         0.070000       0.50000        0.74367
0.80000         0.070000       0.50000        0.75539
0.81000         0.070000       0.50000        0.76718
0.82000         0.070000       0.50000        0.77904
0.83000         0.070000       0.50000        0.79097
0.84000         0.070000       0.50000        0.80295
0.85000         0.070000       0.50000        0.81499
0.86000         0.070000       0.50000        0.82708
0.87000         0.070000       0.50000        0.83922
0.88000         0.070000       0.50000        0.85141
0.89000         0.070000       0.50000        0.86364
0.90000         0.070000       0.50000        0.87591
0.91000         0.070000       0.50000        0.88822
0.92000         0.070000       0.50000        0.90055
0.93000         0.070000       0.50000        0.91292
0.94000         0.070000       0.50000        0.92531
0.95000         0.070000       0.50000        0.93773
0.96000         0.070000       0.50000        0.95016
0.97000         0.070000       0.50000        0.96261
0.98000         0.070000       0.50000        0.97507
0.99000         0.070000       0.50000        0.98753
1.0000          0.070000       0.50000        1.0000
0.0000          0.080000       0.50000        0.22794
0.010000        0.080000       0.50000        0.22803
0.020000        0.080000       0.50000        0.22830
0.030000        0.080000       0.50000        0.22875
0.040000        0.080000       0.50000        0.22938
0.050000        0.080000       0.50000        0.23020
0.060000        0.080000       0.50000        0.23119
0.070000        0.080000       0.50000        0.23236
0.080000        0.080000       0.50000        0.23372
0.090000        0.080000       0.50000        0.23525
0.10000         0.080000       0.50000        0.23697
0.11000         0.080000       0.50000        0.23886
0.12000         0.080000       0.50000        0.24093
0.13000         0.080000       0.50000        0.24319
0.14000         0.080000       0.50000        0.24562
0.15000         0.080000       0.50000        0.24822
0.16000         0.080000       0.50000        0.25101
0.17000         0.080000       0.50000        0.25398
0.18000         0.080000       0.50000        0.25712
0.19000         0.080000       0.50000        0.26043
0.20000         0.080000       0.50000        0.26393
0.21000         0.080000       0.50000        0.26760
0.22000         0.080000       0.50000        0.27144
0.23000         0.080000       0.50000        0.27546
0.24000         0.080000       0.50000        0.27965
0.25000         0.080000       0.50000        0.28401
0.26000         0.080000       0.50000        0.28855
0.27000         0.080000       0.50000        0.29326
0.28000         0.080000       0.50000        0.29814
0.29000         0.080000       0.50000        0.30319
0.30000         0.080000       0.50000        0.30841
0.31000         0.080000       0.50000        0.31379
0.32000         0.080000       0.50000        0.31935
0.33000         0.080000       0.50000        0.32507
0.34000         0.080000       0.50000        0.33096
0.35000         0.080000       0.50000        0.33701
0.36000         0.080000       0.50000        0.34322
0.37000         0.080000       0.50000        0.34960
0.38000         0.080000       0.50000        0.35614
0.39000         0.080000       0.50000        0.36284
0.40000         0.080000       0.50000        0.36970
0.41000         0.080000       0.50000        0.37671
0.42000         0.080000       0.50000        0.38389
0.43000         0.080000       0.50000        0.39122
0.44000         0.080000       0.50000        0.39870
0.45000         0.080000       0.50000        0.40633
0.46000         0.080000       0.50000        0.41412
0.47000         0.080000       0.50000        0.42206
0.48000         0.080000       0.50000        0.43014
0.49000         0.080000       0.50000        0.43837
0.50000         0.080000       0.50000        0.44675
0.51000         0.080000       0.50000        0.45527
0.52000         0.080000       0.50000        0.46393
0.53000         0.080000       0.50000        0.47273
0.54000         0.080000       0.50000        0.48167
0.55000         0.080000       0.50000        0.49075
0.56000         0.080000       0.50000        0.49996
0.57000         0.080000       0.50000        0.50930
0.58000         0.080000       0.50000        0.51877
0.59000         0.080000       0.50000        0.52837
0.60000         0.080000       0.50000        0.53810
0.61000         0.080000       0.50000        0.54795
0.62000         0.080000       0.50000        0.55792
0.63000         0.080000       0.50000        0.56801
0.64000         0.080000       0.50000        0.57822
0.65000         0.080000       0.50000        0.58855
0.66000         0.080000       0.50000        0.59898
0.67000         0.080000       0.50000        0.60953
0.68000         0.080000       0.50000        0.62018
0.69000         0.080000       0.50000        0.63094
0.70000         0.080000       0.50000        0.64180
0.71000         0.080000       0.50000        0.65276
0.72000         0.080000       0.50000        0.66382
0.73000         0.080000       0.50000        0.67496
0.74000         0.080000       0.50000        0.68621
0.75000         0.080000       0.50000        0.69753
0.76000         0.080000       0.50000        0.70895
0.77000         0.080000       0.50000        0.72044
0.78000         0.080000       0.50000        0.73202
0.79000         0.080000       0.50000        0.74367
0.80000         0.080000       0.50000        0.75539
0.81000         0.080000       0.50000        0.76718
0.82000         0.080000       0.50000        0.77904
0.83000         0.080000       0.50000        0.79097
0.84000         0.080000       0.50000        0.80295
0.85000         0.080000       0.50000        0.81499
0.86000         0.080000       0.50000        0.82708
0.87000         0.080000       0.50000        0.83922
0.88000         0.080000       0.50000        0.85141
0.89000         0.080000       0.50000        0.86364
0.90000         0.080000       0.50000        0.87591
0.91000         0.080000       0.50000        0.88822
0.92000         0.080000       0.50000        0.90055
0.93000         0.080000       0.50000        0.91292
0.94000         0.080000       0.50000        0.92531
0.95000         0.080000       0.50000        0.93773
0.96000         0.080000       0.50000        0.95016
0.97000         0.080000       0.50000        0.96261
0.98000         0.080000       0.50000        0.97507
0.99000         0.080000       0.50000        0.98753
1.0000          0.080000       0.50000        1.0000
0.0000          0.090000       0.50000        0.22794
0.010000        0.090000       0.50000        0.22803
0.020000        0.090000       0.50000        0.22830
0.030000        0.090000       0.50000        0.22875
0.040000        0.090000       0.50000        0.22938
0.050000        0.090000       0.50000        0.23020
0.060000        0.090000       0.50000        0.23119
0.070000        0.090000       0.50000        0.23236
0.080000        0.090000       0.50000        0.23372
0.090000        0.090000       0.50000        0.23525
0.10000         0.090000       0.50000        0.23697
0.11000         0.090000       0.50000        0.23886
0.12000         0.090000       0.50000        0.24093
0.13000         0.090000       0.50000        0.24319
0.14000         0.090000       0.50000        0.24562
0.15000         0.090000       0.50000        0.24822
0.16000         0.090000       0.50000        0.25101
0.17000         0.090000       0.50000        0.25398
0.18000         0.090000       0.50000        0.25712
0.19000         0.090000       0.50000        0.26043
0.20000         0.090000       0.50000        0.26393
0.21000         0.090000       0.50000        0.26760
0.22000         0.090000       0.50000        0.27144
0.23000         0.090000       0.50000        0.27546
0.24000         0.090000       0.50000        0.27965
0.25000         0.090000       0.50000        0.28401
0.26000         0.090000       0.50000        0.28855
0.27000         0.090000       0.50000        0.29326
0.28000         0.090000       0.50000        0.29814
0.29000         0.090000       0.50000        0.30319
0.30000         0.090000       0.50000        0.30841
0.31000         0.090000       0.50000        0.31379
0.32000         0.090000       0.50000        0.31935
0.33000         0.090000       0.50000        0.32507
0.34000         0.090000       0.50000        0.33096
0.35000         0.090000       0.50000        0.33701
0.36000         0.090000       0.50000        0.34322
0.37000         0.090000       0.50000        0.34960
0.38000         0.090000       0.50000        0.35614
0.39000         0.090000       0.50000        0.36284
0.40000         0.090000       0.50000        0.36970
0.41000         0.090000       0.50000        0.37671
0.42000         0.090000       0.50000        0.38389
0.43000         0.090000       0.50000        0.39122
0.44000         0.090000       0.50000        0.39870
0.45000         0.090000       0.50000        0.40633
0.46000         0.090000       0.50000        0.41412
0.47000         0.090000       0.50000        0.42206
0.48000         0.090000       0.50000        0.43014
0.49000         0.090000       0.50000        0.43837
0.50000         0.090000       0.50000        0.44675
0.51000         0.090000       0.50000        0.45527
0.52000         0.090000       0.50000        0.46393
0.53000         0.090000       0.50000        0.47273
0.54000         0.090000       0.50000        0.48167
0.55000         0.090000       0.50000        0.49075
0.56000         0.090000       0.50000        0.49996
0.57000         0.090000       0.50000        0.50930
0.58000         0.090000       0.50000        0.51877
0.59000         0.090000       0.50000        0.52837
0.60000         0.090000       0.50000        0.53810
0.61000         0.090000       0.50000        0.54795
0.62000         0.090000       0.50000        0.55792
0.63000         0.090000       0.50000        0.56801
0.64000         0.090000       0.50000        0.57822
0.65000         0.090000       0.50000        0.58855
0.66000         0.090000       0.50000        0.59898
0.67000         0.090000       0.50000        0.60953
0.68000         0.090000       0.50000        0.62018
0.69000         0.090000       0.50000        0.63094
0.70000         0.090000       0.50000        0.64180
0.71000         0.090000       0.50000        0.65276
0.72000         0.090000       0.50000        0.66382
0.73000         0.090000       0.50000        0.67496
0.74000         0.090000       0.50000        0.68621
0.75000         0.090000       0.50000        0.69753
0.76000         0.090000       0.50000        0.70895
0.77000         0.090000       0.50000        0.72044
0.78000         0.090000       0.50000        0.73202
0.79000         0.090000       0.50000        0.74367
0.80000         0.090000       0.50000        0.75539
0.81000         0.090000       0.50000        0.76718
0.82000         0.090000       0.50000        0.77904
0.83000         0.090000       0.50000        0.79097
0.84000         0.090000       0.50000        0.80295
0.85000         0.090000       0.50000        0.81499
0.86000         0.090000       0.50000        0.82708
0.87000         0.090000       0.50000        0.83922
0.88000         0.090000       0.50000        0.85141
0.89000         0.090000       0.50000        0.86364
0.90000         0.090000       0.50000        0.87591
0.91000         0.090000       0.50000        0.88822
0.92000         0.090000       0.50000        0.90055
0.93000         0.090000       0.50000        0.91292
0.94000         0.090000       0.50000        0.92531
0.95000         0.090000       0.50000        0.93773
0.96000         0.090000       0.50000        0.95016
0.97000         0.090000       0.50000        0.96261
0.98000         0.090000       0.50000        0.97507
0.99000         0.090000       0.50000        0.98753
1.0000          0.090000       0.50000        1.0000
0.0000          0.10000        0.50000        0.22794
0.010000        0.10000        0.50000        0.22803
0.020000        0.10000        0.50000        0.22830
0.030000        0.10000        0.50000        0.22875
0.040000        0.10000        0.50000        0.22938
0.050000        0.10000        0.50000        0.23020
0.060000        0.10000        0.50000        0.23119
0.070000        0.10000        0.50000        0.23236
0.080000        0.10000        0.50000        0.23372
0.090000        0.10000        0.50000        0.23525
0.10000         0.10000        0.50000        0.23697
0.11000         0.10000        0.50000        0.23886
0.12000         0.10000        0.50000        0.24093
0.13000         0.10000        0.50000        0.24319
0.14000         0.10000        0.50000        0.24562
0.15000         0.10000        0.50000        0.24822
0.16000         0.10000        0.50000        0.25101
0.17000         0.10000        0.50000        0.25398
0.18000         0.10000        0.50000        0.25712
0.19000         0.10000        0.50000        0.26043
0.20000         0.10000        0.50000        0.26393
0.21000         0.10000        0.50000        0.26760
0.22000         0.10000        0.50000        0.27144
0.23000         0.10000        0.50000        0.27546
0.24000         0.10000        0.50000        0.27965
0.25000         0.10000        0.50000        0.28401
0.26000         0.10000        0.50000        0.28855
0.27000         0.10000        0.50000        0.29326
0.28000         0.10000        0.50000        0.29814
0.29000         0.10000        0.50000        0.30319
0.30000         0.10000        0.50000        0.30841
0.31000         0.10000        0.50000        0.31379
0.32000         0.10000        0.50000        0.31935
0.33000         0.10000        0.50000        0.32507
0.34000         0.10000        0.50000        0.33096
0.35000         0.10000        0.50000        0.33701
0.36000         0.10000        0.50000        0.34322
0.37000         0.10000        0.50000        0.34960
0.38000         0.10000        0.50000        0.35614
0.39000         0.10000        0.50000        0.36284
0.40000         0.10000        0.50000        0.36970
0.41000         0.10000        0.50000        0.37671
0.42000         0.10000        0.50000        0.38389
0.43000         0.10000        0.50000        0.39122
0.44000         0.10000        0.50000        0.39870
0.45000         0.10000        0.50000        0.40633
0.46000         0.10000        0.50000        0.41412
0.47000         0.10000        0.50000        0.42206
0.48000         0.10000        0.50000        0.43014
0.49000         0.10000        0.50000        0.43837
0.50000         0.10000        0.50000        0.44675
0.51000         0.10000        0.50000        0.45527
0.52000         0.10000        0.50000        0.46393
0.53000         0.10000        0.50000        0.47273
0.54000         0.10000        0.50000        0.48167
0.55000         0.10000        0.50000        0.49075
0.56000         0.10000        0.50000        0.49996
0.57000         0.10000        0.50000        0.50930
0.58000         0.10000        0.50000        0.51877
0.59000         0.10000        0.50000        0.52837
0.60000         0.10000        0.50000        0.53810
0.61000         0.10000        0.50000        0.54795
0.62000         0.10000        0.50000        0.55792
0.63000         0.10000        0.50000        0.56801
0.64000         0.10000        0.50000        0.57822
0.65000         0.10000        0.50000        0.58855
0.66000         0.10000        0.50000        0.59898
0.67000         0.10000        0.50000        0.60953
0.68000         0.10000        0.50000        0.62018
0.69000         0.10000        0.50000        0.63094
0.70000         0.10000        0.50000        0.64180
0.71000         0.10000        0.50000        0.65276
0.72000         0.10000        0.50000        0.66382
0.73000         0.10000        0.50000        0.67496
0.74000         0.10000        0.50000        0.68621
0.75000         0.10000        0.50000        0.69753
0.76000         0.10000        0.50000        0.70895
0.77000         0.10000        0.50000        0.72044
0.78000         0.10000        0.50000        0.73202
0.79000         0.10000        0.50000        0.74367
0.80000         0.10000        0.50000        0.75539
0.81000         0.10000        0.50000        0.76718
0.82000         0.10000        0.50000        0.77904
0.83000         0.10000        0.50000        0.79097
0.84000         0.10000        0.50000        0.80295
0.85000         0.10000        0.50000        0.81499
0.86000         0.10000        0.50000        0.82708
0.87000         0.10000        0.50000        0.83922
0.88000         0.10000        0.50000        0.85141
0.89000         0.10000        0.50000        0.86364
0.90000         0.10000        0.50000        0.87591
0.91000         0.10000        0.50000        0.88822
0.92000         0.10000        0.50000        0.90055
0.93000         0.10000        0.50000        0.91292
0.94000         0.10000        0.50000        0.92531
0.95000         0.10000        0.50000        0.93773
0.96000         0.10000        0.50000        0.95016
0.97000         0.10000        0.50000        0.96261
0.98000         0.10000        0.50000        0.97507
0.99000         0.10000        0.50000        0.98753
1.0000          0.10000        0.50000        1.0000
0.0000          0.11000        0.50000        0.22794
0.010000        0.11000        0.50000        0.22803
0.020000        0.11000        0.50000        0.22830
0.030000        0.11000        0.50000        0.22875
0.040000        0.11000        0.50000        0.22938
0.050000        0.11000        0.50000        0.23020
0.060000        0.11000        0.50000        0.23119
0.070000        0.11000        0.50000        0.23236
0.080000        0.11000        0.50000        0.23372
0.090000        0.11000        0.50000        0.23525
0.10000         0.11000        0.50000        0.23697
0.11000         0.11000        0.50000        0.23886
0.12000         0.11000        0.50000        0.24093
0.13000         0.11000        0.50000        0.24319
0.14000         0.11000        0.50000        0.24562
0.15000         0.11000        0.50000        0.24822
0.16000         0.11000        0.50000        0.25101
0.17000         0.11000        0.50000        0.25398
0.18000         0.11000        0.50000        0.25712
0.19000         0.11000        0.50000        0.26043
0.20000         0.11000        0.50000        0.26393
0.21000         0.11000        0.50000        0.26760
0.22000         0.11000        0.50000        0.27144
0.23000         0.11000        0.50000        0.27546
0.24000         0.11000        0.50000        0.27965
0.25000         0.11000        0.50000        0.28401
0.26000         0.11000        0.50000        0.28855
0.27000         0.11000        0.50000        0.29326
0.28000         0.11000        0.50000        0.29814
0.29000         0.11000        0.50000        0.30319
0.30000         0.11000        0.50000        0.30841
0.31000         0.11000        0.50000        0.31379
0.32000         0.11000        0.50000        0.31935
0.33000         0.11000        0.50000        0.32507
0.34000         0.11000        0.50000        0.33096
0.35000         0.11000        0.50000        0.33701
0.36000         0.11000        0.50000        0.34322
0.37000         0.11000        0.50000        0.34960
0.38000         0.11000        0.50000        0.35614
0.39000         0.11000        0.50000        0.36284
0.40000         0.11000        0.50000        0.36970
0.41000         0.11000        0.50000        0.37671
0.42000         0.11000        0.50000        0.38389
0.43000         0.11000        0.50000        0.39122
0.44000         0.11000        0.50000        0.39870
0.45000         0.11000        0.50000        0.40633
0.46000         0.11000        0.50000        0.41412
0.47000         0.11000        0.50000        0.42206
0.48000         0.11000        0.50000        0.43014
0.49000         0.11000        0.50000        0.43837
0.50000         0.11000        0.50000        0.44675
0.51000         0.11000        0.50000        0.45527
0.52000         0.11000        0.50000        0.46393
0.53000         0.11000        0.50000        0.47273
0.54000         0.11000        0.50000        0.48167
0.55000         0.11000        0.50000        0.49075
0.56000         0.11000        0.50000        0.49996
0.57000         0.11000        0.50000        0.50930
0.58000         0.11000        0.50000        0.51877
0.59000         0.11000        0.50000        0.52837
0.60000         0.11000        0.50000        0.53810
0.61000         0.11000        0.50000        0.54795
0.62000         0.11000        0.50000        0.55792
0.63000         0.11000        0.50000        0.56801
0.64000         0.11000        0.50000        0.57822
0.65000         0.11000        0.50000        0.58855
0.66000         0.11000        0.50000        0.59898
0.67000         0.11000        0.50000        0.60953
0.68000         0.11000        0.50000        0.62018
0.69000         0.11000        0.50000        0.63094
0.70000         0.11000        0.50000        0.64180
0.71000         0.11000        0.50000        0.65276
0.72000         0.11000        0.50000        0.66382
0.73000         0.11000        0.50000        0.67496
0.74000         0.11000        0.50000        0.68621
0.75000         0.11000        0.50000        0.69753
0.76000         0.11000        0.50000        0.70895
0.77000         0.11000        0.50000        0.72044
0.78000         0.11000        0.50000        0.73202
0.79000         0.11000        0.50000        0.74367
0.80000         0.11000        0.50000        0.75539
0.81000         0.11000        0.50000        0.76718
0.82000         0.11000        0.50000        0.77904
0.83000         0.11000        0.50000        0.79097
0.84000         0.11000        0.50000        0.80295
0.85000         0.11000        0.50000        0.81499
0.86000         0.11000        0.50000        0.82708
0.87000         0.11000        0.50000        0.83922
0.88000         0.11000        0.50000        0.85141
0.89000         0.11000        0.50000        0.86364
0.90000         0.11000        0.50000        0.87591
0.91000         0.11000        0.50000        0.88822
0.92000         0.11000        0.50000        0.90055
0.93000         0.11000        0.50000        0.91292
0.94000         0.11000        0.50000        0.92531
0.95000         0.11000        0.50000        0.93773
0.96000         0.11000        0.50000        0.95016
0.97000         0.11000        0.50000        0.96261
0.98000         0.11000        0.50000        0.97507
0.99000         0.11000        0.50000        0.98753
1.0000          0.11000        0.50000        1.0000
0.0000          0.12000        0.50000        0.22794
0.010000        0.12000        0.50000        0.22803
0.020000        0.12000        0.50000        0.22830
0.030000        0.12000        0.50000        0.22875
0.040000        0.12000        0.50000        0.22938
0.050000        0.12000        0.50000        0.23020
0.060000        0.12000        0.50000        0.23119
0.070000        0.12000        0.50000        0.23236
0.080000        0.12000        0.50000        0.23372
0.090000        0.12000        0.50000        0.23525
0.10000         0.12000        0.50000        0.23697
0.11000         0.12000        0.50000        0.23886
0.12000         0.12000        0.50000        0.24093
0.13000         0.12000        0.50000        0.24319
0.14000         0.12000        0.50000        0.24562
0.15000         0.12000        0.50000        0.24822
0.16000         0.12000        0.50000        0.25101
0.17000         0.12000        0.50000        0.25398
0.18000         0.12000        0.50000        0.25712
0.19000         0.12000        0.50000        0.26043
0.20000         0.12000        0.50000        0.26393
0.21000         0.12000        0.50000        0.26760
0.22000         0.12000        0.50000        0.27144
0.23000         0.12000        0.50000        0.27546
0.24000         0.12000        0.50000        0.27965
0.25000         0.12000        0.50000        0.28401
0.26000         0.12000        0.50000        0.28855
0.27000         0.12000        0.50000        0.29326
0.28000         0.12000        0.50000        0.29814
0.29000         0.12000        0.50000        0.30319
0.30000         0.12000        0.50000        0.30841
0.31000         0.12000        0.50000        0.31379
0.32000         0.12000        0.50000        0.31935
0.33000         0.12000        0.50000        0.32507
0.34000         0.12000        0.50000        0.33096
0.35000         0.12000        0.50000        0.33701
0.36000         0.12000        0.50000        0.34322
0.37000         0.12000        0.50000        0.34960
0.38000         0.12000        0.50000        0.35614
0.39000         0.12000        0.50000        0.36284
0.40000         0.12000        0.50000        0.36970
0.41000         0.12000        0.50000        0.37671
0.42000         0.12000        0.50000        0.38389
0.43000         0.12000        0.50000        0.39122
0.44000         0.12000        0.50000        0.39870
0.45000         0.12000        0.50000        0.40633
0.46000         0.12000        0.50000        0.41412
0.47000         0.12000        0.50000        0.42206
0.48000         0.12000        0.50000        0.43014
0.49000         0.12000        0.50000        0.43837
0.50000         0.12000        0.50000        0.44675
0.51000         0.12000        0.50000        0.45527
0.52000         0.12000        0.50000        0.46393
0.53000         0.12000        0.50000        0.47273
0.54000         0.12000        0.50000        0.48167
0.55000         0.12000        0.50000        0.49075
0.56000         0.12000        0.50000        0.49996
0.57000         0.12000        0.50000        0.50930
0.58000         0.12000        0.50000        0.51877
0.59000         0.12000        0.50000        0.52837
0.60000         0.12000        0.50000        0.53810
0.61000         0.12000        0.50000        0.54795
0.62000         0.12000        0.50000        0.55792
0.63000         0.12000        0.50000        0.56801
0.64000         0.12000        0.50000        0.57822
0.65000         0.12000        0.50000        0.58855
0.66000         0.12000        0.50000        0.59898
0.67000         0.12000        0.50000        0.60953
0.68000         0.12000        0.50000        0.62018
0.69000         0.12000        0.50000        0.63094
0.70000         0.12000        0.50000        0.64180
0.71000         0.12000        0.50000        0.65276
0.72000         0.12000        0.50000        0.66382
0.73000         0.12000        0.50000        0.67496
0.74000         0.12000        0.50000        0.68621
0.75000         0.12000        0.50000        0.69753
0.76000         0.12000        0.50000        0.70895
0.77000         0.12000        0.50000        0.72044
0.78000         0.12000        0.50000        0.73202
0.79000         0.12000        0.50000        0.74367
0.80000         0.12000        0.50000        0.75539
0.81000         0.12000        0.50000        0.76718
0.82000         0.12000        0.50000        0.77904
0.83000         0.12000        0.50000        0.79097
0.84000         0.12000        0.50000        0.80295
0.85000         0.12000        0.50000        0.81499
0.86000         0.12000        0.50000        0.82708
0.87000         0.12000        0.50000        0.83922
0.88000         0.12000        0.50000        0.85141
0.89000         0.12000        0.50000        0.86364
0.90000         0.12000        0.50000        0.87591
0.91000         0.12000        0.50000        0.88822
0.92000         0.12000        0.50000        0.90055
0.93000         0.12000        0.50000        0.91292
0.94000         0.12000        0.50000        0.92531
0.95000         0.12000        0.50000        0.93773
0.96000         0.12000        0.50000        0.95016
0.97000         0.12000        0.50000        0.96261
0.98000         0.12000        0.50000        0.97507
0.99000         0.12000        0.50000        0.98753
1.0000          0.12000        0.50000        1.0000
0.0000          0.13000        0.50000        0.22794
0.010000        0.13000        0.50000        0.22803
0.020000        0.13000        0.50000        0.22830
0.030000        0.13000        0.50000        0.22875
0.040000        0.13000        0.50000        0.22938
0.050000        0.13000        0.50000        0.23020
0.060000        0.13000        0.50000        0.23119
0.070000        0.13000        0.50000        0.23236
0.080000        0.13000        0.50000        0.23372
0.090000        0.13000        0.50000        0.23525
0.10000         0.13000        0.50000        0.23697
0.11000         0.13000        0.50000        0.23886
0.12000         0.13000        0.50000        0.24093
0.13000         0.13000        0.50000        0.24319
0.14000         0.13000        0.50000        0.24562
0.15000         0.13000        0.50000        0.24822
0.16000         0.13000        0.50000        0.25101
0.17000         0.13000        0.50000        0.25398
0.18000         0.13000        0.50000        0.25712
0.19000         0.13000        0.50000        0.26043
0.20000         0.13000        0.50000        0.26393
0.21000         0.13000        0.50000        0.26760
0.22000         0.13000        0.50000        0.27144
0.23000         0.13000        0.50000        0.27546
0.24000         0.13000        0.50000        0.27965
0.25000         0.13000        0.50000        0.28401
0.26000         0.13000        0.50000        0.28855
0.27000         0.13000        0.50000        0.29326
0.28000         0.13000        0.50000        0.29814
0.29000         0.13000        0.50000        0.30319
0.30000         0.13000        0.50000        0.30841
0.31000         0.13000        0.50000        0.31379
0.32000         0.13000        0.50000        0.31935
0.33000         0.13000        0.50000        0.32507
0.34000         0.13000        0.50000        0.33096
0.35000         0.13000        0.50000        0.33701
0.36000         0.13000        0.50000        0.34322
0.37000         0.13000        0.50000        0.34960
0.38000         0.13000        0.50000        0.35614
0.39000         0.13000        0.50000        0.36284
0.40000         0.13000        0.50000        0.36970
0.41000         0.13000        0.50000        0.37671
0.42000         0.13000        0.50000        0.38389
0.43000         0.13000        0.50000        0.39122
0.44000         0.13000        0.50000        0.39870
0.45000         0.13000        0.50000        0.40633
0.46000         0.13000        0.50000        0.41412
0.47000         0.13000        0.50000        0.42206
0.48000         0.13000        0.50000        0.43014
0.49000         0.13000        0.50000        0.43837
0.50000         0.13000        0.50000        0.44675
0.51000         0.13000        0.50000        0.45527
0.52000         0.13000        0.50000        0.46393
0.53000         0.13000        0.50000        0.47273
0.54000         0.13000        0.50000        0.48167
0.55000         0.13000        0.50000        0.49075
0.56000         0.13000        0.50000        0.49996
0.57000         0.13000        0.50000        0.50930
0.58000         0.13000        0.50000        0.51877
0.59000         0.13000        0.50000        0.52837
0.60000         0.13000        0.50000        0.53810
0.61000         0.13000        0.50000        0.54795
0.62000         0.13000        0.50000        0.55792
0.63000         0.13000        0.50000        0.56801
0.64000         0.13000        0.50000        0.57822
0.65000         0.13000        0.50000        0.58855
0.66000         0.13000        0.50000        0.59898
0.67000         0.13000        0.50000        0.60953
0.68000         0.13000        0.50000        0.62018
0.69000         0.13000        0.50000        0.63094
0.70000         0.13000        0.50000        0.64180
0.71000         0.13000        0.50000        0.65276
0.72000         0.13000        0.50000        0.66382
0.73000         0.13000        0.50000        0.67496
0.74000         0.13000        0.50000        0.68621
0.75000         0.13000        0.50000        0.69753
0.76000         0.13000        0.50000        0.70895
0.77000         0.13000        0.50000        0.72044
0.78000         0.13000        0.50000        0.73202
0.79000         0.13000        0.50000        0.74367
0.80000         0.13000        0.50000        0.75539
0.81000         0.13000        0.50000        0.76718
0.82000         0.13000        0.50000        0.77904
0.83000         0.13000        0.50000        0.79097
0.84000         0.13000        0.50000        0.80295
0.85000         0.13000        0.50000        0.81499
0.86000         0.13000        0.50000        0.82708
0.87000         0.13000        0.50000        0.83922
0.88000         0.13000        0.50000        0.85141
0.89000         0.13000        0.50000        0.86364
0.90000         0.13000        0.50000        0.87591
0.91000         0.13000        0.50000        0.88822
0.92000         0.13000        0.50000        0.90055
0.93000         0.13000        0.50000        0.91292
0.94000         0.13000        0.50000        0.92531
0.95000         0.13000        0.50000        0.93773
0.96000         0.13000        0.50000        0.95016
0.97000         0.13000        0.50000        0.96261
0.98000         0.13000        0.50000        0.97507
0.99000         0.13000        0.50000        0.98753
1.0000          0.13000        0.50000        1.0000
0.0000          0.14000        0.50000        0.22794
0.010000        0.14000        0.50000        0.22803
0.020000        0.14000        0.50000        0.22830
0.030000        0.14000        0.50000        0.22875
0.040000        0.14000        0.50000        0.22938
0.050000        0.14000        0.50000        0.23020
0.060000        0.14000        0.50000        0.23119
0.070000        0.14000        0.50000        0.23236
0.080000        0.14000        0.50000        0.23372
0.090000        0.14000        0.50000        0.23525
0.10000         0.14000        0.50000        0.23697
0.11000         0.14000        0.50000        0.23886
0.12000         0.14000        0.50000        0.24093
0.13000         0.14000        0.50000        0.24319
0.14000         0.14000        0.50000        0.24562
0.15000         0.14000        0.50000        0.24822
0.16000         0.14000        0.50000        0.25101
0.17000         0.14000        0.50000        0.25398
0.18000         0.14000        0.50000        0.25712
0.19000         0.14000        0.50000        0.26043
0.20000         0.14000        0.50000        0.26393
0.21000         0.14000        0.50000        0.26760
0.22000         0.14000        0.50000        0.27144
0.23000         0.14000        0.50000        0.27546
0.24000         0.14000        0.50000        0.27965
0.25000         0.14000        0.50000        0.28401
0.26000         0.14000        0.50000        0.28855
0.27000         0.14000        0.50000        0.29326
0.28000         0.14000        0.50000        0.29814
0.29000         0.14000        0.50000        0.30319
0.30000         0.14000        0.50000        0.30841
0.31000         0.14000        0.50000        0.31379
0.32000         0.14000        0.50000        0.31935
0.33000         0.14000        0.50000        0.32507
0.34000         0.14000        0.50000        0.33096
0.35000         0.14000        0.50000        0.33701
0.36000         0.14000        0.50000        0.34322
0.37000         0.14000        0.50000        0.34960
0.38000         0.14000        0.50000        0.35614
0.39000         0.14000        0.50000        0.36284
0.40000         0.14000        0.50000        0.36970
0.41000         0.14000        0.50000        0.37671
0.42000         0.14000        0.50000        0.38389
0.43000         0.14000        0.50000        0.39122
0.44000         0.14000        0.50000        0.39870
0.45000         0.14000        0.50000        0.40633
0.46000         0.14000        0.50000        0.41412
0.47000         0.14000        0.50000        0.42206
0.48000         0.14000        0.50000        0.43014
0.49000         0.14000        0.50000        0.43837
0.50000         0.14000        0.50000        0.44675
0.51000         0.14000        0.50000        0.45527
0.52000         0.14000        0.50000        0.46393
0.53000         0.14000        0.50000        0.47273
0.54000         0.14000        0.50000        0.48167
0.55000         0.14000        0.50000        0.49075
0.56000         0.14000        0.50000        0.49996
0.57000         0.14000        0.50000        0.50930
0.58000         0.14000        0.50000        0.51877
0.59000         0.14000        0.50000        0.52837
0.60000         0.14000        0.50000        0.53810
0.61000         0.14000        0.50000        0.54795
0.62000         0.14000        0.50000        0.55792
0.63000         0.14000        0.50000        0.56801
0.64000         0.14000        0.50000        0.57822
0.65000         0.14000        0.50000        0.58855
0.66000         0.14000        0.50000        0.59898
0.67000         0.14000        0.50000        0.60953
0.68000         0.14000        0.50000        0.62018
0.69000         0.14000        0.50000        0.63094
0.70000         0.14000        0.50000        0.64180
0.71000         0.14000        0.50000        0.65276
0.72000         0.14000        0.50000        0.66382
0.73000         0.14000        0.50000        0.67496
0.74000         0.14000        0.50000        0.68621
0.75000         0.14000        0.50000        0.69753
0.76000         0.14000        0.50000        0.70895
0.77000         0.14000        0.50000        0.72044
0.78000         0.14000        0.50000        0.73202
0.79000         0.14000        0.50000        0.74367
0.80000         0.14000        0.50000        0.75539
0.81000         0.14000        0.50000        0.76718
0.82000         0.14000        0.50000        0.77904
0.83000         0.14000        0.50000        0.79097
0.84000         0.14000        0.50000        0.80295
0.85000         0.14000        0.50000        0.81499
0.86000         0.14000        0.50000        0.82708
0.87000         0.14000        0.50000        0.83922
0.88000         0.14000        0.50000        0.85141
0.89000         0.14000        0.50000        0.86364
0.90000         0.14000        0.50000        0.87591
0.91000         0.14000        0.50000        0.88822
0.92000         0.14000        0.50000        0.90055
0.93000         0.14000        0.50000        0.91292
0.94000         0.14000        0.50000        0.92531
0.95000         0.14000        0.50000        0.93773
0.96000         0.14000        0.50000        0.95016
0.97000         0.14000        0.50000        0.96261
0.98000         0.14000        0.50000        0.97507
0.99000         0.14000        0.50000        0.98753
1.0000          0.14000        0.50000        1.0000
0.0000          0.15000        0.50000        0.22794
0.010000        0.15000        0.50000        0.22803
0.020000        0.15000        0.50000        0.22830
0.030000        0.15000        0.50000        0.22875
0.040000        0.15000        0.50000        0.22938
0.050000        0.15000        0.50000        0.23020
0.060000        0.15000        0.50000        0.23119
0.070000        0.15000        0.50000        0.23236
0.080000        0.15000        0.50000        0.23372
0.090000        0.15000        0.50000        0.23525
0.10000         0.15000        0.50000        0.23697
0.11000         0.15000        0.50000        0.23886
0.12000         0.15000        0.50000        0.24093
0.13000         0.15000        0.50000        0.24319
0.14000         0.15000        0.50000        0.24562
0.15000         0.15000        0.50000        0.24822
0.16000         0.15000        0.50000        0.25101
0.17000         0.15000        0.50000        0.25398
0.18000         0.15000        0.50000        0.25712
0.19000         0.15000        0.50000        0.26043
0.20000         0.15000        0.50000        0.26393
0.21000         0.15000        0.50000        0.26760
0.22000         0.15000        0.50000        0.27144
0.23000         0.15000        0.50000        0.27546
0.24000         0.15000        0.50000        0.27965
0.25000         0.15000        0.50000        0.28401
0.26000         0.15000        0.50000        0.28855
0.27000         0.15000        0.50000        0.29326
0.28000         0.15000        0.50000        0.29814
0.29000         0.15000        0.50000        0.30319
0.30000         0.15000        0.50000        0.30841
0.31000         0.15000        0.50000        0.31379
0.32000         0.15000        0.50000        0.31935
0.33000         0.15000        0.50000        0.32507
0.34000         0.15000        0.50000        0.33096
0.35000         0.15000        0.50000        0.33701
0.36000         0.15000        0.50000        0.34322
0.37000         0.15000        0.50000        0.34960
0.38000         0.15000        0.50000        0.35614
0.39000         0.15000        0.50000        0.36284
0.40000         0.15000        0.50000        0.36970
0.41000         0.15000        0.50000        0.37671
0.42000         0.15000        0.50000        0.38389
0.43000         0.15000        0.50000        0.39122
0.44000         0.15000        0.50000        0.39870
0.45000         0.15000        0.50000        0.40633
0.46000         0.15000        0.50000        0.41412
0.47000         0.15000        0.50000        0.42206
0.48000         0.15000        0.50000        0.43014
0.49000         0.15000        0.50000        0.43837
0.50000         0.15000        0.50000        0.44675
0.51000         0.15000        0.50000        0.45527
0.52000         0.15000        0.50000        0.46393
0.53000         0.15000        0.50000        0.47273
0.54000         0.15000        0.50000        0.48167
0.55000         0.15000        0.50000        0.49075
0.56000         0.15000        0.50000        0.49996
0.57000         0.15000        0.50000        0.50930
0.58000         0.15000        0.50000        0.51877
0.59000         0.15000        0.50000        0.52837
0.60000         0.15000        0.50000        0.53810
0.61000         0.15000        0.50000        0.54795
0.62000         0.15000        0.50000        0.55792
0.63000         0.15000        0.50000        0.56801
0.64000         0.15000        0.50000        0.57822
0.65000         0.15000        0.50000        0.58855
0.66000         0.15000        0.50000        0.59898
0.67000         0.15000        0.50000        0.60953
0.68000         0.15000        0.50000        0.62018
0.69000         0.15000        0.50000        0.63094
0.70000         0.15000        0.50000        0.64180
0.71000         0.15000        0.50000        0.65276
0.72000         0.15000        0.50000        0.66382
0.73000         0.15000        0.50000        0.67496
0.74000         0.15000        0.50000        0.68621
0.75000         0.15000        0.50000        0.69753
0.76000         0.15000        0.50000        0.70895
0.77000         0.15000        0.50000        0.72044
0.78000         0.15000        0.50000        0.73202
0.79000         0.15000        0.50000        0.74367
0.80000         0.15000        0.50000        0.75539
0.81000         0.15000        0.50000        0.76718
0.82000         0.15000        0.50000        0.77904
0.83000         0.15000        0.50000        0.79097
0.84000         0.15000        0.50000        0.80295
0.85000         0.15000        0.50000        0.81499
0.86000         0.15000        0.50000        0.82708
0.87000         0.15000        0.50000        0.83922
0.88000         0.15000        0.50000        0.85141
0.89000         0.15000        0.50000        0.86364
0.90000         0.15000        0.50000        0.87591
0.91000         0.15000        0.50000        0.88822
0.92000         0.15000        0.50000        0.90055
0.93000         0.15000        0.50000        0.91292
0.94000         0.15000        0.50000        0.92531
0.95000         0.15000        0.50000        0.93773
0.96000         0.15000        0.50000        0.95016
0.97000         0.15000        0.50000        0.96261
0.98000         0.15000        0.50000        0.97507
0.99000         0.15000        0.50000        0.98753
1.0000          0.15000        0.50000        1.0000
0.0000          0.16000        0.50000        0.22794
0.010000        0.16000        0.50000        0.22803
0.020000        0.16000        0.50000        0.22830
0.030000        0.16000        0.50000        0.22875
0.040000        0.16000        0.50000        0.22938
0.050000        0.16000        0.50000        0.23020
0.060000        0.16000        0.50000        0.23119
0.070000        0.16000        0.50000        0.23236
0.080000        0.16000        0.50000        0.23372
0.090000        0.16000        0.50000        0.23525
0.10000         0.16000        0.50000        0.23697
0.11000         0.16000        0.50000        0.23886
0.12000         0.16000        0.50000        0.24093
0.13000         0.16000        0.50000        0.24319
0.14000         0.16000        0.50000        0.24562
0.15000         0.16000        0.50000        0.24822
0.16000         0.16000        0.50000        0.25101
0.17000         0.16000        0.50000        0.25398
0.18000         0.16000        0.50000        0.25712
0.19000         0.16000        0.50000        0.26043
0.20000         0.16000        0.50000        0.26393
0.21000         0.16000        0.50000        0.26760
0.22000         0.16000        0.50000        0.27144
0.23000         0.16000        0.50000        0.27546
0.24000         0.16000        0.50000        0.27965
0.25000         0.16000        0.50000        0.28401
0.26000         0.16000        0.50000        0.28855
0.27000         0.16000        0.50000        0.29326
0.28000         0.16000        0.50000        0.29814
0.29000         0.16000        0.50000        0.30319
0.30000         0.16000        0.50000        0.30841
0.31000         0.16000        0.50000        0.31379
0.32000         0.16000        0.50000        0.31935
0.33000         0.16000        0.50000        0.32507
0.34000         0.16000        0.50000        0.33096
0.35000         0.16000        0.50000        0.33701
0.36000         0.16000        0.50000        0.34322
0.37000         0.16000        0.50000        0.34960
0.38000         0.16000        0.50000        0.35614
0.39000         0.16000        0.50000        0.36284
0.40000         0.16000        0.50000        0.36970
0.41000         0.16000        0.50000        0.37671
0.42000         0.16000        0.50000        0.38389
0.43000         0.16000        0.50000        0.39122
0.44000         0.16000        0.50000        0.39870
0.45000         0.16000        0.50000        0.40633
0.46000         0.16000        0.50000        0.41412
0.47000         0.16000        0.50000        0.42206
0.48000         0.16000        0.50000        0.43014
0.49000         0.16000        0.50000        0.43837
0.50000         0.16000        0.50000        0.44675
0.51000         0.16000        0.50000        0.45527
0.52000         0.16000        0.50000        0.46393
0.53000         0.16000        0.50000        0.47273
0.54000         0.16000        0.50000        0.48167
0.55000         0.16000        0.50000        0.49075
0.56000         0.16000        0.50000        0.49996
0.57000         0.16000        0.50000        0.50930
0.58000         0.16000        0.50000        0.51877
0.59000         0.16000        0.50000        0.52837
0.60000         0.16000        0.50000        0.53810
0.61000         0.16000        0.50000        0.54795
0.62000         0.16000        0.50000        0.55792
0.63000         0.16000        0.50000        0.56801
0.64000         0.16000        0.50000        0.57822
0.65000         0.16000        0.50000        0.58855
0.66000         0.16000        0.50000        0.59898
0.67000         0.16000        0.50000        0.60953
0.68000         0.16000        0.50000        0.62018
0.69000         0.16000        0.50000        0.63094
0.70000         0.16000        0.50000        0.64180
0.71000         0.16000        0.50000        0.65276
0.72000         0.16000        0.50000        0.66382
0.73000         0.16000        0.50000        0.67496
0.74000         0.16000        0.50000        0.68621
0.75000         0.16000        0.50000        0.69753
0.76000         0.16000        0.50000        0.70895
0.77000         0.16000        0.50000        0.72044
0.78000         0.16000        0.50000        0.73202
0.79000         0.16000        0.50000        0.74367
0.80000         0.16000        0.50000        0.75539
0.81000         0.16000        0.50000        0.76718
0.82000         0.16000        0.50000        0.77904
0.83000         0.16000        0.50000        0.79097
0.84000         0.16000        0.50000        0.80295
0.85000         0.16000        0.50000        0.81499
0.86000         0.16000        0.50000        0.82708
0.87000         0.16000        0.50000        0.83922
0.88000         0.16000        0.50000        0.85141
0.89000         0.16000        0.50000        0.86364
0.90000         0.16000        0.50000        0.87591
0.91000         0.16000        0.50000        0.88822
0.92000         0.16000        0.50000        0.90055
0.93000         0.16000        0.50000        0.91292
0.94000         0.16000        0.50000        0.92531
0.95000         0.16000        0.50000        0.93773
0.96000         0.16000        0.50000        0.95016
0.97000         0.16000        0.50000        0.96261
0.98000         0.16000        0.50000        0.97507
0.99000         0.16000        0.50000        0.98753
1.0000          0.16000        0.50000        1.0000
0.0000          0.17000        0.50000        0.22794
0.010000        0.17000        0.50000        0.22803
0.020000        0.17000        0.50000        0.22830
0.030000        0.17000        0.50000        0.22875
0.040000        0.17000        0.50000        0.22938
0.050000        0.17000        0.50000        0.23020
0.060000        0.17000        0.50000        0.23119
0.070000        0.17000        0.50000        0.23236
0.080000        0.17000        0.50000        0.23372
0.090000        0.17000        0.50000        0.23525
0.10000         0.17000        0.50000        0.23697
0.11000         0.17000        0.50000        0.23886
0.12000         0.17000        0.50000        0.24093
0.13000         0.17000        0.50000        0.24319
0.14000         0.17000        0.50000        0.24562
0.15000         0.17000        0.50000        0.24822
0.16000         0.17000        0.50000        0.25101
0.17000         0.17000        0.50000        0.25398
0.18000         0.17000        0.50000        0.25712
0.19000         0.17000        0.50000        0.26043
0.20000         0.17000        0.50000        0.26393
0.21000         0.17000        0.50000        0.26760
0.22000         0.17000        0.50000        0.27144
0.23000         0.17000        0.50000        0.27546
0.24000         0.17000        0.50000        0.27965
0.25000         0.17000        0.50000        0.28401
0.26000         0.17000        0.50000        0.28855
0.27000         0.17000        0.50000        0.29326
0.28000         0.17000        0.50000        0.29814
0.29000         0.17000        0.50000        0.30319
0.30000         0.17000        0.50000        0.30841
0.31000         0.17000        0.50000        0.31379
0.32000         0.17000        0.50000        0.31935
0.33000         0.17000        0.50000        0.32507
0.34000         0.17000        0.50000        0.33096
0.35000         0.17000        0.50000        0.33701
0.36000         0.17000        0.50000        0.34322
0.37000         0.17000        0.50000        0.34960
0.38000         0.17000        0.50000        0.35614
0.39000         0.17000        0.50000        0.36284
0.40000         0.17000        0.50000        0.36970
0.41000         0.17000        0.50000        0.37671
0.42000         0.17000        0.50000        0.38389
0.43000         0.17000        0.50000        0.39122
0.44000         0.17000        0.50000        0.39870
0.45000         0.17000        0.50000        0.40633
0.46000         0.17000        0.50000        0.41412
0.47000         0.17000        0.50000        0.42206
0.48000         0.17000        0.50000        0.43014
0.49000         0.17000        0.50000        0.43837
0.50000         0.17000        0.50000        0.44675
0.51000         0.17000        0.50000        0.45527
0.52000         0.17000        0.50000        0.46393
0.53000         0.17000        0.50000        0.47273
0.54000         0.17000        0.50000        0.48167
0.55000         0.17000        0.50000        0.49075
0.56000         0.17000        0.50000        0.49996
0.57000         0.17000        0.50000        0.50930
0.58000         0.17000        0.50000        0.51877
0.59000         0.17000        0.50000        0.52837
0.60000         0.17000        0.50000        0.53810
0.61000         0.17000        0.50000        0.54795
0.62000         0.17000        0.50000        0.55792
0.63000         0.17000        0.50000        0.56801
0.64000         0.17000        0.50000        0.57822
0.65000         0.17000        0.50000        0.58855
0.66000         0.17000        0.50000        0.59898
0.67000         0.17000        0.50000        0.60953
0.68000         0.17000        0.50000        0.62018
0.69000         0.17000        0.50000        0.63094
0.70000         0.17000        0.50000        0.64180
0.71000         0.17000        0.50000        0.65276
0.72000         0.17000        0.50000        0.66382
0.73000         0.17000        0.50000        0.67496
0.74000         0.17000        0.50000        0.68621
0.75000         0.17000        0.50000        0.69753
0.76000         0.17000        0.50000        0.70895
0.77000         0.17000        0.50000        0.72044
0.78000         0.17000        0.50000        0.73202
0.79000         0.17000        0.50000        0.74367
0.80000         0.17000        0.50000        0.75539
0.81000         0.17000        0.50000        0.76718
0.82000         0.17000        0.50000        0.77904
0.83000         0.17000        0.50000        0.79097
0.84000         0.17000        0.50000        0.80295
0.85000         0.17000        0.50000        0.81499
0.86000         0.17000        0.50000        0.82708
0.87000         0.17000        0.50000        0.83922
0.88000         0.17000        0.50000        0.85141
0.89000         0.17000        0.50000        0.86364
0.90000         0.17000        0.50000        0.87591
0.91000         0.17000        0.50000        0.88822
0.92000         0.17000        0.50000        0.90055
0.93000         0.17000        0.50000        0.91292
0.94000         0.17000        0.50000        0.92531
0.95000         0.17000        0.50000        0.93773
0.96000         0.17000        0.50000        0.95016
0.97000         0.17000        0.50000        0.96261
0.98000         0.17000        0.50000        0.97507
0.99000         0.17000        0.50000        0.98753
1.0000          0.17000        0.50000        1.0000
0.0000          0.18000        0.50000        0.22794
0.010000        0.18000        0.50000        0.22803
0.020000        0.18000        0.50000        0.22830
0.030000        0.18000        0.50000        0.22875
0.040000        0.18000        0.50000        0.22938
0.050000        0.18000        0.50000        0.23020
0.060000        0.18000        0.50000        0.23119
0.070000        0.18000        0.50000        0.23236
0.080000        0.18000        0.50000        0.23372
0.090000        0.18000        0.50000        0.23525
0.10000         0.18000        0.50000        0.23697
0.11000         0.18000        0.50000        0.23886
0.12000         0.18000        0.50000        0.24093
0.13000         0.18000        0.50000        0.24319
0.14000         0.18000        0.50000        0.24562
0.15000         0.18000        0.50000        0.24822
0.16000         0.18000        0.50000        0.25101
0.17000         0.18000        0.50000        0.25398
0.18000         0.18000        0.50000        0.25712
0.19000         0.18000        0.50000        0.26043
0.20000         0.18000        0.50000        0.26393
0.21000         0.18000        0.50000        0.26760
0.22000         0.18000        0.50000        0.27144
0.23000         0.18000        0.50000        0.27546
0.24000         0.18000        0.50000        0.27965
0.25000         0.18000        0.50000        0.28401
0.26000         0.18000        0.50000        0.28855
0.27000         0.18000        0.50000        0.29326
0.28000         0.18000        0.50000        0.29814
0.29000         0.18000        0.50000        0.30319
0.30000         0.18000        0.50000        0.30841
0.31000         0.18000        0.50000        0.31379
0.32000         0.18000        0.50000        0.31935
0.33000         0.18000        0.50000        0.32507
0.34000         0.18000        0.50000        0.33096
0.35000         0.18000        0.50000        0.33701
0.36000         0.18000        0.50000        0.34322
0.37000         0.18000        0.50000        0.34960
0.38000         0.18000        0.50000        0.35614
0.39000         0.18000        0.50000        0.36284
0.40000         0.18000        0.50000        0.36970
0.41000         0.18000        0.50000        0.37671
0.42000         0.18000        0.50000        0.38389
0.43000         0.18000        0.50000        0.39122
0.44000         0.18000        0.50000        0.39870
0.45000         0.18000        0.50000        0.40633
0.46000         0.18000        0.50000        0.41412
0.47000         0.18000        0.50000        0.42206
0.48000         0.18000        0.50000        0.43014
0.49000         0.18000        0.50000        0.43837
0.50000         0.18000        0.50000        0.44675
0.51000         0.18000        0.50000        0.45527
0.52000         0.18000        0.50000        0.46393
0.53000         0.18000        0.50000        0.47273
0.54000         0.18000        0.50000        0.48167
0.55000         0.18000        0.50000        0.49075
0.56000         0.18000        0.50000        0.49996
0.57000         0.18000        0.50000        0.50930
0.58000         0.18000        0.50000        0.51877
0.59000         0.18000        0.50000        0.52837
0.60000         0.18000        0.50000        0.53810
0.61000         0.18000        0.50000        0.54795
0.62000         0.18000        0.50000        0.55792
0.63000         0.18000        0.50000        0.56801
0.64000         0.18000        0.50000        0.57822
0.65000         0.18000        0.50000        0.58855
0.66000         0.18000        0.50000        0.59898
0.67000         0.18000        0.50000        0.60953
0.68000         0.18000        0.50000        0.62018
0.69000         0.18000        0.50000        0.63094
0.70000         0.18000        0.50000        0.64180
0.71000         0.18000        0.50000        0.65276
0.72000         0.18000        0.50000        0.66382
0.73000         0.18000        0.50000        0.67496
0.74000         0.18000        0.50000        0.68621
0.75000         0.18000        0.50000        0.69753
0.76000         0.18000        0.50000        0.70895
0.77000         0.18000        0.50000        0.72044
0.78000         0.18000        0.50000        0.73202
0.79000         0.18000        0.50000        0.74367
0.80000         0.18000        0.50000        0.75539
0.81000         0.18000        0.50000        0.76718
0.82000         0.18000        0.50000        0.77904
0.83000         0.18000        0.50000        0.79097
0.84000         0.18000        0.50000        0.80295
0.85000         0.18000        0.50000        0.81499
0.86000         0.18000        0.50000        0.82708
0.87000         0.18000        0.50000        0.83922
0.88000         0.18000        0.50000        0.85141
0.89000         0.18000        0.50000        0.86364
0.90000         0.18000        0.50000        0.87591
0.91000         0.18000        0.50000        0.88822
0.92000         0.18000        0.50000        0.90055
0.93000         0.18000        0.50000        0.91292
0.94000         0.18000        0.50000        0.92531
0.95000         0.18000        0.50000        0.93773
0.96000         0.18000        0.50000        0.95016
0.97000         0.18000        0.50000        0.96261
0.98000         0.18000        0.50000        0.97507
0.99000         0.18000        0.50000        0.98753
1.0000          0.18000        0.50000        1.0000
0.0000          0.19000        0.50000        0.22794
0.010000        0.19000        0.50000        0.22803
0.020000        0.19000        0.50000        0.22830
0.030000        0.19000        0.50000        0.22875
0.040000        0.19000        0.50000        0.22938
0.050000        0.19000        0.50000        0.23020
0.060000        0.19000        0.50000        0.23119
0.070000        0.19000        0.50000        0.23236
0.080000        0.19000        0.50000        0.23372
0.090000        0.19000        0.50000        0.23525
0.10000         0.19000        0.50000        0.23697
0.11000         0.19000        0.50000        0.23886
0.12000         0.19000        0.50000        0.24093
0.13000         0.19000        0.50000        0.24319
0.14000         0.19000        0.50000        0.24562
0.15000         0.19000        0.50000        0.24822
0.16000         0.19000        0.50000        0.25101
0.17000         0.19000        0.50000        0.25398
0.18000         0.19000        0.50000        0.25712
0.19000         0.19000        0.50000        0.26043
0.20000         0.19000        0.50000        0.26393
0.21000         0.19000        0.50000        0.26760
0.22000         0.19000        0.50000        0.27144
0.23000         0.19000        0.50000        0.27546
0.24000         0.19000        0.50000        0.27965
0.25000         0.19000        0.50000        0.28401
0.26000         0.19000        0.50000        0.28855
0.27000         0.19000        0.50000        0.29326
0.28000         0.19000        0.50000        0.29814
0.29000         0.19000        0.50000        0.30319
0.30000         0.19000        0.50000        0.30841
0.31000         0.19000        0.50000        0.31379
0.32000         0.19000        0.50000        0.31935
0.33000         0.19000        0.50000        0.32507
0.34000         0.19000        0.50000        0.33096
0.35000         0.19000        0.50000        0.33701
0.36000         0.19000        0.50000        0.34322
0.37000         0.19000        0.50000        0.34960
0.38000         0.19000        0.50000        0.35614
0.39000         0.19000        0.50000        0.36284
0.40000         0.19000        0.50000        0.36970
0.41000         0.19000        0.50000        0.37671
0.42000         0.19000        0.50000        0.38389
0.43000         0.19000        0.50000        0.39122
0.44000         0.19000        0.50000        0.39870
0.45000         0.19000        0.50000        0.40633
0.46000         0.19000        0.50000        0.41412
0.47000         0.19000        0.50000        0.42206
0.48000         0.19000        0.50000        0.43014
0.49000         0.19000        0.50000        0.43837
0.50000         0.19000        0.50000        0.44675
0.51000         0.19000        0.50000        0.45527
0.52000         0.19000        0.50000        0.46393
0.53000         0.19000        0.50000        0.47273
0.54000         0.19000        0.50000        0.48167
0.55000         0.19000        0.50000        0.49075
0.56000         0.19000        0.50000        0.49996
0.57000         0.19000        0.50000        0.50930
0.58000         0.19000        0.50000        0.51877
0.59000         0.19000        0.50000        0.52837
0.60000         0.19000        0.50000        0.53810
0.61000         0.19000        0.50000        0.54795
0.62000         0.19000        0.50000        0.55792
0.63000         0.19000        0.50000        0.56801
0.64000         0.19000        0.50000        0.57822
0.65000         0.19000        0.50000        0.58855
0.66000         0.19000        0.50000        0.59898
0.67000         0.19000        0.50000        0.60953
0.68000         0.19000        0.50000        0.62018
0.69000         0.19000        0.50000        0.63094
0.70000         0.19000        0.50000        0.64180
0.71000         0.19000        0.50000        0.65276
0.72000         0.19000        0.50000        0.66382
0.73000         0.19000        0.50000        0.67496
0.74000         0.19000        0.50000        0.68621
0.75000         0.19000        0.50000        0.69753
0.76000         0.19000        0.50000        0.70895
0.77000         0.19000        0.50000        0.72044
0.78000         0.19000        0.50000        0.73202
0.79000         0.19000        0.50000        0.74367
0.80000         0.19000        0.50000        0.75539
0.81000         0.19000        0.50000        0.76718
0.82000         0.19000        0.50000        0.77904
0.83000         0.19000        0.50000        0.79097
0.84000         0.19000        0.50000        0.80295
0.85000         0.19000        0.50000        0.81499
0.86000         0.19000        0.50000        0.82708
0.87000         0.19000        0.50000        0.83922
0.88000         0.19000        0.50000        0.85141
0.89000         0.19000        0.50000        0.86364
0.90000         0.19000        0.50000        0.87591
0.91000         0.19000        0.50000        0.88822
0.92000         0.19000        0.50000        0.90055
0.93000         0.19000        0.50000        0.91292
0.94000         0.19000        0.50000        0.92531
0.95000         0.19000        0.50000        0.93773
0.96000         0.19000        0.50000        0.95016
0.97000         0.19000        0.50000        0.96261
0.98000         0.19000        0.50000        0.97507
0.99000         0.19000        0.50000        0.98753
1.0000          0.19000        0.50000        1.0000
0.0000          0.20000        0.50000        0.22794
0.010000        0.20000        0.50000        0.22803
0.020000        0.20000        0.50000        0.22830
0.030000        0.20000        0.50000        0.22875
0.040000        0.20000        0.50000        0.22938
0.050000        0.20000        0.50000        0.23020
0.060000        0.20000        0.50000        0.23119
0.070000        0.20000        0.50000        0.23236
0.080000        0.20000        0.50000        0.23372
0.090000        0.20000        0.50000        0.23525
0.10000         0.20000        0.50000        0.23697
0.11000         0.20000        0.50000        0.23886
0.12000         0.20000        0.50000        0.24093
0.13000         0.20000        0.50000        0.24319
0.14000         0.20000        0.50000        0.24562
0.15000         0.20000        0.50000        0.24822
0.16000         0.20000        0.50000        0.25101
0.17000         0.20000        0.50000        0.25398
0.18000         0.20000        0.50000        0.25712
0.19000         0.20000        0.50000        0.26043
0.20000         0.20000        0.50000        0.26393
0.21000         0.20000        0.50000        0.26760
0.22000         0.20000        0.50000        0.27144
0.23000         0.20000        0.50000        0.27546
0.24000         0.20000        0.50000        0.27965
0.25000         0.20000        0.50000        0.28401
0.26000         0.20000        0.50000        0.28855
0.27000         0.20000        0.50000        0.29326
0.28000         0.20000        0.50000        0.29814
0.29000         0.20000        0.50000        0.30319
0.30000         0.20000        0.50000        0.30841
0.31000         0.20000        0.50000        0.31379
0.32000         0.20000        0.50000        0.31935
0.33000         0.20000        0.50000        0.32507
0.34000         0.20000        0.50000        0.33096
0.35000         0.20000        0.50000        0.33701
0.36000         0.20000        0.50000        0.34322
0.37000         0.20000        0.50000        0.34960
0.38000         0.20000        0.50000        0.35614
0.39000         0.20000        0.50000        0.36284
0.40000         0.20000        0.50000        0.36970
0.41000         0.20000        0.50000        0.37671
0.42000         0.20000        0.50000        0.38389
0.43000         0.20000        0.50000        0.39122
0.44000         0.20000        0.50000        0.39870
0.45000         0.20000        0.50000        0.40633
0.46000         0.20000        0.50000        0.41412
0.47000         0.20000        0.50000        0.42206
0.48000         0.20000        0.50000        0.43014
0.49000         0.20000        0.50000        0.43837
0.50000         0.20000        0.50000        0.44675
0.51000         0.20000        0.50000        0.45527
0.52000         0.20000        0.50000        0.46393
0.53000         0.20000        0.50000        0.47273
0.54000         0.20000        0.50000        0.48167
0.55000         0.20000        0.50000        0.49075
0.56000         0.20000        0.50000        0.49996
0.57000         0.20000        0.50000        0.50930
0.58000         0.20000        0.50000        0.51877
0.59000         0.20000        0.50000        0.52837
0.60000         0.20000        0.50000        0.53810
0.61000         0.20000        0.50000        0.54795
0.62000         0.20000        0.50000        0.55792
0.63000         0.20000        0.50000        0.56801
0.64000         0.20000        0.50000        0.57822
0.65000         0.20000        0.50000        0.58855
0.66000         0.20000        0.50000        0.59898
0.67000         0.20000        0.50000        0.60953
0.68000         0.20000        0.50000        0.62018
0.69000         0.20000        0.50000        0.63094
0.70000         0.20000        0.50000        0.64180
0.71000         0.20000        0.50000        0.65276
0.72000         0.20000        0.50000        0.66382
0.73000         0.20000        0.50000        0.67496
0.74000         0.20000        0.50000        0.68621
0.75000         0.20000        0.50000        0.69753
0.76000         0.20000        0.50000        0.70895
0.77000         0.20000        0.50000        0.72044
0.78000         0.20000        0.50000        0.73202
0.79000         0.20000        0.50000        0.74367
0.80000         0.20000        0.50000        0.75539
0.81000         0.20000        0.50000        0.76718
0.82000         0.20000        0.50000        0.77904
0.83000         0.20000        0.50000        0.79097
0.84000         0.20000        0.50000        0.80295
0.85000         0.20000        0.50000        0.81499
0.86000         0.20000        0.50000        0.82708
0.87000         0.20000        0.50000        0.83922
0.88000         0.20000        0.50000        0.85141
0.89000         0.20000        0.50000        0.86364
0.90000         0.20000        0.50000        0.87591
0.91000         0.20000        0.50000        0.88822
0.92000         0.20000        0.50000        0.90055
0.93000         0.20000        0.50000        0.91292
0.94000         0.20000        0.50000        0.92531
0.95000         0.20000        0.50000        0.93773
0.96000         0.20000        0.50000        0.95016
0.97000         0.20000        0.50000        0.96261
0.98000         0.20000        0.50000        0.97507
0.99000         0.20000        0.50000        0.98753
1.0000          0.20000        0.50000        1.0000
0.0000          0.21000        0.50000        0.22794
0.010000        0.21000        0.50000        0.22803
0.020000        0.21000        0.50000        0.22830
0.030000        0.21000        0.50000        0.22875
0.040000        0.21000        0.50000        0.22938
0.050000        0.21000        0.50000        0.23020
0.060000        0.21000        0.50000        0.23119
0.070000        0.21000        0.50000        0.23236
0.080000        0.21000        0.50000        0.23372
0.090000        0.21000        0.50000        0.23525
0.10000         0.21000        0.50000        0.23697
0.11000         0.21000        0.50000        0.23886
0.12000         0.21000        0.50000        0.24093
0.13000         0.21000        0.50000        0.24319
0.14000         0.21000        0.50000        0.24562
0.15000         0.21000        0.50000        0.24822
0.16000         0.21000        0.50000        0.25101
0.17000         0.21000        0.50000        0.25398
0.18000         0.21000        0.50000        0.25712
0.19000         0.21000        0.50000        0.26043
0.20000         0.21000        0.50000        0.26393
0.21000         0.21000        0.50000        0.26760
0.22000         0.21000        0.50000        0.27144
0.23000         0.21000        0.50000        0.27546
0.24000         0.21000        0.50000        0.27965
0.25000         0.21000        0.50000        0.28401
0.26000         0.21000        0.50000        0.28855
0.27000         0.21000        0.50000        0.29326
0.28000         0.21000        0.50000        0.29814
0.29000         0.21000        0.50000        0.30319
0.30000         0.21000        0.50000        0.30841
0.31000         0.21000        0.50000        0.31379
0.32000         0.21000        0.50000        0.31935
0.33000         0.21000        0.50000        0.32507
0.34000         0.21000        0.50000        0.33096
0.35000         0.21000        0.50000        0.33701
0.36000         0.21000        0.50000        0.34322
0.37000         0.21000        0.50000        0.34960
0.38000         0.21000        0.50000        0.35614
0.39000         0.21000        0.50000        0.36284
0.40000         0.21000        0.50000        0.36970
0.41000         0.21000        0.50000        0.37671
0.42000         0.21000        0.50000        0.38389
0.43000         0.21000        0.50000        0.39122
0.44000         0.21000        0.50000        0.39870
0.45000         0.21000        0.50000        0.40633
0.46000         0.21000        0.50000        0.41412
0.47000         0.21000        0.50000        0.42206
0.48000         0.21000        0.50000        0.43014
0.49000         0.21000        0.50000        0.43837
0.50000         0.21000        0.50000        0.44675
0.51000         0.21000        0.50000        0.45527
0.52000         0.21000        0.50000        0.46393
0.53000         0.21000        0.50000        0.47273
0.54000         0.21000        0.50000        0.48167
0.55000         0.21000        0.50000        0.49075
0.56000         0.21000        0.50000        0.49996
0.57000         0.21000        0.50000        0.50930
0.58000         0.21000        0.50000        0.51877
0.59000         0.21000        0.50000        0.52837
0.60000         0.21000        0.50000        0.53810
0.61000         0.21000        0.50000        0.54795
0.62000         0.21000        0.50000        0.55792
0.63000         0.21000        0.50000        0.56801
0.64000         0.21000        0.50000        0.57822
0.65000         0.21000        0.50000        0.58855
0.66000         0.21000        0.50000        0.59898
0.67000         0.21000        0.50000        0.60953
0.68000         0.21000        0.50000        0.62018
0.69000         0.21000        0.50000        0.63094
0.70000         0.21000        0.50000        0.64180
0.71000         0.21000        0.50000        0.65276
0.72000         0.21000        0.50000        0.66382
0.73000         0.21000        0.50000        0.67496
0.74000         0.21000        0.50000        0.68621
0.75000         0.21000        0.50000        0.69753
0.76000         0.21000        0.50000        0.70895
0.77000         0.21000        0.50000        0.72044
0.78000         0.21000        0.50000        0.73202
0.79000         0.21000        0.50000        0.74367
0.80000         0.21000        0.50000        0.75539
0.81000         0.21000        0.50000        0.76718
0.82000         0.21000        0.50000        0.77904
0.83000         0.21000        0.50000        0.79097
0.84000         0.21000        0.50000        0.80295
0.85000         0.21000        0.50000        0.81499
0.86000         0.21000        0.50000        0.82708
0.87000         0.21000        0.50000        0.83922
0.88000         0.21000        0.50000        0.85141
0.89000         0.21000        0.50000        0.86364
0.90000         0.21000        0.50000        0.87591
0.91000         0.21000        0.50000        0.88822
0.92000         0.21000        0.50000        0.90055
0.93000         0.21000        0.50000        0.91292
0.94000         0.21000        0.50000        0.92531
0.95000         0.21000        0.50000        0.93773
0.96000         0.21000        0.50000        0.95016
0.97000         0.21000        0.50000        0.96261
0.98000         0.21000        0.50000        0.97507
0.99000         0.21000        0.50000        0.98753
1.0000          0.21000        0.50000        1.0000
0.0000          0.22000        0.50000        0.22794
0.010000        0.22000        0.50000        0.22803
0.020000        0.22000        0.50000        0.22830
0.030000        0.22000        0.50000        0.22875
0.040000        0.22000        0.50000        0.22938
0.050000        0.22000        0.50000        0.23020
0.060000        0.22000        0.50000        0.23119
0.070000        0.22000        0.50000        0.23236
0.080000        0.22000        0.50000        0.23372
0.090000        0.22000        0.50000        0.23525
0.10000         0.22000        0.50000        0.23697
0.11000         0.22000        0.50000        0.23886
0.12000         0.22000        0.50000        0.24093
0.13000         0.22000        0.50000        0.24319
0.14000         0.22000        0.50000        0.24562
0.15000         0.22000        0.50000        0.24822
0.16000         0.22000        0.50000        0.25101
0.17000         0.22000        0.50000        0.25398
0.18000         0.22000        0.50000        0.25712
0.19000         0.22000        0.50000        0.26043
0.20000         0.22000        0.50000        0.26393
0.21000         0.22000        0.50000        0.26760
0.22000         0.22000        0.50000        0.27144
0.23000         0.22000        0.50000        0.27546
0.24000         0.22000        0.50000        0.27965
0.25000         0.22000        0.50000        0.28401
0.26000         0.22000        0.50000        0.28855
0.27000         0.22000        0.50000        0.29326
0.28000         0.22000        0.50000        0.29814
0.29000         0.22000        0.50000        0.30319
0.30000         0.22000        0.50000        0.30841
0.31000         0.22000        0.50000        0.31379
0.32000         0.22000        0.50000        0.31935
0.33000         0.22000        0.50000        0.32507
0.34000         0.22000        0.50000        0.33096
0.35000         0.22000        0.50000        0.33701
0.36000         0.22000        0.50000        0.34322
0.37000         0.22000        0.50000        0.34960
0.38000         0.22000        0.50000        0.35614
0.39000         0.22000        0.50000        0.36284
0.40000         0.22000        0.50000        0.36970
0.41000         0.22000        0.50000        0.37671
0.42000         0.22000        0.50000        0.38389
0.43000         0.22000        0.50000        0.39122
0.44000         0.22000        0.50000        0.39870
0.45000         0.22000        0.50000        0.40633
0.46000         0.22000        0.50000        0.41412
0.47000         0.22000        0.50000        0.42206
0.48000         0.22000        0.50000        0.43014
0.49000         0.22000        0.50000        0.43837
0.50000         0.22000        0.50000        0.44675
0.51000         0.22000        0.50000        0.45527
0.52000         0.22000        0.50000        0.46393
0.53000         0.22000        0.50000        0.47273
0.54000         0.22000        0.50000        0.48167
0.55000         0.22000        0.50000        0.49075
0.56000         0.22000        0.50000        0.49996
0.57000         0.22000        0.50000        0.50930
0.58000         0.22000        0.50000        0.51877
0.59000         0.22000        0.50000        0.52837
0.60000         0.22000        0.50000        0.53810
0.61000         0.22000        0.50000        0.54795
0.62000         0.22000        0.50000        0.55792
0.63000         0.22000        0.50000        0.56801
0.64000         0.22000        0.50000        0.57822
0.65000         0.22000        0.50000        0.58855
0.66000         0.22000        0.50000        0.59898
0.67000         0.22000        0.50000        0.60953
0.68000         0.22000        0.50000        0.62018
0.69000         0.22000        0.50000        0.63094
0.70000         0.22000        0.50000        0.64180
0.71000         0.22000        0.50000        0.65276
0.72000         0.22000        0.50000        0.66382
0.73000         0.22000        0.50000        0.67496
0.74000         0.22000        0.50000        0.68621
0.75000         0.22000        0.50000        0.69753
0.76000         0.22000        0.50000        0.70895
0.77000         0.22000        0.50000        0.72044
0.78000         0.22000        0.50000        0.73202
0.79000         0.22000        0.50000        0.74367
0.80000         0.22000        0.50000        0.75539
0.81000         0.22000        0.50000        0.76718
0.82000         0.22000        0.50000        0.77904
0.83000         0.22000        0.50000        0.79097
0.84000         0.22000        0.50000        0.80295
0.85000         0.22000        0.50000        0.81499
0.86000         0.22000        0.50000        0.82708
0.87000         0.22000        0.50000        0.83922
0.88000         0.22000        0.50000        0.85141
0.89000         0.22000        0.50000        0.86364
0.90000         0.22000        0.50000        0.87591
0.91000         0.22000        0.50000        0.88822
0.92000         0.22000        0.50000        0.90055
0.93000         0.22000        0.50000        0.91292
0.94000         0.22000        0.50000        0.92531
0.95000         0.22000        0.50000        0.93773
0.96000         0.22000        0.50000        0.95016
0.97000         0.22000        0.50000        0.96261
0.98000         0.22000        0.50000        0.97507
0.99000         0.22000        0.50000        0.98753
1.0000          0.22000        0.50000        1.0000
0.0000          0.23000        0.50000        0.22794
0.010000        0.23000        0.50000        0.22803
0.020000        0.23000        0.50000        0.22830
0.030000        0.23000        0.50000        0.22875
0.040000        0.23000        0.50000        0.22938
0.050000        0.23000        0.50000        0.23020
0.060000        0.23000        0.50000        0.23119
0.070000        0.23000        0.50000        0.23236
0.080000        0.23000        0.50000        0.23372
0.090000        0.23000        0.50000        0.23525
0.10000         0.23000        0.50000        0.23697
0.11000         0.23000        0.50000        0.23886
0.12000         0.23000        0.50000        0.24093
0.13000         0.23000        0.50000        0.24319
0.14000         0.23000        0.50000        0.24562
0.15000         0.23000        0.50000        0.24822
0.16000         0.23000        0.50000        0.25101
0.17000         0.23000        0.50000        0.25398
0.18000         0.23000        0.50000        0.25712
0.19000         0.23000        0.50000        0.26043
0.20000         0.23000        0.50000        0.26393
0.21000         0.23000        0.50000        0.26760
0.22000         0.23000        0.50000        0.27144
0.23000         0.23000        0.50000        0.27546
0.24000         0.23000        0.50000        0.27965
0.25000         0.23000        0.50000        0.28401
0.26000         0.23000        0.50000        0.28855
0.27000         0.23000        0.50000        0.29326
0.28000         0.23000        0.50000        0.29814
0.29000         0.23000        0.50000        0.30319
0.30000         0.23000        0.50000        0.30841
0.31000         0.23000        0.50000        0.31379
0.32000         0.23000        0.50000        0.31935
0.33000         0.23000        0.50000        0.32507
0.34000         0.23000        0.50000        0.33096
0.35000         0.23000        0.50000        0.33701
0.36000         0.23000        0.50000        0.34322
0.37000         0.23000        0.50000        0.34960
0.38000         0.23000        0.50000        0.35614
0.39000         0.23000        0.50000        0.36284
0.40000         0.23000        0.50000        0.36970
0.41000         0.23000        0.50000        0.37671
0.42000         0.23000        0.50000        0.38389
0.43000         0.23000        0.50000        0.39122
0.44000         0.23000        0.50000        0.39870
0.45000         0.23000        0.50000        0.40633
0.46000         0.23000        0.50000        0.41412
0.47000         0.23000        0.50000        0.42206
0.48000         0.23000        0.50000        0.43014
0.49000         0.23000        0.50000        0.43837
0.50000         0.23000        0.50000        0.44675
0.51000         0.23000        0.50000        0.45527
0.52000         0.23000        0.50000        0.46393
0.53000         0.23000        0.50000        0.47273
0.54000         0.23000        0.50000        0.48167
0.55000         0.23000        0.50000        0.49075
0.56000         0.23000        0.50000        0.49996
0.57000         0.23000        0.50000        0.50930
0.58000         0.23000        0.50000        0.51877
0.59000         0.23000        0.50000        0.52837
0.60000         0.23000        0.50000        0.53810
0.61000         0.23000        0.50000        0.54795
0.62000         0.23000        0.50000        0.55792
0.63000         0.23000        0.50000        0.56801
0.64000         0.23000        0.50000        0.57822
0.65000         0.23000        0.50000        0.58855
0.66000         0.23000        0.50000        0.59898
0.67000         0.23000        0.50000        0.60953
0.68000         0.23000        0.50000        0.62018
0.69000         0.23000        0.50000        0.63094
0.70000         0.23000        0.50000        0.64180
0.71000         0.23000        0.50000        0.65276
0.72000         0.23000        0.50000        0.66382
0.73000         0.23000        0.50000        0.67496
0.74000         0.23000        0.50000        0.68621
0.75000         0.23000        0.50000        0.69753
0.76000         0.23000        0.50000        0.70895
0.77000         0.23000        0.50000        0.72044
0.78000         0.23000        0.50000        0.73202
0.79000         0.23000        0.50000        0.74367
0.80000         0.23000        0.50000        0.75539
0.81000         0.23000        0.50000        0.76718
0.82000         0.23000        0.50000        0.77904
0.83000         0.23000        0.50000        0.79097
0.84000         0.23000        0.50000        0.80295
0.85000         0.23000        0.50000        0.81499
0.86000         0.23000        0.50000        0.82708
0.87000         0.23000        0.50000        0.83922
0.88000         0.23000        0.50000        0.85141
0.89000         0.23000        0.50000        0.86364
0.90000         0.23000        0.50000        0.87591
0.91000         0.23000        0.50000        0.88822
0.92000         0.23000        0.50000        0.90055
0.93000         0.23000        0.50000        0.91292
0.94000         0.23000        0.50000        0.92531
0.95000         0.23000        0.50000        0.93773
0.96000         0.23000        0.50000        0.95016
0.97000         0.23000        0.50000        0.96261
0.98000         0.23000        0.50000        0.97507
0.99000         0.23000        0.50000        0.98753
1.0000          0.23000        0.50000        1.0000
0.0000          0.24000        0.50000        0.22794
0.010000        0.24000        0.50000        0.22803
0.020000        0.24000        0.50000        0.22830
0.030000        0.24000        0.50000        0.22875
0.040000        0.24000        0.50000        0.22938
0.050000        0.24000        0.50000        0.23020
0.060000        0.24000        0.50000        0.23119
0.070000        0.24000        0.50000        0.23236
0.080000        0.24000        0.50000        0.23372
0.090000        0.24000        0.50000        0.23525
0.10000         0.24000        0.50000        0.23697
0.11000         0.24000        0.50000        0.23886
0.12000         0.24000        0.50000        0.24093
0.13000         0.24000        0.50000        0.24319
0.14000         0.24000        0.50000        0.24562
0.15000         0.24000        0.50000        0.24822
0.16000         0.24000        0.50000        0.25101
0.17000         0.24000        0.50000        0.25398
0.18000         0.24000        0.50000        0.25712
0.19000         0.24000        0.50000        0.26043
0.20000         0.24000        0.50000        0.26393
0.21000         0.24000        0.50000        0.26760
0.22000         0.24000        0.50000        0.27144
0.23000         0.24000        0.50000        0.27546
0.24000         0.24000        0.50000        0.27965
0.25000         0.24000        0.50000        0.28401
0.26000         0.24000        0.50000        0.28855
0.27000         0.24000        0.50000        0.29326
0.28000         0.24000        0.50000        0.29814
0.29000         0.24000        0.50000        0.30319
0.30000         0.24000        0.50000        0.30841
0.31000         0.24000        0.50000        0.31379
0.32000         0.24000        0.50000        0.31935
0.33000         0.24000        0.50000        0.32507
0.34000         0.24000        0.50000        0.33096
0.35000         0.24000        0.50000        0.33701
0.36000         0.24000        0.50000        0.34322
0.37000         0.24000        0.50000        0.34960
0.38000         0.24000        0.50000        0.35614
0.39000         0.24000        0.50000        0.36284
0.40000         0.24000        0.50000        0.36970
0.41000         0.24000        0.50000        0.37671
0.42000         0.24000        0.50000        0.38389
0.43000         0.24000        0.50000        0.39122
0.44000         0.24000        0.50000        0.39870
0.45000         0.24000        0.50000        0.40633
0.46000         0.24000        0.50000        0.41412
0.47000         0.24000        0.50000        0.42206
0.48000         0.24000        0.50000        0.43014
0.49000         0.24000        0.50000        0.43837
0.50000         0.24000        0.50000        0.44675
0.51000         0.24000        0.50000        0.45527
0.52000         0.24000        0.50000        0.46393
0.53000         0.24000        0.50000        0.47273
0.54000         0.24000        0.50000        0.48167
0.55000         0.24000        0.50000        0.49075
0.56000         0.24000        0.50000        0.49996
0.57000         0.24000        0.50000        0.50930
0.58000         0.24000        0.50000        0.51877
0.59000         0.24000        0.50000        0.52837
0.60000         0.24000        0.50000        0.53810
0.61000         0.24000        0.50000        0.54795
0.62000         0.24000        0.50000        0.55792
0.63000         0.24000        0.50000        0.56801
0.64000         0.24000        0.50000        0.57822
0.65000         0.24000        0.50000        0.58855
0.66000         0.24000        0.50000        0.59898
0.67000         0.24000        0.50000        0.60953
0.68000         0.24000        0.50000        0.62018
0.69000         0.24000        0.50000        0.63094
0.70000         0.24000        0.50000        0.64180
0.71000         0.24000        0.50000        0.65276
0.72000         0.24000        0.50000        0.66382
0.73000         0.24000        0.50000        0.67496
0.74000         0.24000        0.50000        0.68621
0.75000         0.24000        0.50000        0.69753
0.76000         0.24000        0.50000        0.70895
0.77000         0.24000        0.50000        0.72044
0.78000         0.24000        0.50000        0.73202
0.79000         0.24000        0.50000        0.74367
0.80000         0.24000        0.50000        0.75539
0.81000         0.24000        0.50000        0.76718
0.82000         0.24000        0.50000        0.77904
0.83000         0.24000        0.50000        0.79097
0.84000         0.24000        0.50000        0.80295
0.85000         0.24000        0.50000        0.81499
0.86000         0.24000        0.50000        0.82708
0.87000         0.24000        0.50000        0.83922
0.88000         0.24000        0.50000        0.85141
0.89000         0.24000        0.50000        0.86364
0.90000         0.24000        0.50000        0.87591
0.91000         0.24000        0.50000        0.88822
0.92000         0.24000        0.50000        0.90055
0.93000         0.24000        0.50000        0.91292
0.94000         0.24000        0.50000        0.92531
0.95000         0.24000        0.50000        0.93773
0.96000         0.24000        0.50000        0.95016
0.97000         0.24000        0.50000        0.96261
0.98000         0.24000        0.50000        0.97507
0.99000         0.24000        0.50000        0.98753
1.0000          0.24000        0.50000        1.0000
0.0000          0.25000        0.50000        0.22794
0.010000        0.25000        0.50000        0.22803
0.020000        0.25000        0.50000        0.22830
0.030000        0.25000        0.50000        0.22875
0.040000        0.25000        0.50000        0.22938
0.050000        0.25000        0.50000        0.23020
0.060000        0.25000        0.50000        0.23119
0.070000        0.25000        0.50000        0.23236
0.080000        0.25000        0.50000        0.23372
0.090000        0.25000        0.50000        0.23525
0.10000         0.25000        0.50000        0.23697
0.11000         0.25000        0.50000        0.23886
0.12000         0.25000        0.50000        0.24093
0.13000         0.25000        0.50000        0.24319
0.14000         0.25000        0.50000        0.24562
0.15000         0.25000        0.50000        0.24822
0.16000         0.25000        0.50000        0.25101
0.17000         0.25000        0.50000        0.25398
0.18000         0.25000        0.50000        0.25712
0.19000         0.25000        0.50000        0.26043
0.20000         0.25000        0.50000        0.26393
0.21000         0.25000        0.50000        0.26760
0.22000         0.25000        0.50000        0.27144
0.23000         0.25000        0.50000        0.27546
0.24000         0.25000        0.50000        0.27965
0.25000         0.25000        0.50000        0.28401
0.26000         0.25000        0.50000        0.28855
0.27000         0.25000        0.50000        0.29326
0.28000         0.25000        0.50000        0.29814
0.29000         0.25000        0.50000        0.30319
0.30000         0.25000        0.50000        0.30841
0.31000         0.25000        0.50000        0.31379
0.32000         0.25000        0.50000        0.31935
0.33000         0.25000        0.50000        0.32507
0.34000         0.25000        0.50000        0.33096
0.35000         0.25000        0.50000        0.33701
0.36000         0.25000        0.50000        0.34322
0.37000         0.25000        0.50000        0.34960
0.38000         0.25000        0.50000        0.35614
0.39000         0.25000        0.50000        0.36284
0.40000         0.25000        0.50000        0.36970
0.41000         0.25000        0.50000        0.37671
0.42000         0.25000        0.50000        0.38389
0.43000         0.25000        0.50000        0.39122
0.44000         0.25000        0.50000        0.39870
0.45000         0.25000        0.50000        0.40633
0.46000         0.25000        0.50000        0.41412
0.47000         0.25000        0.50000        0.42206
0.48000         0.25000        0.50000        0.43014
0.49000         0.25000        0.50000        0.43837
0.50000         0.25000        0.50000        0.44675
0.51000         0.25000        0.50000        0.45527
0.52000         0.25000        0.50000        0.46393
0.53000         0.25000        0.50000        0.47273
0.54000         0.25000        0.50000        0.48167
0.55000         0.25000        0.50000        0.49075
0.56000         0.25000        0.50000        0.49996
0.57000         0.25000        0.50000        0.50930
0.58000         0.25000        0.50000        0.51877
0.59000         0.25000        0.50000        0.52837
0.60000         0.25000        0.50000        0.53810
0.61000         0.25000        0.50000        0.54795
0.62000         0.25000        0.50000        0.55792
0.63000         0.25000        0.50000        0.56801
0.64000         0.25000        0.50000        0.57822
0.65000         0.25000        0.50000        0.58855
0.66000         0.25000        0.50000        0.59898
0.67000         0.25000        0.50000        0.60953
0.68000         0.25000        0.50000        0.62018
0.69000         0.25000        0.50000        0.63094
0.70000         0.25000        0.50000        0.64180
0.71000         0.25000        0.50000        0.65276
0.72000         0.25000        0.50000        0.66382
0.73000         0.25000        0.50000        0.67496
0.74000         0.25000        0.50000        0.68621
0.75000         0.25000        0.50000        0.69753
0.76000         0.25000        0.50000        0.70895
0.77000         0.25000        0.50000        0.72044
0.78000         0.25000        0.50000        0.73202
0.79000         0.25000        0.50000        0.74367
0.80000         0.25000        0.50000        0.75539
0.81000         0.25000        0.50000        0.76718
0.82000         0.25000        0.50000        0.77904
0.83000         0.25000        0.50000        0.79097
0.84000         0.25000        0.50000        0.80295
0.85000         0.25000        0.50000        0.81499
0.86000         0.25000        0.50000        0.82708
0.87000         0.25000        0.50000        0.83922
0.88000         0.25000        0.50000        0.85141
0.89000         0.25000        0.50000        0.86364
0.90000         0.25000        0.50000        0.87591
0.91000         0.25000        0.50000        0.88822
0.92000         0.25000        0.50000        0.90055
0.93000         0.25000        0.50000        0.91292
0.94000         0.25000        0.50000        0.92531
0.95000         0.25000        0.50000        0.93773
0.96000         0.25000        0.50000        0.95016
0.97000         0.25000        0.50000        0.96261
0.98000         0.25000        0.50000        0.97507
0.99000         0.25000        0.50000        0.98753
1.0000          0.25000        0.50000        1.0000
0.0000          0.26000        0.50000        0.22794
0.010000        0.26000        0.50000        0.22803
0.020000        0.26000        0.50000        0.22830
0.030000        0.26000        0.50000        0.22875
0.040000        0.26000        0.50000        0.22938
0.050000        0.26000        0.50000        0.23020
0.060000        0.26000        0.50000        0.23119
0.070000        0.26000        0.50000        0.23236
0.080000        0.26000        0.50000        0.23372
0.090000        0.26000        0.50000        0.23525
0.10000         0.26000        0.50000        0.23697
0.11000         0.26000        0.50000        0.23886
0.12000         0.26000        0.50000        0.24093
0.13000         0.26000        0.50000        0.24319
0.14000         0.26000        0.50000        0.24562
0.15000         0.26000        0.50000        0.24822
0.16000         0.26000        0.50000        0.25101
0.17000         0.26000        0.50000        0.25398
0.18000         0.26000        0.50000        0.25712
0.19000         0.26000        0.50000        0.26043
0.20000         0.26000        0.50000        0.26393
0.21000         0.26000        0.50000        0.26760
0.22000         0.26000        0.50000        0.27144
0.23000         0.26000        0.50000        0.27546
0.24000         0.26000        0.50000        0.27965
0.25000         0.26000        0.50000        0.28401
0.26000         0.26000        0.50000        0.28855
0.27000         0.26000        0.50000        0.29326
0.28000         0.26000        0.50000        0.29814
0.29000         0.26000        0.50000        0.30319
0.30000         0.26000        0.50000        0.30841
0.31000         0.26000        0.50000        0.31379
0.32000         0.26000        0.50000        0.31935
0.33000         0.26000        0.50000        0.32507
0.34000         0.26000        0.50000        0.33096
0.35000         0.26000        0.50000        0.33701
0.36000         0.26000        0.50000        0.34322
0.37000         0.26000        0.50000        0.34960
0.38000         0.26000        0.50000        0.35614
0.39000         0.26000        0.50000        0.36284
0.40000         0.26000        0.50000        0.36970
0.41000         0.26000        0.50000        0.37671
0.42000         0.26000        0.50000        0.38389
0.43000         0.26000        0.50000        0.39122
0.44000         0.26000        0.50000        0.39870
0.45000         0.26000        0.50000        0.40633
0.46000         0.26000        0.50000        0.41412
0.47000         0.26000        0.50000        0.42206
0.48000         0.26000        0.50000        0.43014
0.49000         0.26000        0.50000        0.43837
0.50000         0.26000        0.50000        0.44675
0.51000         0.26000        0.50000        0.45527
0.52000         0.26000        0.50000        0.46393
0.53000         0.26000        0.50000        0.47273
0.54000         0.26000        0.50000        0.48167
0.55000         0.26000        0.50000        0.49075
0.56000         0.26000        0.50000        0.49996
0.57000         0.26000        0.50000        0.50930
0.58000         0.26000        0.50000        0.51877
0.59000         0.26000        0.50000        0.52837
0.60000         0.26000        0.50000        0.53810
0.61000         0.26000        0.50000        0.54795
0.62000         0.26000        0.50000        0.55792
0.63000         0.26000        0.50000        0.56801
0.64000         0.26000        0.50000        0.57822
0.65000         0.26000        0.50000        0.58855
0.66000         0.26000        0.50000        0.59898
0.67000         0.26000        0.50000        0.60953
0.68000         0.26000        0.50000        0.62018
0.69000         0.26000        0.50000        0.63094
0.70000         0.26000        0.50000        0.64180
0.71000         0.26000        0.50000        0.65276
0.72000         0.26000        0.50000        0.66382
0.73000         0.26000        0.50000        0.67496
0.74000         0.26000        0.50000        0.68621
0.75000         0.26000        0.50000        0.69753
0.76000         0.26000        0.50000        0.70895
0.77000         0.26000        0.50000        0.72044
0.78000         0.26000        0.50000        0.73202
0.79000         0.26000        0.50000        0.74367
0.80000         0.26000        0.50000        0.75539
0.81000         0.26000        0.50000        0.76718
0.82000         0.26000        0.50000        0.77904
0.83000         0.26000        0.50000        0.79097
0.84000         0.26000        0.50000        0.80295
0.85000         0.26000        0.50000        0.81499
0.86000         0.26000        0.50000        0.82708
0.87000         0.26000        0.50000        0.83922
0.88000         0.26000        0.50000        0.85141
0.89000         0.26000        0.50000        0.86364
0.90000         0.26000        0.50000        0.87591
0.91000         0.26000        0.50000        0.88822
0.92000         0.26000        0.50000        0.90055
0.93000         0.26000        0.50000        0.91292
0.94000         0.26000        0.50000        0.92531
0.95000         0.26000        0.50000        0.93773
0.96000         0.26000        0.50000        0.95016
0.97000         0.26000        0.50000        0.96261
0.98000         0.26000        0.50000        0.97507
0.99000         0.26000        0.50000        0.98753
1.0000          0.26000        0.50000        1.0000
0.0000          0.27000        0.50000        0.22794
0.010000        0.27000        0.50000        0.22803
0.020000        0.27000        0.50000        0.22830
0.030000        0.27000        0.50000        0.22875
0.040000        0.27000        0.50000        0.22938
0.050000        0.27000        0.50000        0.23020
0.060000        0.27000        0.50000        0.23119
0.070000        0.27000        0.50000        0.23236
0.080000        0.27000        0.50000        0.23372
0.090000        0.27000        0.50000        0.23525
0.10000         0.27000        0.50000        0.23697
0.11000         0.27000        0.50000        0.23886
0.12000         0.27000        0.50000        0.24093
0.13000         0.27000        0.50000        0.24319
0.14000         0.27000        0.50000        0.24562
0.15000         0.27000        0.50000        0.24822
0.16000         0.27000        0.50000        0.25101
0.17000         0.27000        0.50000        0.25398
0.18000         0.27000        0.50000        0.25712
0.19000         0.27000        0.50000        0.26043
0.20000         0.27000        0.50000        0.26393
0.21000         0.27000        0.50000        0.26760
0.22000         0.27000        0.50000        0.27144
0.23000         0.27000        0.50000        0.27546
0.24000         0.27000        0.50000        0.27965
0.25000         0.27000        0.50000        0.28401
0.26000         0.27000        0.50000        0.28855
0.27000         0.27000        0.50000        0.29326
0.28000         0.27000        0.50000        0.29814
0.29000         0.27000        0.50000        0.30319
0.30000         0.27000        0.50000        0.30841
0.31000         0.27000        0.50000        0.31379
0.32000         0.27000        0.50000        0.31935
0.33000         0.27000        0.50000        0.32507
0.34000         0.27000        0.50000        0.33096
0.35000         0.27000        0.50000        0.33701
0.36000         0.27000        0.50000        0.34322
0.37000         0.27000        0.50000        0.34960
0.38000         0.27000        0.50000        0.35614
0.39000         0.27000        0.50000        0.36284
0.40000         0.27000        0.50000        0.36970
0.41000         0.27000        0.50000        0.37671
0.42000         0.27000        0.50000        0.38389
0.43000         0.27000        0.50000        0.39122
0.44000         0.27000        0.50000        0.39870
0.45000         0.27000        0.50000        0.40633
0.46000         0.27000        0.50000        0.41412
0.47000         0.27000        0.50000        0.42206
0.48000         0.27000        0.50000        0.43014
0.49000         0.27000        0.50000        0.43837
0.50000         0.27000        0.50000        0.44675
0.51000         0.27000        0.50000        0.45527
0.52000         0.27000        0.50000        0.46393
0.53000         0.27000        0.50000        0.47273
0.54000         0.27000        0.50000        0.48167
0.55000         0.27000        0.50000        0.49075
0.56000         0.27000        0.50000        0.49996
0.57000         0.27000        0.50000        0.50930
0.58000         0.27000        0.50000        0.51877
0.59000         0.27000        0.50000        0.52837
0.60000         0.27000        0.50000        0.53810
0.61000         0.27000        0.50000        0.54795
0.62000         0.27000        0.50000        0.55792
0.63000         0.27000        0.50000        0.56801
0.64000         0.27000        0.50000        0.57822
0.65000         0.27000        0.50000        0.58855
0.66000         0.27000        0.50000        0.59898
0.67000         0.27000        0.50000        0.60953
0.68000         0.27000        0.50000        0.62018
0.69000         0.27000        0.50000        0.63094
0.70000         0.27000        0.50000        0.64180
0.71000         0.27000        0.50000        0.65276
0.72000         0.27000        0.50000        0.66382
0.73000         0.27000        0.50000        0.67496
0.74000         0.27000        0.50000        0.68621
0.75000         0.27000        0.50000        0.69753
0.76000         0.27000        0.50000        0.70895
0.77000         0.27000        0.50000        0.72044
0.78000         0.27000        0.50000        0.73202
0.79000         0.27000        0.50000        0.74367
0.80000         0.27000        0.50000        0.75539
0.81000         0.27000        0.50000        0.76718
0.82000         0.27000        0.50000        0.77904
0.83000         0.27000        0.50000        0.79097
0.84000         0.27000        0.50000        0.80295
0.85000         0.27000        0.50000        0.81499
0.86000         0.27000        0.50000        0.82708
0.87000         0.27000        0.50000        0.83922
0.88000         0.27000        0.50000        0.85141
0.89000         0.27000        0.50000        0.86364
0.90000         0.27000        0.50000        0.87591
0.91000         0.27000        0.50000        0.88822
0.92000         0.27000        0.50000        0.90055
0.93000         0.27000        0.50000        0.91292
0.94000         0.27000        0.50000        0.92531
0.95000         0.27000        0.50000        0.93773
0.96000         0.27000        0.50000        0.95016
0.97000         0.27000        0.50000        0.96261
0.98000         0.27000        0.50000        0.97507
0.99000         0.27000        0.50000        0.98753
1.0000          0.27000        0.50000        1.0000
0.0000          0.28000        0.50000        0.22794
0.010000        0.28000        0.50000        0.22803
0.020000        0.28000        0.50000        0.22830
0.030000        0.28000        0.50000        0.22875
0.040000        0.28000        0.50000        0.22938
0.050000        0.28000        0.50000        0.23020
0.060000        0.28000        0.50000        0.23119
0.070000        0.28000        0.50000        0.23236
0.080000        0.28000        0.50000        0.23372
0.090000        0.28000        0.50000        0.23525
0.10000         0.28000        0.50000        0.23697
0.11000         0.28000        0.50000        0.23886
0.12000         0.28000        0.50000        0.24093
0.13000         0.28000        0.50000        0.24319
0.14000         0.28000        0.50000        0.24562
0.15000         0.28000        0.50000        0.24822
0.16000         0.28000        0.50000        0.25101
0.17000         0.28000        0.50000        0.25398
0.18000         0.28000        0.50000        0.25712
0.19000         0.28000        0.50000        0.26043
0.20000         0.28000        0.50000        0.26393
0.21000         0.28000        0.50000        0.26760
0.22000         0.28000        0.50000        0.27144
0.23000         0.28000        0.50000        0.27546
0.24000         0.28000        0.50000        0.27965
0.25000         0.28000        0.50000        0.28401
0.26000         0.28000        0.50000        0.28855
0.27000         0.28000        0.50000        0.29326
0.28000         0.28000        0.50000        0.29814
0.29000         0.28000        0.50000        0.30319
0.30000         0.28000        0.50000        0.30841
0.31000         0.28000        0.50000        0.31379
0.32000         0.28000        0.50000        0.31935
0.33000         0.28000        0.50000        0.32507
0.34000         0.28000        0.50000        0.33096
0.35000         0.28000        0.50000        0.33701
0.36000         0.28000        0.50000        0.34322
0.37000         0.28000        0.50000        0.34960
0.38000         0.28000        0.50000        0.35614
0.39000         0.28000        0.50000        0.36284
0.40000         0.28000        0.50000        0.36970
0.41000         0.28000        0.50000        0.37671
0.42000         0.28000        0.50000        0.38389
0.43000         0.28000        0.50000        0.39122
0.44000         0.28000        0.50000        0.39870
0.45000         0.28000        0.50000        0.40633
0.46000         0.28000        0.50000        0.41412
0.47000         0.28000        0.50000        0.42206
0.48000         0.28000        0.50000        0.43014
0.49000         0.28000        0.50000        0.43837
0.50000         0.28000        0.50000        0.44675
0.51000         0.28000        0.50000        0.45527
0.52000         0.28000        0.50000        0.46393
0.53000         0.28000        0.50000        0.47273
0.54000         0.28000        0.50000        0.48167
0.55000         0.28000        0.50000        0.49075
0.56000         0.28000        0.50000        0.49996
0.57000         0.28000        0.50000        0.50930
0.58000         0.28000        0.50000        0.51877
0.59000         0.28000        0.50000        0.52837
0.60000         0.28000        0.50000        0.53810
0.61000         0.28000        0.50000        0.54795
0.62000         0.28000        0.50000        0.55792
0.63000         0.28000        0.50000        0.56801
0.64000         0.28000        0.50000        0.57822
0.65000         0.28000        0.50000        0.58855
0.66000         0.28000        0.50000        0.59898
0.67000         0.28000        0.50000        0.60953
0.68000         0.28000        0.50000        0.62018
0.69000         0.28000        0.50000        0.63094
0.70000         0.28000        0.50000        0.64180
0.71000         0.28000        0.50000        0.65276
0.72000         0.28000        0.50000        0.66382
0.73000         0.28000        0.50000        0.67496
0.74000         0.28000        0.50000        0.68621
0.75000         0.28000        0.50000        0.69753
0.76000         0.28000        0.50000        0.70895
0.77000         0.28000        0.50000        0.72044
0.78000         0.28000        0.50000        0.73202
0.79000         0.28000        0.50000        0.74367
0.80000         0.28000        0.50000        0.75539
0.81000         0.28000        0.50000        0.76718
0.82000         0.28000        0.50000        0.77904
0.83000         0.28000        0.50000        0.79097
0.84000         0.28000        0.50000        0.80295
0.85000         0.28000        0.50000        0.81499
0.86000         0.28000        0.50000        0.82708
0.87000         0.28000        0.50000        0.83922
0.88000         0.28000        0.50000        0.85141
0.89000         0.28000        0.50000        0.86364
0.90000         0.28000        0.50000        0.87591
0.91000         0.28000        0.50000        0.88822
0.92000         0.28000        0.50000        0.90055
0.93000         0.28000        0.50000        0.91292
0.94000         0.28000        0.50000        0.92531
0.95000         0.28000        0.50000        0.93773
0.96000         0.28000        0.50000        0.95016
0.97000         0.28000        0.50000        0.96261
0.98000         0.28000        0.50000        0.97507
0.99000         0.28000        0.50000        0.98753
1.0000          0.28000        0.50000        1.0000
0.0000          0.29000        0.50000        0.22794
0.010000        0.29000        0.50000        0.22803
0.020000        0.29000        0.50000        0.22830
0.030000        0.29000        0.50000        0.22875
0.040000        0.29000        0.50000        0.22938
0.050000        0.29000        0.50000        0.23020
0.060000        0.29000        0.50000        0.23119
0.070000        0.29000        0.50000        0.23236
0.080000        0.29000        0.50000        0.23372
0.090000        0.29000        0.50000        0.23525
0.10000         0.29000        0.50000        0.23697
0.11000         0.29000        0.50000        0.23886
0.12000         0.29000        0.50000        0.24093
0.13000         0.29000        0.50000        0.24319
0.14000         0.29000        0.50000        0.24562
0.15000         0.29000        0.50000        0.24822
0.16000         0.29000        0.50000        0.25101
0.17000         0.29000        0.50000        0.25398
0.18000         0.29000        0.50000        0.25712
0.19000         0.29000        0.50000        0.26043
0.20000         0.29000        0.50000        0.26393
0.21000         0.29000        0.50000        0.26760
0.22000         0.29000        0.50000        0.27144
0.23000         0.29000        0.50000        0.27546
0.24000         0.29000        0.50000        0.27965
0.25000         0.29000        0.50000        0.28401
0.26000         0.29000        0.50000        0.28855
0.27000         0.29000        0.50000        0.29326
0.28000         0.29000        0.50000        0.29814
0.29000         0.29000        0.50000        0.30319
0.30000         0.29000        0.50000        0.30841
0.31000         0.29000        0.50000        0.31379
0.32000         0.29000        0.50000        0.31935
0.33000         0.29000        0.50000        0.32507
0.34000         0.29000        0.50000        0.33096
0.35000         0.29000        0.50000        0.33701
0.36000         0.29000        0.50000        0.34322
0.37000         0.29000        0.50000        0.34960
0.38000         0.29000        0.50000        0.35614
0.39000         0.29000        0.50000        0.36284
0.40000         0.29000        0.50000        0.36970
0.41000         0.29000        0.50000        0.37671
0.42000         0.29000        0.50000        0.38389
0.43000         0.29000        0.50000        0.39122
0.44000         0.29000        0.50000        0.39870
0.45000         0.29000        0.50000        0.40633
0.46000         0.29000        0.50000        0.41412
0.47000         0.29000        0.50000        0.42206
0.48000         0.29000        0.50000        0.43014
0.49000         0.29000        0.50000        0.43837
0.50000         0.29000        0.50000        0.44675
0.51000         0.29000        0.50000        0.45527
0.52000         0.29000        0.50000        0.46393
0.53000         0.29000        0.50000        0.47273
0.54000         0.29000        0.50000        0.48167
0.55000         0.29000        0.50000        0.49075
0.56000         0.29000        0.50000        0.49996
0.57000         0.29000        0.50000        0.50930
0.58000         0.29000        0.50000        0.51877
0.59000         0.29000        0.50000        0.52837
0.60000         0.29000        0.50000        0.53810
0.61000         0.29000        0.50000        0.54795
0.62000         0.29000        0.50000        0.55792
0.63000         0.29000        0.50000        0.56801
0.64000         0.29000        0.50000        0.57822
0.65000         0.29000        0.50000        0.58855
0.66000         0.29000        0.50000        0.59898
0.67000         0.29000        0.50000        0.60953
0.68000         0.29000        0.50000        0.62018
0.69000         0.29000        0.50000        0.63094
0.70000         0.29000        0.50000        0.64180
0.71000         0.29000        0.50000        0.65276
0.72000         0.29000        0.50000        0.66382
0.73000         0.29000        0.50000        0.67496
0.74000         0.29000        0.50000        0.68621
0.75000         0.29000        0.50000        0.69753
0.76000         0.29000        0.50000        0.70895
0.77000         0.29000        0.50000        0.72044
0.78000         0.29000        0.50000        0.73202
0.79000         0.29000        0.50000        0.74367
0.80000         0.29000        0.50000        0.75539
0.81000         0.29000        0.50000        0.76718
0.82000         0.29000        0.50000        0.77904
0.83000         0.29000        0.50000        0.79097
0.84000         0.29000        0.50000        0.80295
0.85000         0.29000        0.50000        0.81499
0.86000         0.29000        0.50000        0.82708
0.87000         0.29000        0.50000        0.83922
0.88000         0.29000        0.50000        0.85141
0.89000         0.29000        0.50000        0.86364
0.90000         0.29000        0.50000        0.87591
0.91000         0.29000        0.50000        0.88822
0.92000         0.29000        0.50000        0.90055
0.93000         0.29000        0.50000        0.91292
0.94000         0.29000        0.50000        0.92531
0.95000         0.29000        0.50000        0.93773
0.96000         0.29000        0.50000        0.95016
0.97000         0.29000        0.50000        0.96261
0.98000         0.29000        0.50000        0.97507
0.99000         0.29000        0.50000        0.98753
1.0000          0.29000        0.50000        1.0000
0.0000          0.30000        0.50000        0.22794
0.010000        0.30000        0.50000        0.22803
0.020000        0.30000        0.50000        0.22830
0.030000        0.30000        0.50000        0.22875
0.040000        0.30000        0.50000        0.22938
0.050000        0.30000        0.50000        0.23020
0.060000        0.30000        0.50000        0.23119
0.070000        0.30000        0.50000        0.23236
0.080000        0.30000        0.50000        0.23372
0.090000        0.30000        0.50000        0.23525
0.10000         0.30000        0.50000        0.23697
0.11000         0.30000        0.50000        0.23886
0.12000         0.30000        0.50000        0.24093
0.13000         0.30000        0.50000        0.24319
0.14000         0.30000        0.50000        0.24562
0.15000         0.30000        0.50000        0.24822
0.16000         0.30000        0.50000        0.25101
0.17000         0.30000        0.50000        0.25398
0.18000         0.30000        0.50000        0.25712
0.19000         0.30000        0.50000        0.26043
0.20000         0.30000        0.50000        0.26393
0.21000         0.30000        0.50000        0.26760
0.22000         0.30000        0.50000        0.27144
0.23000         0.30000        0.50000        0.27546
0.24000         0.30000        0.50000        0.27965
0.25000         0.30000        0.50000        0.28401
0.26000         0.30000        0.50000        0.28855
0.27000         0.30000        0.50000        0.29326
0.28000         0.30000        0.50000        0.29814
0.29000         0.30000        0.50000        0.30319
0.30000         0.30000        0.50000        0.30841
0.31000         0.30000        0.50000        0.31379
0.32000         0.30000        0.50000        0.31935
0.33000         0.30000        0.50000        0.32507
0.34000         0.30000        0.50000        0.33096
0.35000         0.30000        0.50000        0.33701
0.36000         0.30000        0.50000        0.34322
0.37000         0.30000        0.50000        0.34960
0.38000         0.30000        0.50000        0.35614
0.39000         0.30000        0.50000        0.36284
0.40000         0.30000        0.50000        0.36970
0.41000         0.30000        0.50000        0.37671
0.42000         0.30000        0.50000        0.38389
0.43000         0.30000        0.50000        0.39122
0.44000         0.30000        0.50000        0.39870
0.45000         0.30000        0.50000        0.40633
0.46000         0.30000        0.50000        0.41412
0.47000         0.30000        0.50000        0.42206
0.48000         0.30000        0.50000        0.43014
0.49000         0.30000        0.50000        0.43837
0.50000         0.30000        0.50000        0.44675
0.51000         0.30000        0.50000        0.45527
0.52000         0.30000        0.50000        0.46393
0.53000         0.30000        0.50000        0.47273
0.54000         0.30000        0.50000        0.48167
0.55000         0.30000        0.50000        0.49075
0.56000         0.30000        0.50000        0.49996
0.57000         0.30000        0.50000        0.50930
0.58000         0.30000        0.50000        0.51877
0.59000         0.30000        0.50000        0.52837
0.60000         0.30000        0.50000        0.53810
0.61000         0.30000        0.50000        0.54795
0.62000         0.30000        0.50000        0.55792
0.63000         0.30000        0.50000        0.56801
0.64000         0.30000        0.50000        0.57822
0.65000         0.30000        0.50000        0.58855
0.66000         0.30000        0.50000        0.59898
0.67000         0.30000        0.50000        0.60953
0.68000         0.30000        0.50000        0.62018
0.69000         0.30000        0.50000        0.63094
0.70000         0.30000        0.50000        0.64180
0.71000         0.30000        0.50000        0.65276
0.72000         0.30000        0.50000        0.66382
0.73000         0.30000        0.50000        0.67496
0.74000         0.30000        0.50000        0.68621
0.75000         0.30000        0.50000        0.69753
0.76000         0.30000        0.50000        0.70895
0.77000         0.30000        0.50000        0.72044
0.78000         0.30000        0.50000        0.73202
0.79000         0.30000        0.50000        0.74367
0.80000         0.30000        0.50000        0.75539
0.81000         0.30000        0.50000        0.76718
0.82000         0.30000        0.50000        0.77904
0.83000         0.30000        0.50000        0.79097
0.84000         0.30000        0.50000        0.80295
0.85000         0.30000        0.50000        0.81499
0.86000         0.30000        0.50000        0.82708
0.87000         0.30000        0.50000        0.83922
0.88000         0.30000        0.50000        0.85141
0.89000         0.30000        0.50000        0.86364
0.90000         0.30000        0.50000        0.87591
0.91000         0.30000        0.50000        0.88822
0.92000         0.30000        0.50000        0.90055
0.93000         0.30000        0.50000        0.91292
0.94000         0.30000        0.50000        0.92531
0.95000         0.30000        0.50000        0.93773
0.96000         0.30000        0.50000        0.95016
0.97000         0.30000        0.50000        0.96261
0.98000         0.30000        0.50000        0.97507
0.99000         0.30000        0.50000        0.98753
1.0000          0.30000        0.50000        1.0000
0.0000          0.31000        0.50000        0.22794
0.010000        0.31000        0.50000        0.22803
0.020000        0.31000        0.50000        0.22830
0.030000        0.31000        0.50000        0.22875
0.040000        0.31000        0.50000        0.22938
0.050000        0.31000        0.50000        0.23020
0.060000        0.31000        0.50000        0.23119
0.070000        0.31000        0.50000        0.23236
0.080000        0.31000        0.50000        0.23372
0.090000        0.31000        0.50000        0.23525
0.10000         0.31000        0.50000        0.23697
0.11000         0.31000        0.50000        0.23886
0.12000         0.31000        0.50000        0.24093
0.13000         0.31000        0.50000        0.24319
0.14000         0.31000        0.50000        0.24562
0.15000         0.31000        0.50000        0.24822
0.16000         0.31000        0.50000        0.25101
0.17000         0.31000        0.50000        0.25398
0.18000         0.31000        0.50000        0.25712
0.19000         0.31000        0.50000        0.26043
0.20000         0.31000        0.50000        0.26393
0.21000         0.31000        0.50000        0.26760
0.22000         0.31000        0.50000        0.27144
0.23000         0.31000        0.50000        0.27546
0.24000         0.31000        0.50000        0.27965
0.25000         0.31000        0.50000        0.28401
0.26000         0.31000        0.50000        0.28855
0.27000         0.31000        0.50000        0.29326
0.28000         0.31000        0.50000        0.29814
0.29000         0.31000        0.50000        0.30319
0.30000         0.31000        0.50000        0.30841
0.31000         0.31000        0.50000        0.31379
0.32000         0.31000        0.50000        0.31935
0.33000         0.31000        0.50000        0.32507
0.34000         0.31000        0.50000        0.33096
0.35000         0.31000        0.50000        0.33701
0.36000         0.31000        0.50000        0.34322
0.37000         0.31000        0.50000        0.34960
0.38000         0.31000        0.50000        0.35614
0.39000         0.31000        0.50000        0.36284
0.40000         0.31000        0.50000        0.36970
0.41000         0.31000        0.50000        0.37671
0.42000         0.31000        0.50000        0.38389
0.43000         0.31000        0.50000        0.39122
0.44000         0.31000        0.50000        0.39870
0.45000         0.31000        0.50000        0.40633
0.46000         0.31000        0.50000        0.41412
0.47000         0.31000        0.50000        0.42206
0.48000         0.31000        0.50000        0.43014
0.49000         0.31000        0.50000        0.43837
0.50000         0.31000        0.50000        0.44675
0.51000         0.31000        0.50000        0.45527
0.52000         0.31000        0.50000        0.46393
0.53000         0.31000        0.50000        0.47273
0.54000         0.31000        0.50000        0.48167
0.55000         0.31000        0.50000        0.49075
0.56000         0.31000        0.50000        0.49996
0.57000         0.31000        0.50000        0.50930
0.58000         0.31000        0.50000        0.51877
0.59000         0.31000        0.50000        0.52837
0.60000         0.31000        0.50000        0.53810
0.61000         0.31000        0.50000        0.54795
0.62000         0.31000        0.50000        0.55792
0.63000         0.31000        0.50000        0.56801
0.64000         0.31000        0.50000        0.57822
0.65000         0.31000        0.50000        0.58855
0.66000         0.31000        0.50000        0.59898
0.67000         0.31000        0.50000        0.60953
0.68000         0.31000        0.50000        0.62018
0.69000         0.31000        0.50000        0.63094
0.70000         0.31000        0.50000        0.64180
0.71000         0.31000        0.50000        0.65276
0.72000         0.31000        0.50000        0.66382
0.73000         0.31000        0.50000        0.67496
0.74000         0.31000        0.50000        0.68621
0.75000         0.31000        0.50000        0.69753
0.76000         0.31000        0.50000        0.70895
0.77000         0.31000        0.50000        0.72044
0.78000         0.31000        0.50000        0.73202
0.79000         0.31000        0.50000        0.74367
0.80000         0.31000        0.50000        0.75539
0.81000         0.31000        0.50000        0.76718
0.82000         0.31000        0.50000        0.77904
0.83000         0.31000        0.50000        0.79097
0.84000         0.31000        0.50000        0.80295
0.85000         0.31000        0.50000        0.81499
0.86000         0.31000        0.50000        0.82708
0.87000         0.31000        0.50000        0.83922
0.88000         0.31000        0.50000        0.85141
0.89000         0.31000        0.50000        0.86364
0.90000         0.31000        0.50000        0.87591
0.91000         0.31000        0.50000        0.88822
0.92000         0.31000        0.50000        0.90055
0.93000         0.31000        0.50000        0.91292
0.94000         0.31000        0.50000        0.92531
0.95000         0.31000        0.50000        0.93773
0.96000         0.31000        0.50000        0.95016
0.97000         0.31000        0.50000        0.96261
0.98000         0.31000        0.50000        0.97507
0.99000         0.31000        0.50000        0.98753
1.0000          0.31000        0.50000        1.0000
0.0000          0.32000        0.50000        0.22794
0.010000        0.32000        0.50000        0.22803
0.020000        0.32000        0.50000        0.22830
0.030000        0.32000        0.50000        0.22875
0.040000        0.32000        0.50000        0.22938
0.050000        0.32000        0.50000        0.23020
0.060000        0.32000        0.50000        0.23119
0.070000        0.32000        0.50000        0.23236
0.080000        0.32000        0.50000        0.23372
0.090000        0.32000        0.50000        0.23525
0.10000         0.32000        0.50000        0.23697
0.11000         0.32000        0.50000        0.23886
0.12000         0.32000        0.50000        0.24093
0.13000         0.32000        0.50000        0.24319
0.14000         0.32000        0.50000        0.24562
0.15000         0.32000        0.50000        0.24822
0.16000         0.32000        0.50000        0.25101
0.17000         0.32000        0.50000        0.25398
0.18000         0.32000        0.50000        0.25712
0.19000         0.32000        0.50000        0.26043
0.20000         0.32000        0.50000        0.26393
0.21000         0.32000        0.50000        0.26760
0.22000         0.32000        0.50000        0.27144
0.23000         0.32000        0.50000        0.27546
0.24000         0.32000        0.50000        0.27965
0.25000         0.32000        0.50000        0.28401
0.26000         0.32000        0.50000        0.28855
0.27000         0.32000        0.50000        0.29326
0.28000         0.32000        0.50000        0.29814
0.29000         0.32000        0.50000        0.30319
0.30000         0.32000        0.50000        0.30841
0.31000         0.32000        0.50000        0.31379
0.32000         0.32000        0.50000        0.31935
0.33000         0.32000        0.50000        0.32507
0.34000         0.32000        0.50000        0.33096
0.35000         0.32000        0.50000        0.33701
0.36000         0.32000        0.50000        0.34322
0.37000         0.32000        0.50000        0.34960
0.38000         0.32000        0.50000        0.35614
0.39000         0.32000        0.50000        0.36284
0.40000         0.32000        0.50000        0.36970
0.41000         0.32000        0.50000        0.37671
0.42000         0.32000        0.50000        0.38389
0.43000         0.32000        0.50000        0.39122
0.44000         0.32000        0.50000        0.39870
0.45000         0.32000        0.50000        0.40633
0.46000         0.32000        0.50000        0.41412
0.47000         0.32000        0.50000        0.42206
0.48000         0.32000        0.50000        0.43014
0.49000         0.32000        0.50000        0.43837
0.50000         0.32000        0.50000        0.44675
0.51000         0.32000        0.50000        0.45527
0.52000         0.32000        0.50000        0.46393
0.53000         0.32000        0.50000        0.47273
0.54000         0.32000        0.50000        0.48167
0.55000         0.32000        0.50000        0.49075
0.56000         0.32000        0.50000        0.49996
0.57000         0.32000        0.50000        0.50930
0.58000         0.32000        0.50000        0.51877
0.59000         0.32000        0.50000        0.52837
0.60000         0.32000        0.50000        0.53810
0.61000         0.32000        0.50000        0.54795
0.62000         0.32000        0.50000        0.55792
0.63000         0.32000        0.50000        0.56801
0.64000         0.32000        0.50000        0.57822
0.65000         0.32000        0.50000        0.58855
0.66000         0.32000        0.50000        0.59898
0.67000         0.32000        0.50000        0.60953
0.68000         0.32000        0.50000        0.62018
0.69000         0.32000        0.50000        0.63094
0.70000         0.32000        0.50000        0.64180
0.71000         0.32000        0.50000        0.65276
0.72000         0.32000        0.50000        0.66382
0.73000         0.32000        0.50000        0.67496
0.74000         0.32000        0.50000        0.68621
0.75000         0.32000        0.50000        0.69753
0.76000         0.32000        0.50000        0.70895
0.77000         0.32000        0.50000        0.72044
0.78000         0.32000        0.50000        0.73202
0.79000         0.32000        0.50000        0.74367
0.80000         0.32000        0.50000        0.75539
0.81000         0.32000        0.50000        0.76718
0.82000         0.32000        0.50000        0.77904
0.83000         0.32000        0.50000        0.79097
0.84000         0.32000        0.50000        0.80295
0.85000         0.32000        0.50000        0.81499
0.86000         0.32000        0.50000        0.82708
0.87000         0.32000        0.50000        0.83922
0.88000         0.32000        0.50000        0.85141
0.89000         0.32000        0.50000        0.86364
0.90000         0.32000        0.50000        0.87591
0.91000         0.32000        0.50000        0.88822
0.92000         0.32000        0.50000        0.90055
0.93000         0.32000        0.50000        0.91292
0.94000         0.32000        0.50000        0.92531
0.95000         0.32000        0.50000        0.93773
0.96000         0.32000        0.50000        0.95016
0.97000         0.32000        0.50000        0.96261
0.98000         0.32000        0.50000        0.97507
0.99000         0.32000        0.50000        0.98753
1.0000          0.32000        0.50000        1.0000
0.0000          0.33000        0.50000        0.22794
0.010000        0.33000        0.50000        0.22803
0.020000        0.33000        0.50000        0.22830
0.030000        0.33000        0.50000        0.22875
0.040000        0.33000        0.50000        0.22938
0.050000        0.33000        0.50000        0.23020
0.060000        0.33000        0.50000        0.23119
0.070000        0.33000        0.50000        0.23236
0.080000        0.33000        0.50000        0.23372
0.090000        0.33000        0.50000        0.23525
0.10000         0.33000        0.50000        0.23697
0.11000         0.33000        0.50000        0.23886
0.12000         0.33000        0.50000        0.24093
0.13000         0.33000        0.50000        0.24319
0.14000         0.33000        0.50000        0.24562
0.15000         0.33000        0.50000        0.24822
0.16000         0.33000        0.50000        0.25101
0.17000         0.33000        0.50000        0.25398
0.18000         0.33000        0.50000        0.25712
0.19000         0.33000        0.50000        0.26043
0.20000         0.33000        0.50000        0.26393
0.21000         0.33000        0.50000        0.26760
0.22000         0.33000        0.50000        0.27144
0.23000         0.33000        0.50000        0.27546
0.24000         0.33000        0.50000        0.27965
0.25000         0.33000        0.50000        0.28401
0.26000         0.33000        0.50000        0.28855
0.27000         0.33000        0.50000        0.29326
0.28000         0.33000        0.50000        0.29814
0.29000         0.33000        0.50000        0.30319
0.30000         0.33000        0.50000        0.30841
0.31000         0.33000        0.50000        0.31379
0.32000         0.33000        0.50000        0.31935
0.33000         0.33000        0.50000        0.32507
0.34000         0.33000        0.50000        0.33096
0.35000         0.33000        0.50000        0.33701
0.36000         0.33000        0.50000        0.34322
0.37000         0.33000        0.50000        0.34960
0.38000         0.33000        0.50000        0.35614
0.39000         0.33000        0.50000        0.36284
0.40000         0.33000        0.50000        0.36970
0.41000         0.33000        0.50000        0.37671
0.42000         0.33000        0.50000        0.38389
0.43000         0.33000        0.50000        0.39122
0.44000         0.33000        0.50000        0.39870
0.45000         0.33000        0.50000        0.40633
0.46000         0.33000        0.50000        0.41412
0.47000         0.33000        0.50000        0.42206
0.48000         0.33000        0.50000        0.43014
0.49000         0.33000        0.50000        0.43837
0.50000         0.33000        0.50000        0.44675
0.51000         0.33000        0.50000        0.45527
0.52000         0.33000        0.50000        0.46393
0.53000         0.33000        0.50000        0.47273
0.54000         0.33000        0.50000        0.48167
0.55000         0.33000        0.50000        0.49075
0.56000         0.33000        0.50000        0.49996
0.57000         0.33000        0.50000        0.50930
0.58000         0.33000        0.50000        0.51877
0.59000         0.33000        0.50000        0.52837
0.60000         0.33000        0.50000        0.53810
0.61000         0.33000        0.50000        0.54795
0.62000         0.33000        0.50000        0.55792
0.63000         0.33000        0.50000        0.56801
0.64000         0.33000        0.50000        0.57822
0.65000         0.33000        0.50000        0.58855
0.66000         0.33000        0.50000        0.59898
0.67000         0.33000        0.50000        0.60953
0.68000         0.33000        0.50000        0.62018
0.69000         0.33000        0.50000        0.63094
0.70000         0.33000        0.50000        0.64180
0.71000         0.33000        0.50000        0.65276
0.72000         0.33000        0.50000        0.66382
0.73000         0.33000        0.50000        0.67496
0.74000         0.33000        0.50000        0.68621
0.75000         0.33000        0.50000        0.69753
0.76000         0.33000        0.50000        0.70895
0.77000         0.33000        0.50000        0.72044
0.78000         0.33000        0.50000        0.73202
0.79000         0.33000        0.50000        0.74367
0.80000         0.33000        0.50000        0.75539
0.81000         0.33000        0.50000        0.76718
0.82000         0.33000        0.50000        0.77904
0.83000         0.33000        0.50000        0.79097
0.84000         0.33000        0.50000        0.80295
0.85000         0.33000        0.50000        0.81499
0.86000         0.33000        0.50000        0.82708
0.87000         0.33000        0.50000        0.83922
0.88000         0.33000        0.50000        0.85141
0.89000         0.33000        0.50000        0.86364
0.90000         0.33000        0.50000        0.87591
0.91000         0.33000        0.50000        0.88822
0.92000         0.33000        0.50000        0.90055
0.93000         0.33000        0.50000        0.91292
0.94000         0.33000        0.50000        0.92531
0.95000         0.33000        0.50000        0.93773
0.96000         0.33000        0.50000        0.95016
0.97000         0.33000        0.50000        0.96261
0.98000         0.33000        0.50000        0.97507
0.99000         0.33000        0.50000        0.98753
1.0000          0.33000        0.50000        1.0000
0.0000          0.34000        0.50000        0.22794
0.010000        0.34000        0.50000        0.22803
0.020000        0.34000        0.50000        0.22830
0.030000        0.34000        0.50000        0.22875
0.040000        0.34000        0.50000        0.22938
0.050000        0.34000        0.50000        0.23020
0.060000        0.34000        0.50000        0.23119
0.070000        0.34000        0.50000        0.23236
0.080000        0.34000        0.50000        0.23372
0.090000        0.34000        0.50000        0.23525
0.10000         0.34000        0.50000        0.23697
0.11000         0.34000        0.50000        0.23886
0.12000         0.34000        0.50000        0.24093
0.13000         0.34000        0.50000        0.24319
0.14000         0.34000        0.50000        0.24562
0.15000         0.34000        0.50000        0.24822
0.16000         0.34000        0.50000        0.25101
0.17000         0.34000        0.50000        0.25398
0.18000         0.34000        0.50000        0.25712
0.19000         0.34000        0.50000        0.26043
0.20000         0.34000        0.50000        0.26393
0.21000         0.34000        0.50000        0.26760
0.22000         0.34000        0.50000        0.27144
0.23000         0.34000        0.50000        0.27546
0.24000         0.34000        0.50000        0.27965
0.25000         0.34000        0.50000        0.28401
0.26000         0.34000        0.50000        0.28855
0.27000         0.34000        0.50000        0.29326
0.28000         0.34000        0.50000        0.29814
0.29000         0.34000        0.50000        0.30319
0.30000         0.34000        0.50000        0.30841
0.31000         0.34000        0.50000        0.31379
0.32000         0.34000        0.50000        0.31935
0.33000         0.34000        0.50000        0.32507
0.34000         0.34000        0.50000        0.33096
0.35000         0.34000        0.50000        0.33701
0.36000         0.34000        0.50000        0.34322
0.37000         0.34000        0.50000        0.34960
0.38000         0.34000        0.50000        0.35614
0.39000         0.34000        0.50000        0.36284
0.40000         0.34000        0.50000        0.36970
0.41000         0.34000        0.50000        0.37671
0.42000         0.34000        0.50000        0.38389
0.43000         0.34000        0.50000        0.39122
0.44000         0.34000        0.50000        0.39870
0.45000         0.34000        0.50000        0.40633
0.46000         0.34000        0.50000        0.41412
0.47000         0.34000        0.50000        0.42206
0.48000         0.34000        0.50000        0.43014
0.49000         0.34000        0.50000        0.43837
0.50000         0.34000        0.50000        0.44675
0.51000         0.34000        0.50000        0.45527
0.52000         0.34000        0.50000        0.46393
0.53000         0.34000        0.50000        0.47273
0.54000         0.34000        0.50000        0.48167
0.55000         0.34000        0.50000        0.49075
0.56000         0.34000        0.50000        0.49996
0.57000         0.34000        0.50000        0.50930
0.58000         0.34000        0.50000        0.51877
0.59000         0.34000        0.50000        0.52837
0.60000         0.34000        0.50000        0.53810
0.61000         0.34000        0.50000        0.54795
0.62000         0.34000        0.50000        0.55792
0.63000         0.34000        0.50000        0.56801
0.64000         0.34000        0.50000        0.57822
0.65000         0.34000        0.50000        0.58855
0.66000         0.34000        0.50000        0.59898
0.67000         0.34000        0.50000        0.60953
0.68000         0.34000        0.50000        0.62018
0.69000         0.34000        0.50000        0.63094
0.70000         0.34000        0.50000        0.64180
0.71000         0.34000        0.50000        0.65276
0.72000         0.34000        0.50000        0.66382
0.73000         0.34000        0.50000        0.67496
0.74000         0.34000        0.50000        0.68621
0.75000         0.34000        0.50000        0.69753
0.76000         0.34000        0.50000        0.70895
0.77000         0.34000        0.50000        0.72044
0.78000         0.34000        0.50000        0.73202
0.79000         0.34000        0.50000        0.74367
0.80000         0.34000        0.50000        0.75539
0.81000         0.34000        0.50000        0.76718
0.82000         0.34000        0.50000        0.77904
0.83000         0.34000        0.50000        0.79097
0.84000         0.34000        0.50000        0.80295
0.85000         0.34000        0.50000        0.81499
0.86000         0.34000        0.50000        0.82708
0.87000         0.34000        0.50000        0.83922
0.88000         0.34000        0.50000        0.85141
0.89000         0.34000        0.50000        0.86364
0.90000         0.34000        0.50000        0.87591
0.91000         0.34000        0.50000        0.88822
0.92000         0.34000        0.50000        0.90055
0.93000         0.34000        0.50000        0.91292
0.94000         0.34000        0.50000        0.92531
0.95000         0.34000        0.50000        0.93773
0.96000         0.34000        0.50000        0.95016
0.97000         0.34000        0.50000        0.96261
0.98000         0.34000        0.50000        0.97507
0.99000         0.34000        0.50000        0.98753
1.0000          0.34000        0.50000        1.0000
0.0000          0.35000        0.50000        0.22794
0.010000        0.35000        0.50000        0.22803
0.020000        0.35000        0.50000        0.22830
0.030000        0.35000        0.50000        0.22875
0.040000        0.35000        0.50000        0.22938
0.050000        0.35000        0.50000        0.23020
0.060000        0.35000        0.50000        0.23119
0.070000        0.35000        0.50000        0.23236
0.080000        0.35000        0.50000        0.23372
0.090000        0.35000        0.50000        0.23525
0.10000         0.35000        0.50000        0.23697
0.11000         0.35000        0.50000        0.23886
0.12000         0.35000        0.50000        0.24093
0.13000         0.35000        0.50000        0.24319
0.14000         0.35000        0.50000        0.24562
0.15000         0.35000        0.50000        0.24822
0.16000         0.35000        0.50000        0.25101
0.17000         0.35000        0.50000        0.25398
0.18000         0.35000        0.50000        0.25712
0.19000         0.35000        0.50000        0.26043
0.20000         0.35000        0.50000        0.26393
0.21000         0.35000        0.50000        0.26760
0.22000         0.35000        0.50000        0.27144
0.23000         0.35000        0.50000        0.27546
0.24000         0.35000        0.50000        0.27965
0.25000         0.35000        0.50000        0.28401
0.26000         0.35000        0.50000        0.28855
0.27000         0.35000        0.50000        0.29326
0.28000         0.35000        0.50000        0.29814
0.29000         0.35000        0.50000        0.30319
0.30000         0.35000        0.50000        0.30841
0.31000         0.35000        0.50000        0.31379
0.32000         0.35000        0.50000        0.31935
0.33000         0.35000        0.50000        0.32507
0.34000         0.35000        0.50000        0.33096
0.35000         0.35000        0.50000        0.33701
0.36000         0.35000        0.50000        0.34322
0.37000         0.35000        0.50000        0.34960
0.38000         0.35000        0.50000        0.35614
0.39000         0.35000        0.50000        0.36284
0.40000         0.35000        0.50000        0.36970
0.41000         0.35000        0.50000        0.37671
0.42000         0.35000        0.50000        0.38389
0.43000         0.35000        0.50000        0.39122
0.44000         0.35000        0.50000        0.39870
0.45000         0.35000        0.50000        0.40633
0.46000         0.35000        0.50000        0.41412
0.47000         0.35000        0.50000        0.42206
0.48000         0.35000        0.50000        0.43014
0.49000         0.35000        0.50000        0.43837
0.50000         0.35000        0.50000        0.44675
0.51000         0.35000        0.50000        0.45527
0.52000         0.35000        0.50000        0.46393
0.53000         0.35000        0.50000        0.47273
0.54000         0.35000        0.50000        0.48167
0.55000         0.35000        0.50000        0.49075
0.56000         0.35000        0.50000        0.49996
0.57000         0.35000        0.50000        0.50930
0.58000         0.35000        0.50000        0.51877
0.59000         0.35000        0.50000        0.52837
0.60000         0.35000        0.50000        0.53810
0.61000         0.35000        0.50000        0.54795
0.62000         0.35000        0.50000        0.55792
0.63000         0.35000        0.50000        0.56801
0.64000         0.35000        0.50000        0.57822
0.65000         0.35000        0.50000        0.58855
0.66000         0.35000        0.50000        0.59898
0.67000         0.35000        0.50000        0.60953
0.68000         0.35000        0.50000        0.62018
0.69000         0.35000        0.50000        0.63094
0.70000         0.35000        0.50000        0.64180
0.71000         0.35000        0.50000        0.65276
0.72000         0.35000        0.50000        0.66382
0.73000         0.35000        0.50000        0.67496
0.74000         0.35000        0.50000        0.68621
0.75000         0.35000        0.50000        0.69753
0.76000         0.35000        0.50000        0.70895
0.77000         0.35000        0.50000        0.72044
0.78000         0.35000        0.50000        0.73202
0.79000         0.35000        0.50000        0.74367
0.80000         0.35000        0.50000        0.75539
0.81000         0.35000        0.50000        0.76718
0.82000         0.35000        0.50000        0.77904
0.83000         0.35000        0.50000        0.79097
0.84000         0.35000        0.50000        0.80295
0.85000         0.35000        0.50000        0.81499
0.86000         0.35000        0.50000        0.82708
0.87000         0.35000        0.50000        0.83922
0.88000         0.35000        0.50000        0.85141
0.89000         0.35000        0.50000        0.86364
0.90000         0.35000        0.50000        0.87591
0.91000         0.35000        0.50000        0.88822
0.92000         0.35000        0.50000        0.90055
0.93000         0.35000        0.50000        0.91292
0.94000         0.35000        0.50000        0.92531
0.95000         0.35000        0.50000        0.93773
0.96000         0.35000        0.50000        0.95016
0.97000         0.35000        0.50000        0.96261
0.98000         0.35000        0.50000        0.97507
0.99000         0.35000        0.50000        0.98753
1.0000          0.35000        0.50000        1.0000
0.0000          0.36000        0.50000        0.22794
0.010000        0.36000        0.50000        0.22803
0.020000        0.36000        0.50000        0.22830
0.030000        0.36000        0.50000        0.22875
0.040000        0.36000        0.50000        0.22938
0.050000        0.36000        0.50000        0.23020
0.060000        0.36000        0.50000        0.23119
0.070000        0.36000        0.50000        0.23236
0.080000        0.36000        0.50000        0.23372
0.090000        0.36000        0.50000        0.23525
0.10000         0.36000        0.50000        0.23697
0.11000         0.36000        0.50000        0.23886
0.12000         0.36000        0.50000        0.24093
0.13000         0.36000        0.50000        0.24319
0.14000         0.36000        0.50000        0.24562
0.15000         0.36000        0.50000        0.24822
0.16000         0.36000        0.50000        0.25101
0.17000         0.36000        0.50000        0.25398
0.18000         0.36000        0.50000        0.25712
0.19000         0.36000        0.50000        0.26043
0.20000         0.36000        0.50000        0.26393
0.21000         0.36000        0.50000        0.26760
0.22000         0.36000        0.50000        0.27144
0.23000         0.36000        0.50000        0.27546
0.24000         0.36000        0.50000        0.27965
0.25000         0.36000        0.50000        0.28401
0.26000         0.36000        0.50000        0.28855
0.27000         0.36000        0.50000        0.29326
0.28000         0.36000        0.50000        0.29814
0.29000         0.36000        0.50000        0.30319
0.30000         0.36000        0.50000        0.30841
0.31000         0.36000        0.50000        0.31379
0.32000         0.36000        0.50000        0.31935
0.33000         0.36000        0.50000        0.32507
0.34000         0.36000        0.50000        0.33096
0.35000         0.36000        0.50000        0.33701
0.36000         0.36000        0.50000        0.34322
0.37000         0.36000        0.50000        0.34960
0.38000         0.36000        0.50000        0.35614
0.39000         0.36000        0.50000        0.36284
0.40000         0.36000        0.50000        0.36970
0.41000         0.36000        0.50000        0.37671
0.42000         0.36000        0.50000        0.38389
0.43000         0.36000        0.50000        0.39122
0.44000         0.36000        0.50000        0.39870
0.45000         0.36000        0.50000        0.40633
0.46000         0.36000        0.50000        0.41412
0.47000         0.36000        0.50000        0.42206
0.48000         0.36000        0.50000        0.43014
0.49000         0.36000        0.50000        0.43837
0.50000         0.36000        0.50000        0.44675
0.51000         0.36000        0.50000        0.45527
0.52000         0.36000        0.50000        0.46393
0.53000         0.36000        0.50000        0.47273
0.54000         0.36000        0.50000        0.48167
0.55000         0.36000        0.50000        0.49075
0.56000         0.36000        0.50000        0.49996
0.57000         0.36000        0.50000        0.50930
0.58000         0.36000        0.50000        0.51877
0.59000         0.36000        0.50000        0.52837
0.60000         0.36000        0.50000        0.53810
0.61000         0.36000        0.50000        0.54795
0.62000         0.36000        0.50000        0.55792
0.63000         0.36000        0.50000        0.56801
0.64000         0.36000        0.50000        0.57822
0.65000         0.36000        0.50000        0.58855
0.66000         0.36000        0.50000        0.59898
0.67000         0.36000        0.50000        0.60953
0.68000         0.36000        0.50000        0.62018
0.69000         0.36000        0.50000        0.63094
0.70000         0.36000        0.50000        0.64180
0.71000         0.36000        0.50000        0.65276
0.72000         0.36000        0.50000        0.66382
0.73000         0.36000        0.50000        0.67496
0.74000         0.36000        0.50000        0.68621
0.75000         0.36000        0.50000        0.69753
0.76000         0.36000        0.50000        0.70895
0.77000         0.36000        0.50000        0.72044
0.78000         0.36000        0.50000        0.73202
0.79000         0.36000        0.50000        0.74367
0.80000         0.36000        0.50000        0.75539
0.81000         0.36000        0.50000        0.76718
0.82000         0.36000        0.50000        0.77904
0.83000         0.36000        0.50000        0.79097
0.84000         0.36000        0.50000        0.80295
0.85000         0.36000        0.50000        0.81499
0.86000         0.36000        0.50000        0.82708
0.87000         0.36000        0.50000        0.83922
0.88000         0.36000        0.50000        0.85141
0.89000         0.36000        0.50000        0.86364
0.90000         0.36000        0.50000        0.87591
0.91000         0.36000        0.50000        0.88822
0.92000         0.36000        0.50000        0.90055
0.93000         0.36000        0.50000        0.91292
0.94000         0.36000        0.50000        0.92531
0.95000         0.36000        0.50000        0.93773
0.96000         0.36000        0.50000        0.95016
0.97000         0.36000        0.50000        0.96261
0.98000         0.36000        0.50000        0.97507
0.99000         0.36000        0.50000        0.98753
1.0000          0.36000        0.50000        1.0000
0.0000          0.37000        0.50000        0.22794
0.010000        0.37000        0.50000        0.22803
0.020000        0.37000        0.50000        0.22830
0.030000        0.37000        0.50000        0.22875
0.040000        0.37000        0.50000        0.22938
0.050000        0.37000        0.50000        0.23020
0.060000        0.37000        0.50000        0.23119
0.070000        0.37000        0.50000        0.23236
0.080000        0.37000        0.50000        0.23372
0.090000        0.37000        0.50000        0.23525
0.10000         0.37000        0.50000        0.23697
0.11000         0.37000        0.50000        0.23886
0.12000         0.37000        0.50000        0.24093
0.13000         0.37000        0.50000        0.24319
0.14000         0.37000        0.50000        0.24562
0.15000         0.37000        0.50000        0.24822
0.16000         0.37000        0.50000        0.25101
0.17000         0.37000        0.50000        0.25398
0.18000         0.37000        0.50000        0.25712
0.19000         0.37000        0.50000        0.26043
0.20000         0.37000        0.50000        0.26393
0.21000         0.37000        0.50000        0.26760
0.22000         0.37000        0.50000        0.27144
0.23000         0.37000        0.50000        0.27546
0.24000         0.37000        0.50000        0.27965
0.25000         0.37000        0.50000        0.28401
0.26000         0.37000        0.50000        0.28855
0.27000         0.37000        0.50000        0.29326
0.28000         0.37000        0.50000        0.29814
0.29000         0.37000        0.50000        0.30319
0.30000         0.37000        0.50000        0.30841
0.31000         0.37000        0.50000        0.31379
0.32000         0.37000        0.50000        0.31935
0.33000         0.37000        0.50000        0.32507
0.34000         0.37000        0.50000        0.33096
0.35000         0.37000        0.50000        0.33701
0.36000         0.37000        0.50000        0.34322
0.37000         0.37000        0.50000        0.34960
0.38000         0.37000        0.50000        0.35614
0.39000         0.37000        0.50000        0.36284
0.40000         0.37000        0.50000        0.36970
0.41000         0.37000        0.50000        0.37671
0.42000         0.37000        0.50000        0.38389
0.43000         0.37000        0.50000        0.39122
0.44000         0.37000        0.50000        0.39870
0.45000         0.37000        0.50000        0.40633
0.46000         0.37000        0.50000        0.41412
0.47000         0.37000        0.50000        0.42206
0.48000         0.37000        0.50000        0.43014
0.49000         0.37000        0.50000        0.43837
0.50000         0.37000        0.50000        0.44675
0.51000         0.37000        0.50000        0.45527
0.52000         0.37000        0.50000        0.46393
0.53000         0.37000        0.50000        0.47273
0.54000         0.37000        0.50000        0.48167
0.55000         0.37000        0.50000        0.49075
0.56000         0.37000        0.50000        0.49996
0.57000         0.37000        0.50000        0.50930
0.58000         0.37000        0.50000        0.51877
0.59000         0.37000        0.50000        0.52837
0.60000         0.37000        0.50000        0.53810
0.61000         0.37000        0.50000        0.54795
0.62000         0.37000        0.50000        0.55792
0.63000         0.37000        0.50000        0.56801
0.64000         0.37000        0.50000        0.57822
0.65000         0.37000        0.50000        0.58855
0.66000         0.37000        0.50000        0.59898
0.67000         0.37000        0.50000        0.60953
0.68000         0.37000        0.50000        0.62018
0.69000         0.37000        0.50000        0.63094
0.70000         0.37000        0.50000        0.64180
0.71000         0.37000        0.50000        0.65276
0.72000         0.37000        0.50000        0.66382
0.73000         0.37000        0.50000        0.67496
0.74000         0.37000        0.50000        0.68621
0.75000         0.37000        0.50000        0.69753
0.76000         0.37000        0.50000        0.70895
0.77000         0.37000        0.50000        0.72044
0.78000         0.37000        0.50000        0.73202
0.79000         0.37000        0.50000        0.74367
0.80000         0.37000        0.50000        0.75539
0.81000         0.37000        0.50000        0.76718
0.82000         0.37000        0.50000        0.77904
0.83000         0.37000        0.50000        0.79097
0.84000         0.37000        0.50000        0.80295
0.85000         0.37000        0.50000        0.81499
0.86000         0.37000        0.50000        0.82708
0.87000         0.37000        0.50000        0.83922
0.88000         0.37000        0.50000        0.85141
0.89000         0.37000        0.50000        0.86364
0.90000         0.37000        0.50000        0.87591
0.91000         0.37000        0.50000        0.88822
0.92000         0.37000        0.50000        0.90055
0.93000         0.37000        0.50000        0.91292
0.94000         0.37000        0.50000        0.92531
0.95000         0.37000        0.50000        0.93773
0.96000         0.37000        0.50000        0.95016
0.97000         0.37000        0.50000        0.96261
0.98000         0.37000        0.50000        0.97507
0.99000         0.37000        0.50000        0.98753
1.0000          0.37000        0.50000        1.0000
0.0000          0.38000        0.50000        0.22794
0.010000        0.38000        0.50000        0.22803
0.020000        0.38000        0.50000        0.22830
0.030000        0.38000        0.50000        0.22875
0.040000        0.38000        0.50000        0.22938
0.050000        0.38000        0.50000        0.23020
0.060000        0.38000        0.50000        0.23119
0.070000        0.38000        0.50000        0.23236
0.080000        0.38000        0.50000        0.23372
0.090000        0.38000        0.50000        0.23525
0.10000         0.38000        0.50000        0.23697
0.11000         0.38000        0.50000        0.23886
0.12000         0.38000        0.50000        0.24093
0.13000         0.38000        0.50000        0.24319
0.14000         0.38000        0.50000        0.24562
0.15000         0.38000        0.50000        0.24822
0.16000         0.38000        0.50000        0.25101
0.17000         0.38000        0.50000        0.25398
0.18000         0.38000        0.50000        0.25712
0.19000         0.38000        0.50000        0.26043
0.20000         0.38000        0.50000        0.26393
0.21000         0.38000        0.50000        0.26760
0.22000         0.38000        0.50000        0.27144
0.23000         0.38000        0.50000        0.27546
0.24000         0.38000        0.50000        0.27965
0.25000         0.38000        0.50000        0.28401
0.26000         0.38000        0.50000        0.28855
0.27000         0.38000        0.50000        0.29326
0.28000         0.38000        0.50000        0.29814
0.29000         0.38000        0.50000        0.30319
0.30000         0.38000        0.50000        0.30841
0.31000         0.38000        0.50000        0.31379
0.32000         0.38000        0.50000        0.31935
0.33000         0.38000        0.50000        0.32507
0.34000         0.38000        0.50000        0.33096
0.35000         0.38000        0.50000        0.33701
0.36000         0.38000        0.50000        0.34322
0.37000         0.38000        0.50000        0.34960
0.38000         0.38000        0.50000        0.35614
0.39000         0.38000        0.50000        0.36284
0.40000         0.38000        0.50000        0.36970
0.41000         0.38000        0.50000        0.37671
0.42000         0.38000        0.50000        0.38389
0.43000         0.38000        0.50000        0.39122
0.44000         0.38000        0.50000        0.39870
0.45000         0.38000        0.50000        0.40633
0.46000         0.38000        0.50000        0.41412
0.47000         0.38000        0.50000        0.42206
0.48000         0.38000        0.50000        0.43014
0.49000         0.38000        0.50000        0.43837
0.50000         0.38000        0.50000        0.44675
0.51000         0.38000        0.50000        0.45527
0.52000         0.38000        0.50000        0.46393
0.53000         0.38000        0.50000        0.47273
0.54000         0.38000        0.50000        0.48167
0.55000         0.38000        0.50000        0.49075
0.56000         0.38000        0.50000        0.49996
0.57000         0.38000        0.50000        0.50930
0.58000         0.38000        0.50000        0.51877
0.59000         0.38000        0.50000        0.52837
0.60000         0.38000        0.50000        0.53810
0.61000         0.38000        0.50000        0.54795
0.62000         0.38000        0.50000        0.55792
0.63000         0.38000        0.50000        0.56801
0.64000         0.38000        0.50000        0.57822
0.65000         0.38000        0.50000        0.58855
0.66000         0.38000        0.50000        0.59898
0.67000         0.38000        0.50000        0.60953
0.68000         0.38000        0.50000        0.62018
0.69000         0.38000        0.50000        0.63094
0.70000         0.38000        0.50000        0.64180
0.71000         0.38000        0.50000        0.65276
0.72000         0.38000        0.50000        0.66382
0.73000         0.38000        0.50000        0.67496
0.74000         0.38000        0.50000        0.68621
0.75000         0.38000        0.50000        0.69753
0.76000         0.38000        0.50000        0.70895
0.77000         0.38000        0.50000        0.72044
0.78000         0.38000        0.50000        0.73202
0.79000         0.38000        0.50000        0.74367
0.80000         0.38000        0.50000        0.75539
0.81000         0.38000        0.50000        0.76718
0.82000         0.38000        0.50000        0.77904
0.83000         0.38000        0.50000        0.79097
0.84000         0.38000        0.50000        0.80295
0.85000         0.38000        0.50000        0.81499
0.86000         0.38000        0.50000        0.82708
0.87000         0.38000        0.50000        0.83922
0.88000         0.38000        0.50000        0.85141
0.89000         0.38000        0.50000        0.86364
0.90000         0.38000        0.50000        0.87591
0.91000         0.38000        0.50000        0.88822
0.92000         0.38000        0.50000        0.90055
0.93000         0.38000        0.50000        0.91292
0.94000         0.38000        0.50000        0.92531
0.95000         0.38000        0.50000        0.93773
0.96000         0.38000        0.50000        0.95016
0.97000         0.38000        0.50000        0.96261
0.98000         0.38000        0.50000        0.97507
0.99000         0.38000        0.50000        0.98753
1.0000          0.38000        0.50000        1.0000
0.0000          0.39000        0.50000        0.22794
0.010000        0.39000        0.50000        0.22803
0.020000        0.39000        0.50000        0.22830
0.030000        0.39000        0.50000        0.22875
0.040000        0.39000        0.50000        0.22938
0.050000        0.39000        0.50000        0.23020
0.060000        0.39000        0.50000        0.23119
0.070000        0.39000        0.50000        0.23236
0.080000        0.39000        0.50000        0.23372
0.090000        0.39000        0.50000        0.23525
0.10000         0.39000        0.50000        0.23697
0.11000         0.39000        0.50000        0.23886
0.12000         0.39000        0.50000        0.24093
0.13000         0.39000        0.50000        0.24319
0.14000         0.39000        0.50000        0.24562
0.15000         0.39000        0.50000        0.24822
0.16000         0.39000        0.50000        0.25101
0.17000         0.39000        0.50000        0.25398
0.18000         0.39000        0.50000        0.25712
0.19000         0.39000        0.50000        0.26043
0.20000         0.39000        0.50000        0.26393
0.21000         0.39000        0.50000        0.26760
0.22000         0.39000        0.50000        0.27144
0.23000         0.39000        0.50000        0.27546
0.24000         0.39000        0.50000        0.27965
0.25000         0.39000        0.50000        0.28401
0.26000         0.39000        0.50000        0.28855
0.27000         0.39000        0.50000        0.29326
0.28000         0.39000        0.50000        0.29814
0.29000         0.39000        0.50000        0.30319
0.30000         0.39000        0.50000        0.30841
0.31000         0.39000        0.50000        0.31379
0.32000         0.39000        0.50000        0.31935
0.33000         0.39000        0.50000        0.32507
0.34000         0.39000        0.50000        0.33096
0.35000         0.39000        0.50000        0.33701
0.36000         0.39000        0.50000        0.34322
0.37000         0.39000        0.50000        0.34960
0.38000         0.39000        0.50000        0.35614
0.39000         0.39000        0.50000        0.36284
0.40000         0.39000        0.50000        0.36970
0.41000         0.39000        0.50000        0.37671
0.42000         0.39000        0.50000        0.38389
0.43000         0.39000        0.50000        0.39122
0.44000         0.39000        0.50000        0.39870
0.45000         0.39000        0.50000        0.40633
0.46000         0.39000        0.50000        0.41412
0.47000         0.39000        0.50000        0.42206
0.48000         0.39000        0.50000        0.43014
0.49000         0.39000        0.50000        0.43837
0.50000         0.39000        0.50000        0.44675
0.51000         0.39000        0.50000        0.45527
0.52000         0.39000        0.50000        0.46393
0.53000         0.39000        0.50000        0.47273
0.54000         0.39000        0.50000        0.48167
0.55000         0.39000        0.50000        0.49075
0.56000         0.39000        0.50000        0.49996
0.57000         0.39000        0.50000        0.50930
0.58000         0.39000        0.50000        0.51877
0.59000         0.39000        0.50000        0.52837
0.60000         0.39000        0.50000        0.53810
0.61000         0.39000        0.50000        0.54795
0.62000         0.39000        0.50000        0.55792
0.63000         0.39000        0.50000        0.56801
0.64000         0.39000        0.50000        0.57822
0.65000         0.39000        0.50000        0.58855
0.66000         0.39000        0.50000        0.59898
0.67000         0.39000        0.50000        0.60953
0.68000         0.39000        0.50000        0.62018
0.69000         0.39000        0.50000        0.63094
0.70000         0.39000        0.50000        0.64180
0.71000         0.39000        0.50000        0.65276
0.72000         0.39000        0.50000        0.66382
0.73000         0.39000        0.50000        0.67496
0.74000         0.39000        0.50000        0.68621
0.75000         0.39000        0.50000        0.69753
0.76000         0.39000        0.50000        0.70895
0.77000         0.39000        0.50000        0.72044
0.78000         0.39000        0.50000        0.73202
0.79000         0.39000        0.50000        0.74367
0.80000         0.39000        0.50000        0.75539
0.81000         0.39000        0.50000        0.76718
0.82000         0.39000        0.50000        0.77904
0.83000         0.39000        0.50000        0.79097
0.84000         0.39000        0.50000        0.80295
0.85000         0.39000        0.50000        0.81499
0.86000         0.39000        0.50000        0.82708
0.87000         0.39000        0.50000        0.83922
0.88000         0.39000        0.50000        0.85141
0.89000         0.39000        0.50000        0.86364
0.90000         0.39000        0.50000        0.87591
0.91000         0.39000        0.50000        0.88822
0.92000         0.39000        0.50000        0.90055
0.93000         0.39000        0.50000        0.91292
0.94000         0.39000        0.50000        0.92531
0.95000         0.39000        0.50000        0.93773
0.96000         0.39000        0.50000        0.95016
0.97000         0.39000        0.50000        0.96261
0.98000         0.39000        0.50000        0.97507
0.99000         0.39000        0.50000        0.98753
1.0000          0.39000        0.50000        1.0000
0.0000          0.40000        0.50000        0.22794
0.010000        0.40000        0.50000        0.22803
0.020000        0.40000        0.50000        0.22830
0.030000        0.40000        0.50000        0.22875
0.040000        0.40000        0.50000        0.22938
0.050000        0.40000        0.50000        0.23020
0.060000        0.40000        0.50000        0.23119
0.070000        0.40000        0.50000        0.23236
0.080000        0.40000        0.50000        0.23372
0.090000        0.40000        0.50000        0.23525
0.10000         0.40000        0.50000        0.23697
0.11000         0.40000        0.50000        0.23886
0.12000         0.40000        0.50000        0.24093
0.13000         0.40000        0.50000        0.24319
0.14000         0.40000        0.50000        0.24562
0.15000         0.40000        0.50000        0.24822
0.16000         0.40000        0.50000        0.25101
0.17000         0.40000        0.50000        0.25398
0.18000         0.40000        0.50000        0.25712
0.19000         0.40000        0.50000        0.26043
0.20000         0.40000        0.50000        0.26393
0.21000         0.40000        0.50000        0.26760
0.22000         0.40000        0.50000        0.27144
0.23000         0.40000        0.50000        0.27546
0.24000         0.40000        0.50000        0.27965
0.25000         0.40000        0.50000        0.28401
0.26000         0.40000        0.50000        0.28855
0.27000         0.40000        0.50000        0.29326
0.28000         0.40000        0.50000        0.29814
0.29000         0.40000        0.50000        0.30319
0.30000         0.40000        0.50000        0.30841
0.31000         0.40000        0.50000        0.31379
0.32000         0.40000        0.50000        0.31935
0.33000         0.40000        0.50000        0.32507
0.34000         0.40000        0.50000        0.33096
0.35000         0.40000        0.50000        0.33701
0.36000         0.40000        0.50000        0.34322
0.37000         0.40000        0.50000        0.34960
0.38000         0.40000        0.50000        0.35614
0.39000         0.40000        0.50000        0.36284
0.40000         0.40000        0.50000        0.36970
0.41000         0.40000        0.50000        0.37671
0.42000         0.40000        0.50000        0.38389
0.43000         0.40000        0.50000        0.39122
0.44000         0.40000        0.50000        0.39870
0.45000         0.40000        0.50000        0.40633
0.46000         0.40000        0.50000        0.41412
0.47000         0.40000        0.50000        0.42206
0.48000         0.40000        0.50000        0.43014
0.49000         0.40000        0.50000        0.43837
0.50000         0.40000        0.50000        0.44675
0.51000         0.40000        0.50000        0.45527
0.52000         0.40000        0.50000        0.46393
0.53000         0.40000        0.50000        0.47273
0.54000         0.40000        0.50000        0.48167
0.55000         0.40000        0.50000        0.49075
0.56000         0.40000        0.50000        0.49996
0.57000         0.40000        0.50000        0.50930
0.58000         0.40000        0.50000        0.51877
0.59000         0.40000        0.50000        0.52837
0.60000         0.40000        0.50000        0.53810
0.61000         0.40000        0.50000        0.54795
0.62000         0.40000        0.50000        0.55792
0.63000         0.40000        0.50000        0.56801
0.64000         0.40000        0.50000        0.57822
0.65000         0.40000        0.50000        0.58855
0.66000         0.40000        0.50000        0.59898
0.67000         0.40000        0.50000        0.60953
0.68000         0.40000        0.50000        0.62018
0.69000         0.40000        0.50000        0.63094
0.70000         0.40000        0.50000        0.64180
0.71000         0.40000        0.50000        0.65276
0.72000         0.40000        0.50000        0.66382
0.73000         0.40000        0.50000        0.67496
0.74000         0.40000        0.50000        0.68621
0.75000         0.40000        0.50000        0.69753
0.76000         0.40000        0.50000        0.70895
0.77000         0.40000        0.50000        0.72044
0.78000         0.40000        0.50000        0.73202
0.79000         0.40000        0.50000        0.74367
0.80000         0.40000        0.50000        0.75539
0.81000         0.40000        0.50000        0.76718
0.82000         0.40000        0.50000        0.77904
0.83000         0.40000        0.50000        0.79097
0.84000         0.40000        0.50000        0.80295
0.85000         0.40000        0.50000        0.81499
0.86000         0.40000        0.50000        0.82708
0.87000         0.40000        0.50000        0.83922
0.88000         0.40000        0.50000        0.85141
0.89000         0.40000        0.50000        0.86364
0.90000         0.40000        0.50000        0.87591
0.91000         0.40000        0.50000        0.88822
0.92000         0.40000        0.50000        0.90055
0.93000         0.40000        0.50000        0.91292
0.94000         0.40000        0.50000        0.92531
0.95000         0.40000        0.50000        0.93773
0.96000         0.40000        0.50000        0.95016
0.97000         0.40000        0.50000        0.96261
0.98000         0.40000        0.50000        0.97507
0.99000         0.40000        0.50000        0.98753
1.0000          0.40000        0.50000        1.0000
0.0000          0.41000        0.50000        0.22794
0.010000        0.41000        0.50000        0.22803
0.020000        0.41000        0.50000        0.22830
0.030000        0.41000        0.50000        0.22875
0.040000        0.41000        0.50000        0.22938
0.050000        0.41000        0.50000        0.23020
0.060000        0.41000        0.50000        0.23119
0.070000        0.41000        0.50000        0.23236
0.080000        0.41000        0.50000        0.23372
0.090000        0.41000        0.50000        0.23525
0.10000         0.41000        0.50000        0.23697
0.11000         0.41000        0.50000        0.23886
0.12000         0.41000        0.50000        0.24093
0.13000         0.41000        0.50000        0.24319
0.14000         0.41000        0.50000        0.24562
0.15000         0.41000        0.50000        0.24822
0.16000         0.41000        0.50000        0.25101
0.17000         0.41000        0.50000        0.25398
0.18000         0.41000        0.50000        0.25712
0.19000         0.41000        0.50000        0.26043
0.20000         0.41000        0.50000        0.26393
0.21000         0.41000        0.50000        0.26760
0.22000         0.41000        0.50000        0.27144
0.23000         0.41000        0.50000        0.27546
0.24000         0.41000        0.50000        0.27965
0.25000         0.41000        0.50000        0.28401
0.26000         0.41000        0.50000        0.28855
0.27000         0.41000        0.50000        0.29326
0.28000         0.41000        0.50000        0.29814
0.29000         0.41000        0.50000        0.30319
0.30000         0.41000        0.50000        0.30841
0.31000         0.41000        0.50000        0.31379
0.32000         0.41000        0.50000        0.31935
0.33000         0.41000        0.50000        0.32507
0.34000         0.41000        0.50000        0.33096
0.35000         0.41000        0.50000        0.33701
0.36000         0.41000        0.50000        0.34322
0.37000         0.41000        0.50000        0.34960
0.38000         0.41000        0.50000        0.35614
0.39000         0.41000        0.50000        0.36284
0.40000         0.41000        0.50000        0.36970
0.41000         0.41000        0.50000        0.37671
0.42000         0.41000        0.50000        0.38389
0.43000         0.41000        0.50000        0.39122
0.44000         0.41000        0.50000        0.39870
0.45000         0.41000        0.50000        0.40633
0.46000         0.41000        0.50000        0.41412
0.47000         0.41000        0.50000        0.42206
0.48000         0.41000        0.50000        0.43014
0.49000         0.41000        0.50000        0.43837
0.50000         0.41000        0.50000        0.44675
0.51000         0.41000        0.50000        0.45527
0.52000         0.41000        0.50000        0.46393
0.53000         0.41000        0.50000        0.47273
0.54000         0.41000        0.50000        0.48167
0.55000         0.41000        0.50000        0.49075
0.56000         0.41000        0.50000        0.49996
0.57000         0.41000        0.50000        0.50930
0.58000         0.41000        0.50000        0.51877
0.59000         0.41000        0.50000        0.52837
0.60000         0.41000        0.50000        0.53810
0.61000         0.41000        0.50000        0.54795
0.62000         0.41000        0.50000        0.55792
0.63000         0.41000        0.50000        0.56801
0.64000         0.41000        0.50000        0.57822
0.65000         0.41000        0.50000        0.58855
0.66000         0.41000        0.50000        0.59898
0.67000         0.41000        0.50000        0.60953
0.68000         0.41000        0.50000        0.62018
0.69000         0.41000        0.50000        0.63094
0.70000         0.41000        0.50000        0.64180
0.71000         0.41000        0.50000        0.65276
0.72000         0.41000        0.50000        0.66382
0.73000         0.41000        0.50000        0.67496
0.74000         0.41000        0.50000        0.68621
0.75000         0.41000        0.50000        0.69753
0.76000         0.41000        0.50000        0.70895
0.77000         0.41000        0.50000        0.72044
0.78000         0.41000        0.50000        0.73202
0.79000         0.41000        0.50000        0.74367
0.80000         0.41000        0.50000        0.75539
0.81000         0.41000        0.50000        0.76718
0.82000         0.41000        0.50000        0.77904
0.83000         0.41000        0.50000        0.79097
0.84000         0.41000        0.50000        0.80295
0.85000         0.41000        0.50000        0.81499
0.86000         0.41000        0.50000        0.82708
0.87000         0.41000        0.50000        0.83922
0.88000         0.41000        0.50000        0.85141
0.89000         0.41000        0.50000        0.86364
0.90000         0.41000        0.50000        0.87591
0.91000         0.41000        0.50000        0.88822
0.92000         0.41000        0.50000        0.90055
0.93000         0.41000        0.50000        0.91292
0.94000         0.41000        0.50000        0.92531
0.95000         0.41000        0.50000        0.93773
0.96000         0.41000        0.50000        0.95016
0.97000         0.41000        0.50000        0.96261
0.98000         0.41000        0.50000        0.97507
0.99000         0.41000        0.50000        0.98753
1.0000          0.41000        0.50000        1.0000
0.0000          0.42000        0.50000        0.22794
0.010000        0.42000        0.50000        0.22803
0.020000        0.42000        0.50000        0.22830
0.030000        0.42000        0.50000        0.22875
0.040000        0.42000        0.50000        0.22938
0.050000        0.42000        0.50000        0.23020
0.060000        0.42000        0.50000        0.23119
0.070000        0.42000        0.50000        0.23236
0.080000        0.42000        0.50000        0.23372
0.090000        0.42000        0.50000        0.23525
0.10000         0.42000        0.50000        0.23697
0.11000         0.42000        0.50000        0.23886
0.12000         0.42000        0.50000        0.24093
0.13000         0.42000        0.50000        0.24319
0.14000         0.42000        0.50000        0.24562
0.15000         0.42000        0.50000        0.24822
0.16000         0.42000        0.50000        0.25101
0.17000         0.42000        0.50000        0.25398
0.18000         0.42000        0.50000        0.25712
0.19000         0.42000        0.50000        0.26043
0.20000         0.42000        0.50000        0.26393
0.21000         0.42000        0.50000        0.26760
0.22000         0.42000        0.50000        0.27144
0.23000         0.42000        0.50000        0.27546
0.24000         0.42000        0.50000        0.27965
0.25000         0.42000        0.50000        0.28401
0.26000         0.42000        0.50000        0.28855
0.27000         0.42000        0.50000        0.29326
0.28000         0.42000        0.50000        0.29814
0.29000         0.42000        0.50000        0.30319
0.30000         0.42000        0.50000        0.30841
0.31000         0.42000        0.50000        0.31379
0.32000         0.42000        0.50000        0.31935
0.33000         0.42000        0.50000        0.32507
0.34000         0.42000        0.50000        0.33096
0.35000         0.42000        0.50000        0.33701
0.36000         0.42000        0.50000        0.34322
0.37000         0.42000        0.50000        0.34960
0.38000         0.42000        0.50000        0.35614
0.39000         0.42000        0.50000        0.36284
0.40000         0.42000        0.50000        0.36970
0.41000         0.42000        0.50000        0.37671
0.42000         0.42000        0.50000        0.38389
0.43000         0.42000        0.50000        0.39122
0.44000         0.42000        0.50000        0.39870
0.45000         0.42000        0.50000        0.40633
0.46000         0.42000        0.50000        0.41412
0.47000         0.42000        0.50000        0.42206
0.48000         0.42000        0.50000        0.43014
0.49000         0.42000        0.50000        0.43837
0.50000         0.42000        0.50000        0.44675
0.51000         0.42000        0.50000        0.45527
0.52000         0.42000        0.50000        0.46393
0.53000         0.42000        0.50000        0.47273
0.54000         0.42000        0.50000        0.48167
0.55000         0.42000        0.50000        0.49075
0.56000         0.42000        0.50000        0.49996
0.57000         0.42000        0.50000        0.50930
0.58000         0.42000        0.50000        0.51877
0.59000         0.42000        0.50000        0.52837
0.60000         0.42000        0.50000        0.53810
0.61000         0.42000        0.50000        0.54795
0.62000         0.42000        0.50000        0.55792
0.63000         0.42000        0.50000        0.56801
0.64000         0.42000        0.50000        0.57822
0.65000         0.42000        0.50000        0.58855
0.66000         0.42000        0.50000        0.59898
0.67000         0.42000        0.50000        0.60953
0.68000         0.42000        0.50000        0.62018
0.69000         0.42000        0.50000        0.63094
0.70000         0.42000        0.50000        0.64180
0.71000         0.42000        0.50000        0.65276
0.72000         0.42000        0.50000        0.66382
0.73000         0.42000        0.50000        0.67496
0.74000         0.42000        0.50000        0.68621
0.75000         0.42000        0.50000        0.69753
0.76000         0.42000        0.50000        0.70895
0.77000         0.42000        0.50000        0.72044
0.78000         0.42000        0.50000        0.73202
0.79000         0.42000        0.50000        0.74367
0.80000         0.42000        0.50000        0.75539
0.81000         0.42000        0.50000        0.76718
0.82000         0.42000        0.50000        0.77904
0.83000         0.42000        0.50000        0.79097
0.84000         0.42000        0.50000        0.80295
0.85000         0.42000        0.50000        0.81499
0.86000         0.42000        0.50000        0.82708
0.87000         0.42000        0.50000        0.83922
0.88000         0.42000        0.50000        0.85141
0.89000         0.42000        0.50000        0.86364
0.90000         0.42000        0.50000        0.87591
0.91000         0.42000        0.50000        0.88822
0.92000         0.42000        0.50000        0.90055
0.93000         0.42000        0.50000        0.91292
0.94000         0.42000        0.50000        0.92531
0.95000         0.42000        0.50000        0.93773
0.96000         0.42000        0.50000        0.95016
0.97000         0.42000        0.50000        0.96261
0.98000         0.42000        0.50000        0.97507
0.99000         0.42000        0.50000        0.98753
1.0000          0.42000        0.50000        1.0000
0.0000          0.43000        0.50000        0.22794
0.010000        0.43000        0.50000        0.22803
0.020000        0.43000        0.50000        0.22830
0.030000        0.43000        0.50000        0.22875
0.040000        0.43000        0.50000        0.22938
0.050000        0.43000        0.50000        0.23020
0.060000        0.43000        0.50000        0.23119
0.070000        0.43000        0.50000        0.23236
0.080000        0.43000        0.50000        0.23372
0.090000        0.43000        0.50000        0.23525
0.10000         0.43000        0.50000        0.23697
0.11000         0.43000        0.50000        0.23886
0.12000         0.43000        0.50000        0.24093
0.13000         0.43000        0.50000        0.24319
0.14000         0.43000        0.50000        0.24562
0.15000         0.43000        0.50000        0.24822
0.16000         0.43000        0.50000        0.25101
0.17000         0.43000        0.50000        0.25398
0.18000         0.43000        0.50000        0.25712
0.19000         0.43000        0.50000        0.26043
0.20000         0.43000        0.50000        0.26393
0.21000         0.43000        0.50000        0.26760
0.22000         0.43000        0.50000        0.27144
0.23000         0.43000        0.50000        0.27546
0.24000         0.43000        0.50000        0.27965
0.25000         0.43000        0.50000        0.28401
0.26000         0.43000        0.50000        0.28855
0.27000         0.43000        0.50000        0.29326
0.28000         0.43000        0.50000        0.29814
0.29000         0.43000        0.50000        0.30319
0.30000         0.43000        0.50000        0.30841
0.31000         0.43000        0.50000        0.31379
0.32000         0.43000        0.50000        0.31935
0.33000         0.43000        0.50000        0.32507
0.34000         0.43000        0.50000        0.33096
0.35000         0.43000        0.50000        0.33701
0.36000         0.43000        0.50000        0.34322
0.37000         0.43000        0.50000        0.34960
0.38000         0.43000        0.50000        0.35614
0.39000         0.43000        0.50000        0.36284
0.40000         0.43000        0.50000        0.36970
0.41000         0.43000        0.50000        0.37671
0.42000         0.43000        0.50000        0.38389
0.43000         0.43000        0.50000        0.39122
0.44000         0.43000        0.50000        0.39870
0.45000         0.43000        0.50000        0.40633
0.46000         0.43000        0.50000        0.41412
0.47000         0.43000        0.50000        0.42206
0.48000         0.43000        0.50000        0.43014
0.49000         0.43000        0.50000        0.43837
0.50000         0.43000        0.50000        0.44675
0.51000         0.43000        0.50000        0.45527
0.52000         0.43000        0.50000        0.46393
0.53000         0.43000        0.50000        0.47273
0.54000         0.43000        0.50000        0.48167
0.55000         0.43000        0.50000        0.49075
0.56000         0.43000        0.50000        0.49996
0.57000         0.43000        0.50000        0.50930
0.58000         0.43000        0.50000        0.51877
0.59000         0.43000        0.50000        0.52837
0.60000         0.43000        0.50000        0.53810
0.61000         0.43000        0.50000        0.54795
0.62000         0.43000        0.50000        0.55792
0.63000         0.43000        0.50000        0.56801
0.64000         0.43000        0.50000        0.57822
0.65000         0.43000        0.50000        0.58855
0.66000         0.43000        0.50000        0.59898
0.67000         0.43000        0.50000        0.60953
0.68000         0.43000        0.50000        0.62018
0.69000         0.43000        0.50000        0.63094
0.70000         0.43000        0.50000        0.64180
0.71000         0.43000        0.50000        0.65276
0.72000         0.43000        0.50000        0.66382
0.73000         0.43000        0.50000        0.67496
0.74000         0.43000        0.50000        0.68621
0.75000         0.43000        0.50000        0.69753
0.76000         0.43000        0.50000        0.70895
0.77000         0.43000        0.50000        0.72044
0.78000         0.43000        0.50000        0.73202
0.79000         0.43000        0.50000        0.74367
0.80000         0.43000        0.50000        0.75539
0.81000         0.43000        0.50000        0.76718
0.82000         0.43000        0.50000        0.77904
0.83000         0.43000        0.50000        0.79097
0.84000         0.43000        0.50000        0.80295
0.85000         0.43000        0.50000        0.81499
0.86000         0.43000        0.50000        0.82708
0.87000         0.43000        0.50000        0.83922
0.88000         0.43000        0.50000        0.85141
0.89000         0.43000        0.50000        0.86364
0.90000         0.43000        0.50000        0.87591
0.91000         0.43000        0.50000        0.88822
0.92000         0.43000        0.50000        0.90055
0.93000         0.43000        0.50000        0.91292
0.94000         0.43000        0.50000        0.92531
0.95000         0.43000        0.50000        0.93773
0.96000         0.43000        0.50000        0.95016
0.97000         0.43000        0.50000        0.96261
0.98000         0.43000        0.50000        0.97507
0.99000         0.43000        0.50000        0.98753
1.0000          0.43000        0.50000        1.0000
0.0000          0.44000        0.50000        0.22794
0.010000        0.44000        0.50000        0.22803
0.020000        0.44000        0.50000        0.22830
0.030000        0.44000        0.50000        0.22875
0.040000        0.44000        0.50000        0.22938
0.050000        0.44000        0.50000        0.23020
0.060000        0.44000        0.50000        0.23119
0.070000        0.44000        0.50000        0.23236
0.080000        0.44000        0.50000        0.23372
0.090000        0.44000        0.50000        0.23525
0.10000         0.44000        0.50000        0.23697
0.11000         0.44000        0.50000        0.23886
0.12000         0.44000        0.50000        0.24093
0.13000         0.44000        0.50000        0.24319
0.14000         0.44000        0.50000        0.24562
0.15000         0.44000        0.50000        0.24822
0.16000         0.44000        0.50000        0.25101
0.17000         0.44000        0.50000        0.25398
0.18000         0.44000        0.50000        0.25712
0.19000         0.44000        0.50000        0.26043
0.20000         0.44000        0.50000        0.26393
0.21000         0.44000        0.50000        0.26760
0.22000         0.44000        0.50000        0.27144
0.23000         0.44000        0.50000        0.27546
0.24000         0.44000        0.50000        0.27965
0.25000         0.44000        0.50000        0.28401
0.26000         0.44000        0.50000        0.28855
0.27000         0.44000        0.50000        0.29326
0.28000         0.44000        0.50000        0.29814
0.29000         0.44000        0.50000        0.30319
0.30000         0.44000        0.50000        0.30841
0.31000         0.44000        0.50000        0.31379
0.32000         0.44000        0.50000        0.31935
0.33000         0.44000        0.50000        0.32507
0.34000         0.44000        0.50000        0.33096
0.35000         0.44000        0.50000        0.33701
0.36000         0.44000        0.50000        0.34322
0.37000         0.44000        0.50000        0.34960
0.38000         0.44000        0.50000        0.35614
0.39000         0.44000        0.50000        0.36284
0.40000         0.44000        0.50000        0.36970
0.41000         0.44000        0.50000        0.37671
0.42000         0.44000        0.50000        0.38389
0.43000         0.44000        0.50000        0.39122
0.44000         0.44000        0.50000        0.39870
0.45000         0.44000        0.50000        0.40633
0.46000         0.44000        0.50000        0.41412
0.47000         0.44000        0.50000        0.42206
0.48000         0.44000        0.50000        0.43014
0.49000         0.44000        0.50000        0.43837
0.50000         0.44000        0.50000        0.44675
0.51000         0.44000        0.50000        0.45527
0.52000         0.44000        0.50000        0.46393
0.53000         0.44000        0.50000        0.47273
0.54000         0.44000        0.50000        0.48167
0.55000         0.44000        0.50000        0.49075
0.56000         0.44000        0.50000        0.49996
0.57000         0.44000        0.50000        0.50930
0.58000         0.44000        0.50000        0.51877
0.59000         0.44000        0.50000        0.52837
0.60000         0.44000        0.50000        0.53810
0.61000         0.44000        0.50000        0.54795
0.62000         0.44000        0.50000        0.55792
0.63000         0.44000        0.50000        0.56801
0.64000         0.44000        0.50000        0.57822
0.65000         0.44000        0.50000        0.58855
0.66000         0.44000        0.50000        0.59898
0.67000         0.44000        0.50000        0.60953
0.68000         0.44000        0.50000        0.62018
0.69000         0.44000        0.50000        0.63094
0.70000         0.44000        0.50000        0.64180
0.71000         0.44000        0.50000        0.65276
0.72000         0.44000        0.50000        0.66382
0.73000         0.44000        0.50000        0.67496
0.74000         0.44000        0.50000        0.68621
0.75000         0.44000        0.50000        0.69753
0.76000         0.44000        0.50000        0.70895
0.77000         0.44000        0.50000        0.72044
0.78000         0.44000        0.50000        0.73202
0.79000         0.44000        0.50000        0.74367
0.80000         0.44000        0.50000        0.75539
0.81000         0.44000        0.50000        0.76718
0.82000         0.44000        0.50000        0.77904
0.83000         0.44000        0.50000        0.79097
0.84000         0.44000        0.50000        0.80295
0.85000         0.44000        0.50000        0.81499
0.86000         0.44000        0.50000        0.82708
0.87000         0.44000        0.50000        0.83922
0.88000         0.44000        0.50000        0.85141
0.89000         0.44000        0.50000        0.86364
0.90000         0.44000        0.50000        0.87591
0.91000         0.44000        0.50000        0.88822
0.92000         0.44000        0.50000        0.90055
0.93000         0.44000        0.50000        0.91292
0.94000         0.44000        0.50000        0.92531
0.95000         0.44000        0.50000        0.93773
0.96000         0.44000        0.50000        0.95016
0.97000         0.44000        0.50000        0.96261
0.98000         0.44000        0.50000        0.97507
0.99000         0.44000        0.50000        0.98753
1.0000          0.44000        0.50000        1.0000
0.0000          0.45000        0.50000        0.22794
0.010000        0.45000        0.50000        0.22803
0.020000        0.45000        0.50000        0.22830
0.030000        0.45000        0.50000        0.22875
0.040000        0.45000        0.50000        0.22938
0.050000        0.45000        0.50000        0.23020
0.060000        0.45000        0.50000        0.23119
0.070000        0.45000        0.50000        0.23236
0.080000        0.45000        0.50000        0.23372
0.090000        0.45000        0.50000        0.23525
0.10000         0.45000        0.50000        0.23697
0.11000         0.45000        0.50000        0.23886
0.12000         0.45000        0.50000        0.24093
0.13000         0.45000        0.50000        0.24319
0.14000         0.45000        0.50000        0.24562
0.15000         0.45000        0.50000        0.24822
0.16000         0.45000        0.50000        0.25101
0.17000         0.45000        0.50000        0.25398
0.18000         0.45000        0.50000        0.25712
0.19000         0.45000        0.50000        0.26043
0.20000         0.45000        0.50000        0.26393
0.21000         0.45000        0.50000        0.26760
0.22000         0.45000        0.50000        0.27144
0.23000         0.45000        0.50000        0.27546
0.24000         0.45000        0.50000        0.27965
0.25000         0.45000        0.50000        0.28401
0.26000         0.45000        0.50000        0.28855
0.27000         0.45000        0.50000        0.29326
0.28000         0.45000        0.50000        0.29814
0.29000         0.45000        0.50000        0.30319
0.30000         0.45000        0.50000        0.30841
0.31000         0.45000        0.50000        0.31379
0.32000         0.45000        0.50000        0.31935
0.33000         0.45000        0.50000        0.32507
0.34000         0.45000        0.50000        0.33096
0.35000         0.45000        0.50000        0.33701
0.36000         0.45000        0.50000        0.34322
0.37000         0.45000        0.50000        0.34960
0.38000         0.45000        0.50000        0.35614
0.39000         0.45000        0.50000        0.36284
0.40000         0.45000        0.50000        0.36970
0.41000         0.45000        0.50000        0.37671
0.42000         0.45000        0.50000        0.38389
0.43000         0.45000        0.50000        0.39122
0.44000         0.45000        0.50000        0.39870
0.45000         0.45000        0.50000        0.40633
0.46000         0.45000        0.50000        0.41412
0.47000         0.45000        0.50000        0.42206
0.48000         0.45000        0.50000        0.43014
0.49000         0.45000        0.50000        0.43837
0.50000         0.45000        0.50000        0.44675
0.51000         0.45000        0.50000        0.45527
0.52000         0.45000        0.50000        0.46393
0.53000         0.45000        0.50000        0.47273
0.54000         0.45000        0.50000        0.48167
0.55000         0.45000        0.50000        0.49075
0.56000         0.45000        0.50000        0.49996
0.57000         0.45000        0.50000        0.50930
0.58000         0.45000        0.50000        0.51877
0.59000         0.45000        0.50000        0.52837
0.60000         0.45000        0.50000        0.53810
0.61000         0.45000        0.50000        0.54795
0.62000         0.45000        0.50000        0.55792
0.63000         0.45000        0.50000        0.56801
0.64000         0.45000        0.50000        0.57822
0.65000         0.45000        0.50000        0.58855
0.66000         0.45000        0.50000        0.59898
0.67000         0.45000        0.50000        0.60953
0.68000         0.45000        0.50000        0.62018
0.69000         0.45000        0.50000        0.63094
0.70000         0.45000        0.50000        0.64180
0.71000         0.45000        0.50000        0.65276
0.72000         0.45000        0.50000        0.66382
0.73000         0.45000        0.50000        0.67496
0.74000         0.45000        0.50000        0.68621
0.75000         0.45000        0.50000        0.69753
0.76000         0.45000        0.50000        0.70895
0.77000         0.45000        0.50000        0.72044
0.78000         0.45000        0.50000        0.73202
0.79000         0.45000        0.50000        0.74367
0.80000         0.45000        0.50000        0.75539
0.81000         0.45000        0.50000        0.76718
0.82000         0.45000        0.50000        0.77904
0.83000         0.45000        0.50000        0.79097
0.84000         0.45000        0.50000        0.80295
0.85000         0.45000        0.50000        0.81499
0.86000         0.45000        0.50000        0.82708
0.87000         0.45000        0.50000        0.83922
0.88000         0.45000        0.50000        0.85141
0.89000         0.45000        0.50000        0.86364
0.90000         0.45000        0.50000        0.87591
0.91000         0.45000        0.50000        0.88822
0.92000         0.45000        0.50000        0.90055
0.93000         0.45000        0.50000        0.91292
0.94000         0.45000        0.50000        0.92531
0.95000         0.45000        0.50000        0.93773
0.96000         0.45000        0.50000        0.95016
0.97000         0.45000        0.50000        0.96261
0.98000         0.45000        0.50000        0.97507
0.99000         0.45000        0.50000        0.98753
1.0000          0.45000        0.50000        1.0000
0.0000          0.46000        0.50000        0.22794
0.010000        0.46000        0.50000        0.22803
0.020000        0.46000        0.50000        0.22830
0.030000        0.46000        0.50000        0.22875
0.040000        0.46000        0.50000        0.22938
0.050000        0.46000        0.50000        0.23020
0.060000        0.46000        0.50000        0.23119
0.070000        0.46000        0.50000        0.23236
0.080000        0.46000        0.50000        0.23372
0.090000        0.46000        0.50000        0.23525
0.10000         0.46000        0.50000        0.23697
0.11000         0.46000        0.50000        0.23886
0.12000         0.46000        0.50000        0.24093
0.13000         0.46000        0.50000        0.24319
0.14000         0.46000        0.50000        0.24562
0.15000         0.46000        0.50000        0.24822
0.16000         0.46000        0.50000        0.25101
0.17000         0.46000        0.50000        0.25398
0.18000         0.46000        0.50000        0.25712
0.19000         0.46000        0.50000        0.26043
0.20000         0.46000        0.50000        0.26393
0.21000         0.46000        0.50000        0.26760
0.22000         0.46000        0.50000        0.27144
0.23000         0.46000        0.50000        0.27546
0.24000         0.46000        0.50000        0.27965
0.25000         0.46000        0.50000        0.28401
0.26000         0.46000        0.50000        0.28855
0.27000         0.46000        0.50000        0.29326
0.28000         0.46000        0.50000        0.29814
0.29000         0.46000        0.50000        0.30319
0.30000         0.46000        0.50000        0.30841
0.31000         0.46000        0.50000        0.31379
0.32000         0.46000        0.50000        0.31935
0.33000         0.46000        0.50000        0.32507
0.34000         0.46000        0.50000        0.33096
0.35000         0.46000        0.50000        0.33701
0.36000         0.46000        0.50000        0.34322
0.37000         0.46000        0.50000        0.34960
0.38000         0.46000        0.50000        0.35614
0.39000         0.46000        0.50000        0.36284
0.40000         0.46000        0.50000        0.36970
0.41000         0.46000        0.50000        0.37671
0.42000         0.46000        0.50000        0.38389
0.43000         0.46000        0.50000        0.39122
0.44000         0.46000        0.50000        0.39870
0.45000         0.46000        0.50000        0.40633
0.46000         0.46000        0.50000        0.41412
0.47000         0.46000        0.50000        0.42206
0.48000         0.46000        0.50000        0.43014
0.49000         0.46000        0.50000        0.43837
0.50000         0.46000        0.50000        0.44675
0.51000         0.46000        0.50000        0.45527
0.52000         0.46000        0.50000        0.46393
0.53000         0.46000        0.50000        0.47273
0.54000         0.46000        0.50000        0.48167
0.55000         0.46000        0.50000        0.49075
0.56000         0.46000        0.50000        0.49996
0.57000         0.46000        0.50000        0.50930
0.58000         0.46000        0.50000        0.51877
0.59000         0.46000        0.50000        0.52837
0.60000         0.46000        0.50000        0.53810
0.61000         0.46000        0.50000        0.54795
0.62000         0.46000        0.50000        0.55792
0.63000         0.46000        0.50000        0.56801
0.64000         0.46000        0.50000        0.57822
0.65000         0.46000        0.50000        0.58855
0.66000         0.46000        0.50000        0.59898
0.67000         0.46000        0.50000        0.60953
0.68000         0.46000        0.50000        0.62018
0.69000         0.46000        0.50000        0.63094
0.70000         0.46000        0.50000        0.64180
0.71000         0.46000        0.50000        0.65276
0.72000         0.46000        0.50000        0.66382
0.73000         0.46000        0.50000        0.67496
0.74000         0.46000        0.50000        0.68621
0.75000         0.46000        0.50000        0.69753
0.76000         0.46000        0.50000        0.70895
0.77000         0.46000        0.50000        0.72044
0.78000         0.46000        0.50000        0.73202
0.79000         0.46000        0.50000        0.74367
0.80000         0.46000        0.50000        0.75539
0.81000         0.46000        0.50000        0.76718
0.82000         0.46000        0.50000        0.77904
0.83000         0.46000        0.50000        0.79097
0.84000         0.46000        0.50000        0.80295
0.85000         0.46000        0.50000        0.81499
0.86000         0.46000        0.50000        0.82708
0.87000         0.46000        0.50000        0.83922
0.88000         0.46000        0.50000        0.85141
0.89000         0.46000        0.50000        0.86364
0.90000         0.46000        0.50000        0.87591
0.91000         0.46000        0.50000        0.88822
0.92000         0.46000        0.50000        0.90055
0.93000         0.46000        0.50000        0.91292
0.94000         0.46000        0.50000        0.92531
0.95000         0.46000        0.50000        0.93773
0.96000         0.46000        0.50000        0.95016
0.97000         0.46000        0.50000        0.96261
0.98000         0.46000        0.50000        0.97507
0.99000         0.46000        0.50000        0.98753
1.0000          0.46000        0.50000        1.0000
0.0000          0.47000        0.50000        0.22794
0.010000        0.47000        0.50000        0.22803
0.020000        0.47000        0.50000        0.22830
0.030000        0.47000        0.50000        0.22875
0.040000        0.47000        0.50000        0.22938
0.050000        0.47000        0.50000        0.23020
0.060000        0.47000        0.50000        0.23119
0.070000        0.47000        0.50000        0.23236
0.080000        0.47000        0.50000        0.23372
0.090000        0.47000        0.50000        0.23525
0.10000         0.47000        0.50000        0.23697
0.11000         0.47000        0.50000        0.23886
0.12000         0.47000        0.50000        0.24093
0.13000         0.47000        0.50000        0.24319
0.14000         0.47000        0.50000        0.24562
0.15000         0.47000        0.50000        0.24822
0.16000         0.47000        0.50000        0.25101
0.17000         0.47000        0.50000        0.25398
0.18000         0.47000        0.50000        0.25712
0.19000         0.47000        0.50000        0.26043
0.20000         0.47000        0.50000        0.26393
0.21000         0.47000        0.50000        0.26760
0.22000         0.47000        0.50000        0.27144
0.23000         0.47000        0.50000        0.27546
0.24000         0.47000        0.50000        0.27965
0.25000         0.47000        0.50000        0.28401
0.26000         0.47000        0.50000        0.28855
0.27000         0.47000        0.50000        0.29326
0.28000         0.47000        0.50000        0.29814
0.29000         0.47000        0.50000        0.30319
0.30000         0.47000        0.50000        0.30841
0.31000         0.47000        0.50000        0.31379
0.32000         0.47000        0.50000        0.31935
0.33000         0.47000        0.50000        0.32507
0.34000         0.47000        0.50000        0.33096
0.35000         0.47000        0.50000        0.33701
0.36000         0.47000        0.50000        0.34322
0.37000         0.47000        0.50000        0.34960
0.38000         0.47000        0.50000        0.35614
0.39000         0.47000        0.50000        0.36284
0.40000         0.47000        0.50000        0.36970
0.41000         0.47000        0.50000        0.37671
0.42000         0.47000        0.50000        0.38389
0.43000         0.47000        0.50000        0.39122
0.44000         0.47000        0.50000        0.39870
0.45000         0.47000        0.50000        0.40633
0.46000         0.47000        0.50000        0.41412
0.47000         0.47000        0.50000        0.42206
0.48000         0.47000        0.50000        0.43014
0.49000         0.47000        0.50000        0.43837
0.50000         0.47000        0.50000        0.44675
0.51000         0.47000        0.50000        0.45527
0.52000         0.47000        0.50000        0.46393
0.53000         0.47000        0.50000        0.47273
0.54000         0.47000        0.50000        0.48167
0.55000         0.47000        0.50000        0.49075
0.56000         0.47000        0.50000        0.49996
0.57000         0.47000        0.50000        0.50930
0.58000         0.47000        0.50000        0.51877
0.59000         0.47000        0.50000        0.52837
0.60000         0.47000        0.50000        0.53810
0.61000         0.47000        0.50000        0.54795
0.62000         0.47000        0.50000        0.55792
0.63000         0.47000        0.50000        0.56801
0.64000         0.47000        0.50000        0.57822
0.65000         0.47000        0.50000        0.58855
0.66000         0.47000        0.50000        0.59898
0.67000         0.47000        0.50000        0.60953
0.68000         0.47000        0.50000        0.62018
0.69000         0.47000        0.50000        0.63094
0.70000         0.47000        0.50000        0.64180
0.71000         0.47000        0.50000        0.65276
0.72000         0.47000        0.50000        0.66382
0.73000         0.47000        0.50000        0.67496
0.74000         0.47000        0.50000        0.68621
0.75000         0.47000        0.50000        0.69753
0.76000         0.47000        0.50000        0.70895
0.77000         0.47000        0.50000        0.72044
0.78000         0.47000        0.50000        0.73202
0.79000         0.47000        0.50000        0.74367
0.80000         0.47000        0.50000        0.75539
0.81000         0.47000        0.50000        0.76718
0.82000         0.47000        0.50000        0.77904
0.83000         0.47000        0.50000        0.79097
0.84000         0.47000        0.50000        0.80295
0.85000         0.47000        0.50000        0.81499
0.86000         0.47000        0.50000        0.82708
0.87000         0.47000        0.50000        0.83922
0.88000         0.47000        0.50000        0.85141
0.89000         0.47000        0.50000        0.86364
0.90000         0.47000        0.50000        0.87591
0.91000         0.47000        0.50000        0.88822
0.92000         0.47000        0.50000        0.90055
0.93000         0.47000        0.50000        0.91292
0.94000         0.47000        0.50000        0.92531
0.95000         0.47000        0.50000        0.93773
0.96000         0.47000        0.50000        0.95016
0.97000         0.47000        0.50000        0.96261
0.98000         0.47000        0.50000        0.97507
0.99000         0.47000        0.50000        0.98753
1.0000          0.47000        0.50000        1.0000
0.0000          0.48000        0.50000        0.22794
0.010000        0.48000        0.50000        0.22803
0.020000        0.48000        0.50000        0.22830
0.030000        0.48000        0.50000        0.22875
0.040000        0.48000        0.50000        0.22938
0.050000        0.48000        0.50000        0.23020
0.060000        0.48000        0.50000        0.23119
0.070000        0.48000        0.50000        0.23236
0.080000        0.48000        0.50000        0.23372
0.090000        0.48000        0.50000        0.23525
0.10000         0.48000        0.50000        0.23697
0.11000         0.48000        0.50000        0.23886
0.12000         0.48000        0.50000        0.24093
0.13000         0.48000        0.50000        0.24319
0.14000         0.48000        0.50000        0.24562
0.15000         0.48000        0.50000        0.24822
0.16000         0.48000        0.50000        0.25101
0.17000         0.48000        0.50000        0.25398
0.18000         0.48000        0.50000        0.25712
0.19000         0.48000        0.50000        0.26043
0.20000         0.48000        0.50000        0.26393
0.21000         0.48000        0.50000        0.26760
0.22000         0.48000        0.50000        0.27144
0.23000         0.48000        0.50000        0.27546
0.24000         0.48000        0.50000        0.27965
0.25000         0.48000        0.50000        0.28401
0.26000         0.48000        0.50000        0.28855
0.27000         0.48000        0.50000        0.29326
0.28000         0.48000        0.50000        0.29814
0.29000         0.48000        0.50000        0.30319
0.30000         0.48000        0.50000        0.30841
0.31000         0.48000        0.50000        0.31379
0.32000         0.48000        0.50000        0.31935
0.33000         0.48000        0.50000        0.32507
0.34000         0.48000        0.50000        0.33096
0.35000         0.48000        0.50000        0.33701
0.36000         0.48000        0.50000        0.34322
0.37000         0.48000        0.50000        0.34960
0.38000         0.48000        0.50000        0.35614
0.39000         0.48000        0.50000        0.36284
0.40000         0.48000        0.50000        0.36970
0.41000         0.48000        0.50000        0.37671
0.42000         0.48000        0.50000        0.38389
0.43000         0.48000        0.50000        0.39122
0.44000         0.48000        0.50000        0.39870
0.45000         0.48000        0.50000        0.40633
0.46000         0.48000        0.50000        0.41412
0.47000         0.48000        0.50000        0.42206
0.48000         0.48000        0.50000        0.43014
0.49000         0.48000        0.50000        0.43837
0.50000         0.48000        0.50000        0.44675
0.51000         0.48000        0.50000        0.45527
0.52000         0.48000        0.50000        0.46393
0.53000         0.48000        0.50000        0.47273
0.54000         0.48000        0.50000        0.48167
0.55000         0.48000        0.50000        0.49075
0.56000         0.48000        0.50000        0.49996
0.57000         0.48000        0.50000        0.50930
0.58000         0.48000        0.50000        0.51877
0.59000         0.48000        0.50000        0.52837
0.60000         0.48000        0.50000        0.53810
0.61000         0.48000        0.50000        0.54795
0.62000         0.48000        0.50000        0.55792
0.63000         0.48000        0.50000        0.56801
0.64000         0.48000        0.50000        0.57822
0.65000         0.48000        0.50000        0.58855
0.66000         0.48000        0.50000        0.59898
0.67000         0.48000        0.50000        0.60953
0.68000         0.48000        0.50000        0.62018
0.69000         0.48000        0.50000        0.63094
0.70000         0.48000        0.50000        0.64180
0.71000         0.48000        0.50000        0.65276
0.72000         0.48000        0.50000        0.66382
0.73000         0.48000        0.50000        0.67496
0.74000         0.48000        0.50000        0.68621
0.75000         0.48000        0.50000        0.69753
0.76000         0.48000        0.50000        0.70895
0.77000         0.48000        0.50000        0.72044
0.78000         0.48000        0.50000        0.73202
0.79000         0.48000        0.50000        0.74367
0.80000         0.48000        0.50000        0.75539
0.81000         0.48000        0.50000        0.76718
0.82000         0.48000        0.50000        0.77904
0.83000         0.48000        0.50000        0.79097
0.84000         0.48000        0.50000        0.80295
0.85000         0.48000        0.50000        0.81499
0.86000         0.48000        0.50000        0.82708
0.87000         0.48000        0.50000        0.83922
0.88000         0.48000        0.50000        0.85141
0.89000         0.48000        0.50000        0.86364
0.90000         0.48000        0.50000        0.87591
0.91000         0.48000        0.50000        0.88822
0.92000         0.48000        0.50000        0.90055
0.93000         0.48000        0.50000        0.91292
0.94000         0.48000        0.50000        0.92531
0.95000         0.48000        0.50000        0.93773
0.96000         0.48000        0.50000        0.95016
0.97000         0.48000        0.50000        0.96261
0.98000         0.48000        0.50000        0.97507
0.99000         0.48000        0.50000        0.98753
1.0000          0.48000        0.50000        1.0000
0.0000          0.49000        0.50000        0.22794
0.010000        0.49000        0.50000        0.22803
0.020000        0.49000        0.50000        0.22830
0.030000        0.49000        0.50000        0.22875
0.040000        0.49000        0.50000        0.22938
0.050000        0.49000        0.50000        0.23020
0.060000        0.49000        0.50000        0.23119
0.070000        0.49000        0.50000        0.23236
0.080000        0.49000        0.50000        0.23372
0.090000        0.49000        0.50000        0.23525
0.10000         0.49000        0.50000        0.23697
0.11000         0.49000        0.50000        0.23886
0.12000         0.49000        0.50000        0.24093
0.13000         0.49000        0.50000        0.24319
0.14000         0.49000        0.50000        0.24562
0.15000         0.49000        0.50000        0.24822
0.16000         0.49000        0.50000        0.25101
0.17000         0.49000        0.50000        0.25398
0.18000         0.49000        0.50000        0.25712
0.19000         0.49000        0.50000        0.26043
0.20000         0.49000        0.50000        0.26393
0.21000         0.49000        0.50000        0.26760
0.22000         0.49000        0.50000        0.27144
0.23000         0.49000        0.50000        0.27546
0.24000         0.49000        0.50000        0.27965
0.25000         0.49000        0.50000        0.28401
0.26000         0.49000        0.50000        0.28855
0.27000         0.49000        0.50000        0.29326
0.28000         0.49000        0.50000        0.29814
0.29000         0.49000        0.50000        0.30319
0.30000         0.49000        0.50000        0.30841
0.31000         0.49000        0.50000        0.31379
0.32000         0.49000        0.50000        0.31935
0.33000         0.49000        0.50000        0.32507
0.34000         0.49000        0.50000        0.33096
0.35000         0.49000        0.50000        0.33701
0.36000         0.49000        0.50000        0.34322
0.37000         0.49000        0.50000        0.34960
0.38000         0.49000        0.50000        0.35614
0.39000         0.49000        0.50000        0.36284
0.40000         0.49000        0.50000        0.36970
0.41000         0.49000        0.50000        0.37671
0.42000         0.49000        0.50000        0.38389
0.43000         0.49000        0.50000        0.39122
0.44000         0.49000        0.50000        0.39870
0.45000         0.49000        0.50000        0.40633
0.46000         0.49000        0.50000        0.41412
0.47000         0.49000        0.50000        0.42206
0.48000         0.49000        0.50000        0.43014
0.49000         0.49000        0.50000        0.43837
0.50000         0.49000        0.50000        0.44675
0.51000         0.49000        0.50000        0.45527
0.52000         0.49000        0.50000        0.46393
0.53000         0.49000        0.50000        0.47273
0.54000         0.49000        0.50000        0.48167
0.55000         0.49000        0.50000        0.49075
0.56000         0.49000        0.50000        0.49996
0.57000         0.49000        0.50000        0.50930
0.58000         0.49000        0.50000        0.51877
0.59000         0.49000        0.50000        0.52837
0.60000         0.49000        0.50000        0.53810
0.61000         0.49000        0.50000        0.54795
0.62000         0.49000        0.50000        0.55792
0.63000         0.49000        0.50000        0.56801
0.64000         0.49000        0.50000        0.57822
0.65000         0.49000        0.50000        0.58855
0.66000         0.49000        0.50000        0.59898
0.67000         0.49000        0.50000        0.60953
0.68000         0.49000        0.50000        0.62018
0.69000         0.49000        0.50000        0.63094
0.70000         0.49000        0.50000        0.64180
0.71000         0.49000        0.50000        0.65276
0.72000         0.49000        0.50000        0.66382
0.73000         0.49000        0.50000        0.67496
0.74000         0.49000        0.50000        0.68621
0.75000         0.49000        0.50000        0.69753
0.76000         0.49000        0.50000        0.70895
0.77000         0.49000        0.50000        0.72044
0.78000         0.49000        0.50000        0.73202
0.79000         0.49000        0.50000        0.74367
0.80000         0.49000        0.50000        0.75539
0.81000         0.49000        0.50000        0.76718
0.82000         0.49000        0.50000        0.77904
0.83000         0.49000        0.50000        0.79097
0.84000         0.49000        0.50000        0.80295
0.85000         0.49000        0.50000        0.81499
0.86000         0.49000        0.50000        0.82708
0.87000         0.49000        0.50000        0.83922
0.88000         0.49000        0.50000        0.85141
0.89000         0.49000        0.50000        0.86364
0.90000         0.49000        0.50000        0.87591
0.91000         0.49000        0.50000        0.88822
0.92000         0.49000        0.50000        0.90055
0.93000         0.49000        0.50000        0.91292
0.94000         0.49000        0.50000        0.92531
0.95000         0.49000        0.50000        0.93773
0.96000         0.49000        0.50000        0.95016
0.97000         0.49000        0.50000        0.96261
0.98000         0.49000        0.50000        0.97507
0.99000         0.49000        0.50000        0.98753
1.0000          0.49000        0.50000        1.0000
0.0000          0.50000        0.50000        0.22794
0.010000        0.50000        0.50000        0.22803
0.020000        0.50000        0.50000        0.22830
0.030000        0.50000        0.50000        0.22875
0.040000        0.50000        0.50000        0.22938
0.050000        0.50000        0.50000        0.23020
0.060000        0.50000        0.50000        0.23119
0.070000        0.50000        0.50000        0.23236
0.080000        0.50000        0.50000        0.23372
0.090000        0.50000        0.50000        0.23525
0.10000         0.50000        0.50000        0.23697
0.11000         0.50000        0.50000        0.23886
0.12000         0.50000        0.50000        0.24093
0.13000         0.50000        0.50000        0.24319
0.14000         0.50000        0.50000        0.24562
0.15000         0.50000        0.50000        0.24822
0.16000         0.50000        0.50000        0.25101
0.17000         0.50000        0.50000        0.25398
0.18000         0.50000        0.50000        0.25712
0.19000         0.50000        0.50000        0.26043
0.20000         0.50000        0.50000        0.26393
0.21000         0.50000        0.50000        0.26760
0.22000         0.50000        0.50000        0.27144
0.23000         0.50000        0.50000        0.27546
0.24000         0.50000        0.50000        0.27965
0.25000         0.50000        0.50000        0.28401
0.26000         0.50000        0.50000        0.28855
0.27000         0.50000        0.50000        0.29326
0.28000         0.50000        0.50000        0.29814
0.29000         0.50000        0.50000        0.30319
0.30000         0.50000        0.50000        0.30841
0.31000         0.50000        0.50000        0.31379
0.32000         0.50000        0.50000        0.31935
0.33000         0.50000        0.50000        0.32507
0.34000         0.50000        0.50000        0.33096
0.35000         0.50000        0.50000        0.33701
0.36000         0.50000        0.50000        0.34322
0.37000         0.50000        0.50000        0.34960
0.38000         0.50000        0.50000        0.35614
0.39000         0.50000        0.50000        0.36284
0.40000         0.50000        0.50000        0.36970
0.41000         0.50000        0.50000        0.37671
0.42000         0.50000        0.50000        0.38389
0.43000         0.50000        0.50000        0.39122
0.44000         0.50000        0.50000        0.39870
0.45000         0.50000        0.50000        0.40633
0.46000         0.50000        0.50000        0.41412
0.47000         0.50000        0.50000        0.42206
0.48000         0.50000        0.50000        0.43014
0.49000         0.50000        0.50000        0.43837
0.50000         0.50000        0.50000        0.44675
0.51000         0.50000        0.50000        0.45527
0.52000         0.50000        0.50000        0.46393
0.53000         0.50000        0.50000        0.47273
0.54000         0.50000        0.50000        0.48167
0.55000         0.50000        0.50000        0.49075
0.56000         0.50000        0.50000        0.49996
0.57000         0.50000        0.50000        0.50930
0.58000         0.50000        0.50000        0.51877
0.59000         0.50000        0.50000        0.52837
0.60000         0.50000        0.50000        0.53810
0.61000         0.50000        0.50000        0.54795
0.62000         0.50000        0.50000        0.55792
0.63000         0.50000        0.50000        0.56801
0.64000         0.50000        0.50000        0.57822
0.65000         0.50000        0.50000        0.58855
0.66000         0.50000        0.50000        0.59898
0.67000         0.50000        0.50000        0.60953
0.68000         0.50000        0.50000        0.62018
0.69000         0.50000        0.50000        0.63094
0.70000         0.50000        0.50000        0.64180
0.71000         0.50000        0.50000        0.65276
0.72000         0.50000        0.50000        0.66382
0.73000         0.50000        0.50000        0.67496
0.74000         0.50000        0.50000        0.68621
0.75000         0.50000        0.50000        0.69753
0.76000         0.50000        0.50000        0.70895
0.77000         0.50000        0.50000        0.72044
0.78000         0.50000        0.50000        0.73202
0.79000         0.50000        0.50000        0.74367
0.80000         0.50000        0.50000        0.75539
0.81000         0.50000        0.50000        0.76718
0.82000         0.50000        0.50000        0.77904
0.83000         0.50000        0.50000        0.79097
0.84000         0.50000        0.50000        0.80295
0.85000         0.50000        0.50000        0.81499
0.86000         0.50000        0.50000        0.82708
0.87000         0.50000        0.50000        0.83922
0.88000         0.50000        0.50000        0.85141
0.89000         0.50000        0.50000        0.86364
0.90000         0.50000        0.50000        0.87591
0.91000         0.50000        0.50000        0.88822
0.92000         0.50000        0.50000        0.90055
0.93000         0.50000        0.50000        0.91292
0.94000         0.50000        0.50000        0.92531
0.95000         0.50000        0.50000        0.93773
0.96000         0.50000        0.50000        0.95016
0.97000         0.50000        0.50000        0.96261
0.98000         0.50000        0.50000        0.97507
0.99000         0.50000        0.50000        0.98753
1.0000          0.50000        0.50000        1.0000
0.0000          0.51000        0.50000        0.22794
0.010000        0.51000        0.50000        0.22803
0.020000        0.51000        0.50000        0.22830
0.030000        0.51000        0.50000        0.22875
0.040000        0.51000        0.50000        0.22938
0.050000        0.51000        0.50000        0.23020
0.060000        0.51000        0.50000        0.23119
0.070000        0.51000        0.50000        0.23236
0.080000        0.51000        0.50000        0.23372
0.090000        0.51000        0.50000        0.23525
0.10000         0.51000        0.50000        0.23697
0.11000         0.51000        0.50000        0.23886
0.12000         0.51000        0.50000        0.24093
0.13000         0.51000        0.50000        0.24319
0.14000         0.51000        0.50000        0.24562
0.15000         0.51000        0.50000        0.24822
0.16000         0.51000        0.50000        0.25101
0.17000         0.51000        0.50000        0.25398
0.18000         0.51000        0.50000        0.25712
0.19000         0.51000        0.50000        0.26043
0.20000         0.51000        0.50000        0.26393
0.21000         0.51000        0.50000        0.26760
0.22000         0.51000        0.50000        0.27144
0.23000         0.51000        0.50000        0.27546
0.24000         0.51000        0.50000        0.27965
0.25000         0.51000        0.50000        0.28401
0.26000         0.51000        0.50000        0.28855
0.27000         0.51000        0.50000        0.29326
0.28000         0.51000        0.50000        0.29814
0.29000         0.51000        0.50000        0.30319
0.30000         0.51000        0.50000        0.30841
0.31000         0.51000        0.50000        0.31379
0.32000         0.51000        0.50000        0.31935
0.33000         0.51000        0.50000        0.32507
0.34000         0.51000        0.50000        0.33096
0.35000         0.51000        0.50000        0.33701
0.36000         0.51000        0.50000        0.34322
0.37000         0.51000        0.50000        0.34960
0.38000         0.51000        0.50000        0.35614
0.39000         0.51000        0.50000        0.36284
0.40000         0.51000        0.50000        0.36970
0.41000         0.51000        0.50000        0.37671
0.42000         0.51000        0.50000        0.38389
0.43000         0.51000        0.50000        0.39122
0.44000         0.51000        0.50000        0.39870
0.45000         0.51000        0.50000        0.40633
0.46000         0.51000        0.50000        0.41412
0.47000         0.51000        0.50000        0.42206
0.48000         0.51000        0.50000        0.43014
0.49000         0.51000        0.50000        0.43837
0.50000         0.51000        0.50000        0.44675
0.51000         0.51000        0.50000        0.45527
0.52000         0.51000        0.50000        0.46393
0.53000         0.51000        0.50000        0.47273
0.54000         0.51000        0.50000        0.48167
0.55000         0.51000        0.50000        0.49075
0.56000         0.51000        0.50000        0.49996
0.57000         0.51000        0.50000        0.50930
0.58000         0.51000        0.50000        0.51877
0.59000         0.51000        0.50000        0.52837
0.60000         0.51000        0.50000        0.53810
0.61000         0.51000        0.50000        0.54795
0.62000         0.51000        0.50000        0.55792
0.63000         0.51000        0.50000        0.56801
0.64000         0.51000        0.50000        0.57822
0.65000         0.51000        0.50000        0.58855
0.66000         0.51000        0.50000        0.59898
0.67000         0.51000        0.50000        0.60953
0.68000         0.51000        0.50000        0.62018
0.69000         0.51000        0.50000        0.63094
0.70000         0.51000        0.50000        0.64180
0.71000         0.51000        0.50000        0.65276
0.72000         0.51000        0.50000        0.66382
0.73000         0.51000        0.50000        0.67496
0.74000         0.51000        0.50000        0.68621
0.75000         0.51000        0.50000        0.69753
0.76000         0.51000        0.50000        0.70895
0.77000         0.51000        0.50000        0.72044
0.78000         0.51000        0.50000        0.73202
0.79000         0.51000        0.50000        0.74367
0.80000         0.51000        0.50000        0.75539
0.81000         0.51000        0.50000        0.76718
0.82000         0.51000        0.50000        0.77904
0.83000         0.51000        0.50000        0.79097
0.84000         0.51000        0.50000        0.80295
0.85000         0.51000        0.50000        0.81499
0.86000         0.51000        0.50000        0.82708
0.87000         0.51000        0.50000        0.83922
0.88000         0.51000        0.50000        0.85141
0.89000         0.51000        0.50000        0.86364
0.90000         0.51000        0.50000        0.87591
0.91000         0.51000        0.50000        0.88822
0.92000         0.51000        0.50000        0.90055
0.93000         0.51000        0.50000        0.91292
0.94000         0.51000        0.50000        0.92531
0.95000         0.51000        0.50000        0.93773
0.96000         0.51000        0.50000        0.95016
0.97000         0.51000        0.50000        0.96261
0.98000         0.51000        0.50000        0.97507
0.99000         0.51000        0.50000        0.98753
1.0000          0.51000        0.50000        1.0000
0.0000          0.52000        0.50000        0.22794
0.010000        0.52000        0.50000        0.22803
0.020000        0.52000        0.50000        0.22830
0.030000        0.52000        0.50000        0.22875
0.040000        0.52000        0.50000        0.22938
0.050000        0.52000        0.50000        0.23020
0.060000        0.52000        0.50000        0.23119
0.070000        0.52000        0.50000        0.23236
0.080000        0.52000        0.50000        0.23372
0.090000        0.52000        0.50000        0.23525
0.10000         0.52000        0.50000        0.23697
0.11000         0.52000        0.50000        0.23886
0.12000         0.52000        0.50000        0.24093
0.13000         0.52000        0.50000        0.24319
0.14000         0.52000        0.50000        0.24562
0.15000         0.52000        0.50000        0.24822
0.16000         0.52000        0.50000        0.25101
0.17000         0.52000        0.50000        0.25398
0.18000         0.52000        0.50000        0.25712
0.19000         0.52000        0.50000        0.26043
0.20000         0.52000        0.50000        0.26393
0.21000         0.52000        0.50000        0.26760
0.22000         0.52000        0.50000        0.27144
0.23000         0.52000        0.50000        0.27546
0.24000         0.52000        0.50000        0.27965
0.25000         0.52000        0.50000        0.28401
0.26000         0.52000        0.50000        0.28855
0.27000         0.52000        0.50000        0.29326
0.28000         0.52000        0.50000        0.29814
0.29000         0.52000        0.50000        0.30319
0.30000         0.52000        0.50000        0.30841
0.31000         0.52000        0.50000        0.31379
0.32000         0.52000        0.50000        0.31935
0.33000         0.52000        0.50000        0.32507
0.34000         0.52000        0.50000        0.33096
0.35000         0.52000        0.50000        0.33701
0.36000         0.52000        0.50000        0.34322
0.37000         0.52000        0.50000        0.34960
0.38000         0.52000        0.50000        0.35614
0.39000         0.52000        0.50000        0.36284
0.40000         0.52000        0.50000        0.36970
0.41000         0.52000        0.50000        0.37671
0.42000         0.52000        0.50000        0.38389
0.43000         0.52000        0.50000        0.39122
0.44000         0.52000        0.50000        0.39870
0.45000         0.52000        0.50000        0.40633
0.46000         0.52000        0.50000        0.41412
0.47000         0.52000        0.50000        0.42206
0.48000         0.52000        0.50000        0.43014
0.49000         0.52000        0.50000        0.43837
0.50000         0.52000        0.50000        0.44675
0.51000         0.52000        0.50000        0.45527
0.52000         0.52000        0.50000        0.46393
0.53000         0.52000        0.50000        0.47273
0.54000         0.52000        0.50000        0.48167
0.55000         0.52000        0.50000        0.49075
0.56000         0.52000        0.50000        0.49996
0.57000         0.52000        0.50000        0.50930
0.58000         0.52000        0.50000        0.51877
0.59000         0.52000        0.50000        0.52837
0.60000         0.52000        0.50000        0.53810
0.61000         0.52000        0.50000        0.54795
0.62000         0.52000        0.50000        0.55792
0.63000         0.52000        0.50000        0.56801
0.64000         0.52000        0.50000        0.57822
0.65000         0.52000        0.50000        0.58855
0.66000         0.52000        0.50000        0.59898
0.67000         0.52000        0.50000        0.60953
0.68000         0.52000        0.50000        0.62018
0.69000         0.52000        0.50000        0.63094
0.70000         0.52000        0.50000        0.64180
0.71000         0.52000        0.50000        0.65276
0.72000         0.52000        0.50000        0.66382
0.73000         0.52000        0.50000        0.67496
0.74000         0.52000        0.50000        0.68621
0.75000         0.52000        0.50000        0.69753
0.76000         0.52000        0.50000        0.70895
0.77000         0.52000        0.50000        0.72044
0.78000         0.52000        0.50000        0.73202
0.79000         0.52000        0.50000        0.74367
0.80000         0.52000        0.50000        0.75539
0.81000         0.52000        0.50000        0.76718
0.82000         0.52000        0.50000        0.77904
0.83000         0.52000        0.50000        0.79097
0.84000         0.52000        0.50000        0.80295
0.85000         0.52000        0.50000        0.81499
0.86000         0.52000        0.50000        0.82708
0.87000         0.52000        0.50000        0.83922
0.88000         0.52000        0.50000        0.85141
0.89000         0.52000        0.50000        0.86364
0.90000         0.52000        0.50000        0.87591
0.91000         0.52000        0.50000        0.88822
0.92000         0.52000        0.50000        0.90055
0.93000         0.52000        0.50000        0.91292
0.94000         0.52000        0.50000        0.92531
0.95000         0.52000        0.50000        0.93773
0.96000         0.52000        0.50000        0.95016
0.97000         0.52000        0.50000        0.96261
0.98000         0.52000        0.50000        0.97507
0.99000         0.52000        0.50000        0.98753
1.0000          0.52000        0.50000        1.0000
0.0000          0.53000        0.50000        0.22794
0.010000        0.53000        0.50000        0.22803
0.020000        0.53000        0.50000        0.22830
0.030000        0.53000        0.50000        0.22875
0.040000        0.53000        0.50000        0.22938
0.050000        0.53000        0.50000        0.23020
0.060000        0.53000        0.50000        0.23119
0.070000        0.53000        0.50000        0.23236
0.080000        0.53000        0.50000        0.23372
0.090000        0.53000        0.50000        0.23525
0.10000         0.53000        0.50000        0.23697
0.11000         0.53000        0.50000        0.23886
0.12000         0.53000        0.50000        0.24093
0.13000         0.53000        0.50000        0.24319
0.14000         0.53000        0.50000        0.24562
0.15000         0.53000        0.50000        0.24822
0.16000         0.53000        0.50000        0.25101
0.17000         0.53000        0.50000        0.25398
0.18000         0.53000        0.50000        0.25712
0.19000         0.53000        0.50000        0.26043
0.20000         0.53000        0.50000        0.26393
0.21000         0.53000        0.50000        0.26760
0.22000         0.53000        0.50000        0.27144
0.23000         0.53000        0.50000        0.27546
0.24000         0.53000        0.50000        0.27965
0.25000         0.53000        0.50000        0.28401
0.26000         0.53000        0.50000        0.28855
0.27000         0.53000        0.50000        0.29326
0.28000         0.53000        0.50000        0.29814
0.29000         0.53000        0.50000        0.30319
0.30000         0.53000        0.50000        0.30841
0.31000         0.53000        0.50000        0.31379
0.32000         0.53000        0.50000        0.31935
0.33000         0.53000        0.50000        0.32507
0.34000         0.53000        0.50000        0.33096
0.35000         0.53000        0.50000        0.33701
0.36000         0.53000        0.50000        0.34322
0.37000         0.53000        0.50000        0.34960
0.38000         0.53000        0.50000        0.35614
0.39000         0.53000        0.50000        0.36284
0.40000         0.53000        0.50000        0.36970
0.41000         0.53000        0.50000        0.37671
0.42000         0.53000        0.50000        0.38389
0.43000         0.53000        0.50000        0.39122
0.44000         0.53000        0.50000        0.39870
0.45000         0.53000        0.50000        0.40633
0.46000         0.53000        0.50000        0.41412
0.47000         0.53000        0.50000        0.42206
0.48000         0.53000        0.50000        0.43014
0.49000         0.53000        0.50000        0.43837
0.50000         0.53000        0.50000        0.44675
0.51000         0.53000        0.50000        0.45527
0.52000         0.53000        0.50000        0.46393
0.53000         0.53000        0.50000        0.47273
0.54000         0.53000        0.50000        0.48167
0.55000         0.53000        0.50000        0.49075
0.56000         0.53000        0.50000        0.49996
0.57000         0.53000        0.50000        0.50930
0.58000         0.53000        0.50000        0.51877
0.59000         0.53000        0.50000        0.52837
0.60000         0.53000        0.50000        0.53810
0.61000         0.53000        0.50000        0.54795
0.62000         0.53000        0.50000        0.55792
0.63000         0.53000        0.50000        0.56801
0.64000         0.53000        0.50000        0.57822
0.65000         0.53000        0.50000        0.58855
0.66000         0.53000        0.50000        0.59898
0.67000         0.53000        0.50000        0.60953
0.68000         0.53000        0.50000        0.62018
0.69000         0.53000        0.50000        0.63094
0.70000         0.53000        0.50000        0.64180
0.71000         0.53000        0.50000        0.65276
0.72000         0.53000        0.50000        0.66382
0.73000         0.53000        0.50000        0.67496
0.74000         0.53000        0.50000        0.68621
0.75000         0.53000        0.50000        0.69753
0.76000         0.53000        0.50000        0.70895
0.77000         0.53000        0.50000        0.72044
0.78000         0.53000        0.50000        0.73202
0.79000         0.53000        0.50000        0.74367
0.80000         0.53000        0.50000        0.75539
0.81000         0.53000        0.50000        0.76718
0.82000         0.53000        0.50000        0.77904
0.83000         0.53000        0.50000        0.79097
0.84000         0.53000        0.50000        0.80295
0.85000         0.53000        0.50000        0.81499
0.86000         0.53000        0.50000        0.82708
0.87000         0.53000        0.50000        0.83922
0.88000         0.53000        0.50000        0.85141
0.89000         0.53000        0.50000        0.86364
0.90000         0.53000        0.50000        0.87591
0.91000         0.53000        0.50000        0.88822
0.92000         0.53000        0.50000        0.90055
0.93000         0.53000        0.50000        0.91292
0.94000         0.53000        0.50000        0.92531
0.95000         0.53000        0.50000        0.93773
0.96000         0.53000        0.50000        0.95016
0.97000         0.53000        0.50000        0.96261
0.98000         0.53000        0.50000        0.97507
0.99000         0.53000        0.50000        0.98753
1.0000          0.53000        0.50000        1.0000
0.0000          0.54000        0.50000        0.22794
0.010000        0.54000        0.50000        0.22803
0.020000        0.54000        0.50000        0.22830
0.030000        0.54000        0.50000        0.22875
0.040000        0.54000        0.50000        0.22938
0.050000        0.54000        0.50000        0.23020
0.060000        0.54000        0.50000        0.23119
0.070000        0.54000        0.50000        0.23236
0.080000        0.54000        0.50000        0.23372
0.090000        0.54000        0.50000        0.23525
0.10000         0.54000        0.50000        0.23697
0.11000         0.54000        0.50000        0.23886
0.12000         0.54000        0.50000        0.24093
0.13000         0.54000        0.50000        0.24319
0.14000         0.54000        0.50000        0.24562
0.15000         0.54000        0.50000        0.24822
0.16000         0.54000        0.50000        0.25101
0.17000         0.54000        0.50000        0.25398
0.18000         0.54000        0.50000        0.25712
0.19000         0.54000        0.50000        0.26043
0.20000         0.54000        0.50000        0.26393
0.21000         0.54000        0.50000        0.26760
0.22000         0.54000        0.50000        0.27144
0.23000         0.54000        0.50000        0.27546
0.24000         0.54000        0.50000        0.27965
0.25000         0.54000        0.50000        0.28401
0.26000         0.54000        0.50000        0.28855
0.27000         0.54000        0.50000        0.29326
0.28000         0.54000        0.50000        0.29814
0.29000         0.54000        0.50000        0.30319
0.30000         0.54000        0.50000        0.30841
0.31000         0.54000        0.50000        0.31379
0.32000         0.54000        0.50000        0.31935
0.33000         0.54000        0.50000        0.32507
0.34000         0.54000        0.50000        0.33096
0.35000         0.54000        0.50000        0.33701
0.36000         0.54000        0.50000        0.34322
0.37000         0.54000        0.50000        0.34960
0.38000         0.54000        0.50000        0.35614
0.39000         0.54000        0.50000        0.36284
0.40000         0.54000        0.50000        0.36970
0.41000         0.54000        0.50000        0.37671
0.42000         0.54000        0.50000        0.38389
0.43000         0.54000        0.50000        0.39122
0.44000         0.54000        0.50000        0.39870
0.45000         0.54000        0.50000        0.40633
0.46000         0.54000        0.50000        0.41412
0.47000         0.54000        0.50000        0.42206
0.48000         0.54000        0.50000        0.43014
0.49000         0.54000        0.50000        0.43837
0.50000         0.54000        0.50000        0.44675
0.51000         0.54000        0.50000        0.45527
0.52000         0.54000        0.50000        0.46393
0.53000         0.54000        0.50000        0.47273
0.54000         0.54000        0.50000        0.48167
0.55000         0.54000        0.50000        0.49075
0.56000         0.54000        0.50000        0.49996
0.57000         0.54000        0.50000        0.50930
0.58000         0.54000        0.50000        0.51877
0.59000         0.54000        0.50000        0.52837
0.60000         0.54000        0.50000        0.53810
0.61000         0.54000        0.50000        0.54795
0.62000         0.54000        0.50000        0.55792
0.63000         0.54000        0.50000        0.56801
0.64000         0.54000        0.50000        0.57822
0.65000         0.54000        0.50000        0.58855
0.66000         0.54000        0.50000        0.59898
0.67000         0.54000        0.50000        0.60953
0.68000         0.54000        0.50000        0.62018
0.69000         0.54000        0.50000        0.63094
0.70000         0.54000        0.50000        0.64180
0.71000         0.54000        0.50000        0.65276
0.72000         0.54000        0.50000        0.66382
0.73000         0.54000        0.50000        0.67496
0.74000         0.54000        0.50000        0.68621
0.75000         0.54000        0.50000        0.69753
0.76000         0.54000        0.50000        0.70895
0.77000         0.54000        0.50000        0.72044
0.78000         0.54000        0.50000        0.73202
0.79000         0.54000        0.50000        0.74367
0.80000         0.54000        0.50000        0.75539
0.81000         0.54000        0.50000        0.76718
0.82000         0.54000        0.50000        0.77904
0.83000         0.54000        0.50000        0.79097
0.84000         0.54000        0.50000        0.80295
0.85000         0.54000        0.50000        0.81499
0.86000         0.54000        0.50000        0.82708
0.87000         0.54000        0.50000        0.83922
0.88000         0.54000        0.50000        0.85141
0.89000         0.54000        0.50000        0.86364
0.90000         0.54000        0.50000        0.87591
0.91000         0.54000        0.50000        0.88822
0.92000         0.54000        0.50000        0.90055
0.93000         0.54000        0.50000        0.91292
0.94000         0.54000        0.50000        0.92531
0.95000         0.54000        0.50000        0.93773
0.96000         0.54000        0.50000        0.95016
0.97000         0.54000        0.50000        0.96261
0.98000         0.54000        0.50000        0.97507
0.99000         0.54000        0.50000        0.98753
1.0000          0.54000        0.50000        1.0000
0.0000          0.55000        0.50000        0.22794
0.010000        0.55000        0.50000        0.22803
0.020000        0.55000        0.50000        0.22830
0.030000        0.55000        0.50000        0.22875
0.040000        0.55000        0.50000        0.22938
0.050000        0.55000        0.50000        0.23020
0.060000        0.55000        0.50000        0.23119
0.070000        0.55000        0.50000        0.23236
0.080000        0.55000        0.50000        0.23372
0.090000        0.55000        0.50000        0.23525
0.10000         0.55000        0.50000        0.23697
0.11000         0.55000        0.50000        0.23886
0.12000         0.55000        0.50000        0.24093
0.13000         0.55000        0.50000        0.24319
0.14000         0.55000        0.50000        0.24562
0.15000         0.55000        0.50000        0.24822
0.16000         0.55000        0.50000        0.25101
0.17000         0.55000        0.50000        0.25398
0.18000         0.55000        0.50000        0.25712
0.19000         0.55000        0.50000        0.26043
0.20000         0.55000        0.50000        0.26393
0.21000         0.55000        0.50000        0.26760
0.22000         0.55000        0.50000        0.27144
0.23000         0.55000        0.50000        0.27546
0.24000         0.55000        0.50000        0.27965
0.25000         0.55000        0.50000        0.28401
0.26000         0.55000        0.50000        0.28855
0.27000         0.55000        0.50000        0.29326
0.28000         0.55000        0.50000        0.29814
0.29000         0.55000        0.50000        0.30319
0.30000         0.55000        0.50000        0.30841
0.31000         0.55000        0.50000        0.31379
0.32000         0.55000        0.50000        0.31935
0.33000         0.55000        0.50000        0.32507
0.34000         0.55000        0.50000        0.33096
0.35000         0.55000        0.50000        0.33701
0.36000         0.55000        0.50000        0.34322
0.37000         0.55000        0.50000        0.34960
0.38000         0.55000        0.50000        0.35614
0.39000         0.55000        0.50000        0.36284
0.40000         0.55000        0.50000        0.36970
0.41000         0.55000        0.50000        0.37671
0.42000         0.55000        0.50000        0.38389
0.43000         0.55000        0.50000        0.39122
0.44000         0.55000        0.50000        0.39870
0.45000         0.55000        0.50000        0.40633
0.46000         0.55000        0.50000        0.41412
0.47000         0.55000        0.50000        0.42206
0.48000         0.55000        0.50000        0.43014
0.49000         0.55000        0.50000        0.43837
0.50000         0.55000        0.50000        0.44675
0.51000         0.55000        0.50000        0.45527
0.52000         0.55000        0.50000        0.46393
0.53000         0.55000        0.50000        0.47273
0.54000         0.55000        0.50000        0.48167
0.55000         0.55000        0.50000        0.49075
0.56000         0.55000        0.50000        0.49996
0.57000         0.55000        0.50000        0.50930
0.58000         0.55000        0.50000        0.51877
0.59000         0.55000        0.50000        0.52837
0.60000         0.55000        0.50000        0.53810
0.61000         0.55000        0.50000        0.54795
0.62000         0.55000        0.50000        0.55792
0.63000         0.55000        0.50000        0.56801
0.64000         0.55000        0.50000        0.57822
0.65000         0.55000        0.50000        0.58855
0.66000         0.55000        0.50000        0.59898
0.67000         0.55000        0.50000        0.60953
0.68000         0.55000        0.50000        0.62018
0.69000         0.55000        0.50000        0.63094
0.70000         0.55000        0.50000        0.64180
0.71000         0.55000        0.50000        0.65276
0.72000         0.55000        0.50000        0.66382
0.73000         0.55000        0.50000        0.67496
0.74000         0.55000        0.50000        0.68621
0.75000         0.55000        0.50000        0.69753
0.76000         0.55000        0.50000        0.70895
0.77000         0.55000        0.50000        0.72044
0.78000         0.55000        0.50000        0.73202
0.79000         0.55000        0.50000        0.74367
0.80000         0.55000        0.50000        0.75539
0.81000         0.55000        0.50000        0.76718
0.82000         0.55000        0.50000        0.77904
0.83000         0.55000        0.50000        0.79097
0.84000         0.55000        0.50000        0.80295
0.85000         0.55000        0.50000        0.81499
0.86000         0.55000        0.50000        0.82708
0.87000         0.55000        0.50000        0.83922
0.88000         0.55000        0.50000        0.85141
0.89000         0.55000        0.50000        0.86364
0.90000         0.55000        0.50000        0.87591
0.91000         0.55000        0.50000        0.88822
0.92000         0.55000        0.50000        0.90055
0.93000         0.55000        0.50000        0.91292
0.94000         0.55000        0.50000        0.92531
0.95000         0.55000        0.50000        0.93773
0.96000         0.55000        0.50000        0.95016
0.97000         0.55000        0.50000        0.96261
0.98000         0.55000        0.50000        0.97507
0.99000         0.55000        0.50000        0.98753
1.0000          0.55000        0.50000        1.0000
0.0000          0.56000        0.50000        0.22794
0.010000        0.56000        0.50000        0.22803
0.020000        0.56000        0.50000        0.22830
0.030000        0.56000        0.50000        0.22875
0.040000        0.56000        0.50000        0.22938
0.050000        0.56000        0.50000        0.23020
0.060000        0.56000        0.50000        0.23119
0.070000        0.56000        0.50000        0.23236
0.080000        0.56000        0.50000        0.23372
0.090000        0.56000        0.50000        0.23525
0.10000         0.56000        0.50000        0.23697
0.11000         0.56000        0.50000        0.23886
0.12000         0.56000        0.50000        0.24093
0.13000         0.56000        0.50000        0.24319
0.14000         0.56000        0.50000        0.24562
0.15000         0.56000        0.50000        0.24822
0.16000         0.56000        0.50000        0.25101
0.17000         0.56000        0.50000        0.25398
0.18000         0.56000        0.50000        0.25712
0.19000         0.56000        0.50000        0.26043
0.20000         0.56000        0.50000        0.26393
0.21000         0.56000        0.50000        0.26760
0.22000         0.56000        0.50000        0.27144
0.23000         0.56000        0.50000        0.27546
0.24000         0.56000        0.50000        0.27965
0.25000         0.56000        0.50000        0.28401
0.26000         0.56000        0.50000        0.28855
0.27000         0.56000        0.50000        0.29326
0.28000         0.56000        0.50000        0.29814
0.29000         0.56000        0.50000        0.30319
0.30000         0.56000        0.50000        0.30841
0.31000         0.56000        0.50000        0.31379
0.32000         0.56000        0.50000        0.31935
0.33000         0.56000        0.50000        0.32507
0.34000         0.56000        0.50000        0.33096
0.35000         0.56000        0.50000        0.33701
0.36000         0.56000        0.50000        0.34322
0.37000         0.56000        0.50000        0.34960
0.38000         0.56000        0.50000        0.35614
0.39000         0.56000        0.50000        0.36284
0.40000         0.56000        0.50000        0.36970
0.41000         0.56000        0.50000        0.37671
0.42000         0.56000        0.50000        0.38389
0.43000         0.56000        0.50000        0.39122
0.44000         0.56000        0.50000        0.39870
0.45000         0.56000        0.50000        0.40633
0.46000         0.56000        0.50000        0.41412
0.47000         0.56000        0.50000        0.42206
0.48000         0.56000        0.50000        0.43014
0.49000         0.56000        0.50000        0.43837
0.50000         0.56000        0.50000        0.44675
0.51000         0.56000        0.50000        0.45527
0.52000         0.56000        0.50000        0.46393
0.53000         0.56000        0.50000        0.47273
0.54000         0.56000        0.50000        0.48167
0.55000         0.56000        0.50000        0.49075
0.56000         0.56000        0.50000        0.49996
0.57000         0.56000        0.50000        0.50930
0.58000         0.56000        0.50000        0.51877
0.59000         0.56000        0.50000        0.52837
0.60000         0.56000        0.50000        0.53810
0.61000         0.56000        0.50000        0.54795
0.62000         0.56000        0.50000        0.55792
0.63000         0.56000        0.50000        0.56801
0.64000         0.56000        0.50000        0.57822
0.65000         0.56000        0.50000        0.58855
0.66000         0.56000        0.50000        0.59898
0.67000         0.56000        0.50000        0.60953
0.68000         0.56000        0.50000        0.62018
0.69000         0.56000        0.50000        0.63094
0.70000         0.56000        0.50000        0.64180
0.71000         0.56000        0.50000        0.65276
0.72000         0.56000        0.50000        0.66382
0.73000         0.56000        0.50000        0.67496
0.74000         0.56000        0.50000        0.68621
0.75000         0.56000        0.50000        0.69753
0.76000         0.56000        0.50000        0.70895
0.77000         0.56000        0.50000        0.72044
0.78000         0.56000        0.50000        0.73202
0.79000         0.56000        0.50000        0.74367
0.80000         0.56000        0.50000        0.75539
0.81000         0.56000        0.50000        0.76718
0.82000         0.56000        0.50000        0.77904
0.83000         0.56000        0.50000        0.79097
0.84000         0.56000        0.50000        0.80295
0.85000         0.56000        0.50000        0.81499
0.86000         0.56000        0.50000        0.82708
0.87000         0.56000        0.50000        0.83922
0.88000         0.56000        0.50000        0.85141
0.89000         0.56000        0.50000        0.86364
0.90000         0.56000        0.50000        0.87591
0.91000         0.56000        0.50000        0.88822
0.92000         0.56000        0.50000        0.90055
0.93000         0.56000        0.50000        0.91292
0.94000         0.56000        0.50000        0.92531
0.95000         0.56000        0.50000        0.93773
0.96000         0.56000        0.50000        0.95016
0.97000         0.56000        0.50000        0.96261
0.98000         0.56000        0.50000        0.97507
0.99000         0.56000        0.50000        0.98753
1.0000          0.56000        0.50000        1.0000
0.0000          0.57000        0.50000        0.22794
0.010000        0.57000        0.50000        0.22803
0.020000        0.57000        0.50000        0.22830
0.030000        0.57000        0.50000        0.22875
0.040000        0.57000        0.50000        0.22938
0.050000        0.57000        0.50000        0.23020
0.060000        0.57000        0.50000        0.23119
0.070000        0.57000        0.50000        0.23236
0.080000        0.57000        0.50000        0.23372
0.090000        0.57000        0.50000        0.23525
0.10000         0.57000        0.50000        0.23697
0.11000         0.57000        0.50000        0.23886
0.12000         0.57000        0.50000        0.24093
0.13000         0.57000        0.50000        0.24319
0.14000         0.57000        0.50000        0.24562
0.15000         0.57000        0.50000        0.24822
0.16000         0.57000        0.50000        0.25101
0.17000         0.57000        0.50000        0.25398
0.18000         0.57000        0.50000        0.25712
0.19000         0.57000        0.50000        0.26043
0.20000         0.57000        0.50000        0.26393
0.21000         0.57000        0.50000        0.26760
0.22000         0.57000        0.50000        0.27144
0.23000         0.57000        0.50000        0.27546
0.24000         0.57000        0.50000        0.27965
0.25000         0.57000        0.50000        0.28401
0.26000         0.57000        0.50000        0.28855
0.27000         0.57000        0.50000        0.29326
0.28000         0.57000        0.50000        0.29814
0.29000         0.57000        0.50000        0.30319
0.30000         0.57000        0.50000        0.30841
0.31000         0.57000        0.50000        0.31379
0.32000         0.57000        0.50000        0.31935
0.33000         0.57000        0.50000        0.32507
0.34000         0.57000        0.50000        0.33096
0.35000         0.57000        0.50000        0.33701
0.36000         0.57000        0.50000        0.34322
0.37000         0.57000        0.50000        0.34960
0.38000         0.57000        0.50000        0.35614
0.39000         0.57000        0.50000        0.36284
0.40000         0.57000        0.50000        0.36970
0.41000         0.57000        0.50000        0.37671
0.42000         0.57000        0.50000        0.38389
0.43000         0.57000        0.50000        0.39122
0.44000         0.57000        0.50000        0.39870
0.45000         0.57000        0.50000        0.40633
0.46000         0.57000        0.50000        0.41412
0.47000         0.57000        0.50000        0.42206
0.48000         0.57000        0.50000        0.43014
0.49000         0.57000        0.50000        0.43837
0.50000         0.57000        0.50000        0.44675
0.51000         0.57000        0.50000        0.45527
0.52000         0.57000        0.50000        0.46393
0.53000         0.57000        0.50000        0.47273
0.54000         0.57000        0.50000        0.48167
0.55000         0.57000        0.50000        0.49075
0.56000         0.57000        0.50000        0.49996
0.57000         0.57000        0.50000        0.50930
0.58000         0.57000        0.50000        0.51877
0.59000         0.57000        0.50000        0.52837
0.60000         0.57000        0.50000        0.53810
0.61000         0.57000        0.50000        0.54795
0.62000         0.57000        0.50000        0.55792
0.63000         0.57000        0.50000        0.56801
0.64000         0.57000        0.50000        0.57822
0.65000         0.57000        0.50000        0.58855
0.66000         0.57000        0.50000        0.59898
0.67000         0.57000        0.50000        0.60953
0.68000         0.57000        0.50000        0.62018
0.69000         0.57000        0.50000        0.63094
0.70000         0.57000        0.50000        0.64180
0.71000         0.57000        0.50000        0.65276
0.72000         0.57000        0.50000        0.66382
0.73000         0.57000        0.50000        0.67496
0.74000         0.57000        0.50000        0.68621
0.75000         0.57000        0.50000        0.69753
0.76000         0.57000        0.50000        0.70895
0.77000         0.57000        0.50000        0.72044
0.78000         0.57000        0.50000        0.73202
0.79000         0.57000        0.50000        0.74367
0.80000         0.57000        0.50000        0.75539
0.81000         0.57000        0.50000        0.76718
0.82000         0.57000        0.50000        0.77904
0.83000         0.57000        0.50000        0.79097
0.84000         0.57000        0.50000        0.80295
0.85000         0.57000        0.50000        0.81499
0.86000         0.57000        0.50000        0.82708
0.87000         0.57000        0.50000        0.83922
0.88000         0.57000        0.50000        0.85141
0.89000         0.57000        0.50000        0.86364
0.90000         0.57000        0.50000        0.87591
0.91000         0.57000        0.50000        0.88822
0.92000         0.57000        0.50000        0.90055
0.93000         0.57000        0.50000        0.91292
0.94000         0.57000        0.50000        0.92531
0.95000         0.57000        0.50000        0.93773
0.96000         0.57000        0.50000        0.95016
0.97000         0.57000        0.50000        0.96261
0.98000         0.57000        0.50000        0.97507
0.99000         0.57000        0.50000        0.98753
1.0000          0.57000        0.50000        1.0000
0.0000          0.58000        0.50000        0.22794
0.010000        0.58000        0.50000        0.22803
0.020000        0.58000        0.50000        0.22830
0.030000        0.58000        0.50000        0.22875
0.040000        0.58000        0.50000        0.22938
0.050000        0.58000        0.50000        0.23020
0.060000        0.58000        0.50000        0.23119
0.070000        0.58000        0.50000        0.23236
0.080000        0.58000        0.50000        0.23372
0.090000        0.58000        0.50000        0.23525
0.10000         0.58000        0.50000        0.23697
0.11000         0.58000        0.50000        0.23886
0.12000         0.58000        0.50000        0.24093
0.13000         0.58000        0.50000        0.24319
0.14000         0.58000        0.50000        0.24562
0.15000         0.58000        0.50000        0.24822
0.16000         0.58000        0.50000        0.25101
0.17000         0.58000        0.50000        0.25398
0.18000         0.58000        0.50000        0.25712
0.19000         0.58000        0.50000        0.26043
0.20000         0.58000        0.50000        0.26393
0.21000         0.58000        0.50000        0.26760
0.22000         0.58000        0.50000        0.27144
0.23000         0.58000        0.50000        0.27546
0.24000         0.58000        0.50000        0.27965
0.25000         0.58000        0.50000        0.28401
0.26000         0.58000        0.50000        0.28855
0.27000         0.58000        0.50000        0.29326
0.28000         0.58000        0.50000        0.29814
0.29000         0.58000        0.50000        0.30319
0.30000         0.58000        0.50000        0.30841
0.31000         0.58000        0.50000        0.31379
0.32000         0.58000        0.50000        0.31935
0.33000         0.58000        0.50000        0.32507
0.34000         0.58000        0.50000        0.33096
0.35000         0.58000        0.50000        0.33701
0.36000         0.58000        0.50000        0.34322
0.37000         0.58000        0.50000        0.34960
0.38000         0.58000        0.50000        0.35614
0.39000         0.58000        0.50000        0.36284
0.40000         0.58000        0.50000        0.36970
0.41000         0.58000        0.50000        0.37671
0.42000         0.58000        0.50000        0.38389
0.43000         0.58000        0.50000        0.39122
0.44000         0.58000        0.50000        0.39870
0.45000         0.58000        0.50000        0.40633
0.46000         0.58000        0.50000        0.41412
0.47000         0.58000        0.50000        0.42206
0.48000         0.58000        0.50000        0.43014
0.49000         0.58000        0.50000        0.43837
0.50000         0.58000        0.50000        0.44675
0.51000         0.58000        0.50000        0.45527
0.52000         0.58000        0.50000        0.46393
0.53000         0.58000        0.50000        0.47273
0.54000         0.58000        0.50000        0.48167
0.55000         0.58000        0.50000        0.49075
0.56000         0.58000        0.50000        0.49996
0.57000         0.58000        0.50000        0.50930
0.58000         0.58000        0.50000        0.51877
0.59000         0.58000        0.50000        0.52837
0.60000         0.58000        0.50000        0.53810
0.61000         0.58000        0.50000        0.54795
0.62000         0.58000        0.50000        0.55792
0.63000         0.58000        0.50000        0.56801
0.64000         0.58000        0.50000        0.57822
0.65000         0.58000        0.50000        0.58855
0.66000         0.58000        0.50000        0.59898
0.67000         0.58000        0.50000        0.60953
0.68000         0.58000        0.50000        0.62018
0.69000         0.58000        0.50000        0.63094
0.70000         0.58000        0.50000        0.64180
0.71000         0.58000        0.50000        0.65276
0.72000         0.58000        0.50000        0.66382
0.73000         0.58000        0.50000        0.67496
0.74000         0.58000        0.50000        0.68621
0.75000         0.58000        0.50000        0.69753
0.76000         0.58000        0.50000        0.70895
0.77000         0.58000        0.50000        0.72044
0.78000         0.58000        0.50000        0.73202
0.79000         0.58000        0.50000        0.74367
0.80000         0.58000        0.50000        0.75539
0.81000         0.58000        0.50000        0.76718
0.82000         0.58000        0.50000        0.77904
0.83000         0.58000        0.50000        0.79097
0.84000         0.58000        0.50000        0.80295
0.85000         0.58000        0.50000        0.81499
0.86000         0.58000        0.50000        0.82708
0.87000         0.58000        0.50000        0.83922
0.88000         0.58000        0.50000        0.85141
0.89000         0.58000        0.50000        0.86364
0.90000         0.58000        0.50000        0.87591
0.91000         0.58000        0.50000        0.88822
0.92000         0.58000        0.50000        0.90055
0.93000         0.58000        0.50000        0.91292
0.94000         0.58000        0.50000        0.92531
0.95000         0.58000        0.50000        0.93773
0.96000         0.58000        0.50000        0.95016
0.97000         0.58000        0.50000        0.96261
0.98000         0.58000        0.50000        0.97507
0.99000         0.58000        0.50000        0.98753
1.0000          0.58000        0.50000        1.0000
0.0000          0.59000        0.50000        0.22794
0.010000        0.59000        0.50000        0.22803
0.020000        0.59000        0.50000        0.22830
0.030000        0.59000        0.50000        0.22875
0.040000        0.59000        0.50000        0.22938
0.050000        0.59000        0.50000        0.23020
0.060000        0.59000        0.50000        0.23119
0.070000        0.59000        0.50000        0.23236
0.080000        0.59000        0.50000        0.23372
0.090000        0.59000        0.50000        0.23525
0.10000         0.59000        0.50000        0.23697
0.11000         0.59000        0.50000        0.23886
0.12000         0.59000        0.50000        0.24093
0.13000         0.59000        0.50000        0.24319
0.14000         0.59000        0.50000        0.24562
0.15000         0.59000        0.50000        0.24822
0.16000         0.59000        0.50000        0.25101
0.17000         0.59000        0.50000        0.25398
0.18000         0.59000        0.50000        0.25712
0.19000         0.59000        0.50000        0.26043
0.20000         0.59000        0.50000        0.26393
0.21000         0.59000        0.50000        0.26760
0.22000         0.59000        0.50000        0.27144
0.23000         0.59000        0.50000        0.27546
0.24000         0.59000        0.50000        0.27965
0.25000         0.59000        0.50000        0.28401
0.26000         0.59000        0.50000        0.28855
0.27000         0.59000        0.50000        0.29326
0.28000         0.59000        0.50000        0.29814
0.29000         0.59000        0.50000        0.30319
0.30000         0.59000        0.50000        0.30841
0.31000         0.59000        0.50000        0.31379
0.32000         0.59000        0.50000        0.31935
0.33000         0.59000        0.50000        0.32507
0.34000         0.59000        0.50000        0.33096
0.35000         0.59000        0.50000        0.33701
0.36000         0.59000        0.50000        0.34322
0.37000         0.59000        0.50000        0.34960
0.38000         0.59000        0.50000        0.35614
0.39000         0.59000        0.50000        0.36284
0.40000         0.59000        0.50000        0.36970
0.41000         0.59000        0.50000        0.37671
0.42000         0.59000        0.50000        0.38389
0.43000         0.59000        0.50000        0.39122
0.44000         0.59000        0.50000        0.39870
0.45000         0.59000        0.50000        0.40633
0.46000         0.59000        0.50000        0.41412
0.47000         0.59000        0.50000        0.42206
0.48000         0.59000        0.50000        0.43014
0.49000         0.59000        0.50000        0.43837
0.50000         0.59000        0.50000        0.44675
0.51000         0.59000        0.50000        0.45527
0.52000         0.59000        0.50000        0.46393
0.53000         0.59000        0.50000        0.47273
0.54000         0.59000        0.50000        0.48167
0.55000         0.59000        0.50000        0.49075
0.56000         0.59000        0.50000        0.49996
0.57000         0.59000        0.50000        0.50930
0.58000         0.59000        0.50000        0.51877
0.59000         0.59000        0.50000        0.52837
0.60000         0.59000        0.50000        0.53810
0.61000         0.59000        0.50000        0.54795
0.62000         0.59000        0.50000        0.55792
0.63000         0.59000        0.50000        0.56801
0.64000         0.59000        0.50000        0.57822
0.65000         0.59000        0.50000        0.58855
0.66000         0.59000        0.50000        0.59898
0.67000         0.59000        0.50000        0.60953
0.68000         0.59000        0.50000        0.62018
0.69000         0.59000        0.50000        0.63094
0.70000         0.59000        0.50000        0.64180
0.71000         0.59000        0.50000        0.65276
0.72000         0.59000        0.50000        0.66382
0.73000         0.59000        0.50000        0.67496
0.74000         0.59000        0.50000        0.68621
0.75000         0.59000        0.50000        0.69753
0.76000         0.59000        0.50000        0.70895
0.77000         0.59000        0.50000        0.72044
0.78000         0.59000        0.50000        0.73202
0.79000         0.59000        0.50000        0.74367
0.80000         0.59000        0.50000        0.75539
0.81000         0.59000        0.50000        0.76718
0.82000         0.59000        0.50000        0.77904
0.83000         0.59000        0.50000        0.79097
0.84000         0.59000        0.50000        0.80295
0.85000         0.59000        0.50000        0.81499
0.86000         0.59000        0.50000        0.82708
0.87000         0.59000        0.50000        0.83922
0.88000         0.59000        0.50000        0.85141
0.89000         0.59000        0.50000        0.86364
0.90000         0.59000        0.50000        0.87591
0.91000         0.59000        0.50000        0.88822
0.92000         0.59000        0.50000        0.90055
0.93000         0.59000        0.50000        0.91292
0.94000         0.59000        0.50000        0.92531
0.95000         0.59000        0.50000        0.93773
0.96000         0.59000        0.50000        0.95016
0.97000         0.59000        0.50000        0.96261
0.98000         0.59000        0.50000        0.97507
0.99000         0.59000        0.50000        0.98753
1.0000          0.59000        0.50000        1.0000
0.0000          0.60000        0.50000        0.22794
0.010000        0.60000        0.50000        0.22803
0.020000        0.60000        0.50000        0.22830
0.030000        0.60000        0.50000        0.22875
0.040000        0.60000        0.50000        0.22938
0.050000        0.60000        0.50000        0.23020
0.060000        0.60000        0.50000        0.23119
0.070000        0.60000        0.50000        0.23236
0.080000        0.60000        0.50000        0.23372
0.090000        0.60000        0.50000        0.23525
0.10000         0.60000        0.50000        0.23697
0.11000         0.60000        0.50000        0.23886
0.12000         0.60000        0.50000        0.24093
0.13000         0.60000        0.50000        0.24319
0.14000         0.60000        0.50000        0.24562
0.15000         0.60000        0.50000        0.24822
0.16000         0.60000        0.50000        0.25101
0.17000         0.60000        0.50000        0.25398
0.18000         0.60000        0.50000        0.25712
0.19000         0.60000        0.50000        0.26043
0.20000         0.60000        0.50000        0.26393
0.21000         0.60000        0.50000        0.26760
0.22000         0.60000        0.50000        0.27144
0.23000         0.60000        0.50000        0.27546
0.24000         0.60000        0.50000        0.27965
0.25000         0.60000        0.50000        0.28401
0.26000         0.60000        0.50000        0.28855
0.27000         0.60000        0.50000        0.29326
0.28000         0.60000        0.50000        0.29814
0.29000         0.60000        0.50000        0.30319
0.30000         0.60000        0.50000        0.30841
0.31000         0.60000        0.50000        0.31379
0.32000         0.60000        0.50000        0.31935
0.33000         0.60000        0.50000        0.32507
0.34000         0.60000        0.50000        0.33096
0.35000         0.60000        0.50000        0.33701
0.36000         0.60000        0.50000        0.34322
0.37000         0.60000        0.50000        0.34960
0.38000         0.60000        0.50000        0.35614
0.39000         0.60000        0.50000        0.36284
0.40000         0.60000        0.50000        0.36970
0.41000         0.60000        0.50000        0.37671
0.42000         0.60000        0.50000        0.38389
0.43000         0.60000        0.50000        0.39122
0.44000         0.60000        0.50000        0.39870
0.45000         0.60000        0.50000        0.40633
0.46000         0.60000        0.50000        0.41412
0.47000         0.60000        0.50000        0.42206
0.48000         0.60000        0.50000        0.43014
0.49000         0.60000        0.50000        0.43837
0.50000         0.60000        0.50000        0.44675
0.51000         0.60000        0.50000        0.45527
0.52000         0.60000        0.50000        0.46393
0.53000         0.60000        0.50000        0.47273
0.54000         0.60000        0.50000        0.48167
0.55000         0.60000        0.50000        0.49075
0.56000         0.60000        0.50000        0.49996
0.57000         0.60000        0.50000        0.50930
0.58000         0.60000        0.50000        0.51877
0.59000         0.60000        0.50000        0.52837
0.60000         0.60000        0.50000        0.53810
0.61000         0.60000        0.50000        0.54795
0.62000         0.60000        0.50000        0.55792
0.63000         0.60000        0.50000        0.56801
0.64000         0.60000        0.50000        0.57822
0.65000         0.60000        0.50000        0.58855
0.66000         0.60000        0.50000        0.59898
0.67000         0.60000        0.50000        0.60953
0.68000         0.60000        0.50000        0.62018
0.69000         0.60000        0.50000        0.63094
0.70000         0.60000        0.50000        0.64180
0.71000         0.60000        0.50000        0.65276
0.72000         0.60000        0.50000        0.66382
0.73000         0.60000        0.50000        0.67496
0.74000         0.60000        0.50000        0.68621
0.75000         0.60000        0.50000        0.69753
0.76000         0.60000        0.50000        0.70895
0.77000         0.60000        0.50000        0.72044
0.78000         0.60000        0.50000        0.73202
0.79000         0.60000        0.50000        0.74367
0.80000         0.60000        0.50000        0.75539
0.81000         0.60000        0.50000        0.76718
0.82000         0.60000        0.50000        0.77904
0.83000         0.60000        0.50000        0.79097
0.84000         0.60000        0.50000        0.80295
0.85000         0.60000        0.50000        0.81499
0.86000         0.60000        0.50000        0.82708
0.87000         0.60000        0.50000        0.83922
0.88000         0.60000        0.50000        0.85141
0.89000         0.60000        0.50000        0.86364
0.90000         0.60000        0.50000        0.87591
0.91000         0.60000        0.50000        0.88822
0.92000         0.60000        0.50000        0.90055
0.93000         0.60000        0.50000        0.91292
0.94000         0.60000        0.50000        0.92531
0.95000         0.60000        0.50000        0.93773
0.96000         0.60000        0.50000        0.95016
0.97000         0.60000        0.50000        0.96261
0.98000         0.60000        0.50000        0.97507
0.99000         0.60000        0.50000        0.98753
1.0000          0.60000        0.50000        1.0000
0.0000          0.61000        0.50000        0.22794
0.010000        0.61000        0.50000        0.22803
0.020000        0.61000        0.50000        0.22830
0.030000        0.61000        0.50000        0.22875
0.040000        0.61000        0.50000        0.22938
0.050000        0.61000        0.50000        0.23020
0.060000        0.61000        0.50000        0.23119
0.070000        0.61000        0.50000        0.23236
0.080000        0.61000        0.50000        0.23372
0.090000        0.61000        0.50000        0.23525
0.10000         0.61000        0.50000        0.23697
0.11000         0.61000        0.50000        0.23886
0.12000         0.61000        0.50000        0.24093
0.13000         0.61000        0.50000        0.24319
0.14000         0.61000        0.50000        0.24562
0.15000         0.61000        0.50000        0.24822
0.16000         0.61000        0.50000        0.25101
0.17000         0.61000        0.50000        0.25398
0.18000         0.61000        0.50000        0.25712
0.19000         0.61000        0.50000        0.26043
0.20000         0.61000        0.50000        0.26393
0.21000         0.61000        0.50000        0.26760
0.22000         0.61000        0.50000        0.27144
0.23000         0.61000        0.50000        0.27546
0.24000         0.61000        0.50000        0.27965
0.25000         0.61000        0.50000        0.28401
0.26000         0.61000        0.50000        0.28855
0.27000         0.61000        0.50000        0.29326
0.28000         0.61000        0.50000        0.29814
0.29000         0.61000        0.50000        0.30319
0.30000         0.61000        0.50000        0.30841
0.31000         0.61000        0.50000        0.31379
0.32000         0.61000        0.50000        0.31935
0.33000         0.61000        0.50000        0.32507
0.34000         0.61000        0.50000        0.33096
0.35000         0.61000        0.50000        0.33701
0.36000         0.61000        0.50000        0.34322
0.37000         0.61000        0.50000        0.34960
0.38000         0.61000        0.50000        0.35614
0.39000         0.61000        0.50000        0.36284
0.40000         0.61000        0.50000        0.36970
0.41000         0.61000        0.50000        0.37671
0.42000         0.61000        0.50000        0.38389
0.43000         0.61000        0.50000        0.39122
0.44000         0.61000        0.50000        0.39870
0.45000         0.61000        0.50000        0.40633
0.46000         0.61000        0.50000        0.41412
0.47000         0.61000        0.50000        0.42206
0.48000         0.61000        0.50000        0.43014
0.49000         0.61000        0.50000        0.43837
0.50000         0.61000        0.50000        0.44675
0.51000         0.61000        0.50000        0.45527
0.52000         0.61000        0.50000        0.46393
0.53000         0.61000        0.50000        0.47273
0.54000         0.61000        0.50000        0.48167
0.55000         0.61000        0.50000        0.49075
0.56000         0.61000        0.50000        0.49996
0.57000         0.61000        0.50000        0.50930
0.58000         0.61000        0.50000        0.51877
0.59000         0.61000        0.50000        0.52837
0.60000         0.61000        0.50000        0.53810
0.61000         0.61000        0.50000        0.54795
0.62000         0.61000        0.50000        0.55792
0.63000         0.61000        0.50000        0.56801
0.64000         0.61000        0.50000        0.57822
0.65000         0.61000        0.50000        0.58855
0.66000         0.61000        0.50000        0.59898
0.67000         0.61000        0.50000        0.60953
0.68000         0.61000        0.50000        0.62018
0.69000         0.61000        0.50000        0.63094
0.70000         0.61000        0.50000        0.64180
0.71000         0.61000        0.50000        0.65276
0.72000         0.61000        0.50000        0.66382
0.73000         0.61000        0.50000        0.67496
0.74000         0.61000        0.50000        0.68621
0.75000         0.61000        0.50000        0.69753
0.76000         0.61000        0.50000        0.70895
0.77000         0.61000        0.50000        0.72044
0.78000         0.61000        0.50000        0.73202
0.79000         0.61000        0.50000        0.74367
0.80000         0.61000        0.50000        0.75539
0.81000         0.61000        0.50000        0.76718
0.82000         0.61000        0.50000        0.77904
0.83000         0.61000        0.50000        0.79097
0.84000         0.61000        0.50000        0.80295
0.85000         0.61000        0.50000        0.81499
0.86000         0.61000        0.50000        0.82708
0.87000         0.61000        0.50000        0.83922
0.88000         0.61000        0.50000        0.85141
0.89000         0.61000        0.50000        0.86364
0.90000         0.61000        0.50000        0.87591
0.91000         0.61000        0.50000        0.88822
0.92000         0.61000        0.50000        0.90055
0.93000         0.61000        0.50000        0.91292
0.94000         0.61000        0.50000        0.92531
0.95000         0.61000        0.50000        0.93773
0.96000         0.61000        0.50000        0.95016
0.97000         0.61000        0.50000        0.96261
0.98000         0.61000        0.50000        0.97507
0.99000         0.61000        0.50000        0.98753
1.0000          0.61000        0.50000        1.0000
0.0000          0.62000        0.50000        0.22794
0.010000        0.62000        0.50000        0.22803
0.020000        0.62000        0.50000        0.22830
0.030000        0.62000        0.50000        0.22875
0.040000        0.62000        0.50000        0.22938
0.050000        0.62000        0.50000        0.23020
0.060000        0.62000        0.50000        0.23119
0.070000        0.62000        0.50000        0.23236
0.080000        0.62000        0.50000        0.23372
0.090000        0.62000        0.50000        0.23525
0.10000         0.62000        0.50000        0.23697
0.11000         0.62000        0.50000        0.23886
0.12000         0.62000        0.50000        0.24093
0.13000         0.62000        0.50000        0.24319
0.14000         0.62000        0.50000        0.24562
0.15000         0.62000        0.50000        0.24822
0.16000         0.62000        0.50000        0.25101
0.17000         0.62000        0.50000        0.25398
0.18000         0.62000        0.50000        0.25712
0.19000         0.62000        0.50000        0.26043
0.20000         0.62000        0.50000        0.26393
0.21000         0.62000        0.50000        0.26760
0.22000         0.62000        0.50000        0.27144
0.23000         0.62000        0.50000        0.27546
0.24000         0.62000        0.50000        0.27965
0.25000         0.62000        0.50000        0.28401
0.26000         0.62000        0.50000        0.28855
0.27000         0.62000        0.50000        0.29326
0.28000         0.62000        0.50000        0.29814
0.29000         0.62000        0.50000        0.30319
0.30000         0.62000        0.50000        0.30841
0.31000         0.62000        0.50000        0.31379
0.32000         0.62000        0.50000        0.31935
0.33000         0.62000        0.50000        0.32507
0.34000         0.62000        0.50000        0.33096
0.35000         0.62000        0.50000        0.33701
0.36000         0.62000        0.50000        0.34322
0.37000         0.62000        0.50000        0.34960
0.38000         0.62000        0.50000        0.35614
0.39000         0.62000        0.50000        0.36284
0.40000         0.62000        0.50000        0.36970
0.41000         0.62000        0.50000        0.37671
0.42000         0.62000        0.50000        0.38389
0.43000         0.62000        0.50000        0.39122
0.44000         0.62000        0.50000        0.39870
0.45000         0.62000        0.50000        0.40633
0.46000         0.62000        0.50000        0.41412
0.47000         0.62000        0.50000        0.42206
0.48000         0.62000        0.50000        0.43014
0.49000         0.62000        0.50000        0.43837
0.50000         0.62000        0.50000        0.44675
0.51000         0.62000        0.50000        0.45527
0.52000         0.62000        0.50000        0.46393
0.53000         0.62000        0.50000        0.47273
0.54000         0.62000        0.50000        0.48167
0.55000         0.62000        0.50000        0.49075
0.56000         0.62000        0.50000        0.49996
0.57000         0.62000        0.50000        0.50930
0.58000         0.62000        0.50000        0.51877
0.59000         0.62000        0.50000        0.52837
0.60000         0.62000        0.50000        0.53810
0.61000         0.62000        0.50000        0.54795
0.62000         0.62000        0.50000        0.55792
0.63000         0.62000        0.50000        0.56801
0.64000         0.62000        0.50000        0.57822
0.65000         0.62000        0.50000        0.58855
0.66000         0.62000        0.50000        0.59898
0.67000         0.62000        0.50000        0.60953
0.68000         0.62000        0.50000        0.62018
0.69000         0.62000        0.50000        0.63094
0.70000         0.62000        0.50000        0.64180
0.71000         0.62000        0.50000        0.65276
0.72000         0.62000        0.50000        0.66382
0.73000         0.62000        0.50000        0.67496
0.74000         0.62000        0.50000        0.68621
0.75000         0.62000        0.50000        0.69753
0.76000         0.62000        0.50000        0.70895
0.77000         0.62000        0.50000        0.72044
0.78000         0.62000        0.50000        0.73202
0.79000         0.62000        0.50000        0.74367
0.80000         0.62000        0.50000        0.75539
0.81000         0.62000        0.50000        0.76718
0.82000         0.62000        0.50000        0.77904
0.83000         0.62000        0.50000        0.79097
0.84000         0.62000        0.50000        0.80295
0.85000         0.62000        0.50000        0.81499
0.86000         0.62000        0.50000        0.82708
0.87000         0.62000        0.50000        0.83922
0.88000         0.62000        0.50000        0.85141
0.89000         0.62000        0.50000        0.86364
0.90000         0.62000        0.50000        0.87591
0.91000         0.62000        0.50000        0.88822
0.92000         0.62000        0.50000        0.90055
0.93000         0.62000        0.50000        0.91292
0.94000         0.62000        0.50000        0.92531
0.95000         0.62000        0.50000        0.93773
0.96000         0.62000        0.50000        0.95016
0.97000         0.62000        0.50000        0.96261
0.98000         0.62000        0.50000        0.97507
0.99000         0.62000        0.50000        0.98753
1.0000          0.62000        0.50000        1.0000
0.0000          0.63000        0.50000        0.22794
0.010000        0.63000        0.50000        0.22803
0.020000        0.63000        0.50000        0.22830
0.030000        0.63000        0.50000        0.22875
0.040000        0.63000        0.50000        0.22938
0.050000        0.63000        0.50000        0.23020
0.060000        0.63000        0.50000        0.23119
0.070000        0.63000        0.50000        0.23236
0.080000        0.63000        0.50000        0.23372
0.090000        0.63000        0.50000        0.23525
0.10000         0.63000        0.50000        0.23697
0.11000         0.63000        0.50000        0.23886
0.12000         0.63000        0.50000        0.24093
0.13000         0.63000        0.50000        0.24319
0.14000         0.63000        0.50000        0.24562
0.15000         0.63000        0.50000        0.24822
0.16000         0.63000        0.50000        0.25101
0.17000         0.63000        0.50000        0.25398
0.18000         0.63000        0.50000        0.25712
0.19000         0.63000        0.50000        0.26043
0.20000         0.63000        0.50000        0.26393
0.21000         0.63000        0.50000        0.26760
0.22000         0.63000        0.50000        0.27144
0.23000         0.63000        0.50000        0.27546
0.24000         0.63000        0.50000        0.27965
0.25000         0.63000        0.50000        0.28401
0.26000         0.63000        0.50000        0.28855
0.27000         0.63000        0.50000        0.29326
0.28000         0.63000        0.50000        0.29814
0.29000         0.63000        0.50000        0.30319
0.30000         0.63000        0.50000        0.30841
0.31000         0.63000        0.50000        0.31379
0.32000         0.63000        0.50000        0.31935
0.33000         0.63000        0.50000        0.32507
0.34000         0.63000        0.50000        0.33096
0.35000         0.63000        0.50000        0.33701
0.36000         0.63000        0.50000        0.34322
0.37000         0.63000        0.50000        0.34960
0.38000         0.63000        0.50000        0.35614
0.39000         0.63000        0.50000        0.36284
0.40000         0.63000        0.50000        0.36970
0.41000         0.63000        0.50000        0.37671
0.42000         0.63000        0.50000        0.38389
0.43000         0.63000        0.50000        0.39122
0.44000         0.63000        0.50000        0.39870
0.45000         0.63000        0.50000        0.40633
0.46000         0.63000        0.50000        0.41412
0.47000         0.63000        0.50000        0.42206
0.48000         0.63000        0.50000        0.43014
0.49000         0.63000        0.50000        0.43837
0.50000         0.63000        0.50000        0.44675
0.51000         0.63000        0.50000        0.45527
0.52000         0.63000        0.50000        0.46393
0.53000         0.63000        0.50000        0.47273
0.54000         0.63000        0.50000        0.48167
0.55000         0.63000        0.50000        0.49075
0.56000         0.63000        0.50000        0.49996
0.57000         0.63000        0.50000        0.50930
0.58000         0.63000        0.50000        0.51877
0.59000         0.63000        0.50000        0.52837
0.60000         0.63000        0.50000        0.53810
0.61000         0.63000        0.50000        0.54795
0.62000         0.63000        0.50000        0.55792
0.63000         0.63000        0.50000        0.56801
0.64000         0.63000        0.50000        0.57822
0.65000         0.63000        0.50000        0.58855
0.66000         0.63000        0.50000        0.59898
0.67000         0.63000        0.50000        0.60953
0.68000         0.63000        0.50000        0.62018
0.69000         0.63000        0.50000        0.63094
0.70000         0.63000        0.50000        0.64180
0.71000         0.63000        0.50000        0.65276
0.72000         0.63000        0.50000        0.66382
0.73000         0.63000        0.50000        0.67496
0.74000         0.63000        0.50000        0.68621
0.75000         0.63000        0.50000        0.69753
0.76000         0.63000        0.50000        0.70895
0.77000         0.63000        0.50000        0.72044
0.78000         0.63000        0.50000        0.73202
0.79000         0.63000        0.50000        0.74367
0.80000         0.63000        0.50000        0.75539
0.81000         0.63000        0.50000        0.76718
0.82000         0.63000        0.50000        0.77904
0.83000         0.63000        0.50000        0.79097
0.84000         0.63000        0.50000        0.80295
0.85000         0.63000        0.50000        0.81499
0.86000         0.63000        0.50000        0.82708
0.87000         0.63000        0.50000        0.83922
0.88000         0.63000        0.50000        0.85141
0.89000         0.63000        0.50000        0.86364
0.90000         0.63000        0.50000        0.87591
0.91000         0.63000        0.50000        0.88822
0.92000         0.63000        0.50000        0.90055
0.93000         0.63000        0.50000        0.91292
0.94000         0.63000        0.50000        0.92531
0.95000         0.63000        0.50000        0.93773
0.96000         0.63000        0.50000        0.95016
0.97000         0.63000        0.50000        0.96261
0.98000         0.63000        0.50000        0.97507
0.99000         0.63000        0.50000        0.98753
1.0000          0.63000        0.50000        1.0000
0.0000          0.64000        0.50000        0.22794
0.010000        0.64000        0.50000        0.22803
0.020000        0.64000        0.50000        0.22830
0.030000        0.64000        0.50000        0.22875
0.040000        0.64000        0.50000        0.22938
0.050000        0.64000        0.50000        0.23020
0.060000        0.64000        0.50000        0.23119
0.070000        0.64000        0.50000        0.23236
0.080000        0.64000        0.50000        0.23372
0.090000        0.64000        0.50000        0.23525
0.10000         0.64000        0.50000        0.23697
0.11000         0.64000        0.50000        0.23886
0.12000         0.64000        0.50000        0.24093
0.13000         0.64000        0.50000        0.24319
0.14000         0.64000        0.50000        0.24562
0.15000         0.64000        0.50000        0.24822
0.16000         0.64000        0.50000        0.25101
0.17000         0.64000        0.50000        0.25398
0.18000         0.64000        0.50000        0.25712
0.19000         0.64000        0.50000        0.26043
0.20000         0.64000        0.50000        0.26393
0.21000         0.64000        0.50000        0.26760
0.22000         0.64000        0.50000        0.27144
0.23000         0.64000        0.50000        0.27546
0.24000         0.64000        0.50000        0.27965
0.25000         0.64000        0.50000        0.28401
0.26000         0.64000        0.50000        0.28855
0.27000         0.64000        0.50000        0.29326
0.28000         0.64000        0.50000        0.29814
0.29000         0.64000        0.50000        0.30319
0.30000         0.64000        0.50000        0.30841
0.31000         0.64000        0.50000        0.31379
0.32000         0.64000        0.50000        0.31935
0.33000         0.64000        0.50000        0.32507
0.34000         0.64000        0.50000        0.33096
0.35000         0.64000        0.50000        0.33701
0.36000         0.64000        0.50000        0.34322
0.37000         0.64000        0.50000        0.34960
0.38000         0.64000        0.50000        0.35614
0.39000         0.64000        0.50000        0.36284
0.40000         0.64000        0.50000        0.36970
0.41000         0.64000        0.50000        0.37671
0.42000         0.64000        0.50000        0.38389
0.43000         0.64000        0.50000        0.39122
0.44000         0.64000        0.50000        0.39870
0.45000         0.64000        0.50000        0.40633
0.46000         0.64000        0.50000        0.41412
0.47000         0.64000        0.50000        0.42206
0.48000         0.64000        0.50000        0.43014
0.49000         0.64000        0.50000        0.43837
0.50000         0.64000        0.50000        0.44675
0.51000         0.64000        0.50000        0.45527
0.52000         0.64000        0.50000        0.46393
0.53000         0.64000        0.50000        0.47273
0.54000         0.64000        0.50000        0.48167
0.55000         0.64000        0.50000        0.49075
0.56000         0.64000        0.50000        0.49996
0.57000         0.64000        0.50000        0.50930
0.58000         0.64000        0.50000        0.51877
0.59000         0.64000        0.50000        0.52837
0.60000         0.64000        0.50000        0.53810
0.61000         0.64000        0.50000        0.54795
0.62000         0.64000        0.50000        0.55792
0.63000         0.64000        0.50000        0.56801
0.64000         0.64000        0.50000        0.57822
0.65000         0.64000        0.50000        0.58855
0.66000         0.64000        0.50000        0.59898
0.67000         0.64000        0.50000        0.60953
0.68000         0.64000        0.50000        0.62018
0.69000         0.64000        0.50000        0.63094
0.70000         0.64000        0.50000        0.64180
0.71000         0.64000        0.50000        0.65276
0.72000         0.64000        0.50000        0.66382
0.73000         0.64000        0.50000        0.67496
0.74000         0.64000        0.50000        0.68621
0.75000         0.64000        0.50000        0.69753
0.76000         0.64000        0.50000        0.70895
0.77000         0.64000        0.50000        0.72044
0.78000         0.64000        0.50000        0.73202
0.79000         0.64000        0.50000        0.74367
0.80000         0.64000        0.50000        0.75539
0.81000         0.64000        0.50000        0.76718
0.82000         0.64000        0.50000        0.77904
0.83000         0.64000        0.50000        0.79097
0.84000         0.64000        0.50000        0.80295
0.85000         0.64000        0.50000        0.81499
0.86000         0.64000        0.50000        0.82708
0.87000         0.64000        0.50000        0.83922
0.88000         0.64000        0.50000        0.85141
0.89000         0.64000        0.50000        0.86364
0.90000         0.64000        0.50000        0.87591
0.91000         0.64000        0.50000        0.88822
0.92000         0.64000        0.50000        0.90055
0.93000         0.64000        0.50000        0.91292
0.94000         0.64000        0.50000        0.92531
0.95000         0.64000        0.50000        0.93773
0.96000         0.64000        0.50000        0.95016
0.97000         0.64000        0.50000        0.96261
0.98000         0.64000        0.50000        0.97507
0.99000         0.64000        0.50000        0.98753
1.0000          0.64000        0.50000        1.0000
0.0000          0.65000        0.50000        0.22794
0.010000        0.65000        0.50000        0.22803
0.020000        0.65000        0.50000        0.22830
0.030000        0.65000        0.50000        0.22875
0.040000        0.65000        0.50000        0.22938
0.050000        0.65000        0.50000        0.23020
0.060000        0.65000        0.50000        0.23119
0.070000        0.65000        0.50000        0.23236
0.080000        0.65000        0.50000        0.23372
0.090000        0.65000        0.50000        0.23525
0.10000         0.65000        0.50000        0.23697
0.11000         0.65000        0.50000        0.23886
0.12000         0.65000        0.50000        0.24093
0.13000         0.65000        0.50000        0.24319
0.14000         0.65000        0.50000        0.24562
0.15000         0.65000        0.50000        0.24822
0.16000         0.65000        0.50000        0.25101
0.17000         0.65000        0.50000        0.25398
0.18000         0.65000        0.50000        0.25712
0.19000         0.65000        0.50000        0.26043
0.20000         0.65000        0.50000        0.26393
0.21000         0.65000        0.50000        0.26760
0.22000         0.65000        0.50000        0.27144
0.23000         0.65000        0.50000        0.27546
0.24000         0.65000        0.50000        0.27965
0.25000         0.65000        0.50000        0.28401
0.26000         0.65000        0.50000        0.28855
0.27000         0.65000        0.50000        0.29326
0.28000         0.65000        0.50000        0.29814
0.29000         0.65000        0.50000        0.30319
0.30000         0.65000        0.50000        0.30841
0.31000         0.65000        0.50000        0.31379
0.32000         0.65000        0.50000        0.31935
0.33000         0.65000        0.50000        0.32507
0.34000         0.65000        0.50000        0.33096
0.35000         0.65000        0.50000        0.33701
0.36000         0.65000        0.50000        0.34322
0.37000         0.65000        0.50000        0.34960
0.38000         0.65000        0.50000        0.35614
0.39000         0.65000        0.50000        0.36284
0.40000         0.65000        0.50000        0.36970
0.41000         0.65000        0.50000        0.37671
0.42000         0.65000        0.50000        0.38389
0.43000         0.65000        0.50000        0.39122
0.44000         0.65000        0.50000        0.39870
0.45000         0.65000        0.50000        0.40633
0.46000         0.65000        0.50000        0.41412
0.47000         0.65000        0.50000        0.42206
0.48000         0.65000        0.50000        0.43014
0.49000         0.65000        0.50000        0.43837
0.50000         0.65000        0.50000        0.44675
0.51000         0.65000        0.50000        0.45527
0.52000         0.65000        0.50000        0.46393
0.53000         0.65000        0.50000        0.47273
0.54000         0.65000        0.50000        0.48167
0.55000         0.65000        0.50000        0.49075
0.56000         0.65000        0.50000        0.49996
0.57000         0.65000        0.50000        0.50930
0.58000         0.65000        0.50000        0.51877
0.59000         0.65000        0.50000        0.52837
0.60000         0.65000        0.50000        0.53810
0.61000         0.65000        0.50000        0.54795
0.62000         0.65000        0.50000        0.55792
0.63000         0.65000        0.50000        0.56801
0.64000         0.65000        0.50000        0.57822
0.65000         0.65000        0.50000        0.58855
0.66000         0.65000        0.50000        0.59898
0.67000         0.65000        0.50000        0.60953
0.68000         0.65000        0.50000        0.62018
0.69000         0.65000        0.50000        0.63094
0.70000         0.65000        0.50000        0.64180
0.71000         0.65000        0.50000        0.65276
0.72000         0.65000        0.50000        0.66382
0.73000         0.65000        0.50000        0.67496
0.74000         0.65000        0.50000        0.68621
0.75000         0.65000        0.50000        0.69753
0.76000         0.65000        0.50000        0.70895
0.77000         0.65000        0.50000        0.72044
0.78000         0.65000        0.50000        0.73202
0.79000         0.65000        0.50000        0.74367
0.80000         0.65000        0.50000        0.75539
0.81000         0.65000        0.50000        0.76718
0.82000         0.65000        0.50000        0.77904
0.83000         0.65000        0.50000        0.79097
0.84000         0.65000        0.50000        0.80295
0.85000         0.65000        0.50000        0.81499
0.86000         0.65000        0.50000        0.82708
0.87000         0.65000        0.50000        0.83922
0.88000         0.65000        0.50000        0.85141
0.89000         0.65000        0.50000        0.86364
0.90000         0.65000        0.50000        0.87591
0.91000         0.65000        0.50000        0.88822
0.92000         0.65000        0.50000        0.90055
0.93000         0.65000        0.50000        0.91292
0.94000         0.65000        0.50000        0.92531
0.95000         0.65000        0.50000        0.93773
0.96000         0.65000        0.50000        0.95016
0.97000         0.65000        0.50000        0.96261
0.98000         0.65000        0.50000        0.97507
0.99000         0.65000        0.50000        0.98753
1.0000          0.65000        0.50000        1.0000
0.0000          0.66000        0.50000        0.22794
0.010000        0.66000        0.50000        0.22803
0.020000        0.66000        0.50000        0.22830
0.030000        0.66000        0.50000        0.22875
0.040000        0.66000        0.50000        0.22938
0.050000        0.66000        0.50000        0.23020
0.060000        0.66000        0.50000        0.23119
0.070000        0.66000        0.50000        0.23236
0.080000        0.66000        0.50000        0.23372
0.090000        0.66000        0.50000        0.23525
0.10000         0.66000        0.50000        0.23697
0.11000         0.66000        0.50000        0.23886
0.12000         0.66000        0.50000        0.24093
0.13000         0.66000        0.50000        0.24319
0.14000         0.66000        0.50000        0.24562
0.15000         0.66000        0.50000        0.24822
0.16000         0.66000        0.50000        0.25101
0.17000         0.66000        0.50000        0.25398
0.18000         0.66000        0.50000        0.25712
0.19000         0.66000        0.50000        0.26043
0.20000         0.66000        0.50000        0.26393
0.21000         0.66000        0.50000        0.26760
0.22000         0.66000        0.50000        0.27144
0.23000         0.66000        0.50000        0.27546
0.24000         0.66000        0.50000        0.27965
0.25000         0.66000        0.50000        0.28401
0.26000         0.66000        0.50000        0.28855
0.27000         0.66000        0.50000        0.29326
0.28000         0.66000        0.50000        0.29814
0.29000         0.66000        0.50000        0.30319
0.30000         0.66000        0.50000        0.30841
0.31000         0.66000        0.50000        0.31379
0.32000         0.66000        0.50000        0.31935
0.33000         0.66000        0.50000        0.32507
0.34000         0.66000        0.50000        0.33096
0.35000         0.66000        0.50000        0.33701
0.36000         0.66000        0.50000        0.34322
0.37000         0.66000        0.50000        0.34960
0.38000         0.66000        0.50000        0.35614
0.39000         0.66000        0.50000        0.36284
0.40000         0.66000        0.50000        0.36970
0.41000         0.66000        0.50000        0.37671
0.42000         0.66000        0.50000        0.38389
0.43000         0.66000        0.50000        0.39122
0.44000         0.66000        0.50000        0.39870
0.45000         0.66000        0.50000        0.40633
0.46000         0.66000        0.50000        0.41412
0.47000         0.66000        0.50000        0.42206
0.48000         0.66000        0.50000        0.43014
0.49000         0.66000        0.50000        0.43837
0.50000         0.66000        0.50000        0.44675
0.51000         0.66000        0.50000        0.45527
0.52000         0.66000        0.50000        0.46393
0.53000         0.66000        0.50000        0.47273
0.54000         0.66000        0.50000        0.48167
0.55000         0.66000        0.50000        0.49075
0.56000         0.66000        0.50000        0.49996
0.57000         0.66000        0.50000        0.50930
0.58000         0.66000        0.50000        0.51877
0.59000         0.66000        0.50000        0.52837
0.60000         0.66000        0.50000        0.53810
0.61000         0.66000        0.50000        0.54795
0.62000         0.66000        0.50000        0.55792
0.63000         0.66000        0.50000        0.56801
0.64000         0.66000        0.50000        0.57822
0.65000         0.66000        0.50000        0.58855
0.66000         0.66000        0.50000        0.59898
0.67000         0.66000        0.50000        0.60953
0.68000         0.66000        0.50000        0.62018
0.69000         0.66000        0.50000        0.63094
0.70000         0.66000        0.50000        0.64180
0.71000         0.66000        0.50000        0.65276
0.72000         0.66000        0.50000        0.66382
0.73000         0.66000        0.50000        0.67496
0.74000         0.66000        0.50000        0.68621
0.75000         0.66000        0.50000        0.69753
0.76000         0.66000        0.50000        0.70895
0.77000         0.66000        0.50000        0.72044
0.78000         0.66000        0.50000        0.73202
0.79000         0.66000        0.50000        0.74367
0.80000         0.66000        0.50000        0.75539
0.81000         0.66000        0.50000        0.76718
0.82000         0.66000        0.50000        0.77904
0.83000         0.66000        0.50000        0.79097
0.84000         0.66000        0.50000        0.80295
0.85000         0.66000        0.50000        0.81499
0.86000         0.66000        0.50000        0.82708
0.87000         0.66000        0.50000        0.83922
0.88000         0.66000        0.50000        0.85141
0.89000         0.66000        0.50000        0.86364
0.90000         0.66000        0.50000        0.87591
0.91000         0.66000        0.50000        0.88822
0.92000         0.66000        0.50000        0.90055
0.93000         0.66000        0.50000        0.91292
0.94000         0.66000        0.50000        0.92531
0.95000         0.66000        0.50000        0.93773
0.96000         0.66000        0.50000        0.95016
0.97000         0.66000        0.50000        0.96261
0.98000         0.66000        0.50000        0.97507
0.99000         0.66000        0.50000        0.98753
1.0000          0.66000        0.50000        1.0000
0.0000          0.67000        0.50000        0.22794
0.010000        0.67000        0.50000        0.22803
0.020000        0.67000        0.50000        0.22830
0.030000        0.67000        0.50000        0.22875
0.040000        0.67000        0.50000        0.22938
0.050000        0.67000        0.50000        0.23020
0.060000        0.67000        0.50000        0.23119
0.070000        0.67000        0.50000        0.23236
0.080000        0.67000        0.50000        0.23372
0.090000        0.67000        0.50000        0.23525
0.10000         0.67000        0.50000        0.23697
0.11000         0.67000        0.50000        0.23886
0.12000         0.67000        0.50000        0.24093
0.13000         0.67000        0.50000        0.24319
0.14000         0.67000        0.50000        0.24562
0.15000         0.67000        0.50000        0.24822
0.16000         0.67000        0.50000        0.25101
0.17000         0.67000        0.50000        0.25398
0.18000         0.67000        0.50000        0.25712
0.19000         0.67000        0.50000        0.26043
0.20000         0.67000        0.50000        0.26393
0.21000         0.67000        0.50000        0.26760
0.22000         0.67000        0.50000        0.27144
0.23000         0.67000        0.50000        0.27546
0.24000         0.67000        0.50000        0.27965
0.25000         0.67000        0.50000        0.28401
0.26000         0.67000        0.50000        0.28855
0.27000         0.67000        0.50000        0.29326
0.28000         0.67000        0.50000        0.29814
0.29000         0.67000        0.50000        0.30319
0.30000         0.67000        0.50000        0.30841
0.31000         0.67000        0.50000        0.31379
0.32000         0.67000        0.50000        0.31935
0.33000         0.67000        0.50000        0.32507
0.34000         0.67000        0.50000        0.33096
0.35000         0.67000        0.50000        0.33701
0.36000         0.67000        0.50000        0.34322
0.37000         0.67000        0.50000        0.34960
0.38000         0.67000        0.50000        0.35614
0.39000         0.67000        0.50000        0.36284
0.40000         0.67000        0.50000        0.36970
0.41000         0.67000        0.50000        0.37671
0.42000         0.67000        0.50000        0.38389
0.43000         0.67000        0.50000        0.39122
0.44000         0.67000        0.50000        0.39870
0.45000         0.67000        0.50000        0.40633
0.46000         0.67000        0.50000        0.41412
0.47000         0.67000        0.50000        0.42206
0.48000         0.67000        0.50000        0.43014
0.49000         0.67000        0.50000        0.43837
0.50000         0.67000        0.50000        0.44675
0.51000         0.67000        0.50000        0.45527
0.52000         0.67000        0.50000        0.46393
0.53000         0.67000        0.50000        0.47273
0.54000         0.67000        0.50000        0.48167
0.55000         0.67000        0.50000        0.49075
0.56000         0.67000        0.50000        0.49996
0.57000         0.67000        0.50000        0.50930
0.58000         0.67000        0.50000        0.51877
0.59000         0.67000        0.50000        0.52837
0.60000         0.67000        0.50000        0.53810
0.61000         0.67000        0.50000        0.54795
0.62000         0.67000        0.50000        0.55792
0.63000         0.67000        0.50000        0.56801
0.64000         0.67000        0.50000        0.57822
0.65000         0.67000        0.50000        0.58855
0.66000         0.67000        0.50000        0.59898
0.67000         0.67000        0.50000        0.60953
0.68000         0.67000        0.50000        0.62018
0.69000         0.67000        0.50000        0.63094
0.70000         0.67000        0.50000        0.64180
0.71000         0.67000        0.50000        0.65276
0.72000         0.67000        0.50000        0.66382
0.73000         0.67000        0.50000        0.67496
0.74000         0.67000        0.50000        0.68621
0.75000         0.67000        0.50000        0.69753
0.76000         0.67000        0.50000        0.70895
0.77000         0.67000        0.50000        0.72044
0.78000         0.67000        0.50000        0.73202
0.79000         0.67000        0.50000        0.74367
0.80000         0.67000        0.50000        0.75539
0.81000         0.67000        0.50000        0.76718
0.82000         0.67000        0.50000        0.77904
0.83000         0.67000        0.50000        0.79097
0.84000         0.67000        0.50000        0.80295
0.85000         0.67000        0.50000        0.81499
0.86000         0.67000        0.50000        0.82708
0.87000         0.67000        0.50000        0.83922
0.88000         0.67000        0.50000        0.85141
0.89000         0.67000        0.50000        0.86364
0.90000         0.67000        0.50000        0.87591
0.91000         0.67000        0.50000        0.88822
0.92000         0.67000        0.50000        0.90055
0.93000         0.67000        0.50000        0.91292
0.94000         0.67000        0.50000        0.92531
0.95000         0.67000        0.50000        0.93773
0.96000         0.67000        0.50000        0.95016
0.97000         0.67000        0.50000        0.96261
0.98000         0.67000        0.50000        0.97507
0.99000         0.67000        0.50000        0.98753
1.0000          0.67000        0.50000        1.0000
0.0000          0.68000        0.50000        0.22794
0.010000        0.68000        0.50000        0.22803
0.020000        0.68000        0.50000        0.22830
0.030000        0.68000        0.50000        0.22875
0.040000        0.68000        0.50000        0.22938
0.050000        0.68000        0.50000        0.23020
0.060000        0.68000        0.50000        0.23119
0.070000        0.68000        0.50000        0.23236
0.080000        0.68000        0.50000        0.23372
0.090000        0.68000        0.50000        0.23525
0.10000         0.68000        0.50000        0.23697
0.11000         0.68000        0.50000        0.23886
0.12000         0.68000        0.50000        0.24093
0.13000         0.68000        0.50000        0.24319
0.14000         0.68000        0.50000        0.24562
0.15000         0.68000        0.50000        0.24822
0.16000         0.68000        0.50000        0.25101
0.17000         0.68000        0.50000        0.25398
0.18000         0.68000        0.50000        0.25712
0.19000         0.68000        0.50000        0.26043
0.20000         0.68000        0.50000        0.26393
0.21000         0.68000        0.50000        0.26760
0.22000         0.68000        0.50000        0.27144
0.23000         0.68000        0.50000        0.27546
0.24000         0.68000        0.50000        0.27965
0.25000         0.68000        0.50000        0.28401
0.26000         0.68000        0.50000        0.28855
0.27000         0.68000        0.50000        0.29326
0.28000         0.68000        0.50000        0.29814
0.29000         0.68000        0.50000        0.30319
0.30000         0.68000        0.50000        0.30841
0.31000         0.68000        0.50000        0.31379
0.32000         0.68000        0.50000        0.31935
0.33000         0.68000        0.50000        0.32507
0.34000         0.68000        0.50000        0.33096
0.35000         0.68000        0.50000        0.33701
0.36000         0.68000        0.50000        0.34322
0.37000         0.68000        0.50000        0.34960
0.38000         0.68000        0.50000        0.35614
0.39000         0.68000        0.50000        0.36284
0.40000         0.68000        0.50000        0.36970
0.41000         0.68000        0.50000        0.37671
0.42000         0.68000        0.50000        0.38389
0.43000         0.68000        0.50000        0.39122
0.44000         0.68000        0.50000        0.39870
0.45000         0.68000        0.50000        0.40633
0.46000         0.68000        0.50000        0.41412
0.47000         0.68000        0.50000        0.42206
0.48000         0.68000        0.50000        0.43014
0.49000         0.68000        0.50000        0.43837
0.50000         0.68000        0.50000        0.44675
0.51000         0.68000        0.50000        0.45527
0.52000         0.68000        0.50000        0.46393
0.53000         0.68000        0.50000        0.47273
0.54000         0.68000        0.50000        0.48167
0.55000         0.68000        0.50000        0.49075
0.56000         0.68000        0.50000        0.49996
0.57000         0.68000        0.50000        0.50930
0.58000         0.68000        0.50000        0.51877
0.59000         0.68000        0.50000        0.52837
0.60000         0.68000        0.50000        0.53810
0.61000         0.68000        0.50000        0.54795
0.62000         0.68000        0.50000        0.55792
0.63000         0.68000        0.50000        0.56801
0.64000         0.68000        0.50000        0.57822
0.65000         0.68000        0.50000        0.58855
0.66000         0.68000        0.50000        0.59898
0.67000         0.68000        0.50000        0.60953
0.68000         0.68000        0.50000        0.62018
0.69000         0.68000        0.50000        0.63094
0.70000         0.68000        0.50000        0.64180
0.71000         0.68000        0.50000        0.65276
0.72000         0.68000        0.50000        0.66382
0.73000         0.68000        0.50000        0.67496
0.74000         0.68000        0.50000        0.68621
0.75000         0.68000        0.50000        0.69753
0.76000         0.68000        0.50000        0.70895
0.77000         0.68000        0.50000        0.72044
0.78000         0.68000        0.50000        0.73202
0.79000         0.68000        0.50000        0.74367
0.80000         0.68000        0.50000        0.75539
0.81000         0.68000        0.50000        0.76718
0.82000         0.68000        0.50000        0.77904
0.83000         0.68000        0.50000        0.79097
0.84000         0.68000        0.50000        0.80295
0.85000         0.68000        0.50000        0.81499
0.86000         0.68000        0.50000        0.82708
0.87000         0.68000        0.50000        0.83922
0.88000         0.68000        0.50000        0.85141
0.89000         0.68000        0.50000        0.86364
0.90000         0.68000        0.50000        0.87591
0.91000         0.68000        0.50000        0.88822
0.92000         0.68000        0.50000        0.90055
0.93000         0.68000        0.50000        0.91292
0.94000         0.68000        0.50000        0.92531
0.95000         0.68000        0.50000        0.93773
0.96000         0.68000        0.50000        0.95016
0.97000         0.68000        0.50000        0.96261
0.98000         0.68000        0.50000        0.97507
0.99000         0.68000        0.50000        0.98753
1.0000          0.68000        0.50000        1.0000
0.0000          0.69000        0.50000        0.22794
0.010000        0.69000        0.50000        0.22803
0.020000        0.69000        0.50000        0.22830
0.030000        0.69000        0.50000        0.22875
0.040000        0.69000        0.50000        0.22938
0.050000        0.69000        0.50000        0.23020
0.060000        0.69000        0.50000        0.23119
0.070000        0.69000        0.50000        0.23236
0.080000        0.69000        0.50000        0.23372
0.090000        0.69000        0.50000        0.23525
0.10000         0.69000        0.50000        0.23697
0.11000         0.69000        0.50000        0.23886
0.12000         0.69000        0.50000        0.24093
0.13000         0.69000        0.50000        0.24319
0.14000         0.69000        0.50000        0.24562
0.15000         0.69000        0.50000        0.24822
0.16000         0.69000        0.50000        0.25101
0.17000         0.69000        0.50000        0.25398
0.18000         0.69000        0.50000        0.25712
0.19000         0.69000        0.50000        0.26043
0.20000         0.69000        0.50000        0.26393
0.21000         0.69000        0.50000        0.26760
0.22000         0.69000        0.50000        0.27144
0.23000         0.69000        0.50000        0.27546
0.24000         0.69000        0.50000        0.27965
0.25000         0.69000        0.50000        0.28401
0.26000         0.69000        0.50000        0.28855
0.27000         0.69000        0.50000        0.29326
0.28000         0.69000        0.50000        0.29814
0.29000         0.69000        0.50000        0.30319
0.30000         0.69000        0.50000        0.30841
0.31000         0.69000        0.50000        0.31379
0.32000         0.69000        0.50000        0.31935
0.33000         0.69000        0.50000        0.32507
0.34000         0.69000        0.50000        0.33096
0.35000         0.69000        0.50000        0.33701
0.36000         0.69000        0.50000        0.34322
0.37000         0.69000        0.50000        0.34960
0.38000         0.69000        0.50000        0.35614
0.39000         0.69000        0.50000        0.36284
0.40000         0.69000        0.50000        0.36970
0.41000         0.69000        0.50000        0.37671
0.42000         0.69000        0.50000        0.38389
0.43000         0.69000        0.50000        0.39122
0.44000         0.69000        0.50000        0.39870
0.45000         0.69000        0.50000        0.40633
0.46000         0.69000        0.50000        0.41412
0.47000         0.69000        0.50000        0.42206
0.48000         0.69000        0.50000        0.43014
0.49000         0.69000        0.50000        0.43837
0.50000         0.69000        0.50000        0.44675
0.51000         0.69000        0.50000        0.45527
0.52000         0.69000        0.50000        0.46393
0.53000         0.69000        0.50000        0.47273
0.54000         0.69000        0.50000        0.48167
0.55000         0.69000        0.50000        0.49075
0.56000         0.69000        0.50000        0.49996
0.57000         0.69000        0.50000        0.50930
0.58000         0.69000        0.50000        0.51877
0.59000         0.69000        0.50000        0.52837
0.60000         0.69000        0.50000        0.53810
0.61000         0.69000        0.50000        0.54795
0.62000         0.69000        0.50000        0.55792
0.63000         0.69000        0.50000        0.56801
0.64000         0.69000        0.50000        0.57822
0.65000         0.69000        0.50000        0.58855
0.66000         0.69000        0.50000        0.59898
0.67000         0.69000        0.50000        0.60953
0.68000         0.69000        0.50000        0.62018
0.69000         0.69000        0.50000        0.63094
0.70000         0.69000        0.50000        0.64180
0.71000         0.69000        0.50000        0.65276
0.72000         0.69000        0.50000        0.66382
0.73000         0.69000        0.50000        0.67496
0.74000         0.69000        0.50000        0.68621
0.75000         0.69000        0.50000        0.69753
0.76000         0.69000        0.50000        0.70895
0.77000         0.69000        0.50000        0.72044
0.78000         0.69000        0.50000        0.73202
0.79000         0.69000        0.50000        0.74367
0.80000         0.69000        0.50000        0.75539
0.81000         0.69000        0.50000        0.76718
0.82000         0.69000        0.50000        0.77904
0.83000         0.69000        0.50000        0.79097
0.84000         0.69000        0.50000        0.80295
0.85000         0.69000        0.50000        0.81499
0.86000         0.69000        0.50000        0.82708
0.87000         0.69000        0.50000        0.83922
0.88000         0.69000        0.50000        0.85141
0.89000         0.69000        0.50000        0.86364
0.90000         0.69000        0.50000        0.87591
0.91000         0.69000        0.50000        0.88822
0.92000         0.69000        0.50000        0.90055
0.93000         0.69000        0.50000        0.91292
0.94000         0.69000        0.50000        0.92531
0.95000         0.69000        0.50000        0.93773
0.96000         0.69000        0.50000        0.95016
0.97000         0.69000        0.50000        0.96261
0.98000         0.69000        0.50000        0.97507
0.99000         0.69000        0.50000        0.98753
1.0000          0.69000        0.50000        1.0000
0.0000          0.70000        0.50000        0.22794
0.010000        0.70000        0.50000        0.22803
0.020000        0.70000        0.50000        0.22830
0.030000        0.70000        0.50000        0.22875
0.040000        0.70000        0.50000        0.22938
0.050000        0.70000        0.50000        0.23020
0.060000        0.70000        0.50000        0.23119
0.070000        0.70000        0.50000        0.23236
0.080000        0.70000        0.50000        0.23372
0.090000        0.70000        0.50000        0.23525
0.10000         0.70000        0.50000        0.23697
0.11000         0.70000        0.50000        0.23886
0.12000         0.70000        0.50000        0.24093
0.13000         0.70000        0.50000        0.24319
0.14000         0.70000        0.50000        0.24562
0.15000         0.70000        0.50000        0.24822
0.16000         0.70000        0.50000        0.25101
0.17000         0.70000        0.50000        0.25398
0.18000         0.70000        0.50000        0.25712
0.19000         0.70000        0.50000        0.26043
0.20000         0.70000        0.50000        0.26393
0.21000         0.70000        0.50000        0.26760
0.22000         0.70000        0.50000        0.27144
0.23000         0.70000        0.50000        0.27546
0.24000         0.70000        0.50000        0.27965
0.25000         0.70000        0.50000        0.28401
0.26000         0.70000        0.50000        0.28855
0.27000         0.70000        0.50000        0.29326
0.28000         0.70000        0.50000        0.29814
0.29000         0.70000        0.50000        0.30319
0.30000         0.70000        0.50000        0.30841
0.31000         0.70000        0.50000        0.31379
0.32000         0.70000        0.50000        0.31935
0.33000         0.70000        0.50000        0.32507
0.34000         0.70000        0.50000        0.33096
0.35000         0.70000        0.50000        0.33701
0.36000         0.70000        0.50000        0.34322
0.37000         0.70000        0.50000        0.34960
0.38000         0.70000        0.50000        0.35614
0.39000         0.70000        0.50000        0.36284
0.40000         0.70000        0.50000        0.36970
0.41000         0.70000        0.50000        0.37671
0.42000         0.70000        0.50000        0.38389
0.43000         0.70000        0.50000        0.39122
0.44000         0.70000        0.50000        0.39870
0.45000         0.70000        0.50000        0.40633
0.46000         0.70000        0.50000        0.41412
0.47000         0.70000        0.50000        0.42206
0.48000         0.70000        0.50000        0.43014
0.49000         0.70000        0.50000        0.43837
0.50000         0.70000        0.50000        0.44675
0.51000         0.70000        0.50000        0.45527
0.52000         0.70000        0.50000        0.46393
0.53000         0.70000        0.50000        0.47273
0.54000         0.70000        0.50000        0.48167
0.55000         0.70000        0.50000        0.49075
0.56000         0.70000        0.50000        0.49996
0.57000         0.70000        0.50000        0.50930
0.58000         0.70000        0.50000        0.51877
0.59000         0.70000        0.50000        0.52837
0.60000         0.70000        0.50000        0.53810
0.61000         0.70000        0.50000        0.54795
0.62000         0.70000        0.50000        0.55792
0.63000         0.70000        0.50000        0.56801
0.64000         0.70000        0.50000        0.57822
0.65000         0.70000        0.50000        0.58855
0.66000         0.70000        0.50000        0.59898
0.67000         0.70000        0.50000        0.60953
0.68000         0.70000        0.50000        0.62018
0.69000         0.70000        0.50000        0.63094
0.70000         0.70000        0.50000        0.64180
0.71000         0.70000        0.50000        0.65276
0.72000         0.70000        0.50000        0.66382
0.73000         0.70000        0.50000        0.67496
0.74000         0.70000        0.50000        0.68621
0.75000         0.70000        0.50000        0.69753
0.76000         0.70000        0.50000        0.70895
0.77000         0.70000        0.50000        0.72044
0.78000         0.70000        0.50000        0.73202
0.79000         0.70000        0.50000        0.74367
0.80000         0.70000        0.50000        0.75539
0.81000         0.70000        0.50000        0.76718
0.82000         0.70000        0.50000        0.77904
0.83000         0.70000        0.50000        0.79097
0.84000         0.70000        0.50000        0.80295
0.85000         0.70000        0.50000        0.81499
0.86000         0.70000        0.50000        0.82708
0.87000         0.70000        0.50000        0.83922
0.88000         0.70000        0.50000        0.85141
0.89000         0.70000        0.50000        0.86364
0.90000         0.70000        0.50000        0.87591
0.91000         0.70000        0.50000        0.88822
0.92000         0.70000        0.50000        0.90055
0.93000         0.70000        0.50000        0.91292
0.94000         0.70000        0.50000        0.92531
0.95000         0.70000        0.50000        0.93773
0.96000         0.70000        0.50000        0.95016
0.97000         0.70000        0.50000        0.96261
0.98000         0.70000        0.50000        0.97507
0.99000         0.70000        0.50000        0.98753
1.0000          0.70000        0.50000        1.0000
0.0000          0.71000        0.50000        0.22794
0.010000        0.71000        0.50000        0.22803
0.020000        0.71000        0.50000        0.22830
0.030000        0.71000        0.50000        0.22875
0.040000        0.71000        0.50000        0.22938
0.050000        0.71000        0.50000        0.23020
0.060000        0.71000        0.50000        0.23119
0.070000        0.71000        0.50000        0.23236
0.080000        0.71000        0.50000        0.23372
0.090000        0.71000        0.50000        0.23525
0.10000         0.71000        0.50000        0.23697
0.11000         0.71000        0.50000        0.23886
0.12000         0.71000        0.50000        0.24093
0.13000         0.71000        0.50000        0.24319
0.14000         0.71000        0.50000        0.24562
0.15000         0.71000        0.50000        0.24822
0.16000         0.71000        0.50000        0.25101
0.17000         0.71000        0.50000        0.25398
0.18000         0.71000        0.50000        0.25712
0.19000         0.71000        0.50000        0.26043
0.20000         0.71000        0.50000        0.26393
0.21000         0.71000        0.50000        0.26760
0.22000         0.71000        0.50000        0.27144
0.23000         0.71000        0.50000        0.27546
0.24000         0.71000        0.50000        0.27965
0.25000         0.71000        0.50000        0.28401
0.26000         0.71000        0.50000        0.28855
0.27000         0.71000        0.50000        0.29326
0.28000         0.71000        0.50000        0.29814
0.29000         0.71000        0.50000        0.30319
0.30000         0.71000        0.50000        0.30841
0.31000         0.71000        0.50000        0.31379
0.32000         0.71000        0.50000        0.31935
0.33000         0.71000        0.50000        0.32507
0.34000         0.71000        0.50000        0.33096
0.35000         0.71000        0.50000        0.33701
0.36000         0.71000        0.50000        0.34322
0.37000         0.71000        0.50000        0.34960
0.38000         0.71000        0.50000        0.35614
0.39000         0.71000        0.50000        0.36284
0.40000         0.71000        0.50000        0.36970
0.41000         0.71000        0.50000        0.37671
0.42000         0.71000        0.50000        0.38389
0.43000         0.71000        0.50000        0.39122
0.44000         0.71000        0.50000        0.39870
0.45000         0.71000        0.50000        0.40633
0.46000         0.71000        0.50000        0.41412
0.47000         0.71000        0.50000        0.42206
0.48000         0.71000        0.50000        0.43014
0.49000         0.71000        0.50000        0.43837
0.50000         0.71000        0.50000        0.44675
0.51000         0.71000        0.50000        0.45527
0.52000         0.71000        0.50000        0.46393
0.53000         0.71000        0.50000        0.47273
0.54000         0.71000        0.50000        0.48167
0.55000         0.71000        0.50000        0.49075
0.56000         0.71000        0.50000        0.49996
0.57000         0.71000        0.50000        0.50930
0.58000         0.71000        0.50000        0.51877
0.59000         0.71000        0.50000        0.52837
0.60000         0.71000        0.50000        0.53810
0.61000         0.71000        0.50000        0.54795
0.62000         0.71000        0.50000        0.55792
0.63000         0.71000        0.50000        0.56801
0.64000         0.71000        0.50000        0.57822
0.65000         0.71000        0.50000        0.58855
0.66000         0.71000        0.50000        0.59898
0.67000         0.71000        0.50000        0.60953
0.68000         0.71000        0.50000        0.62018
0.69000         0.71000        0.50000        0.63094
0.70000         0.71000        0.50000        0.64180
0.71000         0.71000        0.50000        0.65276
0.72000         0.71000        0.50000        0.66382
0.73000         0.71000        0.50000        0.67496
0.74000         0.71000        0.50000        0.68621
0.75000         0.71000        0.50000        0.69753
0.76000         0.71000        0.50000        0.70895
0.77000         0.71000        0.50000        0.72044
0.78000         0.71000        0.50000        0.73202
0.79000         0.71000        0.50000        0.74367
0.80000         0.71000        0.50000        0.75539
0.81000         0.71000        0.50000        0.76718
0.82000         0.71000        0.50000        0.77904
0.83000         0.71000        0.50000        0.79097
0.84000         0.71000        0.50000        0.80295
0.85000         0.71000        0.50000        0.81499
0.86000         0.71000        0.50000        0.82708
0.87000         0.71000        0.50000        0.83922
0.88000         0.71000        0.50000        0.85141
0.89000         0.71000        0.50000        0.86364
0.90000         0.71000        0.50000        0.87591
0.91000         0.71000        0.50000        0.88822
0.92000         0.71000        0.50000        0.90055
0.93000         0.71000        0.50000        0.91292
0.94000         0.71000        0.50000        0.92531
0.95000         0.71000        0.50000        0.93773
0.96000         0.71000        0.50000        0.95016
0.97000         0.71000        0.50000        0.96261
0.98000         0.71000        0.50000        0.97507
0.99000         0.71000        0.50000        0.98753
1.0000          0.71000        0.50000        1.0000
0.0000          0.72000        0.50000        0.22794
0.010000        0.72000        0.50000        0.22803
0.020000        0.72000        0.50000        0.22830
0.030000        0.72000        0.50000        0.22875
0.040000        0.72000        0.50000        0.22938
0.050000        0.72000        0.50000        0.23020
0.060000        0.72000        0.50000        0.23119
0.070000        0.72000        0.50000        0.23236
0.080000        0.72000        0.50000        0.23372
0.090000        0.72000        0.50000        0.23525
0.10000         0.72000        0.50000        0.23697
0.11000         0.72000        0.50000        0.23886
0.12000         0.72000        0.50000        0.24093
0.13000         0.72000        0.50000        0.24319
0.14000         0.72000        0.50000        0.24562
0.15000         0.72000        0.50000        0.24822
0.16000         0.72000        0.50000        0.25101
0.17000         0.72000        0.50000        0.25398
0.18000         0.72000        0.50000        0.25712
0.19000         0.72000        0.50000        0.26043
0.20000         0.72000        0.50000        0.26393
0.21000         0.72000        0.50000        0.26760
0.22000         0.72000        0.50000        0.27144
0.23000         0.72000        0.50000        0.27546
0.24000         0.72000        0.50000        0.27965
0.25000         0.72000        0.50000        0.28401
0.26000         0.72000        0.50000        0.28855
0.27000         0.72000        0.50000        0.29326
0.28000         0.72000        0.50000        0.29814
0.29000         0.72000        0.50000        0.30319
0.30000         0.72000        0.50000        0.30841
0.31000         0.72000        0.50000        0.31379
0.32000         0.72000        0.50000        0.31935
0.33000         0.72000        0.50000        0.32507
0.34000         0.72000        0.50000        0.33096
0.35000         0.72000        0.50000        0.33701
0.36000         0.72000        0.50000        0.34322
0.37000         0.72000        0.50000        0.34960
0.38000         0.72000        0.50000        0.35614
0.39000         0.72000        0.50000        0.36284
0.40000         0.72000        0.50000        0.36970
0.41000         0.72000        0.50000        0.37671
0.42000         0.72000        0.50000        0.38389
0.43000         0.72000        0.50000        0.39122
0.44000         0.72000        0.50000        0.39870
0.45000         0.72000        0.50000        0.40633
0.46000         0.72000        0.50000        0.41412
0.47000         0.72000        0.50000        0.42206
0.48000         0.72000        0.50000        0.43014
0.49000         0.72000        0.50000        0.43837
0.50000         0.72000        0.50000        0.44675
0.51000         0.72000        0.50000        0.45527
0.52000         0.72000        0.50000        0.46393
0.53000         0.72000        0.50000        0.47273
0.54000         0.72000        0.50000        0.48167
0.55000         0.72000        0.50000        0.49075
0.56000         0.72000        0.50000        0.49996
0.57000         0.72000        0.50000        0.50930
0.58000         0.72000        0.50000        0.51877
0.59000         0.72000        0.50000        0.52837
0.60000         0.72000        0.50000        0.53810
0.61000         0.72000        0.50000        0.54795
0.62000         0.72000        0.50000        0.55792
0.63000         0.72000        0.50000        0.56801
0.64000         0.72000        0.50000        0.57822
0.65000         0.72000        0.50000        0.58855
0.66000         0.72000        0.50000        0.59898
0.67000         0.72000        0.50000        0.60953
0.68000         0.72000        0.50000        0.62018
0.69000         0.72000        0.50000        0.63094
0.70000         0.72000        0.50000        0.64180
0.71000         0.72000        0.50000        0.65276
0.72000         0.72000        0.50000        0.66382
0.73000         0.72000        0.50000        0.67496
0.74000         0.72000        0.50000        0.68621
0.75000         0.72000        0.50000        0.69753
0.76000         0.72000        0.50000        0.70895
0.77000         0.72000        0.50000        0.72044
0.78000         0.72000        0.50000        0.73202
0.79000         0.72000        0.50000        0.74367
0.80000         0.72000        0.50000        0.75539
0.81000         0.72000        0.50000        0.76718
0.82000         0.72000        0.50000        0.77904
0.83000         0.72000        0.50000        0.79097
0.84000         0.72000        0.50000        0.80295
0.85000         0.72000        0.50000        0.81499
0.86000         0.72000        0.50000        0.82708
0.87000         0.72000        0.50000        0.83922
0.88000         0.72000        0.50000        0.85141
0.89000         0.72000        0.50000        0.86364
0.90000         0.72000        0.50000        0.87591
0.91000         0.72000        0.50000        0.88822
0.92000         0.72000        0.50000        0.90055
0.93000         0.72000        0.50000        0.91292
0.94000         0.72000        0.50000        0.92531
0.95000         0.72000        0.50000        0.93773
0.96000         0.72000        0.50000        0.95016
0.97000         0.72000        0.50000        0.96261
0.98000         0.72000        0.50000        0.97507
0.99000         0.72000        0.50000        0.98753
1.0000          0.72000        0.50000        1.0000
0.0000          0.73000        0.50000        0.22794
0.010000        0.73000        0.50000        0.22803
0.020000        0.73000        0.50000        0.22830
0.030000        0.73000        0.50000        0.22875
0.040000        0.73000        0.50000        0.22938
0.050000        0.73000        0.50000        0.23020
0.060000        0.73000        0.50000        0.23119
0.070000        0.73000        0.50000        0.23236
0.080000        0.73000        0.50000        0.23372
0.090000        0.73000        0.50000        0.23525
0.10000         0.73000        0.50000        0.23697
0.11000         0.73000        0.50000        0.23886
0.12000         0.73000        0.50000        0.24093
0.13000         0.73000        0.50000        0.24319
0.14000         0.73000        0.50000        0.24562
0.15000         0.73000        0.50000        0.24822
0.16000         0.73000        0.50000        0.25101
0.17000         0.73000        0.50000        0.25398
0.18000         0.73000        0.50000        0.25712
0.19000         0.73000        0.50000        0.26043
0.20000         0.73000        0.50000        0.26393
0.21000         0.73000        0.50000        0.26760
0.22000         0.73000        0.50000        0.27144
0.23000         0.73000        0.50000        0.27546
0.24000         0.73000        0.50000        0.27965
0.25000         0.73000        0.50000        0.28401
0.26000         0.73000        0.50000        0.28855
0.27000         0.73000        0.50000        0.29326
0.28000         0.73000        0.50000        0.29814
0.29000         0.73000        0.50000        0.30319
0.30000         0.73000        0.50000        0.30841
0.31000         0.73000        0.50000        0.31379
0.32000         0.73000        0.50000        0.31935
0.33000         0.73000        0.50000        0.32507
0.34000         0.73000        0.50000        0.33096
0.35000         0.73000        0.50000        0.33701
0.36000         0.73000        0.50000        0.34322
0.37000         0.73000        0.50000        0.34960
0.38000         0.73000        0.50000        0.35614
0.39000         0.73000        0.50000        0.36284
0.40000         0.73000        0.50000        0.36970
0.41000         0.73000        0.50000        0.37671
0.42000         0.73000        0.50000        0.38389
0.43000         0.73000        0.50000        0.39122
0.44000         0.73000        0.50000        0.39870
0.45000         0.73000        0.50000        0.40633
0.46000         0.73000        0.50000        0.41412
0.47000         0.73000        0.50000        0.42206
0.48000         0.73000        0.50000        0.43014
0.49000         0.73000        0.50000        0.43837
0.50000         0.73000        0.50000        0.44675
0.51000         0.73000        0.50000        0.45527
0.52000         0.73000        0.50000        0.46393
0.53000         0.73000        0.50000        0.47273
0.54000         0.73000        0.50000        0.48167
0.55000         0.73000        0.50000        0.49075
0.56000         0.73000        0.50000        0.49996
0.57000         0.73000        0.50000        0.50930
0.58000         0.73000        0.50000        0.51877
0.59000         0.73000        0.50000        0.52837
0.60000         0.73000        0.50000        0.53810
0.61000         0.73000        0.50000        0.54795
0.62000         0.73000        0.50000        0.55792
0.63000         0.73000        0.50000        0.56801
0.64000         0.73000        0.50000        0.57822
0.65000         0.73000        0.50000        0.58855
0.66000         0.73000        0.50000        0.59898
0.67000         0.73000        0.50000        0.60953
0.68000         0.73000        0.50000        0.62018
0.69000         0.73000        0.50000        0.63094
0.70000         0.73000        0.50000        0.64180
0.71000         0.73000        0.50000        0.65276
0.72000         0.73000        0.50000        0.66382
0.73000         0.73000        0.50000        0.67496
0.74000         0.73000        0.50000        0.68621
0.75000         0.73000        0.50000        0.69753
0.76000         0.73000        0.50000        0.70895
0.77000         0.73000        0.50000        0.72044
0.78000         0.73000        0.50000        0.73202
0.79000         0.73000        0.50000        0.74367
0.80000         0.73000        0.50000        0.75539
0.81000         0.73000        0.50000        0.76718
0.82000         0.73000        0.50000        0.77904
0.83000         0.73000        0.50000        0.79097
0.84000         0.73000        0.50000        0.80295
0.85000         0.73000        0.50000        0.81499
0.86000         0.73000        0.50000        0.82708
0.87000         0.73000        0.50000        0.83922
0.88000         0.73000        0.50000        0.85141
0.89000         0.73000        0.50000        0.86364
0.90000         0.73000        0.50000        0.87591
0.91000         0.73000        0.50000        0.88822
0.92000         0.73000        0.50000        0.90055
0.93000         0.73000        0.50000        0.91292
0.94000         0.73000        0.50000        0.92531
0.95000         0.73000        0.50000        0.93773
0.96000         0.73000        0.50000        0.95016
0.97000         0.73000        0.50000        0.96261
0.98000         0.73000        0.50000        0.97507
0.99000         0.73000        0.50000        0.98753
1.0000          0.73000        0.50000        1.0000
0.0000          0.74000        0.50000        0.22794
0.010000        0.74000        0.50000        0.22803
0.020000        0.74000        0.50000        0.22830
0.030000        0.74000        0.50000        0.22875
0.040000        0.74000        0.50000        0.22938
0.050000        0.74000        0.50000        0.23020
0.060000        0.74000        0.50000        0.23119
0.070000        0.74000        0.50000        0.23236
0.080000        0.74000        0.50000        0.23372
0.090000        0.74000        0.50000        0.23525
0.10000         0.74000        0.50000        0.23697
0.11000         0.74000        0.50000        0.23886
0.12000         0.74000        0.50000        0.24093
0.13000         0.74000        0.50000        0.24319
0.14000         0.74000        0.50000        0.24562
0.15000         0.74000        0.50000        0.24822
0.16000         0.74000        0.50000        0.25101
0.17000         0.74000        0.50000        0.25398
0.18000         0.74000        0.50000        0.25712
0.19000         0.74000        0.50000        0.26043
0.20000         0.74000        0.50000        0.26393
0.21000         0.74000        0.50000        0.26760
0.22000         0.74000        0.50000        0.27144
0.23000         0.74000        0.50000        0.27546
0.24000         0.74000        0.50000        0.27965
0.25000         0.74000        0.50000        0.28401
0.26000         0.74000        0.50000        0.28855
0.27000         0.74000        0.50000        0.29326
0.28000         0.74000        0.50000        0.29814
0.29000         0.74000        0.50000        0.30319
0.30000         0.74000        0.50000        0.30841
0.31000         0.74000        0.50000        0.31379
0.32000         0.74000        0.50000        0.31935
0.33000         0.74000        0.50000        0.32507
0.34000         0.74000        0.50000        0.33096
0.35000         0.74000        0.50000        0.33701
0.36000         0.74000        0.50000        0.34322
0.37000         0.74000        0.50000        0.34960
0.38000         0.74000        0.50000        0.35614
0.39000         0.74000        0.50000        0.36284
0.40000         0.74000        0.50000        0.36970
0.41000         0.74000        0.50000        0.37671
0.42000         0.74000        0.50000        0.38389
0.43000         0.74000        0.50000        0.39122
0.44000         0.74000        0.50000        0.39870
0.45000         0.74000        0.50000        0.40633
0.46000         0.74000        0.50000        0.41412
0.47000         0.74000        0.50000        0.42206
0.48000         0.74000        0.50000        0.43014
0.49000         0.74000        0.50000        0.43837
0.50000         0.74000        0.50000        0.44675
0.51000         0.74000        0.50000        0.45527
0.52000         0.74000        0.50000        0.46393
0.53000         0.74000        0.50000        0.47273
0.54000         0.74000        0.50000        0.48167
0.55000         0.74000        0.50000        0.49075
0.56000         0.74000        0.50000        0.49996
0.57000         0.74000        0.50000        0.50930
0.58000         0.74000        0.50000        0.51877
0.59000         0.74000        0.50000        0.52837
0.60000         0.74000        0.50000        0.53810
0.61000         0.74000        0.50000        0.54795
0.62000         0.74000        0.50000        0.55792
0.63000         0.74000        0.50000        0.56801
0.64000         0.74000        0.50000        0.57822
0.65000         0.74000        0.50000        0.58855
0.66000         0.74000        0.50000        0.59898
0.67000         0.74000        0.50000        0.60953
0.68000         0.74000        0.50000        0.62018
0.69000         0.74000        0.50000        0.63094
0.70000         0.74000        0.50000        0.64180
0.71000         0.74000        0.50000        0.65276
0.72000         0.74000        0.50000        0.66382
0.73000         0.74000        0.50000        0.67496
0.74000         0.74000        0.50000        0.68621
0.75000         0.74000        0.50000        0.69753
0.76000         0.74000        0.50000        0.70895
0.77000         0.74000        0.50000        0.72044
0.78000         0.74000        0.50000        0.73202
0.79000         0.74000        0.50000        0.74367
0.80000         0.74000        0.50000        0.75539
0.81000         0.74000        0.50000        0.76718
0.82000         0.74000        0.50000        0.77904
0.83000         0.74000        0.50000        0.79097
0.84000         0.74000        0.50000        0.80295
0.85000         0.74000        0.50000        0.81499
0.86000         0.74000        0.50000        0.82708
0.87000         0.74000        0.50000        0.83922
0.88000         0.74000        0.50000        0.85141
0.89000         0.74000        0.50000        0.86364
0.90000         0.74000        0.50000        0.87591
0.91000         0.74000        0.50000        0.88822
0.92000         0.74000        0.50000        0.90055
0.93000         0.74000        0.50000        0.91292
0.94000         0.74000        0.50000        0.92531
0.95000         0.74000        0.50000        0.93773
0.96000         0.74000        0.50000        0.95016
0.97000         0.74000        0.50000        0.96261
0.98000         0.74000        0.50000        0.97507
0.99000         0.74000        0.50000        0.98753
1.0000          0.74000        0.50000        1.0000
0.0000          0.75000        0.50000        0.22794
0.010000        0.75000        0.50000        0.22803
0.020000        0.75000        0.50000        0.22830
0.030000        0.75000        0.50000        0.22875
0.040000        0.75000        0.50000        0.22938
0.050000        0.75000        0.50000        0.23020
0.060000        0.75000        0.50000        0.23119
0.070000        0.75000        0.50000        0.23236
0.080000        0.75000        0.50000        0.23372
0.090000        0.75000        0.50000        0.23525
0.10000         0.75000        0.50000        0.23697
0.11000         0.75000        0.50000        0.23886
0.12000         0.75000        0.50000        0.24093
0.13000         0.75000        0.50000        0.24319
0.14000         0.75000        0.50000        0.24562
0.15000         0.75000        0.50000        0.24822
0.16000         0.75000        0.50000        0.25101
0.17000         0.75000        0.50000        0.25398
0.18000         0.75000        0.50000        0.25712
0.19000         0.75000        0.50000        0.26043
0.20000         0.75000        0.50000        0.26393
0.21000         0.75000        0.50000        0.26760
0.22000         0.75000        0.50000        0.27144
0.23000         0.75000        0.50000        0.27546
0.24000         0.75000        0.50000        0.27965
0.25000         0.75000        0.50000        0.28401
0.26000         0.75000        0.50000        0.28855
0.27000         0.75000        0.50000        0.29326
0.28000         0.75000        0.50000        0.29814
0.29000         0.75000        0.50000        0.30319
0.30000         0.75000        0.50000        0.30841
0.31000         0.75000        0.50000        0.31379
0.32000         0.75000        0.50000        0.31935
0.33000         0.75000        0.50000        0.32507
0.34000         0.75000        0.50000        0.33096
0.35000         0.75000        0.50000        0.33701
0.36000         0.75000        0.50000        0.34322
0.37000         0.75000        0.50000        0.34960
0.38000         0.75000        0.50000        0.35614
0.39000         0.75000        0.50000        0.36284
0.40000         0.75000        0.50000        0.36970
0.41000         0.75000        0.50000        0.37671
0.42000         0.75000        0.50000        0.38389
0.43000         0.75000        0.50000        0.39122
0.44000         0.75000        0.50000        0.39870
0.45000         0.75000        0.50000        0.40633
0.46000         0.75000        0.50000        0.41412
0.47000         0.75000        0.50000        0.42206
0.48000         0.75000        0.50000        0.43014
0.49000         0.75000        0.50000        0.43837
0.50000         0.75000        0.50000        0.44675
0.51000         0.75000        0.50000        0.45527
0.52000         0.75000        0.50000        0.46393
0.53000         0.75000        0.50000        0.47273
0.54000         0.75000        0.50000        0.48167
0.55000         0.75000        0.50000        0.49075
0.56000         0.75000        0.50000        0.49996
0.57000         0.75000        0.50000        0.50930
0.58000         0.75000        0.50000        0.51877
0.59000         0.75000        0.50000        0.52837
0.60000         0.75000        0.50000        0.53810
0.61000         0.75000        0.50000        0.54795
0.62000         0.75000        0.50000        0.55792
0.63000         0.75000        0.50000        0.56801
0.64000         0.75000        0.50000        0.57822
0.65000         0.75000        0.50000        0.58855
0.66000         0.75000        0.50000        0.59898
0.67000         0.75000        0.50000        0.60953
0.68000         0.75000        0.50000        0.62018
0.69000         0.75000        0.50000        0.63094
0.70000         0.75000        0.50000        0.64180
0.71000         0.75000        0.50000        0.65276
0.72000         0.75000        0.50000        0.66382
0.73000         0.75000        0.50000        0.67496
0.74000         0.75000        0.50000        0.68621
0.75000         0.75000        0.50000        0.69753
0.76000         0.75000        0.50000        0.70895
0.77000         0.75000        0.50000        0.72044
0.78000         0.75000        0.50000        0.73202
0.79000         0.75000        0.50000        0.74367
0.80000         0.75000        0.50000        0.75539
0.81000         0.75000        0.50000        0.76718
0.82000         0.75000        0.50000        0.77904
0.83000         0.75000        0.50000        0.79097
0.84000         0.75000        0.50000        0.80295
0.85000         0.75000        0.50000        0.81499
0.86000         0.75000        0.50000        0.82708
0.87000         0.75000        0.50000        0.83922
0.88000         0.75000        0.50000        0.85141
0.89000         0.75000        0.50000        0.86364
0.90000         0.75000        0.50000        0.87591
0.91000         0.75000        0.50000        0.88822
0.92000         0.75000        0.50000        0.90055
0.93000         0.75000        0.50000        0.91292
0.94000         0.75000        0.50000        0.92531
0.95000         0.75000        0.50000        0.93773
0.96000         0.75000        0.50000        0.95016
0.97000         0.75000        0.50000        0.96261
0.98000         0.75000        0.50000        0.97507
0.99000         0.75000        0.50000        0.98753
1.0000          0.75000        0.50000        1.0000
0.0000          0.76000        0.50000        0.22794
0.010000        0.76000        0.50000        0.22803
0.020000        0.76000        0.50000        0.22830
0.030000        0.76000        0.50000        0.22875
0.040000        0.76000        0.50000        0.22938
0.050000        0.76000        0.50000        0.23020
0.060000        0.76000        0.50000        0.23119
0.070000        0.76000        0.50000        0.23236
0.080000        0.76000        0.50000        0.23372
0.090000        0.76000        0.50000        0.23525
0.10000         0.76000        0.50000        0.23697
0.11000         0.76000        0.50000        0.23886
0.12000         0.76000        0.50000        0.24093
0.13000         0.76000        0.50000        0.24319
0.14000         0.76000        0.50000        0.24562
0.15000         0.76000        0.50000        0.24822
0.16000         0.76000        0.50000        0.25101
0.17000         0.76000        0.50000        0.25398
0.18000         0.76000        0.50000        0.25712
0.19000         0.76000        0.50000        0.26043
0.20000         0.76000        0.50000        0.26393
0.21000         0.76000        0.50000        0.26760
0.22000         0.76000        0.50000        0.27144
0.23000         0.76000        0.50000        0.27546
0.24000         0.76000        0.50000        0.27965
0.25000         0.76000        0.50000        0.28401
0.26000         0.76000        0.50000        0.28855
0.27000         0.76000        0.50000        0.29326
0.28000         0.76000        0.50000        0.29814
0.29000         0.76000        0.50000        0.30319
0.30000         0.76000        0.50000        0.30841
0.31000         0.76000        0.50000        0.31379
0.32000         0.76000        0.50000        0.31935
0.33000         0.76000        0.50000        0.32507
0.34000         0.76000        0.50000        0.33096
0.35000         0.76000        0.50000        0.33701
0.36000         0.76000        0.50000        0.34322
0.37000         0.76000        0.50000        0.34960
0.38000         0.76000        0.50000        0.35614
0.39000         0.76000        0.50000        0.36284
0.40000         0.76000        0.50000        0.36970
0.41000         0.76000        0.50000        0.37671
0.42000         0.76000        0.50000        0.38389
0.43000         0.76000        0.50000        0.39122
0.44000         0.76000        0.50000        0.39870
0.45000         0.76000        0.50000        0.40633
0.46000         0.76000        0.50000        0.41412
0.47000         0.76000        0.50000        0.42206
0.48000         0.76000        0.50000        0.43014
0.49000         0.76000        0.50000        0.43837
0.50000         0.76000        0.50000        0.44675
0.51000         0.76000        0.50000        0.45527
0.52000         0.76000        0.50000        0.46393
0.53000         0.76000        0.50000        0.47273
0.54000         0.76000        0.50000        0.48167
0.55000         0.76000        0.50000        0.49075
0.56000         0.76000        0.50000        0.49996
0.57000         0.76000        0.50000        0.50930
0.58000         0.76000        0.50000        0.51877
0.59000         0.76000        0.50000        0.52837
0.60000         0.76000        0.50000        0.53810
0.61000         0.76000        0.50000        0.54795
0.62000         0.76000        0.50000        0.55792
0.63000         0.76000        0.50000        0.56801
0.64000         0.76000        0.50000        0.57822
0.65000         0.76000        0.50000        0.58855
0.66000         0.76000        0.50000        0.59898
0.67000         0.76000        0.50000        0.60953
0.68000         0.76000        0.50000        0.62018
0.69000         0.76000        0.50000        0.63094
0.70000         0.76000        0.50000        0.64180
0.71000         0.76000        0.50000        0.65276
0.72000         0.76000        0.50000        0.66382
0.73000         0.76000        0.50000        0.67496
0.74000         0.76000        0.50000        0.68621
0.75000         0.76000        0.50000        0.69753
0.76000         0.76000        0.50000        0.70895
0.77000         0.76000        0.50000        0.72044
0.78000         0.76000        0.50000        0.73202
0.79000         0.76000        0.50000        0.74367
0.80000         0.76000        0.50000        0.75539
0.81000         0.76000        0.50000        0.76718
0.82000         0.76000        0.50000        0.77904
0.83000         0.76000        0.50000        0.79097
0.84000         0.76000        0.50000        0.80295
0.85000         0.76000        0.50000        0.81499
0.86000         0.76000        0.50000        0.82708
0.87000         0.76000        0.50000        0.83922
0.88000         0.76000        0.50000        0.85141
0.89000         0.76000        0.50000        0.86364
0.90000         0.76000        0.50000        0.87591
0.91000         0.76000        0.50000        0.88822
0.92000         0.76000        0.50000        0.90055
0.93000         0.76000        0.50000        0.91292
0.94000         0.76000        0.50000        0.92531
0.95000         0.76000        0.50000        0.93773
0.96000         0.76000        0.50000        0.95016
0.97000         0.76000        0.50000        0.96261
0.98000         0.76000        0.50000        0.97507
0.99000         0.76000        0.50000        0.98753
1.0000          0.76000        0.50000        1.0000
0.0000          0.77000        0.50000        0.22794
0.010000        0.77000        0.50000        0.22803
0.020000        0.77000        0.50000        0.22830
0.030000        0.77000        0.50000        0.22875
0.040000        0.77000        0.50000        0.22938
0.050000        0.77000        0.50000        0.23020
0.060000        0.77000        0.50000        0.23119
0.070000        0.77000        0.50000        0.23236
0.080000        0.77000        0.50000        0.23372
0.090000        0.77000        0.50000        0.23525
0.10000         0.77000        0.50000        0.23697
0.11000         0.77000        0.50000        0.23886
0.12000         0.77000        0.50000        0.24093
0.13000         0.77000        0.50000        0.24319
0.14000         0.77000        0.50000        0.24562
0.15000         0.77000        0.50000        0.24822
0.16000         0.77000        0.50000        0.25101
0.17000         0.77000        0.50000        0.25398
0.18000         0.77000        0.50000        0.25712
0.19000         0.77000        0.50000        0.26043
0.20000         0.77000        0.50000        0.26393
0.21000         0.77000        0.50000        0.26760
0.22000         0.77000        0.50000        0.27144
0.23000         0.77000        0.50000        0.27546
0.24000         0.77000        0.50000        0.27965
0.25000         0.77000        0.50000        0.28401
0.26000         0.77000        0.50000        0.28855
0.27000         0.77000        0.50000        0.29326
0.28000         0.77000        0.50000        0.29814
0.29000         0.77000        0.50000        0.30319
0.30000         0.77000        0.50000        0.30841
0.31000         0.77000        0.50000        0.31379
0.32000         0.77000        0.50000        0.31935
0.33000         0.77000        0.50000        0.32507
0.34000         0.77000        0.50000        0.33096
0.35000         0.77000        0.50000        0.33701
0.36000         0.77000        0.50000        0.34322
0.37000         0.77000        0.50000        0.34960
0.38000         0.77000        0.50000        0.35614
0.39000         0.77000        0.50000        0.36284
0.40000         0.77000        0.50000        0.36970
0.41000         0.77000        0.50000        0.37671
0.42000         0.77000        0.50000        0.38389
0.43000         0.77000        0.50000        0.39122
0.44000         0.77000        0.50000        0.39870
0.45000         0.77000        0.50000        0.40633
0.46000         0.77000        0.50000        0.41412
0.47000         0.77000        0.50000        0.42206
0.48000         0.77000        0.50000        0.43014
0.49000         0.77000        0.50000        0.43837
0.50000         0.77000        0.50000        0.44675
0.51000         0.77000        0.50000        0.45527
0.52000         0.77000        0.50000        0.46393
0.53000         0.77000        0.50000        0.47273
0.54000         0.77000        0.50000        0.48167
0.55000         0.77000        0.50000        0.49075
0.56000         0.77000        0.50000        0.49996
0.57000         0.77000        0.50000        0.50930
0.58000         0.77000        0.50000        0.51877
0.59000         0.77000        0.50000        0.52837
0.60000         0.77000        0.50000        0.53810
0.61000         0.77000        0.50000        0.54795
0.62000         0.77000        0.50000        0.55792
0.63000         0.77000        0.50000        0.56801
0.64000         0.77000        0.50000        0.57822
0.65000         0.77000        0.50000        0.58855
0.66000         0.77000        0.50000        0.59898
0.67000         0.77000        0.50000        0.60953
0.68000         0.77000        0.50000        0.62018
0.69000         0.77000        0.50000        0.63094
0.70000         0.77000        0.50000        0.64180
0.71000         0.77000        0.50000        0.65276
0.72000         0.77000        0.50000        0.66382
0.73000         0.77000        0.50000        0.67496
0.74000         0.77000        0.50000        0.68621
0.75000         0.77000        0.50000        0.69753
0.76000         0.77000        0.50000        0.70895
0.77000         0.77000        0.50000        0.72044
0.78000         0.77000        0.50000        0.73202
0.79000         0.77000        0.50000        0.74367
0.80000         0.77000        0.50000        0.75539
0.81000         0.77000        0.50000        0.76718
0.82000         0.77000        0.50000        0.77904
0.83000         0.77000        0.50000        0.79097
0.84000         0.77000        0.50000        0.80295
0.85000         0.77000        0.50000        0.81499
0.86000         0.77000        0.50000        0.82708
0.87000         0.77000        0.50000        0.83922
0.88000         0.77000        0.50000        0.85141
0.89000         0.77000        0.50000        0.86364
0.90000         0.77000        0.50000        0.87591
0.91000         0.77000        0.50000        0.88822
0.92000         0.77000        0.50000        0.90055
0.93000         0.77000        0.50000        0.91292
0.94000         0.77000        0.50000        0.92531
0.95000         0.77000        0.50000        0.93773
0.96000         0.77000        0.50000        0.95016
0.97000         0.77000        0.50000        0.96261
0.98000         0.77000        0.50000        0.97507
0.99000         0.77000        0.50000        0.98753
1.0000          0.77000        0.50000        1.0000
0.0000          0.78000        0.50000        0.22794
0.010000        0.78000        0.50000        0.22803
0.020000        0.78000        0.50000        0.22830
0.030000        0.78000        0.50000        0.22875
0.040000        0.78000        0.50000        0.22938
0.050000        0.78000        0.50000        0.23020
0.060000        0.78000        0.50000        0.23119
0.070000        0.78000        0.50000        0.23236
0.080000        0.78000        0.50000        0.23372
0.090000        0.78000        0.50000        0.23525
0.10000         0.78000        0.50000        0.23697
0.11000         0.78000        0.50000        0.23886
0.12000         0.78000        0.50000        0.24093
0.13000         0.78000        0.50000        0.24319
0.14000         0.78000        0.50000        0.24562
0.15000         0.78000        0.50000        0.24822
0.16000         0.78000        0.50000        0.25101
0.17000         0.78000        0.50000        0.25398
0.18000         0.78000        0.50000        0.25712
0.19000         0.78000        0.50000        0.26043
0.20000         0.78000        0.50000        0.26393
0.21000         0.78000        0.50000        0.26760
0.22000         0.78000        0.50000        0.27144
0.23000         0.78000        0.50000        0.27546
0.24000         0.78000        0.50000        0.27965
0.25000         0.78000        0.50000        0.28401
0.26000         0.78000        0.50000        0.28855
0.27000         0.78000        0.50000        0.29326
0.28000         0.78000        0.50000        0.29814
0.29000         0.78000        0.50000        0.30319
0.30000         0.78000        0.50000        0.30841
0.31000         0.78000        0.50000        0.31379
0.32000         0.78000        0.50000        0.31935
0.33000         0.78000        0.50000        0.32507
0.34000         0.78000        0.50000        0.33096
0.35000         0.78000        0.50000        0.33701
0.36000         0.78000        0.50000        0.34322
0.37000         0.78000        0.50000        0.34960
0.38000         0.78000        0.50000        0.35614
0.39000         0.78000        0.50000        0.36284
0.40000         0.78000        0.50000        0.36970
0.41000         0.78000        0.50000        0.37671
0.42000         0.78000        0.50000        0.38389
0.43000         0.78000        0.50000        0.39122
0.44000         0.78000        0.50000        0.39870
0.45000         0.78000        0.50000        0.40633
0.46000         0.78000        0.50000        0.41412
0.47000         0.78000        0.50000        0.42206
0.48000         0.78000        0.50000        0.43014
0.49000         0.78000        0.50000        0.43837
0.50000         0.78000        0.50000        0.44675
0.51000         0.78000        0.50000        0.45527
0.52000         0.78000        0.50000        0.46393
0.53000         0.78000        0.50000        0.47273
0.54000         0.78000        0.50000        0.48167
0.55000         0.78000        0.50000        0.49075
0.56000         0.78000        0.50000        0.49996
0.57000         0.78000        0.50000        0.50930
0.58000         0.78000        0.50000        0.51877
0.59000         0.78000        0.50000        0.52837
0.60000         0.78000        0.50000        0.53810
0.61000         0.78000        0.50000        0.54795
0.62000         0.78000        0.50000        0.55792
0.63000         0.78000        0.50000        0.56801
0.64000         0.78000        0.50000        0.57822
0.65000         0.78000        0.50000        0.58855
0.66000         0.78000        0.50000        0.59898
0.67000         0.78000        0.50000        0.60953
0.68000         0.78000        0.50000        0.62018
0.69000         0.78000        0.50000        0.63094
0.70000         0.78000        0.50000        0.64180
0.71000         0.78000        0.50000        0.65276
0.72000         0.78000        0.50000        0.66382
0.73000         0.78000        0.50000        0.67496
0.74000         0.78000        0.50000        0.68621
0.75000         0.78000        0.50000        0.69753
0.76000         0.78000        0.50000        0.70895
0.77000         0.78000        0.50000        0.72044
0.78000         0.78000        0.50000        0.73202
0.79000         0.78000        0.50000        0.74367
0.80000         0.78000        0.50000        0.75539
0.81000         0.78000        0.50000        0.76718
0.82000         0.78000        0.50000        0.77904
0.83000         0.78000        0.50000        0.79097
0.84000         0.78000        0.50000        0.80295
0.85000         0.78000        0.50000        0.81499
0.86000         0.78000        0.50000        0.82708
0.87000         0.78000        0.50000        0.83922
0.88000         0.78000        0.50000        0.85141
0.89000         0.78000        0.50000        0.86364
0.90000         0.78000        0.50000        0.87591
0.91000         0.78000        0.50000        0.88822
0.92000         0.78000        0.50000        0.90055
0.93000         0.78000        0.50000        0.91292
0.94000         0.78000        0.50000        0.92531
0.95000         0.78000        0.50000        0.93773
0.96000         0.78000        0.50000        0.95016
0.97000         0.78000        0.50000        0.96261
0.98000         0.78000        0.50000        0.97507
0.99000         0.78000        0.50000        0.98753
1.0000          0.78000        0.50000        1.0000
0.0000          0.79000        0.50000        0.22794
0.010000        0.79000        0.50000        0.22803
0.020000        0.79000        0.50000        0.22830
0.030000        0.79000        0.50000        0.22875
0.040000        0.79000        0.50000        0.22938
0.050000        0.79000        0.50000        0.23020
0.060000        0.79000        0.50000        0.23119
0.070000        0.79000        0.50000        0.23236
0.080000        0.79000        0.50000        0.23372
0.090000        0.79000        0.50000        0.23525
0.10000         0.79000        0.50000        0.23697
0.11000         0.79000        0.50000        0.23886
0.12000         0.79000        0.50000        0.24093
0.13000         0.79000        0.50000        0.24319
0.14000         0.79000        0.50000        0.24562
0.15000         0.79000        0.50000        0.24822
0.16000         0.79000        0.50000        0.25101
0.17000         0.79000        0.50000        0.25398
0.18000         0.79000        0.50000        0.25712
0.19000         0.79000        0.50000        0.26043
0.20000         0.79000        0.50000        0.26393
0.21000         0.79000        0.50000        0.26760
0.22000         0.79000        0.50000        0.27144
0.23000         0.79000        0.50000        0.27546
0.24000         0.79000        0.50000        0.27965
0.25000         0.79000        0.50000        0.28401
0.26000         0.79000        0.50000        0.28855
0.27000         0.79000        0.50000        0.29326
0.28000         0.79000        0.50000        0.29814
0.29000         0.79000        0.50000        0.30319
0.30000         0.79000        0.50000        0.30841
0.31000         0.79000        0.50000        0.31379
0.32000         0.79000        0.50000        0.31935
0.33000         0.79000        0.50000        0.32507
0.34000         0.79000        0.50000        0.33096
0.35000         0.79000        0.50000        0.33701
0.36000         0.79000        0.50000        0.34322
0.37000         0.79000        0.50000        0.34960
0.38000         0.79000        0.50000        0.35614
0.39000         0.79000        0.50000        0.36284
0.40000         0.79000        0.50000        0.36970
0.41000         0.79000        0.50000        0.37671
0.42000         0.79000        0.50000        0.38389
0.43000         0.79000        0.50000        0.39122
0.44000         0.79000        0.50000        0.39870
0.45000         0.79000        0.50000        0.40633
0.46000         0.79000        0.50000        0.41412
0.47000         0.79000        0.50000        0.42206
0.48000         0.79000        0.50000        0.43014
0.49000         0.79000        0.50000        0.43837
0.50000         0.79000        0.50000        0.44675
0.51000         0.79000        0.50000        0.45527
0.52000         0.79000        0.50000        0.46393
0.53000         0.79000        0.50000        0.47273
0.54000         0.79000        0.50000        0.48167
0.55000         0.79000        0.50000        0.49075
0.56000         0.79000        0.50000        0.49996
0.57000         0.79000        0.50000        0.50930
0.58000         0.79000        0.50000        0.51877
0.59000         0.79000        0.50000        0.52837
0.60000         0.79000        0.50000        0.53810
0.61000         0.79000        0.50000        0.54795
0.62000         0.79000        0.50000        0.55792
0.63000         0.79000        0.50000        0.56801
0.64000         0.79000        0.50000        0.57822
0.65000         0.79000        0.50000        0.58855
0.66000         0.79000        0.50000        0.59898
0.67000         0.79000        0.50000        0.60953
0.68000         0.79000        0.50000        0.62018
0.69000         0.79000        0.50000        0.63094
0.70000         0.79000        0.50000        0.64180
0.71000         0.79000        0.50000        0.65276
0.72000         0.79000        0.50000        0.66382
0.73000         0.79000        0.50000        0.67496
0.74000         0.79000        0.50000        0.68621
0.75000         0.79000        0.50000        0.69753
0.76000         0.79000        0.50000        0.70895
0.77000         0.79000        0.50000        0.72044
0.78000         0.79000        0.50000        0.73202
0.79000         0.79000        0.50000        0.74367
0.80000         0.79000        0.50000        0.75539
0.81000         0.79000        0.50000        0.76718
0.82000         0.79000        0.50000        0.77904
0.83000         0.79000        0.50000        0.79097
0.84000         0.79000        0.50000        0.80295
0.85000         0.79000        0.50000        0.81499
0.86000         0.79000        0.50000        0.82708
0.87000         0.79000        0.50000        0.83922
0.88000         0.79000        0.50000        0.85141
0.89000         0.79000        0.50000        0.86364
0.90000         0.79000        0.50000        0.87591
0.91000         0.79000        0.50000        0.88822
0.92000         0.79000        0.50000        0.90055
0.93000         0.79000        0.50000        0.91292
0.94000         0.79000        0.50000        0.92531
0.95000         0.79000        0.50000        0.93773
0.96000         0.79000        0.50000        0.95016
0.97000         0.79000        0.50000        0.96261
0.98000         0.79000        0.50000        0.97507
0.99000         0.79000        0.50000        0.98753
1.0000          0.79000        0.50000        1.0000
0.0000          0.80000        0.50000        0.22794
0.010000        0.80000        0.50000        0.22803
0.020000        0.80000        0.50000        0.22830
0.030000        0.80000        0.50000        0.22875
0.040000        0.80000        0.50000        0.22938
0.050000        0.80000        0.50000        0.23020
0.060000        0.80000        0.50000        0.23119
0.070000        0.80000        0.50000        0.23236
0.080000        0.80000        0.50000        0.23372
0.090000        0.80000        0.50000        0.23525
0.10000         0.80000        0.50000        0.23697
0.11000         0.80000        0.50000        0.23886
0.12000         0.80000        0.50000        0.24093
0.13000         0.80000        0.50000        0.24319
0.14000         0.80000        0.50000        0.24562
0.15000         0.80000        0.50000        0.24822
0.16000         0.80000        0.50000        0.25101
0.17000         0.80000        0.50000        0.25398
0.18000         0.80000        0.50000        0.25712
0.19000         0.80000        0.50000        0.26043
0.20000         0.80000        0.50000        0.26393
0.21000         0.80000        0.50000        0.26760
0.22000         0.80000        0.50000        0.27144
0.23000         0.80000        0.50000        0.27546
0.24000         0.80000        0.50000        0.27965
0.25000         0.80000        0.50000        0.28401
0.26000         0.80000        0.50000        0.28855
0.27000         0.80000        0.50000        0.29326
0.28000         0.80000        0.50000        0.29814
0.29000         0.80000        0.50000        0.30319
0.30000         0.80000        0.50000        0.30841
0.31000         0.80000        0.50000        0.31379
0.32000         0.80000        0.50000        0.31935
0.33000         0.80000        0.50000        0.32507
0.34000         0.80000        0.50000        0.33096
0.35000         0.80000        0.50000        0.33701
0.36000         0.80000        0.50000        0.34322
0.37000         0.80000        0.50000        0.34960
0.38000         0.80000        0.50000        0.35614
0.39000         0.80000        0.50000        0.36284
0.40000         0.80000        0.50000        0.36970
0.41000         0.80000        0.50000        0.37671
0.42000         0.80000        0.50000        0.38389
0.43000         0.80000        0.50000        0.39122
0.44000         0.80000        0.50000        0.39870
0.45000         0.80000        0.50000        0.40633
0.46000         0.80000        0.50000        0.41412
0.47000         0.80000        0.50000        0.42206
0.48000         0.80000        0.50000        0.43014
0.49000         0.80000        0.50000        0.43837
0.50000         0.80000        0.50000        0.44675
0.51000         0.80000        0.50000        0.45527
0.52000         0.80000        0.50000        0.46393
0.53000         0.80000        0.50000        0.47273
0.54000         0.80000        0.50000        0.48167
0.55000         0.80000        0.50000        0.49075
0.56000         0.80000        0.50000        0.49996
0.57000         0.80000        0.50000        0.50930
0.58000         0.80000        0.50000        0.51877
0.59000         0.80000        0.50000        0.52837
0.60000         0.80000        0.50000        0.53810
0.61000         0.80000        0.50000        0.54795
0.62000         0.80000        0.50000        0.55792
0.63000         0.80000        0.50000        0.56801
0.64000         0.80000        0.50000        0.57822
0.65000         0.80000        0.50000        0.58855
0.66000         0.80000        0.50000        0.59898
0.67000         0.80000        0.50000        0.60953
0.68000         0.80000        0.50000        0.62018
0.69000         0.80000        0.50000        0.63094
0.70000         0.80000        0.50000        0.64180
0.71000         0.80000        0.50000        0.65276
0.72000         0.80000        0.50000        0.66382
0.73000         0.80000        0.50000        0.67496
0.74000         0.80000        0.50000        0.68621
0.75000         0.80000        0.50000        0.69753
0.76000         0.80000        0.50000        0.70895
0.77000         0.80000        0.50000        0.72044
0.78000         0.80000        0.50000        0.73202
0.79000         0.80000        0.50000        0.74367
0.80000         0.80000        0.50000        0.75539
0.81000         0.80000        0.50000        0.76718
0.82000         0.80000        0.50000        0.77904
0.83000         0.80000        0.50000        0.79097
0.84000         0.80000        0.50000        0.80295
0.85000         0.80000        0.50000        0.81499
0.86000         0.80000        0.50000        0.82708
0.87000         0.80000        0.50000        0.83922
0.88000         0.80000        0.50000        0.85141
0.89000         0.80000        0.50000        0.86364
0.90000         0.80000        0.50000        0.87591
0.91000         0.80000        0.50000        0.88822
0.92000         0.80000        0.50000        0.90055
0.93000         0.80000        0.50000        0.91292
0.94000         0.80000        0.50000        0.92531
0.95000         0.80000        0.50000        0.93773
0.96000         0.80000        0.50000        0.95016
0.97000         0.80000        0.50000        0.96261
0.98000         0.80000        0.50000        0.97507
0.99000         0.80000        0.50000        0.98753
1.0000          0.80000        0.50000        1.0000
0.0000          0.81000        0.50000        0.22794
0.010000        0.81000        0.50000        0.22803
0.020000        0.81000        0.50000        0.22830
0.030000        0.81000        0.50000        0.22875
0.040000        0.81000        0.50000        0.22938
0.050000        0.81000        0.50000        0.23020
0.060000        0.81000        0.50000        0.23119
0.070000        0.81000        0.50000        0.23236
0.080000        0.81000        0.50000        0.23372
0.090000        0.81000        0.50000        0.23525
0.10000         0.81000        0.50000        0.23697
0.11000         0.81000        0.50000        0.23886
0.12000         0.81000        0.50000        0.24093
0.13000         0.81000        0.50000        0.24319
0.14000         0.81000        0.50000        0.24562
0.15000         0.81000        0.50000        0.24822
0.16000         0.81000        0.50000        0.25101
0.17000         0.81000        0.50000        0.25398
0.18000         0.81000        0.50000        0.25712
0.19000         0.81000        0.50000        0.26043
0.20000         0.81000        0.50000        0.26393
0.21000         0.81000        0.50000        0.26760
0.22000         0.81000        0.50000        0.27144
0.23000         0.81000        0.50000        0.27546
0.24000         0.81000        0.50000        0.27965
0.25000         0.81000        0.50000        0.28401
0.26000         0.81000        0.50000        0.28855
0.27000         0.81000        0.50000        0.29326
0.28000         0.81000        0.50000        0.29814
0.29000         0.81000        0.50000        0.30319
0.30000         0.81000        0.50000        0.30841
0.31000         0.81000        0.50000        0.31379
0.32000         0.81000        0.50000        0.31935
0.33000         0.81000        0.50000        0.32507
0.34000         0.81000        0.50000        0.33096
0.35000         0.81000        0.50000        0.33701
0.36000         0.81000        0.50000        0.34322
0.37000         0.81000        0.50000        0.34960
0.38000         0.81000        0.50000        0.35614
0.39000         0.81000        0.50000        0.36284
0.40000         0.81000        0.50000        0.36970
0.41000         0.81000        0.50000        0.37671
0.42000         0.81000        0.50000        0.38389
0.43000         0.81000        0.50000        0.39122
0.44000         0.81000        0.50000        0.39870
0.45000         0.81000        0.50000        0.40633
0.46000         0.81000        0.50000        0.41412
0.47000         0.81000        0.50000        0.42206
0.48000         0.81000        0.50000        0.43014
0.49000         0.81000        0.50000        0.43837
0.50000         0.81000        0.50000        0.44675
0.51000         0.81000        0.50000        0.45527
0.52000         0.81000        0.50000        0.46393
0.53000         0.81000        0.50000        0.47273
0.54000         0.81000        0.50000        0.48167
0.55000         0.81000        0.50000        0.49075
0.56000         0.81000        0.50000        0.49996
0.57000         0.81000        0.50000        0.50930
0.58000         0.81000        0.50000        0.51877
0.59000         0.81000        0.50000        0.52837
0.60000         0.81000        0.50000        0.53810
0.61000         0.81000        0.50000        0.54795
0.62000         0.81000        0.50000        0.55792
0.63000         0.81000        0.50000        0.56801
0.64000         0.81000        0.50000        0.57822
0.65000         0.81000        0.50000        0.58855
0.66000         0.81000        0.50000        0.59898
0.67000         0.81000        0.50000        0.60953
0.68000         0.81000        0.50000        0.62018
0.69000         0.81000        0.50000        0.63094
0.70000         0.81000        0.50000        0.64180
0.71000         0.81000        0.50000        0.65276
0.72000         0.81000        0.50000        0.66382
0.73000         0.81000        0.50000        0.67496
0.74000         0.81000        0.50000        0.68621
0.75000         0.81000        0.50000        0.69753
0.76000         0.81000        0.50000        0.70895
0.77000         0.81000        0.50000        0.72044
0.78000         0.81000        0.50000        0.73202
0.79000         0.81000        0.50000        0.74367
0.80000         0.81000        0.50000        0.75539
0.81000         0.81000        0.50000        0.76718
0.82000         0.81000        0.50000        0.77904
0.83000         0.81000        0.50000        0.79097
0.84000         0.81000        0.50000        0.80295
0.85000         0.81000        0.50000        0.81499
0.86000         0.81000        0.50000        0.82708
0.87000         0.81000        0.50000        0.83922
0.88000         0.81000        0.50000        0.85141
0.89000         0.81000        0.50000        0.86364
0.90000         0.81000        0.50000        0.87591
0.91000         0.81000        0.50000        0.88822
0.92000         0.81000        0.50000        0.90055
0.93000         0.81000        0.50000        0.91292
0.94000         0.81000        0.50000        0.92531
0.95000         0.81000        0.50000        0.93773
0.96000         0.81000        0.50000        0.95016
0.97000         0.81000        0.50000        0.96261
0.98000         0.81000        0.50000        0.97507
0.99000         0.81000        0.50000        0.98753
1.0000          0.81000        0.50000        1.0000
0.0000          0.82000        0.50000        0.22794
0.010000        0.82000        0.50000        0.22803
0.020000        0.82000        0.50000        0.22830
0.030000        0.82000        0.50000        0.22875
0.040000        0.82000        0.50000        0.22938
0.050000        0.82000        0.50000        0.23020
0.060000        0.82000        0.50000        0.23119
0.070000        0.82000        0.50000        0.23236
0.080000        0.82000        0.50000        0.23372
0.090000        0.82000        0.50000        0.23525
0.10000         0.82000        0.50000        0.23697
0.11000         0.82000        0.50000        0.23886
0.12000         0.82000        0.50000        0.24093
0.13000         0.82000        0.50000        0.24319
0.14000         0.82000        0.50000        0.24562
0.15000         0.82000        0.50000        0.24822
0.16000         0.82000        0.50000        0.25101
0.17000         0.82000        0.50000        0.25398
0.18000         0.82000        0.50000        0.25712
0.19000         0.82000        0.50000        0.26043
0.20000         0.82000        0.50000        0.26393
0.21000         0.82000        0.50000        0.26760
0.22000         0.82000        0.50000        0.27144
0.23000         0.82000        0.50000        0.27546
0.24000         0.82000        0.50000        0.27965
0.25000         0.82000        0.50000        0.28401
0.26000         0.82000        0.50000        0.28855
0.27000         0.82000        0.50000        0.29326
0.28000         0.82000        0.50000        0.29814
0.29000         0.82000        0.50000        0.30319
0.30000         0.82000        0.50000        0.30841
0.31000         0.82000        0.50000        0.31379
0.32000         0.82000        0.50000        0.31935
0.33000         0.82000        0.50000        0.32507
0.34000         0.82000        0.50000        0.33096
0.35000         0.82000        0.50000        0.33701
0.36000         0.82000        0.50000        0.34322
0.37000         0.82000        0.50000        0.34960
0.38000         0.82000        0.50000        0.35614
0.39000         0.82000        0.50000        0.36284
0.40000         0.82000        0.50000        0.36970
0.41000         0.82000        0.50000        0.37671
0.42000         0.82000        0.50000        0.38389
0.43000         0.82000        0.50000        0.39122
0.44000         0.82000        0.50000        0.39870
0.45000         0.82000        0.50000        0.40633
0.46000         0.82000        0.50000        0.41412
0.47000         0.82000        0.50000        0.42206
0.48000         0.82000        0.50000        0.43014
0.49000         0.82000        0.50000        0.43837
0.50000         0.82000        0.50000        0.44675
0.51000         0.82000        0.50000        0.45527
0.52000         0.82000        0.50000        0.46393
0.53000         0.82000        0.50000        0.47273
0.54000         0.82000        0.50000        0.48167
0.55000         0.82000        0.50000        0.49075
0.56000         0.82000        0.50000        0.49996
0.57000         0.82000        0.50000        0.50930
0.58000         0.82000        0.50000        0.51877
0.59000         0.82000        0.50000        0.52837
0.60000         0.82000        0.50000        0.53810
0.61000         0.82000        0.50000        0.54795
0.62000         0.82000        0.50000        0.55792
0.63000         0.82000        0.50000        0.56801
0.64000         0.82000        0.50000        0.57822
0.65000         0.82000        0.50000        0.58855
0.66000         0.82000        0.50000        0.59898
0.67000         0.82000        0.50000        0.60953
0.68000         0.82000        0.50000        0.62018
0.69000         0.82000        0.50000        0.63094
0.70000         0.82000        0.50000        0.64180
0.71000         0.82000        0.50000        0.65276
0.72000         0.82000        0.50000        0.66382
0.73000         0.82000        0.50000        0.67496
0.74000         0.82000        0.50000        0.68621
0.75000         0.82000        0.50000        0.69753
0.76000         0.82000        0.50000        0.70895
0.77000         0.82000        0.50000        0.72044
0.78000         0.82000        0.50000        0.73202
0.79000         0.82000        0.50000        0.74367
0.80000         0.82000        0.50000        0.75539
0.81000         0.82000        0.50000        0.76718
0.82000         0.82000        0.50000        0.77904
0.83000         0.82000        0.50000        0.79097
0.84000         0.82000        0.50000        0.80295
0.85000         0.82000        0.50000        0.81499
0.86000         0.82000        0.50000        0.82708
0.87000         0.82000        0.50000        0.83922
0.88000         0.82000        0.50000        0.85141
0.89000         0.82000        0.50000        0.86364
0.90000         0.82000        0.50000        0.87591
0.91000         0.82000        0.50000        0.88822
0.92000         0.82000        0.50000        0.90055
0.93000         0.82000        0.50000        0.91292
0.94000         0.82000        0.50000        0.92531
0.95000         0.82000        0.50000        0.93773
0.96000         0.82000        0.50000        0.95016
0.97000         0.82000        0.50000        0.96261
0.98000         0.82000        0.50000        0.97507
0.99000         0.82000        0.50000        0.98753
1.0000          0.82000        0.50000        1.0000
0.0000          0.83000        0.50000        0.22794
0.010000        0.83000        0.50000        0.22803
0.020000        0.83000        0.50000        0.22830
0.030000        0.83000        0.50000        0.22875
0.040000        0.83000        0.50000        0.22938
0.050000        0.83000        0.50000        0.23020
0.060000        0.83000        0.50000        0.23119
0.070000        0.83000        0.50000        0.23236
0.080000        0.83000        0.50000        0.23372
0.090000        0.83000        0.50000        0.23525
0.10000         0.83000        0.50000        0.23697
0.11000         0.83000        0.50000        0.23886
0.12000         0.83000        0.50000        0.24093
0.13000         0.83000        0.50000        0.24319
0.14000         0.83000        0.50000        0.24562
0.15000         0.83000        0.50000        0.24822
0.16000         0.83000        0.50000        0.25101
0.17000         0.83000        0.50000        0.25398
0.18000         0.83000        0.50000        0.25712
0.19000         0.83000        0.50000        0.26043
0.20000         0.83000        0.50000        0.26393
0.21000         0.83000        0.50000        0.26760
0.22000         0.83000        0.50000        0.27144
0.23000         0.83000        0.50000        0.27546
0.24000         0.83000        0.50000        0.27965
0.25000         0.83000        0.50000        0.28401
0.26000         0.83000        0.50000        0.28855
0.27000         0.83000        0.50000        0.29326
0.28000         0.83000        0.50000        0.29814
0.29000         0.83000        0.50000        0.30319
0.30000         0.83000        0.50000        0.30841
0.31000         0.83000        0.50000        0.31379
0.32000         0.83000        0.50000        0.31935
0.33000         0.83000        0.50000        0.32507
0.34000         0.83000        0.50000        0.33096
0.35000         0.83000        0.50000        0.33701
0.36000         0.83000        0.50000        0.34322
0.37000         0.83000        0.50000        0.34960
0.38000         0.83000        0.50000        0.35614
0.39000         0.83000        0.50000        0.36284
0.40000         0.83000        0.50000        0.36970
0.41000         0.83000        0.50000        0.37671
0.42000         0.83000        0.50000        0.38389
0.43000         0.83000        0.50000        0.39122
0.44000         0.83000        0.50000        0.39870
0.45000         0.83000        0.50000        0.40633
0.46000         0.83000        0.50000        0.41412
0.47000         0.83000        0.50000        0.42206
0.48000         0.83000        0.50000        0.43014
0.49000         0.83000        0.50000        0.43837
0.50000         0.83000        0.50000        0.44675
0.51000         0.83000        0.50000        0.45527
0.52000         0.83000        0.50000        0.46393
0.53000         0.83000        0.50000        0.47273
0.54000         0.83000        0.50000        0.48167
0.55000         0.83000        0.50000        0.49075
0.56000         0.83000        0.50000        0.49996
0.57000         0.83000        0.50000        0.50930
0.58000         0.83000        0.50000        0.51877
0.59000         0.83000        0.50000        0.52837
0.60000         0.83000        0.50000        0.53810
0.61000         0.83000        0.50000        0.54795
0.62000         0.83000        0.50000        0.55792
0.63000         0.83000        0.50000        0.56801
0.64000         0.83000        0.50000        0.57822
0.65000         0.83000        0.50000        0.58855
0.66000         0.83000        0.50000        0.59898
0.67000         0.83000        0.50000        0.60953
0.68000         0.83000        0.50000        0.62018
0.69000         0.83000        0.50000        0.63094
0.70000         0.83000        0.50000        0.64180
0.71000         0.83000        0.50000        0.65276
0.72000         0.83000        0.50000        0.66382
0.73000         0.83000        0.50000        0.67496
0.74000         0.83000        0.50000        0.68621
0.75000         0.83000        0.50000        0.69753
0.76000         0.83000        0.50000        0.70895
0.77000         0.83000        0.50000        0.72044
0.78000         0.83000        0.50000        0.73202
0.79000         0.83000        0.50000        0.74367
0.80000         0.83000        0.50000        0.75539
0.81000         0.83000        0.50000        0.76718
0.82000         0.83000        0.50000        0.77904
0.83000         0.83000        0.50000        0.79097
0.84000         0.83000        0.50000        0.80295
0.85000         0.83000        0.50000        0.81499
0.86000         0.83000        0.50000        0.82708
0.87000         0.83000        0.50000        0.83922
0.88000         0.83000        0.50000        0.85141
0.89000         0.83000        0.50000        0.86364
0.90000         0.83000        0.50000        0.87591
0.91000         0.83000        0.50000        0.88822
0.92000         0.83000        0.50000        0.90055
0.93000         0.83000        0.50000        0.91292
0.94000         0.83000        0.50000        0.92531
0.95000         0.83000        0.50000        0.93773
0.96000         0.83000        0.50000        0.95016
0.97000         0.83000        0.50000        0.96261
0.98000         0.83000        0.50000        0.97507
0.99000         0.83000        0.50000        0.98753
1.0000          0.83000        0.50000        1.0000
0.0000          0.84000        0.50000        0.22794
0.010000        0.84000        0.50000        0.22803
0.020000        0.84000        0.50000        0.22830
0.030000        0.84000        0.50000        0.22875
0.040000        0.84000        0.50000        0.22938
0.050000        0.84000        0.50000        0.23020
0.060000        0.84000        0.50000        0.23119
0.070000        0.84000        0.50000        0.23236
0.080000        0.84000        0.50000        0.23372
0.090000        0.84000        0.50000        0.23525
0.10000         0.84000        0.50000        0.23697
0.11000         0.84000        0.50000        0.23886
0.12000         0.84000        0.50000        0.24093
0.13000         0.84000        0.50000        0.24319
0.14000         0.84000        0.50000        0.24562
0.15000         0.84000        0.50000        0.24822
0.16000         0.84000        0.50000        0.25101
0.17000         0.84000        0.50000        0.25398
0.18000         0.84000        0.50000        0.25712
0.19000         0.84000        0.50000        0.26043
0.20000         0.84000        0.50000        0.26393
0.21000         0.84000        0.50000        0.26760
0.22000         0.84000        0.50000        0.27144
0.23000         0.84000        0.50000        0.27546
0.24000         0.84000        0.50000        0.27965
0.25000         0.84000        0.50000        0.28401
0.26000         0.84000        0.50000        0.28855
0.27000         0.84000        0.50000        0.29326
0.28000         0.84000        0.50000        0.29814
0.29000         0.84000        0.50000        0.30319
0.30000         0.84000        0.50000        0.30841
0.31000         0.84000        0.50000        0.31379
0.32000         0.84000        0.50000        0.31935
0.33000         0.84000        0.50000        0.32507
0.34000         0.84000        0.50000        0.33096
0.35000         0.84000        0.50000        0.33701
0.36000         0.84000        0.50000        0.34322
0.37000         0.84000        0.50000        0.34960
0.38000         0.84000        0.50000        0.35614
0.39000         0.84000        0.50000        0.36284
0.40000         0.84000        0.50000        0.36970
0.41000         0.84000        0.50000        0.37671
0.42000         0.84000        0.50000        0.38389
0.43000         0.84000        0.50000        0.39122
0.44000         0.84000        0.50000        0.39870
0.45000         0.84000        0.50000        0.40633
0.46000         0.84000        0.50000        0.41412
0.47000         0.84000        0.50000        0.42206
0.48000         0.84000        0.50000        0.43014
0.49000         0.84000        0.50000        0.43837
0.50000         0.84000        0.50000        0.44675
0.51000         0.84000        0.50000        0.45527
0.52000         0.84000        0.50000        0.46393
0.53000         0.84000        0.50000        0.47273
0.54000         0.84000        0.50000        0.48167
0.55000         0.84000        0.50000        0.49075
0.56000         0.84000        0.50000        0.49996
0.57000         0.84000        0.50000        0.50930
0.58000         0.84000        0.50000        0.51877
0.59000         0.84000        0.50000        0.52837
0.60000         0.84000        0.50000        0.53810
0.61000         0.84000        0.50000        0.54795
0.62000         0.84000        0.50000        0.55792
0.63000         0.84000        0.50000        0.56801
0.64000         0.84000        0.50000        0.57822
0.65000         0.84000        0.50000        0.58855
0.66000         0.84000        0.50000        0.59898
0.67000         0.84000        0.50000        0.60953
0.68000         0.84000        0.50000        0.62018
0.69000         0.84000        0.50000        0.63094
0.70000         0.84000        0.50000        0.64180
0.71000         0.84000        0.50000        0.65276
0.72000         0.84000        0.50000        0.66382
0.73000         0.84000        0.50000        0.67496
0.74000         0.84000        0.50000        0.68621
0.75000         0.84000        0.50000        0.69753
0.76000         0.84000        0.50000        0.70895
0.77000         0.84000        0.50000        0.72044
0.78000         0.84000        0.50000        0.73202
0.79000         0.84000        0.50000        0.74367
0.80000         0.84000        0.50000        0.75539
0.81000         0.84000        0.50000        0.76718
0.82000         0.84000        0.50000        0.77904
0.83000         0.84000        0.50000        0.79097
0.84000         0.84000        0.50000        0.80295
0.85000         0.84000        0.50000        0.81499
0.86000         0.84000        0.50000        0.82708
0.87000         0.84000        0.50000        0.83922
0.88000         0.84000        0.50000        0.85141
0.89000         0.84000        0.50000        0.86364
0.90000         0.84000        0.50000        0.87591
0.91000         0.84000        0.50000        0.88822
0.92000         0.84000        0.50000        0.90055
0.93000         0.84000        0.50000        0.91292
0.94000         0.84000        0.50000        0.92531
0.95000         0.84000        0.50000        0.93773
0.96000         0.84000        0.50000        0.95016
0.97000         0.84000        0.50000        0.96261
0.98000         0.84000        0.50000        0.97507
0.99000         0.84000        0.50000        0.98753
1.0000          0.84000        0.50000        1.0000
0.0000          0.85000        0.50000        0.22794
0.010000        0.85000        0.50000        0.22803
0.020000        0.85000        0.50000        0.22830
0.030000        0.85000        0.50000        0.22875
0.040000        0.85000        0.50000        0.22938
0.050000        0.85000        0.50000        0.23020
0.060000        0.85000        0.50000        0.23119
0.070000        0.85000        0.50000        0.23236
0.080000        0.85000        0.50000        0.23372
0.090000        0.85000        0.50000        0.23525
0.10000         0.85000        0.50000        0.23697
0.11000         0.85000        0.50000        0.23886
0.12000         0.85000        0.50000        0.24093
0.13000         0.85000        0.50000        0.24319
0.14000         0.85000        0.50000        0.24562
0.15000         0.85000        0.50000        0.24822
0.16000         0.85000        0.50000        0.25101
0.17000         0.85000        0.50000        0.25398
0.18000         0.85000        0.50000        0.25712
0.19000         0.85000        0.50000        0.26043
0.20000         0.85000        0.50000        0.26393
0.21000         0.85000        0.50000        0.26760
0.22000         0.85000        0.50000        0.27144
0.23000         0.85000        0.50000        0.27546
0.24000         0.85000        0.50000        0.27965
0.25000         0.85000        0.50000        0.28401
0.26000         0.85000        0.50000        0.28855
0.27000         0.85000        0.50000        0.29326
0.28000         0.85000        0.50000        0.29814
0.29000         0.85000        0.50000        0.30319
0.30000         0.85000        0.50000        0.30841
0.31000         0.85000        0.50000        0.31379
0.32000         0.85000        0.50000        0.31935
0.33000         0.85000        0.50000        0.32507
0.34000         0.85000        0.50000        0.33096
0.35000         0.85000        0.50000        0.33701
0.36000         0.85000        0.50000        0.34322
0.37000         0.85000        0.50000        0.34960
0.38000         0.85000        0.50000        0.35614
0.39000         0.85000        0.50000        0.36284
0.40000         0.85000        0.50000        0.36970
0.41000         0.85000        0.50000        0.37671
0.42000         0.85000        0.50000        0.38389
0.43000         0.85000        0.50000        0.39122
0.44000         0.85000        0.50000        0.39870
0.45000         0.85000        0.50000        0.40633
0.46000         0.85000        0.50000        0.41412
0.47000         0.85000        0.50000        0.42206
0.48000         0.85000        0.50000        0.43014
0.49000         0.85000        0.50000        0.43837
0.50000         0.85000        0.50000        0.44675
0.51000         0.85000        0.50000        0.45527
0.52000         0.85000        0.50000        0.46393
0.53000         0.85000        0.50000        0.47273
0.54000         0.85000        0.50000        0.48167
0.55000         0.85000        0.50000        0.49075
0.56000         0.85000        0.50000        0.49996
0.57000         0.85000        0.50000        0.50930
0.58000         0.85000        0.50000        0.51877
0.59000         0.85000        0.50000        0.52837
0.60000         0.85000        0.50000        0.53810
0.61000         0.85000        0.50000        0.54795
0.62000         0.85000        0.50000        0.55792
0.63000         0.85000        0.50000        0.56801
0.64000         0.85000        0.50000        0.57822
0.65000         0.85000        0.50000        0.58855
0.66000         0.85000        0.50000        0.59898
0.67000         0.85000        0.50000        0.60953
0.68000         0.85000        0.50000        0.62018
0.69000         0.85000        0.50000        0.63094
0.70000         0.85000        0.50000        0.64180
0.71000         0.85000        0.50000        0.65276
0.72000         0.85000        0.50000        0.66382
0.73000         0.85000        0.50000        0.67496
0.74000         0.85000        0.50000        0.68621
0.75000         0.85000        0.50000        0.69753
0.76000         0.85000        0.50000        0.70895
0.77000         0.85000        0.50000        0.72044
0.78000         0.85000        0.50000        0.73202
0.79000         0.85000        0.50000        0.74367
0.80000         0.85000        0.50000        0.75539
0.81000         0.85000        0.50000        0.76718
0.82000         0.85000        0.50000        0.77904
0.83000         0.85000        0.50000        0.79097
0.84000         0.85000        0.50000        0.80295
0.85000         0.85000        0.50000        0.81499
0.86000         0.85000        0.50000        0.82708
0.87000         0.85000        0.50000        0.83922
0.88000         0.85000        0.50000        0.85141
0.89000         0.85000        0.50000        0.86364
0.90000         0.85000        0.50000        0.87591
0.91000         0.85000        0.50000        0.88822
0.92000         0.85000        0.50000        0.90055
0.93000         0.85000        0.50000        0.91292
0.94000         0.85000        0.50000        0.92531
0.95000         0.85000        0.50000        0.93773
0.96000         0.85000        0.50000        0.95016
0.97000         0.85000        0.50000        0.96261
0.98000         0.85000        0.50000        0.97507
0.99000         0.85000        0.50000        0.98753
1.0000          0.85000        0.50000        1.0000
0.0000          0.86000        0.50000        0.22794
0.010000        0.86000        0.50000        0.22803
0.020000        0.86000        0.50000        0.22830
0.030000        0.86000        0.50000        0.22875
0.040000        0.86000        0.50000        0.22938
0.050000        0.86000        0.50000        0.23020
0.060000        0.86000        0.50000        0.23119
0.070000        0.86000        0.50000        0.23236
0.080000        0.86000        0.50000        0.23372
0.090000        0.86000        0.50000        0.23525
0.10000         0.86000        0.50000        0.23697
0.11000         0.86000        0.50000        0.23886
0.12000         0.86000        0.50000        0.24093
0.13000         0.86000        0.50000        0.24319
0.14000         0.86000        0.50000        0.24562
0.15000         0.86000        0.50000        0.24822
0.16000         0.86000        0.50000        0.25101
0.17000         0.86000        0.50000        0.25398
0.18000         0.86000        0.50000        0.25712
0.19000         0.86000        0.50000        0.26043
0.20000         0.86000        0.50000        0.26393
0.21000         0.86000        0.50000        0.26760
0.22000         0.86000        0.50000        0.27144
0.23000         0.86000        0.50000        0.27546
0.24000         0.86000        0.50000        0.27965
0.25000         0.86000        0.50000        0.28401
0.26000         0.86000        0.50000        0.28855
0.27000         0.86000        0.50000        0.29326
0.28000         0.86000        0.50000        0.29814
0.29000         0.86000        0.50000        0.30319
0.30000         0.86000        0.50000        0.30841
0.31000         0.86000        0.50000        0.31379
0.32000         0.86000        0.50000        0.31935
0.33000         0.86000        0.50000        0.32507
0.34000         0.86000        0.50000        0.33096
0.35000         0.86000        0.50000        0.33701
0.36000         0.86000        0.50000        0.34322
0.37000         0.86000        0.50000        0.34960
0.38000         0.86000        0.50000        0.35614
0.39000         0.86000        0.50000        0.36284
0.40000         0.86000        0.50000        0.36970
0.41000         0.86000        0.50000        0.37671
0.42000         0.86000        0.50000        0.38389
0.43000         0.86000        0.50000        0.39122
0.44000         0.86000        0.50000        0.39870
0.45000         0.86000        0.50000        0.40633
0.46000         0.86000        0.50000        0.41412
0.47000         0.86000        0.50000        0.42206
0.48000         0.86000        0.50000        0.43014
0.49000         0.86000        0.50000        0.43837
0.50000         0.86000        0.50000        0.44675
0.51000         0.86000        0.50000        0.45527
0.52000         0.86000        0.50000        0.46393
0.53000         0.86000        0.50000        0.47273
0.54000         0.86000        0.50000        0.48167
0.55000         0.86000        0.50000        0.49075
0.56000         0.86000        0.50000        0.49996
0.57000         0.86000        0.50000        0.50930
0.58000         0.86000        0.50000        0.51877
0.59000         0.86000        0.50000        0.52837
0.60000         0.86000        0.50000        0.53810
0.61000         0.86000        0.50000        0.54795
0.62000         0.86000        0.50000        0.55792
0.63000         0.86000        0.50000        0.56801
0.64000         0.86000        0.50000        0.57822
0.65000         0.86000        0.50000        0.58855
0.66000         0.86000        0.50000        0.59898
0.67000         0.86000        0.50000        0.60953
0.68000         0.86000        0.50000        0.62018
0.69000         0.86000        0.50000        0.63094
0.70000         0.86000        0.50000        0.64180
0.71000         0.86000        0.50000        0.65276
0.72000         0.86000        0.50000        0.66382
0.73000         0.86000        0.50000        0.67496
0.74000         0.86000        0.50000        0.68621
0.75000         0.86000        0.50000        0.69753
0.76000         0.86000        0.50000        0.70895
0.77000         0.86000        0.50000        0.72044
0.78000         0.86000        0.50000        0.73202
0.79000         0.86000        0.50000        0.74367
0.80000         0.86000        0.50000        0.75539
0.81000         0.86000        0.50000        0.76718
0.82000         0.86000        0.50000        0.77904
0.83000         0.86000        0.50000        0.79097
0.84000         0.86000        0.50000        0.80295
0.85000         0.86000        0.50000        0.81499
0.86000         0.86000        0.50000        0.82708
0.87000         0.86000        0.50000        0.83922
0.88000         0.86000        0.50000        0.85141
0.89000         0.86000        0.50000        0.86364
0.90000         0.86000        0.50000        0.87591
0.91000         0.86000        0.50000        0.88822
0.92000         0.86000        0.50000        0.90055
0.93000         0.86000        0.50000        0.91292
0.94000         0.86000        0.50000        0.92531
0.95000         0.86000        0.50000        0.93773
0.96000         0.86000        0.50000        0.95016
0.97000         0.86000        0.50000        0.96261
0.98000         0.86000        0.50000        0.97507
0.99000         0.86000        0.50000        0.98753
1.0000          0.86000        0.50000        1.0000
0.0000          0.87000        0.50000        0.22794
0.010000        0.87000        0.50000        0.22803
0.020000        0.87000        0.50000        0.22830
0.030000        0.87000        0.50000        0.22875
0.040000        0.87000        0.50000        0.22938
0.050000        0.87000        0.50000        0.23020
0.060000        0.87000        0.50000        0.23119
0.070000        0.87000        0.50000        0.23236
0.080000        0.87000        0.50000        0.23372
0.090000        0.87000        0.50000        0.23525
0.10000         0.87000        0.50000        0.23697
0.11000         0.87000        0.50000        0.23886
0.12000         0.87000        0.50000        0.24093
0.13000         0.87000        0.50000        0.24319
0.14000         0.87000        0.50000        0.24562
0.15000         0.87000        0.50000        0.24822
0.16000         0.87000        0.50000        0.25101
0.17000         0.87000        0.50000        0.25398
0.18000         0.87000        0.50000        0.25712
0.19000         0.87000        0.50000        0.26043
0.20000         0.87000        0.50000        0.26393
0.21000         0.87000        0.50000        0.26760
0.22000         0.87000        0.50000        0.27144
0.23000         0.87000        0.50000        0.27546
0.24000         0.87000        0.50000        0.27965
0.25000         0.87000        0.50000        0.28401
0.26000         0.87000        0.50000        0.28855
0.27000         0.87000        0.50000        0.29326
0.28000         0.87000        0.50000        0.29814
0.29000         0.87000        0.50000        0.30319
0.30000         0.87000        0.50000        0.30841
0.31000         0.87000        0.50000        0.31379
0.32000         0.87000        0.50000        0.31935
0.33000         0.87000        0.50000        0.32507
0.34000         0.87000        0.50000        0.33096
0.35000         0.87000        0.50000        0.33701
0.36000         0.87000        0.50000        0.34322
0.37000         0.87000        0.50000        0.34960
0.38000         0.87000        0.50000        0.35614
0.39000         0.87000        0.50000        0.36284
0.40000         0.87000        0.50000        0.36970
0.41000         0.87000        0.50000        0.37671
0.42000         0.87000        0.50000        0.38389
0.43000         0.87000        0.50000        0.39122
0.44000         0.87000        0.50000        0.39870
0.45000         0.87000        0.50000        0.40633
0.46000         0.87000        0.50000        0.41412
0.47000         0.87000        0.50000        0.42206
0.48000         0.87000        0.50000        0.43014
0.49000         0.87000        0.50000        0.43837
0.50000         0.87000        0.50000        0.44675
0.51000         0.87000        0.50000        0.45527
0.52000         0.87000        0.50000        0.46393
0.53000         0.87000        0.50000        0.47273
0.54000         0.87000        0.50000        0.48167
0.55000         0.87000        0.50000        0.49075
0.56000         0.87000        0.50000        0.49996
0.57000         0.87000        0.50000        0.50930
0.58000         0.87000        0.50000        0.51877
0.59000         0.87000        0.50000        0.52837
0.60000         0.87000        0.50000        0.53810
0.61000         0.87000        0.50000        0.54795
0.62000         0.87000        0.50000        0.55792
0.63000         0.87000        0.50000        0.56801
0.64000         0.87000        0.50000        0.57822
0.65000         0.87000        0.50000        0.58855
0.66000         0.87000        0.50000        0.59898
0.67000         0.87000        0.50000        0.60953
0.68000         0.87000        0.50000        0.62018
0.69000         0.87000        0.50000        0.63094
0.70000         0.87000        0.50000        0.64180
0.71000         0.87000        0.50000        0.65276
0.72000         0.87000        0.50000        0.66382
0.73000         0.87000        0.50000        0.67496
0.74000         0.87000        0.50000        0.68621
0.75000         0.87000        0.50000        0.69753
0.76000         0.87000        0.50000        0.70895
0.77000         0.87000        0.50000        0.72044
0.78000         0.87000        0.50000        0.73202
0.79000         0.87000        0.50000        0.74367
0.80000         0.87000        0.50000        0.75539
0.81000         0.87000        0.50000        0.76718
0.82000         0.87000        0.50000        0.77904
0.83000         0.87000        0.50000        0.79097
0.84000         0.87000        0.50000        0.80295
0.85000         0.87000        0.50000        0.81499
0.86000         0.87000        0.50000        0.82708
0.87000         0.87000        0.50000        0.83922
0.88000         0.87000        0.50000        0.85141
0.89000         0.87000        0.50000        0.86364
0.90000         0.87000        0.50000        0.87591
0.91000         0.87000        0.50000        0.88822
0.92000         0.87000        0.50000        0.90055
0.93000         0.87000        0.50000        0.91292
0.94000         0.87000        0.50000        0.92531
0.95000         0.87000        0.50000        0.93773
0.96000         0.87000        0.50000        0.95016
0.97000         0.87000        0.50000        0.96261
0.98000         0.87000        0.50000        0.97507
0.99000         0.87000        0.50000        0.98753
1.0000          0.87000        0.50000        1.0000
0.0000          0.88000        0.50000        0.22794
0.010000        0.88000        0.50000        0.22803
0.020000        0.88000        0.50000        0.22830
0.030000        0.88000        0.50000        0.22875
0.040000        0.88000        0.50000        0.22938
0.050000        0.88000        0.50000        0.23020
0.060000        0.88000        0.50000        0.23119
0.070000        0.88000        0.50000        0.23236
0.080000        0.88000        0.50000        0.23372
0.090000        0.88000        0.50000        0.23525
0.10000         0.88000        0.50000        0.23697
0.11000         0.88000        0.50000        0.23886
0.12000         0.88000        0.50000        0.24093
0.13000         0.88000        0.50000        0.24319
0.14000         0.88000        0.50000        0.24562
0.15000         0.88000        0.50000        0.24822
0.16000         0.88000        0.50000        0.25101
0.17000         0.88000        0.50000        0.25398
0.18000         0.88000        0.50000        0.25712
0.19000         0.88000        0.50000        0.26043
0.20000         0.88000        0.50000        0.26393
0.21000         0.88000        0.50000        0.26760
0.22000         0.88000        0.50000        0.27144
0.23000         0.88000        0.50000        0.27546
0.24000         0.88000        0.50000        0.27965
0.25000         0.88000        0.50000        0.28401
0.26000         0.88000        0.50000        0.28855
0.27000         0.88000        0.50000        0.29326
0.28000         0.88000        0.50000        0.29814
0.29000         0.88000        0.50000        0.30319
0.30000         0.88000        0.50000        0.30841
0.31000         0.88000        0.50000        0.31379
0.32000         0.88000        0.50000        0.31935
0.33000         0.88000        0.50000        0.32507
0.34000         0.88000        0.50000        0.33096
0.35000         0.88000        0.50000        0.33701
0.36000         0.88000        0.50000        0.34322
0.37000         0.88000        0.50000        0.34960
0.38000         0.88000        0.50000        0.35614
0.39000         0.88000        0.50000        0.36284
0.40000         0.88000        0.50000        0.36970
0.41000         0.88000        0.50000        0.37671
0.42000         0.88000        0.50000        0.38389
0.43000         0.88000        0.50000        0.39122
0.44000         0.88000        0.50000        0.39870
0.45000         0.88000        0.50000        0.40633
0.46000         0.88000        0.50000        0.41412
0.47000         0.88000        0.50000        0.42206
0.48000         0.88000        0.50000        0.43014
0.49000         0.88000        0.50000        0.43837
0.50000         0.88000        0.50000        0.44675
0.51000         0.88000        0.50000        0.45527
0.52000         0.88000        0.50000        0.46393
0.53000         0.88000        0.50000        0.47273
0.54000         0.88000        0.50000        0.48167
0.55000         0.88000        0.50000        0.49075
0.56000         0.88000        0.50000        0.49996
0.57000         0.88000        0.50000        0.50930
0.58000         0.88000        0.50000        0.51877
0.59000         0.88000        0.50000        0.52837
0.60000         0.88000        0.50000        0.53810
0.61000         0.88000        0.50000        0.54795
0.62000         0.88000        0.50000        0.55792
0.63000         0.88000        0.50000        0.56801
0.64000         0.88000        0.50000        0.57822
0.65000         0.88000        0.50000        0.58855
0.66000         0.88000        0.50000        0.59898
0.67000         0.88000        0.50000        0.60953
0.68000         0.88000        0.50000        0.62018
0.69000         0.88000        0.50000        0.63094
0.70000         0.88000        0.50000        0.64180
0.71000         0.88000        0.50000        0.65276
0.72000         0.88000        0.50000        0.66382
0.73000         0.88000        0.50000        0.67496
0.74000         0.88000        0.50000        0.68621
0.75000         0.88000        0.50000        0.69753
0.76000         0.88000        0.50000        0.70895
0.77000         0.88000        0.50000        0.72044
0.78000         0.88000        0.50000        0.73202
0.79000         0.88000        0.50000        0.74367
0.80000         0.88000        0.50000        0.75539
0.81000         0.88000        0.50000        0.76718
0.82000         0.88000        0.50000        0.77904
0.83000         0.88000        0.50000        0.79097
0.84000         0.88000        0.50000        0.80295
0.85000         0.88000        0.50000        0.81499
0.86000         0.88000        0.50000        0.82708
0.87000         0.88000        0.50000        0.83922
0.88000         0.88000        0.50000        0.85141
0.89000         0.88000        0.50000        0.86364
0.90000         0.88000        0.50000        0.87591
0.91000         0.88000        0.50000        0.88822
0.92000         0.88000        0.50000        0.90055
0.93000         0.88000        0.50000        0.91292
0.94000         0.88000        0.50000        0.92531
0.95000         0.88000        0.50000        0.93773
0.96000         0.88000        0.50000        0.95016
0.97000         0.88000        0.50000        0.96261
0.98000         0.88000        0.50000        0.97507
0.99000         0.88000        0.50000        0.98753
1.0000          0.88000        0.50000        1.0000
0.0000          0.89000        0.50000        0.22794
0.010000        0.89000        0.50000        0.22803
0.020000        0.89000        0.50000        0.22830
0.030000        0.89000        0.50000        0.22875
0.040000        0.89000        0.50000        0.22938
0.050000        0.89000        0.50000        0.23020
0.060000        0.89000        0.50000        0.23119
0.070000        0.89000        0.50000        0.23236
0.080000        0.89000        0.50000        0.23372
0.090000        0.89000        0.50000        0.23525
0.10000         0.89000        0.50000        0.23697
0.11000         0.89000        0.50000        0.23886
0.12000         0.89000        0.50000        0.24093
0.13000         0.89000        0.50000        0.24319
0.14000         0.89000        0.50000        0.24562
0.15000         0.89000        0.50000        0.24822
0.16000         0.89000        0.50000        0.25101
0.17000         0.89000        0.50000        0.25398
0.18000         0.89000        0.50000        0.25712
0.19000         0.89000        0.50000        0.26043
0.20000         0.89000        0.50000        0.26393
0.21000         0.89000        0.50000        0.26760
0.22000         0.89000        0.50000        0.27144
0.23000         0.89000        0.50000        0.27546
0.24000         0.89000        0.50000        0.27965
0.25000         0.89000        0.50000        0.28401
0.26000         0.89000        0.50000        0.28855
0.27000         0.89000        0.50000        0.29326
0.28000         0.89000        0.50000        0.29814
0.29000         0.89000        0.50000        0.30319
0.30000         0.89000        0.50000        0.30841
0.31000         0.89000        0.50000        0.31379
0.32000         0.89000        0.50000        0.31935
0.33000         0.89000        0.50000        0.32507
0.34000         0.89000        0.50000        0.33096
0.35000         0.89000        0.50000        0.33701
0.36000         0.89000        0.50000        0.34322
0.37000         0.89000        0.50000        0.34960
0.38000         0.89000        0.50000        0.35614
0.39000         0.89000        0.50000        0.36284
0.40000         0.89000        0.50000        0.36970
0.41000         0.89000        0.50000        0.37671
0.42000         0.89000        0.50000        0.38389
0.43000         0.89000        0.50000        0.39122
0.44000         0.89000        0.50000        0.39870
0.45000         0.89000        0.50000        0.40633
0.46000         0.89000        0.50000        0.41412
0.47000         0.89000        0.50000        0.42206
0.48000         0.89000        0.50000        0.43014
0.49000         0.89000        0.50000        0.43837
0.50000         0.89000        0.50000        0.44675
0.51000         0.89000        0.50000        0.45527
0.52000         0.89000        0.50000        0.46393
0.53000         0.89000        0.50000        0.47273
0.54000         0.89000        0.50000        0.48167
0.55000         0.89000        0.50000        0.49075
0.56000         0.89000        0.50000        0.49996
0.57000         0.89000        0.50000        0.50930
0.58000         0.89000        0.50000        0.51877
0.59000         0.89000        0.50000        0.52837
0.60000         0.89000        0.50000        0.53810
0.61000         0.89000        0.50000        0.54795
0.62000         0.89000        0.50000        0.55792
0.63000         0.89000        0.50000        0.56801
0.64000         0.89000        0.50000        0.57822
0.65000         0.89000        0.50000        0.58855
0.66000         0.89000        0.50000        0.59898
0.67000         0.89000        0.50000        0.60953
0.68000         0.89000        0.50000        0.62018
0.69000         0.89000        0.50000        0.63094
0.70000         0.89000        0.50000        0.64180
0.71000         0.89000        0.50000        0.65276
0.72000         0.89000        0.50000        0.66382
0.73000         0.89000        0.50000        0.67496
0.74000         0.89000        0.50000        0.68621
0.75000         0.89000        0.50000        0.69753
0.76000         0.89000        0.50000        0.70895
0.77000         0.89000        0.50000        0.72044
0.78000         0.89000        0.50000        0.73202
0.79000         0.89000        0.50000        0.74367
0.80000         0.89000        0.50000        0.75539
0.81000         0.89000        0.50000        0.76718
0.82000         0.89000        0.50000        0.77904
0.83000         0.89000        0.50000        0.79097
0.84000         0.89000        0.50000        0.80295
0.85000         0.89000        0.50000        0.81499
0.86000         0.89000        0.50000        0.82708
0.87000         0.89000        0.50000        0.83922
0.88000         0.89000        0.50000        0.85141
0.89000         0.89000        0.50000        0.86364
0.90000         0.89000        0.50000        0.87591
0.91000         0.89000        0.50000        0.88822
0.92000         0.89000        0.50000        0.90055
0.93000         0.89000        0.50000        0.91292
0.94000         0.89000        0.50000        0.92531
0.95000         0.89000        0.50000        0.93773
0.96000         0.89000        0.50000        0.95016
0.97000         0.89000        0.50000        0.96261
0.98000         0.89000        0.50000        0.97507
0.99000         0.89000        0.50000        0.98753
1.0000          0.89000        0.50000        1.0000
0.0000          0.90000        0.50000        0.22794
0.010000        0.90000        0.50000        0.22803
0.020000        0.90000        0.50000        0.22830
0.030000        0.90000        0.50000        0.22875
0.040000        0.90000        0.50000        0.22938
0.050000        0.90000        0.50000        0.23020
0.060000        0.90000        0.50000        0.23119
0.070000        0.90000        0.50000        0.23236
0.080000        0.90000        0.50000        0.23372
0.090000        0.90000        0.50000        0.23525
0.10000         0.90000        0.50000        0.23697
0.11000         0.90000        0.50000        0.23886
0.12000         0.90000        0.50000        0.24093
0.13000         0.90000        0.50000        0.24319
0.14000         0.90000        0.50000        0.24562
0.15000         0.90000        0.50000        0.24822
0.16000         0.90000        0.50000        0.25101
0.17000         0.90000        0.50000        0.25398
0.18000         0.90000        0.50000        0.25712
0.19000         0.90000        0.50000        0.26043
0.20000         0.90000        0.50000        0.26393
0.21000         0.90000        0.50000        0.26760
0.22000         0.90000        0.50000        0.27144
0.23000         0.90000        0.50000        0.27546
0.24000         0.90000        0.50000        0.27965
0.25000         0.90000        0.50000        0.28401
0.26000         0.90000        0.50000        0.28855
0.27000         0.90000        0.50000        0.29326
0.28000         0.90000        0.50000        0.29814
0.29000         0.90000        0.50000        0.30319
0.30000         0.90000        0.50000        0.30841
0.31000         0.90000        0.50000        0.31379
0.32000         0.90000        0.50000        0.31935
0.33000         0.90000        0.50000        0.32507
0.34000         0.90000        0.50000        0.33096
0.35000         0.90000        0.50000        0.33701
0.36000         0.90000        0.50000        0.34322
0.37000         0.90000        0.50000        0.34960
0.38000         0.90000        0.50000        0.35614
0.39000         0.90000        0.50000        0.36284
0.40000         0.90000        0.50000        0.36970
0.41000         0.90000        0.50000        0.37671
0.42000         0.90000        0.50000        0.38389
0.43000         0.90000        0.50000        0.39122
0.44000         0.90000        0.50000        0.39870
0.45000         0.90000        0.50000        0.40633
0.46000         0.90000        0.50000        0.41412
0.47000         0.90000        0.50000        0.42206
0.48000         0.90000        0.50000        0.43014
0.49000         0.90000        0.50000        0.43837
0.50000         0.90000        0.50000        0.44675
0.51000         0.90000        0.50000        0.45527
0.52000         0.90000        0.50000        0.46393
0.53000         0.90000        0.50000        0.47273
0.54000         0.90000        0.50000        0.48167
0.55000         0.90000        0.50000        0.49075
0.56000         0.90000        0.50000        0.49996
0.57000         0.90000        0.50000        0.50930
0.58000         0.90000        0.50000        0.51877
0.59000         0.90000        0.50000        0.52837
0.60000         0.90000        0.50000        0.53810
0.61000         0.90000        0.50000        0.54795
0.62000         0.90000        0.50000        0.55792
0.63000         0.90000        0.50000        0.56801
0.64000         0.90000        0.50000        0.57822
0.65000         0.90000        0.50000        0.58855
0.66000         0.90000        0.50000        0.59898
0.67000         0.90000        0.50000        0.60953
0.68000         0.90000        0.50000        0.62018
0.69000         0.90000        0.50000        0.63094
0.70000         0.90000        0.50000        0.64180
0.71000         0.90000        0.50000        0.65276
0.72000         0.90000        0.50000        0.66382
0.73000         0.90000        0.50000        0.67496
0.74000         0.90000        0.50000        0.68621
0.75000         0.90000        0.50000        0.69753
0.76000         0.90000        0.50000        0.70895
0.77000         0.90000        0.50000        0.72044
0.78000         0.90000        0.50000        0.73202
0.79000         0.90000        0.50000        0.74367
0.80000         0.90000        0.50000        0.75539
0.81000         0.90000        0.50000        0.76718
0.82000         0.90000        0.50000        0.77904
0.83000         0.90000        0.50000        0.79097
0.84000         0.90000        0.50000        0.80295
0.85000         0.90000        0.50000        0.81499
0.86000         0.90000        0.50000        0.82708
0.87000         0.90000        0.50000        0.83922
0.88000         0.90000        0.50000        0.85141
0.89000         0.90000        0.50000        0.86364
0.90000         0.90000        0.50000        0.87591
0.91000         0.90000        0.50000        0.88822
0.92000         0.90000        0.50000        0.90055
0.93000         0.90000        0.50000        0.91292
0.94000         0.90000        0.50000        0.92531
0.95000         0.90000        0.50000        0.93773
0.96000         0.90000        0.50000        0.95016
0.97000         0.90000        0.50000        0.96261
0.98000         0.90000        0.50000        0.97507
0.99000         0.90000        0.50000        0.98753
1.0000          0.90000        0.50000        1.0000
0.0000          0.91000        0.50000        0.22794
0.010000        0.91000        0.50000        0.22803
0.020000        0.91000        0.50000        0.22830
0.030000        0.91000        0.50000        0.22875
0.040000        0.91000        0.50000        0.22938
0.050000        0.91000        0.50000        0.23020
0.060000        0.91000        0.50000        0.23119
0.070000        0.91000        0.50000        0.23236
0.080000        0.91000        0.50000        0.23372
0.090000        0.91000        0.50000        0.23525
0.10000         0.91000        0.50000        0.23697
0.11000         0.91000        0.50000        0.23886
0.12000         0.91000        0.50000        0.24093
0.13000         0.91000        0.50000        0.24319
0.14000         0.91000        0.50000        0.24562
0.15000         0.91000        0.50000        0.24822
0.16000         0.91000        0.50000        0.25101
0.17000         0.91000        0.50000        0.25398
0.18000         0.91000        0.50000        0.25712
0.19000         0.91000        0.50000        0.26043
0.20000         0.91000        0.50000        0.26393
0.21000         0.91000        0.50000        0.26760
0.22000         0.91000        0.50000        0.27144
0.23000         0.91000        0.50000        0.27546
0.24000         0.91000        0.50000        0.27965
0.25000         0.91000        0.50000        0.28401
0.26000         0.91000        0.50000        0.28855
0.27000         0.91000        0.50000        0.29326
0.28000         0.91000        0.50000        0.29814
0.29000         0.91000        0.50000        0.30319
0.30000         0.91000        0.50000        0.30841
0.31000         0.91000        0.50000        0.31379
0.32000         0.91000        0.50000        0.31935
0.33000         0.91000        0.50000        0.32507
0.34000         0.91000        0.50000        0.33096
0.35000         0.91000        0.50000        0.33701
0.36000         0.91000        0.50000        0.34322
0.37000         0.91000        0.50000        0.34960
0.38000         0.91000        0.50000        0.35614
0.39000         0.91000        0.50000        0.36284
0.40000         0.91000        0.50000        0.36970
0.41000         0.91000        0.50000        0.37671
0.42000         0.91000        0.50000        0.38389
0.43000         0.91000        0.50000        0.39122
0.44000         0.91000        0.50000        0.39870
0.45000         0.91000        0.50000        0.40633
0.46000         0.91000        0.50000        0.41412
0.47000         0.91000        0.50000        0.42206
0.48000         0.91000        0.50000        0.43014
0.49000         0.91000        0.50000        0.43837
0.50000         0.91000        0.50000        0.44675
0.51000         0.91000        0.50000        0.45527
0.52000         0.91000        0.50000        0.46393
0.53000         0.91000        0.50000        0.47273
0.54000         0.91000        0.50000        0.48167
0.55000         0.91000        0.50000        0.49075
0.56000         0.91000        0.50000        0.49996
0.57000         0.91000        0.50000        0.50930
0.58000         0.91000        0.50000        0.51877
0.59000         0.91000        0.50000        0.52837
0.60000         0.91000        0.50000        0.53810
0.61000         0.91000        0.50000        0.54795
0.62000         0.91000        0.50000        0.55792
0.63000         0.91000        0.50000        0.56801
0.64000         0.91000        0.50000        0.57822
0.65000         0.91000        0.50000        0.58855
0.66000         0.91000        0.50000        0.59898
0.67000         0.91000        0.50000        0.60953
0.68000         0.91000        0.50000        0.62018
0.69000         0.91000        0.50000        0.63094
0.70000         0.91000        0.50000        0.64180
0.71000         0.91000        0.50000        0.65276
0.72000         0.91000        0.50000        0.66382
0.73000         0.91000        0.50000        0.67496
0.74000         0.91000        0.50000        0.68621
0.75000         0.91000        0.50000        0.69753
0.76000         0.91000        0.50000        0.70895
0.77000         0.91000        0.50000        0.72044
0.78000         0.91000        0.50000        0.73202
0.79000         0.91000        0.50000        0.74367
0.80000         0.91000        0.50000        0.75539
0.81000         0.91000        0.50000        0.76718
0.82000         0.91000        0.50000        0.77904
0.83000         0.91000        0.50000        0.79097
0.84000         0.91000        0.50000        0.80295
0.85000         0.91000        0.50000        0.81499
0.86000         0.91000        0.50000        0.82708
0.87000         0.91000        0.50000        0.83922
0.88000         0.91000        0.50000        0.85141
0.89000         0.91000        0.50000        0.86364
0.90000         0.91000        0.50000        0.87591
0.91000         0.91000        0.50000        0.88822
0.92000         0.91000        0.50000        0.90055
0.93000         0.91000        0.50000        0.91292
0.94000         0.91000        0.50000        0.92531
0.95000         0.91000        0.50000        0.93773
0.96000         0.91000        0.50000        0.95016
0.97000         0.91000        0.50000        0.96261
0.98000         0.91000        0.50000        0.97507
0.99000         0.91000        0.50000        0.98753
1.0000          0.91000        0.50000        1.0000
0.0000          0.92000        0.50000        0.22794
0.010000        0.92000        0.50000        0.22803
0.020000        0.92000        0.50000        0.22830
0.030000        0.92000        0.50000        0.22875
0.040000        0.92000        0.50000        0.22938
0.050000        0.92000        0.50000        0.23020
0.060000        0.92000        0.50000        0.23119
0.070000        0.92000        0.50000        0.23236
0.080000        0.92000        0.50000        0.23372
0.090000        0.92000        0.50000        0.23525
0.10000         0.92000        0.50000        0.23697
0.11000         0.92000        0.50000        0.23886
0.12000         0.92000        0.50000        0.24093
0.13000         0.92000        0.50000        0.24319
0.14000         0.92000        0.50000        0.24562
0.15000         0.92000        0.50000        0.24822
0.16000         0.92000        0.50000        0.25101
0.17000         0.92000        0.50000        0.25398
0.18000         0.92000        0.50000        0.25712
0.19000         0.92000        0.50000        0.26043
0.20000         0.92000        0.50000        0.26393
0.21000         0.92000        0.50000        0.26760
0.22000         0.92000        0.50000        0.27144
0.23000         0.92000        0.50000        0.27546
0.24000         0.92000        0.50000        0.27965
0.25000         0.92000        0.50000        0.28401
0.26000         0.92000        0.50000        0.28855
0.27000         0.92000        0.50000        0.29326
0.28000         0.92000        0.50000        0.29814
0.29000         0.92000        0.50000        0.30319
0.30000         0.92000        0.50000        0.30841
0.31000         0.92000        0.50000        0.31379
0.32000         0.92000        0.50000        0.31935
0.33000         0.92000        0.50000        0.32507
0.34000         0.92000        0.50000        0.33096
0.35000         0.92000        0.50000        0.33701
0.36000         0.92000        0.50000        0.34322
0.37000         0.92000        0.50000        0.34960
0.38000         0.92000        0.50000        0.35614
0.39000         0.92000        0.50000        0.36284
0.40000         0.92000        0.50000        0.36970
0.41000         0.92000        0.50000        0.37671
0.42000         0.92000        0.50000        0.38389
0.43000         0.92000        0.50000        0.39122
0.44000         0.92000        0.50000        0.39870
0.45000         0.92000        0.50000        0.40633
0.46000         0.92000        0.50000        0.41412
0.47000         0.92000        0.50000        0.42206
0.48000         0.92000        0.50000        0.43014
0.49000         0.92000        0.50000        0.43837
0.50000         0.92000        0.50000        0.44675
0.51000         0.92000        0.50000        0.45527
0.52000         0.92000        0.50000        0.46393
0.53000         0.92000        0.50000        0.47273
0.54000         0.92000        0.50000        0.48167
0.55000         0.92000        0.50000        0.49075
0.56000         0.92000        0.50000        0.49996
0.57000         0.92000        0.50000        0.50930
0.58000         0.92000        0.50000        0.51877
0.59000         0.92000        0.50000        0.52837
0.60000         0.92000        0.50000        0.53810
0.61000         0.92000        0.50000        0.54795
0.62000         0.92000        0.50000        0.55792
0.63000         0.92000        0.50000        0.56801
0.64000         0.92000        0.50000        0.57822
0.65000         0.92000        0.50000        0.58855
0.66000         0.92000        0.50000        0.59898
0.67000         0.92000        0.50000        0.60953
0.68000         0.92000        0.50000        0.62018
0.69000         0.92000        0.50000        0.63094
0.70000         0.92000        0.50000        0.64180
0.71000         0.92000        0.50000        0.65276
0.72000         0.92000        0.50000        0.66382
0.73000         0.92000        0.50000        0.67496
0.74000         0.92000        0.50000        0.68621
0.75000         0.92000        0.50000        0.69753
0.76000         0.92000        0.50000        0.70895
0.77000         0.92000        0.50000        0.72044
0.78000         0.92000        0.50000        0.73202
0.79000         0.92000        0.50000        0.74367
0.80000         0.92000        0.50000        0.75539
0.81000         0.92000        0.50000        0.76718
0.82000         0.92000        0.50000        0.77904
0.83000         0.92000        0.50000        0.79097
0.84000         0.92000        0.50000        0.80295
0.85000         0.92000        0.50000        0.81499
0.86000         0.92000        0.50000        0.82708
0.87000         0.92000        0.50000        0.83922
0.88000         0.92000        0.50000        0.85141
0.89000         0.92000        0.50000        0.86364
0.90000         0.92000        0.50000        0.87591
0.91000         0.92000        0.50000        0.88822
0.92000         0.92000        0.50000        0.90055
0.93000         0.92000        0.50000        0.91292
0.94000         0.92000        0.50000        0.92531
0.95000         0.92000        0.50000        0.93773
0.96000         0.92000        0.50000        0.95016
0.97000         0.92000        0.50000        0.96261
0.98000         0.92000        0.50000        0.97507
0.99000         0.92000        0.50000        0.98753
1.0000          0.92000        0.50000        1.0000
0.0000          0.93000        0.50000        0.22794
0.010000        0.93000        0.50000        0.22803
0.020000        0.93000        0.50000        0.22830
0.030000        0.93000        0.50000        0.22875
0.040000        0.93000        0.50000        0.22938
0.050000        0.93000        0.50000        0.23020
0.060000        0.93000        0.50000        0.23119
0.070000        0.93000        0.50000        0.23236
0.080000        0.93000        0.50000        0.23372
0.090000        0.93000        0.50000        0.23525
0.10000         0.93000        0.50000        0.23697
0.11000         0.93000        0.50000        0.23886
0.12000         0.93000        0.50000        0.24093
0.13000         0.93000        0.50000        0.24319
0.14000         0.93000        0.50000        0.24562
0.15000         0.93000        0.50000        0.24822
0.16000         0.93000        0.50000        0.25101
0.17000         0.93000        0.50000        0.25398
0.18000         0.93000        0.50000        0.25712
0.19000         0.93000        0.50000        0.26043
0.20000         0.93000        0.50000        0.26393
0.21000         0.93000        0.50000        0.26760
0.22000         0.93000        0.50000        0.27144
0.23000         0.93000        0.50000        0.27546
0.24000         0.93000        0.50000        0.27965
0.25000         0.93000        0.50000        0.28401
0.26000         0.93000        0.50000        0.28855
0.27000         0.93000        0.50000        0.29326
0.28000         0.93000        0.50000        0.29814
0.29000         0.93000        0.50000        0.30319
0.30000         0.93000        0.50000        0.30841
0.31000         0.93000        0.50000        0.31379
0.32000         0.93000        0.50000        0.31935
0.33000         0.93000        0.50000        0.32507
0.34000         0.93000        0.50000        0.33096
0.35000         0.93000        0.50000        0.33701
0.36000         0.93000        0.50000        0.34322
0.37000         0.93000        0.50000        0.34960
0.38000         0.93000        0.50000        0.35614
0.39000         0.93000        0.50000        0.36284
0.40000         0.93000        0.50000        0.36970
0.41000         0.93000        0.50000        0.37671
0.42000         0.93000        0.50000        0.38389
0.43000         0.93000        0.50000        0.39122
0.44000         0.93000        0.50000        0.39870
0.45000         0.93000        0.50000        0.40633
0.46000         0.93000        0.50000        0.41412
0.47000         0.93000        0.50000        0.42206
0.48000         0.93000        0.50000        0.43014
0.49000         0.93000        0.50000        0.43837
0.50000         0.93000        0.50000        0.44675
0.51000         0.93000        0.50000        0.45527
0.52000         0.93000        0.50000        0.46393
0.53000         0.93000        0.50000        0.47273
0.54000         0.93000        0.50000        0.48167
0.55000         0.93000        0.50000        0.49075
0.56000         0.93000        0.50000        0.49996
0.57000         0.93000        0.50000        0.50930
0.58000         0.93000        0.50000        0.51877
0.59000         0.93000        0.50000        0.52837
0.60000         0.93000        0.50000        0.53810
0.61000         0.93000        0.50000        0.54795
0.62000         0.93000        0.50000        0.55792
0.63000         0.93000        0.50000        0.56801
0.64000         0.93000        0.50000        0.57822
0.65000         0.93000        0.50000        0.58855
0.66000         0.93000        0.50000        0.59898
0.67000         0.93000        0.50000        0.60953
0.68000         0.93000        0.50000        0.62018
0.69000         0.93000        0.50000        0.63094
0.70000         0.93000        0.50000        0.64180
0.71000         0.93000        0.50000        0.65276
0.72000         0.93000        0.50000        0.66382
0.73000         0.93000        0.50000        0.67496
0.74000         0.93000        0.50000        0.68621
0.75000         0.93000        0.50000        0.69753
0.76000         0.93000        0.50000        0.70895
0.77000         0.93000        0.50000        0.72044
0.78000         0.93000        0.50000        0.73202
0.79000         0.93000        0.50000        0.74367
0.80000         0.93000        0.50000        0.75539
0.81000         0.93000        0.50000        0.76718
0.82000         0.93000        0.50000        0.77904
0.83000         0.93000        0.50000        0.79097
0.84000         0.93000        0.50000        0.80295
0.85000         0.93000        0.50000        0.81499
0.86000         0.93000        0.50000        0.82708
0.87000         0.93000        0.50000        0.83922
0.88000         0.93000        0.50000        0.85141
0.89000         0.93000        0.50000        0.86364
0.90000         0.93000        0.50000        0.87591
0.91000         0.93000        0.50000        0.88822
0.92000         0.93000        0.50000        0.90055
0.93000         0.93000        0.50000        0.91292
0.94000         0.93000        0.50000        0.92531
0.95000         0.93000        0.50000        0.93773
0.96000         0.93000        0.50000        0.95016
0.97000         0.93000        0.50000        0.96261
0.98000         0.93000        0.50000        0.97507
0.99000         0.93000        0.50000        0.98753
1.0000          0.93000        0.50000        1.0000
0.0000          0.94000        0.50000        0.22794
0.010000        0.94000        0.50000        0.22803
0.020000        0.94000        0.50000        0.22830
0.030000        0.94000        0.50000        0.22875
0.040000        0.94000        0.50000        0.22938
0.050000        0.94000        0.50000        0.23020
0.060000        0.94000        0.50000        0.23119
0.070000        0.94000        0.50000        0.23236
0.080000        0.94000        0.50000        0.23372
0.090000        0.94000        0.50000        0.23525
0.10000         0.94000        0.50000        0.23697
0.11000         0.94000        0.50000        0.23886
0.12000         0.94000        0.50000        0.24093
0.13000         0.94000        0.50000        0.24319
0.14000         0.94000        0.50000        0.24562
0.15000         0.94000        0.50000        0.24822
0.16000         0.94000        0.50000        0.25101
0.17000         0.94000        0.50000        0.25398
0.18000         0.94000        0.50000        0.25712
0.19000         0.94000        0.50000        0.26043
0.20000         0.94000        0.50000        0.26393
0.21000         0.94000        0.50000        0.26760
0.22000         0.94000        0.50000        0.27144
0.23000         0.94000        0.50000        0.27546
0.24000         0.94000        0.50000        0.27965
0.25000         0.94000        0.50000        0.28401
0.26000         0.94000        0.50000        0.28855
0.27000         0.94000        0.50000        0.29326
0.28000         0.94000        0.50000        0.29814
0.29000         0.94000        0.50000        0.30319
0.30000         0.94000        0.50000        0.30841
0.31000         0.94000        0.50000        0.31379
0.32000         0.94000        0.50000        0.31935
0.33000         0.94000        0.50000        0.32507
0.34000         0.94000        0.50000        0.33096
0.35000         0.94000        0.50000        0.33701
0.36000         0.94000        0.50000        0.34322
0.37000         0.94000        0.50000        0.34960
0.38000         0.94000        0.50000        0.35614
0.39000         0.94000        0.50000        0.36284
0.40000         0.94000        0.50000        0.36970
0.41000         0.94000        0.50000        0.37671
0.42000         0.94000        0.50000        0.38389
0.43000         0.94000        0.50000        0.39122
0.44000         0.94000        0.50000        0.39870
0.45000         0.94000        0.50000        0.40633
0.46000         0.94000        0.50000        0.41412
0.47000         0.94000        0.50000        0.42206
0.48000         0.94000        0.50000        0.43014
0.49000         0.94000        0.50000        0.43837
0.50000         0.94000        0.50000        0.44675
0.51000         0.94000        0.50000        0.45527
0.52000         0.94000        0.50000        0.46393
0.53000         0.94000        0.50000        0.47273
0.54000         0.94000        0.50000        0.48167
0.55000         0.94000        0.50000        0.49075
0.56000         0.94000        0.50000        0.49996
0.57000         0.94000        0.50000        0.50930
0.58000         0.94000        0.50000        0.51877
0.59000         0.94000        0.50000        0.52837
0.60000         0.94000        0.50000        0.53810
0.61000         0.94000        0.50000        0.54795
0.62000         0.94000        0.50000        0.55792
0.63000         0.94000        0.50000        0.56801
0.64000         0.94000        0.50000        0.57822
0.65000         0.94000        0.50000        0.58855
0.66000         0.94000        0.50000        0.59898
0.67000         0.94000        0.50000        0.60953
0.68000         0.94000        0.50000        0.62018
0.69000         0.94000        0.50000        0.63094
0.70000         0.94000        0.50000        0.64180
0.71000         0.94000        0.50000        0.65276
0.72000         0.94000        0.50000        0.66382
0.73000         0.94000        0.50000        0.67496
0.74000         0.94000        0.50000        0.68621
0.75000         0.94000        0.50000        0.69753
0.76000         0.94000        0.50000        0.70895
0.77000         0.94000        0.50000        0.72044
0.78000         0.94000        0.50000        0.73202
0.79000         0.94000        0.50000        0.74367
0.80000         0.94000        0.50000        0.75539
0.81000         0.94000        0.50000        0.76718
0.82000         0.94000        0.50000        0.77904
0.83000         0.94000        0.50000        0.79097
0.84000         0.94000        0.50000        0.80295
0.85000         0.94000        0.50000        0.81499
0.86000         0.94000        0.50000        0.82708
0.87000         0.94000        0.50000        0.83922
0.88000         0.94000        0.50000        0.85141
0.89000         0.94000        0.50000        0.86364
0.90000         0.94000        0.50000        0.87591
0.91000         0.94000        0.50000        0.88822
0.92000         0.94000        0.50000        0.90055
0.93000         0.94000        0.50000        0.91292
0.94000         0.94000        0.50000        0.92531
0.95000         0.94000        0.50000        0.93773
0.96000         0.94000        0.50000        0.95016
0.97000         0.94000        0.50000        0.96261
0.98000         0.94000        0.50000        0.97507
0.99000         0.94000        0.50000        0.98753
1.0000          0.94000        0.50000        1.0000
0.0000          0.95000        0.50000        0.22794
0.010000        0.95000        0.50000        0.22803
0.020000        0.95000        0.50000        0.22830
0.030000        0.95000        0.50000        0.22875
0.040000        0.95000        0.50000        0.22938
0.050000        0.95000        0.50000        0.23020
0.060000        0.95000        0.50000        0.23119
0.070000        0.95000        0.50000        0.23236
0.080000        0.95000        0.50000        0.23372
0.090000        0.95000        0.50000        0.23525
0.10000         0.95000        0.50000        0.23697
0.11000         0.95000        0.50000        0.23886
0.12000         0.95000        0.50000        0.24093
0.13000         0.95000        0.50000        0.24319
0.14000         0.95000        0.50000        0.24562
0.15000         0.95000        0.50000        0.24822
0.16000         0.95000        0.50000        0.25101
0.17000         0.95000        0.50000        0.25398
0.18000         0.95000        0.50000        0.25712
0.19000         0.95000        0.50000        0.26043
0.20000         0.95000        0.50000        0.26393
0.21000         0.95000        0.50000        0.26760
0.22000         0.95000        0.50000        0.27144
0.23000         0.95000        0.50000        0.27546
0.24000         0.95000        0.50000        0.27965
0.25000         0.95000        0.50000        0.28401
0.26000         0.95000        0.50000        0.28855
0.27000         0.95000        0.50000        0.29326
0.28000         0.95000        0.50000        0.29814
0.29000         0.95000        0.50000        0.30319
0.30000         0.95000        0.50000        0.30841
0.31000         0.95000        0.50000        0.31379
0.32000         0.95000        0.50000        0.31935
0.33000         0.95000        0.50000        0.32507
0.34000         0.95000        0.50000        0.33096
0.35000         0.95000        0.50000        0.33701
0.36000         0.95000        0.50000        0.34322
0.37000         0.95000        0.50000        0.34960
0.38000         0.95000        0.50000        0.35614
0.39000         0.95000        0.50000        0.36284
0.40000         0.95000        0.50000        0.36970
0.41000         0.95000        0.50000        0.37671
0.42000         0.95000        0.50000        0.38389
0.43000         0.95000        0.50000        0.39122
0.44000         0.95000        0.50000        0.39870
0.45000         0.95000        0.50000        0.40633
0.46000         0.95000        0.50000        0.41412
0.47000         0.95000        0.50000        0.42206
0.48000         0.95000        0.50000        0.43014
0.49000         0.95000        0.50000        0.43837
0.50000         0.95000        0.50000        0.44675
0.51000         0.95000        0.50000        0.45527
0.52000         0.95000        0.50000        0.46393
0.53000         0.95000        0.50000        0.47273
0.54000         0.95000        0.50000        0.48167
0.55000         0.95000        0.50000        0.49075
0.56000         0.95000        0.50000        0.49996
0.57000         0.95000        0.50000        0.50930
0.58000         0.95000        0.50000        0.51877
0.59000         0.95000        0.50000        0.52837
0.60000         0.95000        0.50000        0.53810
0.61000         0.95000        0.50000        0.54795
0.62000         0.95000        0.50000        0.55792
0.63000         0.95000        0.50000        0.56801
0.64000         0.95000        0.50000        0.57822
0.65000         0.95000        0.50000        0.58855
0.66000         0.95000        0.50000        0.59898
0.67000         0.95000        0.50000        0.60953
0.68000         0.95000        0.50000        0.62018
0.69000         0.95000        0.50000        0.63094
0.70000         0.95000        0.50000        0.64180
0.71000         0.95000        0.50000        0.65276
0.72000         0.95000        0.50000        0.66382
0.73000         0.95000        0.50000        0.67496
0.74000         0.95000        0.50000        0.68621
0.75000         0.95000        0.50000        0.69753
0.76000         0.95000        0.50000        0.70895
0.77000         0.95000        0.50000        0.72044
0.78000         0.95000        0.50000        0.73202
0.79000         0.95000        0.50000        0.74367
0.80000         0.95000        0.50000        0.75539
0.81000         0.95000        0.50000        0.76718
0.82000         0.95000        0.50000        0.77904
0.83000         0.95000        0.50000        0.79097
0.84000         0.95000        0.50000        0.80295
0.85000         0.95000        0.50000        0.81499
0.86000         0.95000        0.50000        0.82708
0.87000         0.95000        0.50000        0.83922
0.88000         0.95000        0.50000        0.85141
0.89000         0.95000        0.50000        0.86364
0.90000         0.95000        0.50000        0.87591
0.91000         0.95000        0.50000        0.88822
0.92000         0.95000        0.50000        0.90055
0.93000         0.95000        0.50000        0.91292
0.94000         0.95000        0.50000        0.92531
0.95000         0.95000        0.50000        0.93773
0.96000         0.95000        0.50000        0.95016
0.97000         0.95000        0.50000        0.96261
0.98000         0.95000        0.50000        0.97507
0.99000         0.95000        0.50000        0.98753
1.0000          0.95000        0.50000        1.0000
0.0000          0.96000        0.50000        0.22794
0.010000        0.96000        0.50000        0.22803
0.020000        0.96000        0.50000        0.22830
0.030000        0.96000        0.50000        0.22875
0.040000        0.96000        0.50000        0.22938
0.050000        0.96000        0.50000        0.23020
0.060000        0.96000        0.50000        0.23119
0.070000        0.96000        0.50000        0.23236
0.080000        0.96000        0.50000        0.23372
0.090000        0.96000        0.50000        0.23525
0.10000         0.96000        0.50000        0.23697
0.11000         0.96000        0.50000        0.23886
0.12000         0.96000        0.50000        0.24093
0.13000         0.96000        0.50000        0.24319
0.14000         0.96000        0.50000        0.24562
0.15000         0.96000        0.50000        0.24822
0.16000         0.96000        0.50000        0.25101
0.17000         0.96000        0.50000        0.25398
0.18000         0.96000        0.50000        0.25712
0.19000         0.96000        0.50000        0.26043
0.20000         0.96000        0.50000        0.26393
0.21000         0.96000        0.50000        0.26760
0.22000         0.96000        0.50000        0.27144
0.23000         0.96000        0.50000        0.27546
0.24000         0.96000        0.50000        0.27965
0.25000         0.96000        0.50000        0.28401
0.26000         0.96000        0.50000        0.28855
0.27000         0.96000        0.50000        0.29326
0.28000         0.96000        0.50000        0.29814
0.29000         0.96000        0.50000        0.30319
0.30000         0.96000        0.50000        0.30841
0.31000         0.96000        0.50000        0.31379
0.32000         0.96000        0.50000        0.31935
0.33000         0.96000        0.50000        0.32507
0.34000         0.96000        0.50000        0.33096
0.35000         0.96000        0.50000        0.33701
0.36000         0.96000        0.50000        0.34322
0.37000         0.96000        0.50000        0.34960
0.38000         0.96000        0.50000        0.35614
0.39000         0.96000        0.50000        0.36284
0.40000         0.96000        0.50000        0.36970
0.41000         0.96000        0.50000        0.37671
0.42000         0.96000        0.50000        0.38389
0.43000         0.96000        0.50000        0.39122
0.44000         0.96000        0.50000        0.39870
0.45000         0.96000        0.50000        0.40633
0.46000         0.96000        0.50000        0.41412
0.47000         0.96000        0.50000        0.42206
0.48000         0.96000        0.50000        0.43014
0.49000         0.96000        0.50000        0.43837
0.50000         0.96000        0.50000        0.44675
0.51000         0.96000        0.50000        0.45527
0.52000         0.96000        0.50000        0.46393
0.53000         0.96000        0.50000        0.47273
0.54000         0.96000        0.50000        0.48167
0.55000         0.96000        0.50000        0.49075
0.56000         0.96000        0.50000        0.49996
0.57000         0.96000        0.50000        0.50930
0.58000         0.96000        0.50000        0.51877
0.59000         0.96000        0.50000        0.52837
0.60000         0.96000        0.50000        0.53810
0.61000         0.96000        0.50000        0.54795
0.62000         0.96000        0.50000        0.55792
0.63000         0.96000        0.50000        0.56801
0.64000         0.96000        0.50000        0.57822
0.65000         0.96000        0.50000        0.58855
0.66000         0.96000        0.50000        0.59898
0.67000         0.96000        0.50000        0.60953
0.68000         0.96000        0.50000        0.62018
0.69000         0.96000        0.50000        0.63094
0.70000         0.96000        0.50000        0.64180
0.71000         0.96000        0.50000        0.65276
0.72000         0.96000        0.50000        0.66382
0.73000         0.96000        0.50000        0.67496
0.74000         0.96000        0.50000        0.68621
0.75000         0.96000        0.50000        0.69753
0.76000         0.96000        0.50000        0.70895
0.77000         0.96000        0.50000        0.72044
0.78000         0.96000        0.50000        0.73202
0.79000         0.96000        0.50000        0.74367
0.80000         0.96000        0.50000        0.75539
0.81000         0.96000        0.50000        0.76718
0.82000         0.96000        0.50000        0.77904
0.83000         0.96000        0.50000        0.79097
0.84000         0.96000        0.50000        0.80295
0.85000         0.96000        0.50000        0.81499
0.86000         0.96000        0.50000        0.82708
0.87000         0.96000        0.50000        0.83922
0.88000         0.96000        0.50000        0.85141
0.89000         0.96000        0.50000        0.86364
0.90000         0.96000        0.50000        0.87591
0.91000         0.96000        0.50000        0.88822
0.92000         0.96000        0.50000        0.90055
0.93000         0.96000        0.50000        0.91292
0.94000         0.96000        0.50000        0.92531
0.95000         0.96000        0.50000        0.93773
0.96000         0.96000        0.50000        0.95016
0.97000         0.96000        0.50000        0.96261
0.98000         0.96000        0.50000        0.97507
0.99000         0.96000        0.50000        0.98753
1.0000          0.96000        0.50000        1.0000
0.0000          0.97000        0.50000        0.22794
0.010000        0.97000        0.50000        0.22803
0.020000        0.97000        0.50000        0.22830
0.030000        0.97000        0.50000        0.22875
0.040000        0.97000        0.50000        0.22938
0.050000        0.97000        0.50000        0.23020
0.060000        0.97000        0.50000        0.23119
0.070000        0.97000        0.50000        0.23236
0.080000        0.97000        0.50000        0.23372
0.090000        0.97000        0.50000        0.23525
0.10000         0.97000        0.50000        0.23697
0.11000         0.97000        0.50000        0.23886
0.12000         0.97000        0.50000        0.24093
0.13000         0.97000        0.50000        0.24319
0.14000         0.97000        0.50000        0.24562
0.15000         0.97000        0.50000        0.24822
0.16000         0.97000        0.50000        0.25101
0.17000         0.97000        0.50000        0.25398
0.18000         0.97000        0.50000        0.25712
0.19000         0.97000        0.50000        0.26043
0.20000         0.97000        0.50000        0.26393
0.21000         0.97000        0.50000        0.26760
0.22000         0.97000        0.50000        0.27144
0.23000         0.97000        0.50000        0.27546
0.24000         0.97000        0.50000        0.27965
0.25000         0.97000        0.50000        0.28401
0.26000         0.97000        0.50000        0.28855
0.27000         0.97000        0.50000        0.29326
0.28000         0.97000        0.50000        0.29814
0.29000         0.97000        0.50000        0.30319
0.30000         0.97000        0.50000        0.30841
0.31000         0.97000        0.50000        0.31379
0.32000         0.97000        0.50000        0.31935
0.33000         0.97000        0.50000        0.32507
0.34000         0.97000        0.50000        0.33096
0.35000         0.97000        0.50000        0.33701
0.36000         0.97000        0.50000        0.34322
0.37000         0.97000        0.50000        0.34960
0.38000         0.97000        0.50000        0.35614
0.39000         0.97000        0.50000        0.36284
0.40000         0.97000        0.50000        0.36970
0.41000         0.97000        0.50000        0.37671
0.42000         0.97000        0.50000        0.38389
0.43000         0.97000        0.50000        0.39122
0.44000         0.97000        0.50000        0.39870
0.45000         0.97000        0.50000        0.40633
0.46000         0.97000        0.50000        0.41412
0.47000         0.97000        0.50000        0.42206
0.48000         0.97000        0.50000        0.43014
0.49000         0.97000        0.50000        0.43837
0.50000         0.97000        0.50000        0.44675
0.51000         0.97000        0.50000        0.45527
0.52000         0.97000        0.50000        0.46393
0.53000         0.97000        0.50000        0.47273
0.54000         0.97000        0.50000        0.48167
0.55000         0.97000        0.50000        0.49075
0.56000         0.97000        0.50000        0.49996
0.57000         0.97000        0.50000        0.50930
0.58000         0.97000        0.50000        0.51877
0.59000         0.97000        0.50000        0.52837
0.60000         0.97000        0.50000        0.53810
0.61000         0.97000        0.50000        0.54795
0.62000         0.97000        0.50000        0.55792
0.63000         0.97000        0.50000        0.56801
0.64000         0.97000        0.50000        0.57822
0.65000         0.97000        0.50000        0.58855
0.66000         0.97000        0.50000        0.59898
0.67000         0.97000        0.50000        0.60953
0.68000         0.97000        0.50000        0.62018
0.69000         0.97000        0.50000        0.63094
0.70000         0.97000        0.50000        0.64180
0.71000         0.97000        0.50000        0.65276
0.72000         0.97000        0.50000        0.66382
0.73000         0.97000        0.50000        0.67496
0.74000         0.97000        0.50000        0.68621
0.75000         0.97000        0.50000        0.69753
0.76000         0.97000        0.50000        0.70895
0.77000         0.97000        0.50000        0.72044
0.78000         0.97000        0.50000        0.73202
0.79000         0.97000        0.50000        0.74367
0.80000         0.97000        0.50000        0.75539
0.81000         0.97000        0.50000        0.76718
0.82000         0.97000        0.50000        0.77904
0.83000         0.97000        0.50000        0.79097
0.84000         0.97000        0.50000        0.80295
0.85000         0.97000        0.50000        0.81499
0.86000         0.97000        0.50000        0.82708
0.87000         0.97000        0.50000        0.83922
0.88000         0.97000        0.50000        0.85141
0.89000         0.97000        0.50000        0.86364
0.90000         0.97000        0.50000        0.87591
0.91000         0.97000        0.50000        0.88822
0.92000         0.97000        0.50000        0.90055
0.93000         0.97000        0.50000        0.91292
0.94000         0.97000        0.50000        0.92531
0.95000         0.97000        0.50000        0.93773
0.96000         0.97000        0.50000        0.95016
0.97000         0.97000        0.50000        0.96261
0.98000         0.97000        0.50000        0.97507
0.99000         0.97000        0.50000        0.98753
1.0000          0.97000        0.50000        1.0000
0.0000          0.98000        0.50000        0.22794
0.010000        0.98000        0.50000        0.22803
0.020000        0.98000        0.50000        0.22830
0.030000        0.98000        0.50000        0.22875
0.040000        0.98000        0.50000        0.22938
0.050000        0.98000        0.50000        0.23020
0.060000        0.98000        0.50000        0.23119
0.070000        0.98000        0.50000        0.23236
0.080000        0.98000        0.50000        0.23372
0.090000        0.98000        0.50000        0.23525
0.10000         0.98000        0.50000        0.23697
0.11000         0.98000        0.50000        0.23886
0.12000         0.98000        0.50000        0.24093
0.13000         0.98000        0.50000        0.24319
0.14000         0.98000        0.50000        0.24562
0.15000         0.98000        0.50000        0.24822
0.16000         0.98000        0.50000        0.25101
0.17000         0.98000        0.50000        0.25398
0.18000         0.98000        0.50000        0.25712
0.19000         0.98000        0.50000        0.26043
0.20000         0.98000        0.50000        0.26393
0.21000         0.98000        0.50000        0.26760
0.22000         0.98000        0.50000        0.27144
0.23000         0.98000        0.50000        0.27546
0.24000         0.98000        0.50000        0.27965
0.25000         0.98000        0.50000        0.28401
0.26000         0.98000        0.50000        0.28855
0.27000         0.98000        0.50000        0.29326
0.28000         0.98000        0.50000        0.29814
0.29000         0.98000        0.50000        0.30319
0.30000         0.98000        0.50000        0.30841
0.31000         0.98000        0.50000        0.31379
0.32000         0.98000        0.50000        0.31935
0.33000         0.98000        0.50000        0.32507
0.34000         0.98000        0.50000        0.33096
0.35000         0.98000        0.50000        0.33701
0.36000         0.98000        0.50000        0.34322
0.37000         0.98000        0.50000        0.34960
0.38000         0.98000        0.50000        0.35614
0.39000         0.98000        0.50000        0.36284
0.40000         0.98000        0.50000        0.36970
0.41000         0.98000        0.50000        0.37671
0.42000         0.98000        0.50000        0.38389
0.43000         0.98000        0.50000        0.39122
0.44000         0.98000        0.50000        0.39870
0.45000         0.98000        0.50000        0.40633
0.46000         0.98000        0.50000        0.41412
0.47000         0.98000        0.50000        0.42206
0.48000         0.98000        0.50000        0.43014
0.49000         0.98000        0.50000        0.43837
0.50000         0.98000        0.50000        0.44675
0.51000         0.98000        0.50000        0.45527
0.52000         0.98000        0.50000        0.46393
0.53000         0.98000        0.50000        0.47273
0.54000         0.98000        0.50000        0.48167
0.55000         0.98000        0.50000        0.49075
0.56000         0.98000        0.50000        0.49996
0.57000         0.98000        0.50000        0.50930
0.58000         0.98000        0.50000        0.51877
0.59000         0.98000        0.50000        0.52837
0.60000         0.98000        0.50000        0.53810
0.61000         0.98000        0.50000        0.54795
0.62000         0.98000        0.50000        0.55792
0.63000         0.98000        0.50000        0.56801
0.64000         0.98000        0.50000        0.57822
0.65000         0.98000        0.50000        0.58855
0.66000         0.98000        0.50000        0.59898
0.67000         0.98000        0.50000        0.60953
0.68000         0.98000        0.50000        0.62018
0.69000         0.98000        0.50000        0.63094
0.70000         0.98000        0.50000        0.64180
0.71000         0.98000        0.50000        0.65276
0.72000         0.98000        0.50000        0.66382
0.73000         0.98000        0.50000        0.67496
0.74000         0.98000        0.50000        0.68621
0.75000         0.98000        0.50000        0.69753
0.76000         0.98000        0.50000        0.70895
0.77000         0.98000        0.50000        0.72044
0.78000         0.98000        0.50000        0.73202
0.79000         0.98000        0.50000        0.74367
0.80000         0.98000        0.50000        0.75539
0.81000         0.98000        0.50000        0.76718
0.82000         0.98000        0.50000        0.77904
0.83000         0.98000        0.50000        0.79097
0.84000         0.98000        0.50000        0.80295
0.85000         0.98000        0.50000        0.81499
0.86000         0.98000        0.50000        0.82708
0.87000         0.98000        0.50000        0.83922
0.88000         0.98000        0.50000        0.85141
0.89000         0.98000        0.50000        0.86364
0.90000         0.98000        0.50000        0.87591
0.91000         0.98000        0.50000        0.88822
0.92000         0.98000        0.50000        0.90055
0.93000         0.98000        0.50000        0.91292
0.94000         0.98000        0.50000        0.92531
0.95000         0.98000        0.50000        0.93773
0.96000         0.98000        0.50000        0.95016
0.97000         0.98000        0.50000        0.96261
0.98000         0.98000        0.50000        0.97507
0.99000         0.98000        0.50000        0.98753
1.0000          0.98000        0.50000        1.0000
0.0000          0.99000        0.50000        0.22794
0.010000        0.99000        0.50000        0.22803
0.020000        0.99000        0.50000        0.22830
0.030000        0.99000        0.50000        0.22875
0.040000        0.99000        0.50000        0.22938
0.050000        0.99000        0.50000        0.23020
0.060000        0.99000        0.50000        0.23119
0.070000        0.99000        0.50000        0.23236
0.080000        0.99000        0.50000        0.23372
0.090000        0.99000        0.50000        0.23525
0.10000         0.99000        0.50000        0.23697
0.11000         0.99000        0.50000        0.23886
0.12000         0.99000        0.50000        0.24093
0.13000         0.99000        0.50000        0.24319
0.14000         0.99000        0.50000        0.24562
0.15000         0.99000        0.50000        0.24822
0.16000         0.99000        0.50000        0.25101
0.17000         0.99000        0.50000        0.25398
0.18000         0.99000        0.50000        0.25712
0.19000         0.99000        0.50000        0.26043
0.20000         0.99000        0.50000        0.26393
0.21000         0.99000        0.50000        0.26760
0.22000         0.99000        0.50000        0.27144
0.23000         0.99000        0.50000        0.27546
0.24000         0.99000        0.50000        0.27965
0.25000         0.99000        0.50000        0.28401
0.26000         0.99000        0.50000        0.28855
0.27000         0.99000        0.50000        0.29326
0.28000         0.99000        0.50000        0.29814
0.29000         0.99000        0.50000        0.30319
0.30000         0.99000        0.50000        0.30841
0.31000         0.99000        0.50000        0.31379
0.32000         0.99000        0.50000        0.31935
0.33000         0.99000        0.50000        0.32507
0.34000         0.99000        0.50000        0.33096
0.35000         0.99000        0.50000        0.33701
0.36000         0.99000        0.50000        0.34322
0.37000         0.99000        0.50000        0.34960
0.38000         0.99000        0.50000        0.35614
0.39000         0.99000        0.50000        0.36284
0.40000         0.99000        0.50000        0.36970
0.41000         0.99000        0.50000        0.37671
0.42000         0.99000        0.50000        0.38389
0.43000         0.99000        0.50000        0.39122
0.44000         0.99000        0.50000        0.39870
0.45000         0.99000        0.50000        0.40633
0.46000         0.99000        0.50000        0.41412
0.47000         0.99000        0.50000        0.42206
0.48000         0.99000        0.50000        0.43014
0.49000         0.99000        0.50000        0.43837
0.50000         0.99000        0.50000        0.44675
0.51000         0.99000        0.50000        0.45527
0.52000         0.99000        0.50000        0.46393
0.53000         0.99000        0.50000        0.47273
0.54000         0.99000        0.50000        0.48167
0.55000         0.99000        0.50000        0.49075
0.56000         0.99000        0.50000        0.49996
0.57000         0.99000        0.50000        0.50930
0.58000         0.99000        0.50000        0.51877
0.59000         0.99000        0.50000        0.52837
0.60000         0.99000        0.50000        0.53810
0.61000         0.99000        0.50000        0.54795
0.62000         0.99000        0.50000        0.55792
0.63000         0.99000        0.50000        0.56801
0.64000         0.99000        0.50000        0.57822
0.65000         0.99000        0.50000        0.58855
0.66000         0.99000        0.50000        0.59898
0.67000         0.99000        0.50000        0.60953
0.68000         0.99000        0.50000        0.62018
0.69000         0.99000        0.50000        0.63094
0.70000         0.99000        0.50000        0.64180
0.71000         0.99000        0.50000        0.65276
0.72000         0.99000        0.50000        0.66382
0.73000         0.99000        0.50000        0.67496
0.74000         0.99000        0.50000        0.68621
0.75000         0.99000        0.50000        0.69753
0.76000         0.99000        0.50000        0.70895
0.77000         0.99000        0.50000        0.72044
0.78000         0.99000        0.50000        0.73202
0.79000         0.99000        0.50000        0.74367
0.80000         0.99000        0.50000        0.75539
0.81000         0.99000        0.50000        0.76718
0.82000         0.99000        0.50000        0.77904
0.83000         0.99000        0.50000        0.79097
0.84000         0.99000        0.50000        0.80295
0.85000         0.99000        0.50000        0.81499
0.86000         0.99000        0.50000        0.82708
0.87000         0.99000        0.50000        0.83922
0.88000         0.99000        0.50000        0.85141
0.89000         0.99000        0.50000        0.86364
0.90000         0.99000        0.50000        0.87591
0.91000         0.99000        0.50000        0.88822
0.92000         0.99000        0.50000        0.90055
0.93000         0.99000        0.50000        0.91292
0.94000         0.99000        0.50000        0.92531
0.95000         0.99000        0.50000        0.93773
0.96000         0.99000        0.50000        0.95016
0.97000         0.99000        0.50000        0.96261
0.98000         0.99000        0.50000        0.97507
0.99000         0.99000        0.50000        0.98753
1.0000          0.99000        0.50000        1.0000
0.0000          1.0000         0.50000        0.22794
0.010000        1.0000         0.50000        0.22803
0.020000        1.0000         0.50000        0.22830
0.030000        1.0000         0.50000        0.22875
0.040000        1.0000         0.50000        0.22938
0.050000        1.0000         0.50000        0.23020
0.060000        1.0000         0.50000        0.23119
0.070000        1.0000         0.50000        0.23236
0.080000        1.0000         0.50000        0.23372
0.090000        1.0000         0.50000        0.23525
0.10000         1.0000         0.50000        0.23697
0.11000         1.0000         0.50000        0.23886
0.12000         1.0000         0.50000        0.24093
0.13000         1.0000         0.50000        0.24319
0.14000         1.0000         0.50000        0.24562
0.15000         1.0000         0.50000        0.24822
0.16000         1.0000         0.50000        0.25101
0.17000         1.0000         0.50000        0.25398
0.18000         1.0000         0.50000        0.25712
0.19000         1.0000         0.50000        0.26043
0.20000         1.0000         0.50000        0.26393
0.21000         1.0000         0.50000        0.26760
0.22000         1.0000         0.50000        0.27144
0.23000         1.0000         0.50000        0.27546
0.24000         1.0000         0.50000        0.27965
0.25000         1.0000         0.50000        0.28401
0.26000         1.0000         0.50000        0.28855
0.27000         1.0000         0.50000        0.29326
0.28000         1.0000         0.50000        0.29814
0.29000         1.0000         0.50000        0.30319
0.30000         1.0000         0.50000        0.30841
0.31000         1.0000         0.50000        0.31379
0.32000         1.0000         0.50000        0.31935
0.33000         1.0000         0.50000        0.32507
0.34000         1.0000         0.50000        0.33096
0.35000         1.0000         0.50000        0.33701
0.36000         1.0000         0.50000        0.34322
0.37000         1.0000         0.50000        0.34960
0.38000         1.0000         0.50000        0.35614
0.39000         1.0000         0.50000        0.36284
0.40000         1.0000         0.50000        0.36970
0.41000         1.0000         0.50000        0.37671
0.42000         1.0000         0.50000        0.38389
0.43000         1.0000         0.50000        0.39122
0.44000         1.0000         0.50000        0.39870
0.45000         1.0000         0.50000        0.40633
0.46000         1.0000         0.50000        0.41412
0.47000         1.0000         0.50000        0.42206
0.48000         1.0000         0.50000        0.43014
0.49000         1.0000         0.50000        0.43837
0.50000         1.0000         0.50000        0.44675
0.51000         1.0000         0.50000        0.45527
0.52000         1.0000         0.50000        0.46393
0.53000         1.0000         0.50000        0.47273
0.54000         1.0000         0.50000        0.48167
0.55000         1.0000         0.50000        0.49075
0.56000         1.0000         0.50000        0.49996
0.57000         1.0000         0.50000        0.50930
0.58000         1.0000         0.50000        0.51877
0.59000         1.0000         0.50000        0.52837
0.60000         1.0000         0.50000        0.53810
0.61000         1.0000         0.50000        0.54795
0.62000         1.0000         0.50000        0.55792
0.63000         1.0000         0.50000        0.56801
0.64000         1.0000         0.50000        0.57822
0.65000         1.0000         0.50000        0.58855
0.66000         1.0000         0.50000        0.59898
0.67000         1.0000         0.50000        0.60953
0.68000         1.0000         0.50000        0.62018
0.69000         1.0000         0.50000        0.63094
0.70000         1.0000         0.50000        0.64180
0.71000         1.0000         0.50000        0.65276
0.72000         1.0000         0.50000        0.66382
0.73000         1.0000         0.50000        0.67496
0.74000         1.0000         0.50000        0.68621
0.75000         1.0000         0.50000        0.69753
0.76000         1.0000         0.50000        0.70895
0.77000         1.0000         0.50000        0.72044
0.78000         1.0000         0.50000        0.73202
0.79000         1.0000         0.50000        0.74367
0.80000         1.0000         0.50000        0.75539
0.81000         1.0000         0.50000        0.76718
0.82000         1.0000         0.50000        0.77904
0.83000         1.0000         0.50000        0.79097
0.84000         1.0000         0.50000        0.80295
0.85000         1.0000         0.50000        0.81499
0.86000         1.0000         0.50000        0.82708
0.87000         1.0000         0.50000        0.83922
0.88000         1.0000         0.50000        0.85141
0.89000         1.0000         0.50000        0.86364
0.90000         1.0000         0.50000        0.87591
0.91000         1.0000         0.50000        0.88822
0.92000         1.0000         0.50000        0.90055
0.93000         1.0000         0.50000        0.91292
0.94000         1.0000         0.50000        0.92531
0.95000         1.0000         0.50000        0.93773
0.96000         1.0000         0.50000        0.95016
0.97000         1.0000         0.50000        0.96261
0.98000         1.0000         0.50000        0.97507
0.99000         1.0000         0.50000        0.98753
1.0000          1.0000         0.50000        1.0000
